Order_ID,Delivery_Experience_Rating,Issue_Reported
01603720,4,None
8d1d2ed2,1,Wrong Address
132104b2,5,Damaged Package
ff04d8fb,2,Wrong Address
7efd5d10,1,Late Delivery
6e37769f,5,Damaged Package
c169fe8b,2,Late Delivery
b4d15cc9,2,Damaged Package
ff06e279,5,Late Delivery
d6c9a234,4,Damaged Package
94608062,5,None
c30e523e,5,Late Delivery
462b5473,3,Damaged Package
18e791e3,2,None
70888691,2,None
a26d9ed9,4,None
104e8c5d,4,Wrong Address
5aafbcea,3,Damaged Package
3c4e89e9,3,None
3ce163b4,3,Wrong Address
8a4e0777,4,None
6d9066d3,5,None
3ccd418d,2,Late Delivery
5e5e8b2f,2,None
6a1015d0,1,None
b79e6de8,4,Late Delivery
56cf556d,4,None
aee94c62,3,Late Delivery
7f32ef61,1,None
f061ff97,1,Wrong Address
bb31ef49,4,Late Delivery
8270dd0e,3,Late Delivery
2ff5c436,2,None
30da66ea,3,Wrong Address
dfcf5e84,2,None
8d070714,4,None
62ee4c28,3,None
f726832b,1,Wrong Address
253b0189,5,Damaged Package
2e7aa26a,1,Wrong Address
180834dd,2,Late Delivery
5774ce3b,4,None
8d7e9774,3,Damaged Package
368fe3b4,4,None
8efc9180,4,None
946b5588,2,None
bcb91102,4,None
74d55afc,3,Late Delivery
8639ceac,1,None
7e685417,4,None
72d48101,3,Late Delivery
8c327441,3,None
f19fddb0,2,None
4ef201dc,4,Damaged Package
58c5139d,2,None
a2c7b2ce,1,Late Delivery
30838426,1,None
dc8350c0,3,None
cf8fde3d,4,Late Delivery
0d7bda88,3,None
2a60d134,4,None
bad78cd3,2,None
efa27d96,1,None
41282643,1,None
0209fe59,2,None
3b818707,5,None
9f4652df,5,Damaged Package
ff2aef31,5,None
3060a960,4,None
2390c7e5,2,Late Delivery
16275530,4,Damaged Package
1e6adb92,4,None
8ed2ee1a,2,None
ae797607,4,None
0e3c8056,2,None
a08ec068,5,None
26b2161c,5,None
21695cc6,4,None
53a46f68,1,None
af83302f,2,None
b144331c,3,Late Delivery
4cce08d8,3,None
c9152e9c,4,None
d70161df,1,None
73f9d03c,2,None
6b7501de,5,Late Delivery
ffb95a69,4,Wrong Address
40e7b6df,2,None
de298fd9,2,None
f158e0b2,2,Late Delivery
71bfcbed,1,None
ee7537df,2,Damaged Package
9ce9c32c,1,None
41e90207,1,Late Delivery
a2be88d8,2,None
e7ff14c6,5,None
fc900642,2,None
d0fca803,5,Late Delivery
8a9412e0,4,Late Delivery
e0208654,3,Wrong Address
8ea30fd4,4,None
f46ce500,1,Late Delivery
ae3f6869,4,None
93bb1bd8,3,None
95b37a6d,3,None
a8b340d8,5,Late Delivery
7a89112f,4,Damaged Package
83e8c8b2,1,Damaged Package
cb9b8c70,1,None
c7b2aee5,5,None
ba6f7a4d,5,Damaged Package
ab2c1990,4,Wrong Address
3a112627,5,None
808c1eb0,3,Damaged Package
afdf4fd3,1,Wrong Address
30f5355a,3,None
d24f4a20,2,Late Delivery
72c6a0e7,3,Late Delivery
12ed1979,1,Late Delivery
674b4289,2,None
60139710,4,None
3f07db23,2,None
6b74140b,5,Late Delivery
b27d5559,1,Damaged Package
5cf63dc5,5,None
a23539c0,3,None
88a4d67a,4,Damaged Package
4ffd8353,1,None
40550bc0,4,Damaged Package
fb06a9e0,1,Late Delivery
548b8c79,5,Late Delivery
3a1368f7,3,Late Delivery
73f9f068,2,None
ed77e342,4,None
ca5f13f8,1,None
8f3d3c16,1,None
642308dd,4,None
214b77ae,2,Late Delivery
ef82e3f4,3,Wrong Address
03839c43,1,None
09d94aa5,1,Late Delivery
d2e0b242,4,Damaged Package
8a706f16,4,None
3172644f,1,Late Delivery
c3c0ed0b,1,None
daebda53,1,None
ff09b9ef,5,Wrong Address
3c30a67e,1,Wrong Address
23402849,3,None
3f5fa548,3,None
45bef694,2,Damaged Package
6c5f7944,4,Damaged Package
5c7cdfdf,2,Late Delivery
bee39637,1,None
5f1f5d18,4,Late Delivery
0c133945,1,None
64d1dbc1,4,Damaged Package
d38c2a99,5,None
9eed9f56,5,Late Delivery
5f506b8f,5,None
2313f411,2,None
fae273a9,4,Late Delivery
1e9577f0,2,None
f2a138ee,4,Damaged Package
bfb4556b,1,Late Delivery
94a75bc5,5,None
d7e8f4b8,5,Late Delivery
00bc1727,4,Late Delivery
f773df7c,2,None
2c889f21,2,None
22291dd4,3,None
33d02441,5,None
f25b0418,5,None
78c06c21,2,Wrong Address
56d3b020,5,Late Delivery
6af06f72,2,None
aebaad6d,3,Late Delivery
dd52d032,4,Late Delivery
54f76f22,4,None
ea0394d9,3,None
9ce49347,5,Late Delivery
fb010378,1,None
0e6c9a19,5,Damaged Package
4264846e,2,None
335d0744,1,Late Delivery
9ca26652,3,Late Delivery
ae9e0b01,4,None
2e3f7add,4,None
b5fbc0d5,5,Late Delivery
b83ee46f,4,Damaged Package
e563684c,5,Late Delivery
3c590cb2,2,Damaged Package
80ac5a0d,2,None
d8e995c9,3,None
1a6a329d,2,Late Delivery
c8494c7a,5,None
ccccc6f7,4,None
ab82a1e6,2,Late Delivery
e0cb176d,2,Wrong Address
e8a640e4,5,None
0d0c6153,2,None
788e97c7,4,Late Delivery
97b63e6a,4,None
2a6fdd2b,4,None
72cb2fa4,4,Late Delivery
08c6df2d,1,None
5c1a9e03,4,None
5cf01ad3,1,None
f8571df7,4,None
f2650c1a,4,Late Delivery
89bf73cb,5,None
93b334c5,4,None
538f0549,2,None
ccf8d62f,4,Wrong Address
616d8a4b,3,Damaged Package
552f84d6,5,Damaged Package
24d0ef9c,5,None
b79233bd,4,None
e0459556,3,Late Delivery
9e8ad5e5,4,None
8361755e,2,Late Delivery
09f099a8,5,None
80f273c0,5,None
bcbe5c59,3,None
fdc8b752,1,None
207b41a6,3,Late Delivery
e690961c,2,Late Delivery
ea8a4464,3,None
4d0a4642,1,Damaged Package
3ed38b80,2,None
def23089,2,Damaged Package
1a8c02cf,1,Late Delivery
62b3e3b3,4,Late Delivery
9065e167,3,Wrong Address
2508d5dd,2,Late Delivery
1c755b08,3,None
a0b93c5a,1,None
e853f4ac,5,None
14692c4f,1,None
53fb6e15,3,Late Delivery
7079d63d,2,Late Delivery
72f9ed07,3,None
079df295,5,None
d93e6061,2,Late Delivery
1f8bd6ca,5,None
9a1299b9,4,Late Delivery
b6f41eb7,1,None
0b601fb1,4,None
af9154de,3,Damaged Package
d189e7fe,4,None
d18a8934,1,Late Delivery
cadd5b50,2,None
e346ddcb,5,None
84bf2e8a,2,Damaged Package
a42bda3f,4,Late Delivery
f34dbf0f,3,Damaged Package
677bf8e7,4,Wrong Address
656d4577,1,None
6bc082ba,1,Wrong Address
e60736ca,3,None
3687a91f,2,None
4a937553,1,Late Delivery
6e292b9e,1,None
f2432862,3,Damaged Package
7a34b7f1,2,None
0079a9e2,4,None
017a7058,5,None
9345b260,3,None
7ccb8f3e,2,None
bd9e5009,5,None
70fd5c64,3,Late Delivery
7dbac90d,4,Wrong Address
7280b5df,4,None
d3cb4d3e,2,None
018464bf,2,None
4a33f0cb,4,None
fa027598,4,None
3d91e145,3,None
4acbb0ba,2,Late Delivery
00fb8fb0,5,None
7ed60820,4,None
32260de0,5,Damaged Package
44330e06,2,Late Delivery
1f2b5bd8,2,None
04abe679,1,Late Delivery
3894d05a,4,Late Delivery
5cf780ca,2,Late Delivery
fadca7d1,2,Damaged Package
7fc6834d,4,None
1dec7a95,1,Late Delivery
bed33972,1,Late Delivery
b48dc091,1,Late Delivery
ba343faa,1,Damaged Package
3f9a7ac2,3,None
203557ad,4,Late Delivery
59aa1d28,4,Damaged Package
fa64d05b,4,None
6432e9fb,1,None
86535143,1,Late Delivery
345c7dad,2,Damaged Package
83aeabfa,3,None
4cd78c5f,4,None
0285abce,3,Wrong Address
3020ab71,4,None
99090244,1,None
393010b7,1,Damaged Package
441c971e,4,None
cc4847a2,5,Damaged Package
fe5678d6,1,Late Delivery
c9ec1369,2,Wrong Address
7631ee71,1,None
750f8950,2,Damaged Package
8d2d9e76,3,None
9fa8e2d8,1,None
7321cf93,1,None
dac5e4ab,3,None
736c237d,2,None
e9c75560,5,Damaged Package
0d147e84,2,Late Delivery
122b697f,4,Late Delivery
e9d44f40,4,Late Delivery
bcc7f827,4,None
1fee37b3,3,None
b818804f,2,None
36f1f344,1,None
ff83e057,4,None
a3d4ba0e,2,Late Delivery
76aa0488,1,None
7fcfbcfa,2,Late Delivery
f4a75097,3,None
24a99da3,4,None
1814022d,5,None
6cb4168a,4,Late Delivery
e079f07d,4,None
7c683c31,3,None
12b45684,1,None
dfc14d2f,4,Late Delivery
c56957f2,1,Late Delivery
e471f875,1,None
2343e008,3,None
1a7fdd0f,4,None
402aeab1,3,None
b61d8aa1,3,Wrong Address
c7a9ff1d,5,None
3dca56a5,3,None
3893ee17,5,None
d9c52902,1,Late Delivery
dfff0342,1,Damaged Package
70da0d96,2,None
1ea61992,2,Late Delivery
d22b0447,1,None
bf2a8728,4,Late Delivery
06482fa7,2,None
dae3be53,3,None
e9170e83,2,Late Delivery
78d67e47,1,Late Delivery
d1dca57b,4,Damaged Package
10c478b9,1,None
6989827e,4,None
5c9b4cf5,2,None
bcf18bd3,3,Late Delivery
8dc9b584,3,None
d90197fa,1,Late Delivery
5a09a4e4,4,None
8aa73e44,2,None
f2b8d32d,4,Late Delivery
dc899113,4,None
e852848e,4,None
add2bdd9,2,Late Delivery
92c278d6,4,None
47520111,3,Damaged Package
aec88891,1,None
423b88e8,5,Late Delivery
9f8722e3,4,None
5113d461,3,None
da738a16,3,Late Delivery
34a538b1,1,None
66c3add9,1,None
c9d16e1f,5,None
6fbd8291,5,Wrong Address
7ff341c1,5,None
4594dcd5,2,None
00a1ab56,2,None
77de02d6,3,Damaged Package
1d3b6522,1,None
142cd1da,4,None
b09e6d33,1,None
60ad9fa3,2,Late Delivery
cd76a68d,3,None
e23ba2c0,4,None
f4a2dd5b,5,None
5a8a54fc,5,None
5f3338f7,2,Damaged Package
c68aff01,3,Late Delivery
59a36b36,1,None
91214428,2,None
c843ce49,1,Late Delivery
357e5192,4,None
6a59fe9b,1,None
9e3f08bd,4,None
4fa4d023,3,None
3eefe9d6,2,None
d0b22e47,1,None
b9b348e4,3,Wrong Address
03c2dd54,3,Late Delivery
47253105,1,None
3cc55980,5,Late Delivery
7a24175f,5,Late Delivery
68d5be07,4,None
9682247d,3,None
0208da1e,2,Late Delivery
bc69b6a7,2,None
be1bf437,3,None
67c9f7f0,5,None
24f959d2,3,None
cacbab2f,4,None
b422b047,3,None
2aa3be03,1,Damaged Package
7006f1ca,5,None
5286550b,1,None
55b4b636,1,Late Delivery
a25d810a,3,Late Delivery
b5fc7e0a,3,Damaged Package
256f04a8,2,Late Delivery
d7298f46,1,Late Delivery
f7c91efc,3,Late Delivery
12d25fbb,2,None
81eda920,1,Late Delivery
e2bd4f22,2,None
e852e734,5,None
f7993e7b,4,None
7636f8d1,1,Damaged Package
31aefe15,3,Wrong Address
695dfe3f,5,None
6c776185,2,Late Delivery
e21e516e,4,Wrong Address
ba48dd21,1,Late Delivery
dbcea5a5,4,Late Delivery
d823ba93,5,None
a090024e,4,None
fdc8dc80,1,None
5195e0af,5,Wrong Address
3e0c8dce,2,Late Delivery
c86e49af,1,Damaged Package
ea60d72f,4,None
0eaa9d83,1,Late Delivery
11b5cb3e,5,Late Delivery
2104afc1,4,None
b1235fc9,2,Damaged Package
46744397,3,None
2b37c552,2,None
4467f1ad,1,None
17daad3a,3,None
d37aa982,5,None
55ca09a0,4,None
22031a1e,4,None
c34cec75,5,Late Delivery
c830a52a,1,None
8a6fb9b5,2,None
1ab3eb11,3,None
8b3f9318,5,None
c6e83b5b,1,None
7de678e1,1,None
d72e0f83,3,Late Delivery
31f81353,5,None
9c67d8b5,2,None
4c482ab5,2,None
18aad7e6,5,None
85f260fb,4,Late Delivery
5a50b8b2,2,None
09c501fd,4,Damaged Package
b99ce1ae,5,None
e1d03180,1,Late Delivery
2f5d422f,5,Damaged Package
d45e3647,1,None
a54e0406,5,None
2eaf77f0,4,None
9b3057a4,4,None
1a7d4346,5,None
91849771,1,Late Delivery
64fdb7b2,5,Wrong Address
375bccb3,1,None
fe9a2a28,4,Late Delivery
371de2a1,3,Late Delivery
5762efbd,2,None
34ccab4f,4,Late Delivery
c076f223,5,Late Delivery
475009d9,5,Late Delivery
d5aab04d,1,None
4c68cf1a,2,None
ea4c44da,4,Late Delivery
d702b71e,2,None
3bfa36d6,2,Late Delivery
96e6a8ef,4,None
891ac760,1,None
810a845b,1,None
3aec781a,1,None
0256bb40,3,None
46b360ba,2,Damaged Package
7409fb2d,3,None
32c80cc2,1,None
56d71e1b,4,Late Delivery
5f601394,2,None
c0e256c1,4,None
03a3e889,5,None
31847dc0,2,None
dbd0eaa9,4,None
bfa25685,1,Late Delivery
3ffa72a1,3,None
899aa619,4,Wrong Address
2674f7fc,5,None
8f34b584,1,Late Delivery
50a4024e,5,Late Delivery
a1022f9e,3,None
baf42248,5,None
9f1635c7,4,Damaged Package
0a330a31,4,Late Delivery
cb4bfa77,1,None
db484165,3,None
bc32e5e0,3,Damaged Package
8d7419a0,2,None
b165cfa4,2,None
fa7b17ff,4,Damaged Package
62f75090,5,None
24721fff,5,None
46bbfd1e,1,Late Delivery
85b001c7,3,Late Delivery
406926df,4,None
090a0929,5,Damaged Package
cb5f8b87,2,Damaged Package
c8071c99,4,None
8afc0479,1,None
8f614493,4,Damaged Package
ba60b25c,5,None
85506bb5,1,None
012ab958,2,Late Delivery
8b565979,2,Late Delivery
c21249fd,5,Late Delivery
4eb7ddde,1,Late Delivery
f4d8e5f7,2,None
7201b4cd,1,Late Delivery
3a700c6e,4,None
c2daf07c,3,None
5818c7f8,3,None
8ac5d5bd,3,None
eea1defd,2,None
9c1f06fe,5,None
98479209,3,Late Delivery
b4abff53,5,None
47f284c0,3,None
2ed45a95,4,None
3ec1cbd4,3,Damaged Package
dbcb61a1,5,Late Delivery
d5412337,2,None
b8a2ada2,4,Damaged Package
d86b4ea2,5,None
0ca184e8,1,Late Delivery
1a41be8e,3,None
09ed5153,4,None
32e36f95,2,None
132a5e8a,1,Late Delivery
63226460,3,None
809b8be0,4,None
467aff5a,5,Late Delivery
b0b51ff9,3,None
d84bd442,4,Damaged Package
608d3668,3,None
f7865e0e,4,None
d533556e,5,Late Delivery
6ffb011f,3,Damaged Package
77eb0eac,4,Late Delivery
d97a6c46,1,None
6fa9b246,2,Wrong Address
78a34e63,4,None
c9b07672,4,None
2a35f214,4,Damaged Package
57d1fb0c,3,None
53c42ba4,2,None
c26cc803,3,Wrong Address
27871c07,4,None
c3a241fa,4,None
8cf5f790,2,None
fefa17e6,1,Damaged Package
df412a0f,3,Late Delivery
12c97961,1,None
2c744ee8,4,None
8aaf52cf,4,None
b57f3d3d,5,Late Delivery
e0481386,5,None
133b6256,1,None
ef03917a,5,Late Delivery
e0e14a29,2,None
fe4331a5,1,Late Delivery
17176a1f,5,None
7af5d013,5,Late Delivery
20761c74,2,None
4d0cb389,2,Late Delivery
2ae8fa7c,1,Damaged Package
fc687aba,3,Late Delivery
de345a0f,2,Late Delivery
e5c7b347,5,Late Delivery
f54ef5f7,1,None
a0e8e287,3,None
322162ac,1,Late Delivery
f1ac4faa,5,Late Delivery
ad7ce129,3,None
a3711a99,3,None
dc698872,2,None
108a9f65,4,None
f7e86599,5,Damaged Package
befd075c,4,Late Delivery
393b4d9f,5,None
9adf0da4,1,None
4e5e9f96,4,None
39008578,3,None
64ec7a68,2,None
446988f7,5,Damaged Package
8746b793,2,None
f1c8c287,5,None
d38cbc59,3,None
a7e77b4f,3,Damaged Package
f83ee8b7,3,Late Delivery
531ed2b5,3,None
4e46641e,3,None
11f141ba,2,Wrong Address
d6d12e24,1,None
810654be,4,Late Delivery
492197c3,2,None
5823eb32,4,Late Delivery
32998452,1,None
29cbdfb7,5,Damaged Package
0e2f3453,1,Late Delivery
810212f6,1,None
52e9fc59,5,None
76800510,4,None
9c1d51a5,3,Damaged Package
8a25ba78,5,None
835fa95c,5,None
0bb91094,1,None
b7494541,5,Late Delivery
5572ee18,2,None
888e0639,3,None
7f0c35dd,1,Damaged Package
e6534691,4,Late Delivery
827051db,4,None
909f1d3f,4,None
f5f48143,4,None
8816f206,4,None
e422123d,1,None
9910baaa,2,None
2575cdf1,2,None
2beb8498,4,None
016fed5c,2,Late Delivery
cbce069d,3,None
52bd02b6,2,Damaged Package
e1e5c791,5,None
4f1e03c3,4,None
4bf0dc58,5,None
43fba205,5,Late Delivery
fc6bd444,4,None
7a663ee5,1,None
99d7e6d1,2,None
8dd42340,3,None
546cb83f,1,Damaged Package
c934d044,3,None
18bde214,4,Late Delivery
f52084ae,2,Late Delivery
e9efd89c,1,None
c7606f5c,4,Damaged Package
292164b2,1,None
43b92d35,5,None
5d4427f5,2,None
c23dc9f9,2,Late Delivery
17abf600,4,Damaged Package
0aeeba7d,4,Late Delivery
eb8826dd,4,Damaged Package
7a45464c,2,Damaged Package
9ad4f875,5,None
0b416b64,2,None
a6b35d2f,4,None
8fc9d685,3,Late Delivery
1c380fd8,5,None
f332a627,2,Late Delivery
ae44c804,3,Damaged Package
e4d5226c,5,Late Delivery
fb9f5e0d,2,Late Delivery
9d842c9b,4,Damaged Package
b0926872,2,Late Delivery
497d2c9f,5,None
aeeebf7f,4,None
c991f452,1,None
bdfaf299,3,None
62bc7db1,4,None
c30203f5,4,None
02df6422,5,Late Delivery
02c7d168,5,None
6de11650,3,Late Delivery
02c317bb,5,Late Delivery
77c790a3,4,Damaged Package
47727de0,3,None
514be558,3,None
7376d3da,2,Late Delivery
8f9c87df,4,Late Delivery
d8a6ed81,4,Late Delivery
6ac0540a,5,Wrong Address
b584a03c,4,None
4c5def76,5,None
8d2fac2f,4,None
c1e32f6a,2,Damaged Package
f4c5a5f1,4,None
970302f5,2,None
3eb1bc3d,4,None
93c4cce9,4,Late Delivery
05b537eb,1,Late Delivery
4ce68171,4,None
2ae3827b,2,None
ae215248,3,None
70518cd4,2,Late Delivery
3ba1d4bc,4,None
6c835ae7,5,None
661437d4,1,Late Delivery
7773d520,5,Damaged Package
ba52baf9,1,None
0fff4190,1,None
e71b928c,5,None
6e71e309,4,None
218c2142,2,Late Delivery
8941b2ff,5,None
22bdfa52,3,Damaged Package
7214c041,1,None
5ca80f1e,2,None
7be9ee49,3,Late Delivery
a89d3b19,2,None
75d2831e,4,None
84eeba0e,3,Wrong Address
dfb10297,5,Late Delivery
7da26a8a,2,Damaged Package
f30e7ca7,5,Late Delivery
db877c96,5,None
8dea4747,2,Wrong Address
f4f7831d,2,None
c29755a8,1,Damaged Package
4ab97aa6,1,Damaged Package
47303434,3,Late Delivery
39a22d20,3,None
7b4e4244,3,Damaged Package
2f1f5d8b,1,Late Delivery
57ef32de,5,Late Delivery
1c70f3dd,4,Late Delivery
e5e48c20,4,None
f3573a10,2,None
28c824e2,1,None
0ea35ca6,2,None
2c5eb2d0,4,Late Delivery
f1ae9eea,2,None
4e09cd99,1,None
2351add6,1,None
de4ee1ba,1,None
754851d1,4,Late Delivery
11828419,1,Late Delivery
ade499df,3,None
82de9392,3,Late Delivery
67dec516,1,None
1b303d43,3,Damaged Package
c03df608,1,None
d4cdde0c,4,None
785ee27b,3,None
7acf6f44,4,None
39f48f52,3,Damaged Package
ccd1ee30,5,Wrong Address
b4313d2f,5,Late Delivery
a30dd7cf,4,None
2d1b3209,3,None
26cfd3d7,5,Late Delivery
f56a1342,1,None
aa4fe0a5,2,Damaged Package
6c4d2db8,5,None
5ef396ea,5,None
64f9ad1e,1,Wrong Address
89a69430,5,Wrong Address
44303109,5,Damaged Package
6c574e3a,5,None
f677fd66,3,Damaged Package
d20b212c,5,None
879d0778,2,None
c0c669d5,3,None
357adcc1,3,Damaged Package
4ca604ae,4,None
6488caab,5,None
7686da52,2,Late Delivery
a1a4fcb7,2,None
9860deb4,4,None
7363e546,2,None
acbd1b98,3,Damaged Package
4a376d50,1,None
c0f6170b,3,Late Delivery
ee9b724e,1,None
12487451,2,None
ebc68fb0,5,None
3324422f,1,None
f3dd075f,3,None
f8b86042,3,None
43f6956b,3,Late Delivery
1ffad118,3,Late Delivery
c916a30d,4,Late Delivery
d69c8876,2,Damaged Package
9492d514,5,Late Delivery
c47d5cee,4,None
7fbbfe06,2,None
ae445495,1,None
3699911c,4,Late Delivery
1beff858,4,None
c63a94d2,4,None
2479e669,4,None
803b98cd,1,Wrong Address
f792ac3b,3,Late Delivery
4d6dc22e,4,None
26ef2abf,2,None
fb4ce14b,3,None
455b0335,1,None
be892d12,5,None
3eb09268,1,None
50f9b2d9,5,Late Delivery
7f7a9262,2,None
d1427d96,5,Wrong Address
1e60acae,4,None
70eb36ed,3,Damaged Package
cc2b8299,3,Late Delivery
9f91e38e,4,Damaged Package
dbb6a774,3,Late Delivery
6e7bf39f,1,None
e0661aa3,4,None
4b102b84,4,None
c1081431,3,None
394aa51a,5,None
8c495d33,2,None
55eba0ed,5,None
bb1af068,1,None
7bfd196d,4,Damaged Package
dddda6c5,4,Damaged Package
e821a53d,1,Late Delivery
4fdb0f14,2,None
d99b5428,4,None
bf1a58d5,5,None
89aa17fe,1,None
8a1f71c4,4,Wrong Address
d6849ad1,5,None
d3b8335d,1,None
e4d8bfb6,1,Late Delivery
845bcc4a,1,None
605ae37a,2,Wrong Address
8c847594,1,None
7a2fefd4,3,Damaged Package
48f79a4d,3,Late Delivery
3e328880,1,None
c859099e,4,None
a59e0414,3,None
ffc13212,5,None
5bc99c76,5,Damaged Package
d0ac4291,4,Late Delivery
2797b522,5,Late Delivery
227f5263,4,None
da6e7e6b,5,None
26067ab0,1,None
f7290b23,5,None
935ba3ec,1,None
4503c1cb,5,None
0dc0dab4,5,None
bec959d6,5,None
1d12c094,1,Wrong Address
6e54f5c1,5,None
7f199168,5,None
daad9cdd,2,Late Delivery
9ea1c199,1,Late Delivery
6a1aad15,3,Wrong Address
7dc38362,4,None
46875549,2,None
d59fe49a,5,Damaged Package
c2d65e2b,3,Wrong Address
737209dc,3,Damaged Package
e3e6f0d7,5,Damaged Package
b8c17977,5,None
e43c189a,2,Damaged Package
506b3dff,1,Wrong Address
dda7b3f8,2,None
5801edde,1,Late Delivery
7faa70b7,3,Late Delivery
dcd9aaf1,4,None
1e5db1e7,5,Late Delivery
bde83f36,2,Damaged Package
205a895f,3,None
4cec5349,2,Late Delivery
7060f7f1,1,None
82e31265,5,None
cc91da5a,1,Late Delivery
f26e2f5f,1,None
08e2faf1,1,None
27d6bceb,3,Damaged Package
db784f58,5,Wrong Address
1e74754e,4,None
34a5fa61,2,Late Delivery
e1433aad,1,None
8d3ee64d,5,None
a344b2dd,2,None
3dbb54b2,5,None
384dd6d0,2,None
66c428b8,5,None
fb659aaf,4,None
e303e2e7,5,Late Delivery
cfaca283,5,None
b6ba716e,1,None
e173cb1f,1,None
b695aa05,1,None
1d4068fd,5,None
5111effd,4,None
30a23909,2,Damaged Package
20d65bcf,1,Late Delivery
5a45d227,3,Late Delivery
e2b8d63a,5,None
7e71fdfe,4,Damaged Package
75ae29db,4,None
5fb73198,1,None
b2af023d,1,Damaged Package
b7f4671b,3,None
03172231,3,Wrong Address
a0f73f3f,1,None
f59bb2f1,2,None
211478a9,1,Damaged Package
73e30639,1,None
115ab51d,4,None
7009c8ec,1,None
c4aed950,1,Late Delivery
3ec8a3ac,1,None
c20d8f3b,2,Late Delivery
5f5e0502,4,Late Delivery
d71b50fc,5,None
6e552b4e,5,Late Delivery
ea05bd43,5,Wrong Address
bef9bd3b,5,Wrong Address
7fa823e5,4,None
8a42b660,1,Late Delivery
725a0289,5,Damaged Package
34a5c38f,1,Damaged Package
91bf8219,5,None
2a54ff4b,2,None
a67ff2f2,1,None
31be17f7,4,None
5ad98918,2,None
32f2e274,2,Late Delivery
f18fd3e4,4,None
1584ca11,2,Late Delivery
c1d02650,1,None
2a91ccb9,3,None
07d3a428,3,None
8ba0b83b,5,Late Delivery
0b9938d2,5,None
8d9a67de,1,Late Delivery
4346b951,4,None
f38bfa5c,1,None
16b91b58,5,None
fa06e834,2,None
99f0e18d,1,None
efb81112,1,None
a81f1bce,4,Late Delivery
b93f0151,5,None
2346f84f,1,None
f151fd9e,2,None
0ce6ca4e,2,None
dd1648f2,3,None
b069a146,5,Late Delivery
f5d2fb51,2,Damaged Package
44f47bb1,4,None
a0ca0f90,5,Late Delivery
5a32e3b1,2,Late Delivery
de3066d9,1,None
ea971d76,5,None
8dbd3307,2,None
df0a8dae,1,None
19fcb10b,3,None
3807ac26,5,None
889770da,5,Late Delivery
20133862,2,Late Delivery
e9463356,3,None
2f21c684,4,None
ac40cefd,2,Late Delivery
5e19310e,2,Wrong Address
e3f10953,4,Late Delivery
d9c46424,4,None
9641a25a,4,None
4db3592e,4,Damaged Package
af2d6292,4,Late Delivery
f814b318,1,None
1cfb86bf,1,Late Delivery
1c54dbd9,4,None
db283942,3,None
be3c76c5,3,None
55133e8a,4,Late Delivery
7b8aeafc,1,None
c95093c9,3,None
db79e12a,1,Late Delivery
bfea310b,2,Late Delivery
c8797012,1,None
e6b9b32b,4,None
324b2c10,5,None
d55a7947,4,None
77d03324,2,None
114350f4,1,None
ec30d313,3,None
8fe9e054,4,Damaged Package
e192eb93,3,Damaged Package
6c9378b9,1,None
842d5d7c,2,None
f7f91aeb,4,None
dd63ef21,3,None
544f1995,4,Late Delivery
63b35658,4,Late Delivery
540f0ea0,3,Damaged Package
c040f733,2,Damaged Package
987f8c03,4,Damaged Package
22837c96,2,None
10515f13,2,Wrong Address
d500f0cb,1,None
e7bec077,3,Damaged Package
d48cb8db,1,None
7acdf163,5,None
8bc94d0f,1,None
2dfb6e98,4,None
3be0ef29,4,Late Delivery
f8c72950,4,Damaged Package
41e83d76,5,None
eaed37f2,2,None
4e30c99a,4,None
29600e54,1,None
dd9bde4e,2,None
6c95eeff,1,None
cbe842b1,1,None
dcbef87f,4,Damaged Package
15496584,1,Damaged Package
d23382a6,5,None
dea0231c,2,Wrong Address
c7f3824b,4,None
12db7d84,4,Late Delivery
2cb72e92,1,Late Delivery
52b134b8,1,None
afb6124d,3,None
7526de77,3,Wrong Address
829b1fbe,4,None
ad4e192f,4,None
44646657,1,Wrong Address
f9a45d3a,5,None
c41f4813,5,None
571893ae,1,Damaged Package
ce89e722,3,Damaged Package
a4c9385c,3,Wrong Address
0ca255e0,5,None
0ebf5e92,4,None
49c33e1e,1,Late Delivery
9db31822,4,Late Delivery
04151e4c,3,None
f4021fde,5,Damaged Package
1b320456,4,Damaged Package
a22357eb,3,Late Delivery
d6f7b79a,3,None
82448ecb,3,None
9ecf9309,4,None
3a111d5d,2,None
5c15b14f,5,None
7e42beba,3,Late Delivery
6c383872,4,Late Delivery
d21d1ade,1,Late Delivery
08e2314a,5,None
4db14cec,1,None
7ffa74a5,1,None
b8e50e4b,4,Late Delivery
d2ce5259,2,None
eb4819b8,4,None
1b7c698a,4,None
8e28ff1b,5,None
2cc6f5a3,4,Damaged Package
f1aaf49d,5,None
a0dec411,3,Late Delivery
45fde32d,5,None
8b14ca6c,4,None
9c20747b,3,None
b620988c,3,Damaged Package
88239374,2,None
bc7126e2,4,Damaged Package
ee335568,1,Late Delivery
2b154811,4,Late Delivery
f2c61539,1,None
eccb2871,2,Damaged Package
1a09f2c0,4,None
498a0b71,2,None
33ce5c66,1,Late Delivery
c169c8e5,5,None
08e44f03,4,None
8e093d0a,3,Damaged Package
68c76499,3,Late Delivery
4bce350c,2,None
855785a3,5,None
269d50f7,3,Late Delivery
4bad915e,3,None
75154266,4,None
0de2d492,3,None
e54a68b6,1,None
803a5399,2,None
65d76666,3,Wrong Address
d8b61a69,4,Wrong Address
237dc6dd,1,None
cb4f58f3,3,None
6dcd9374,2,Late Delivery
77a7c5b4,2,Late Delivery
af989ba0,2,None
a4df64cf,3,None
a3160df0,1,None
3b404566,5,Wrong Address
59ae255e,2,Late Delivery
a79bbc31,1,None
1b421300,4,Damaged Package
4c6c60fd,4,Damaged Package
9d44f764,1,None
7844f91c,4,Late Delivery
1422f604,4,Late Delivery
ed7f580d,2,Late Delivery
5847780d,3,Late Delivery
de2f5c4a,3,None
024668ff,3,Wrong Address
429165c9,3,None
b5bb8d54,1,None
8778436f,2,None
be881fba,1,None
13661210,4,None
744ecabd,2,None
80c18807,5,Damaged Package
221fb2a2,3,Damaged Package
ef5d87be,4,Damaged Package
5de667e4,3,Damaged Package
0a5b4fa8,3,None
e8b0c2d3,3,None
75d68b4e,5,None
4dca3394,4,None
165ab4c3,3,Damaged Package
716eda7d,3,Late Delivery
e251fe2c,2,None
2cc06b36,3,None
a20a0406,2,None
4aaf3dce,4,None
9054254f,4,None
bdf80032,4,Late Delivery
43045725,2,Damaged Package
b82e0604,5,Damaged Package
0a641173,5,None
222ef541,3,None
b8f5689a,4,Damaged Package
163e6e9d,1,Late Delivery
370024a0,3,Late Delivery
5f3eeccd,5,Damaged Package
adc8c3b1,5,None
beacfea7,4,None
eac59e8a,2,Damaged Package
77508228,3,None
f5303252,2,Late Delivery
038301e6,5,None
eb49fa43,4,None
5ce1d91e,5,None
b03d2040,4,None
8ed273d0,1,None
1de8b7c6,2,None
0d3c75ad,3,None
d883f2fd,4,Wrong Address
75a30a16,1,Damaged Package
3db4df0d,1,None
70d18006,2,Damaged Package
95127b7a,4,None
da99eef5,3,Late Delivery
1c87b33c,3,None
3c0ec151,3,None
8ab21bc8,5,Damaged Package
06521e9c,5,None
aeb4fa9a,4,None
4d83ad6a,3,None
460973e3,1,None
1f86c78b,3,Late Delivery
4d753f26,4,Damaged Package
cc763c80,3,Late Delivery
9c35e3e3,2,Damaged Package
06cbe2c2,3,Late Delivery
817f899c,1,None
3a6c5364,4,None
5c5b4c85,4,None
3d417e9f,1,None
704d0001,4,Late Delivery
7a81cb5f,3,None
ba92df1b,4,None
06e33854,3,None
a9db0d4c,4,None
5ccce332,3,Late Delivery
34540eb5,3,Damaged Package
c12ef603,1,None
388a4874,1,Late Delivery
1511a19e,5,None
90a75443,1,None
710ea178,3,None
9711324f,3,None
eacf99d3,4,None
4e818f4c,4,None
1ea60921,5,None
e8b1b20a,3,None
4a2e8fa0,5,Late Delivery
7fb4f6c8,3,Late Delivery
b083e344,1,Late Delivery
81f58d8f,4,None
dc2dcbde,5,Late Delivery
b23d6b71,2,None
21e55a3e,3,None
9248fc22,1,Late Delivery
9037820a,2,Late Delivery
95f04f2d,1,Damaged Package
816e08b9,1,Wrong Address
210b1725,3,Damaged Package
daacbd74,1,Wrong Address
e65b0f01,5,Late Delivery
c897dfab,2,None
70de16d1,1,None
a8549397,1,Late Delivery
00ec0c39,4,None
0c255e68,4,None
714eb3f4,5,None
fa9a824c,4,None
e46f9232,1,Late Delivery
5583cc99,1,Late Delivery
75582fa0,2,Late Delivery
d6f80097,4,None
96266aa5,3,None
9932b0af,4,None
8d537827,1,Damaged Package
d810adab,2,None
eac673de,4,None
706a1a57,2,None
0559c868,4,None
343ce5f7,5,None
d32b3814,1,None
f638f641,1,None
13aac502,3,None
5ac5d66f,1,Wrong Address
ff8bb9db,3,Late Delivery
42af55c0,1,None
4426cd74,4,Late Delivery
7bee07a3,4,None
9343758e,5,None
cf47cacc,4,Late Delivery
dc6d6958,2,Damaged Package
eb8ca93f,4,Late Delivery
03feb570,3,Damaged Package
5df39942,5,Damaged Package
07c5bdf3,2,None
5a7b0cd9,2,Damaged Package
bea1ca8d,1,None
d2c16d29,3,None
e4dfd7a5,4,Late Delivery
be4dbb07,4,None
f342d539,1,None
f1b2764b,4,None
8349d393,2,Late Delivery
a1614362,4,None
9ce3caee,4,None
71a42882,2,None
f6128a3c,3,Late Delivery
68a2db3e,3,None
f386d06d,2,None
89227d0b,2,Wrong Address
8538bac4,5,None
f9ede931,5,Damaged Package
3db03e0f,4,None
db48877e,4,None
2d728592,5,Late Delivery
2381f99b,4,Damaged Package
63a10665,3,None
197c05f8,3,Late Delivery
72948da8,1,None
5a4be89c,5,None
fb073e16,3,Late Delivery
58419a18,1,None
b68ae664,2,Late Delivery
52209823,3,None
cf239ce3,1,Late Delivery
8af799f8,4,Late Delivery
441bdfdd,1,Late Delivery
0848f638,3,None
3cf75fc5,4,None
fad98666,4,Damaged Package
35d6d125,1,Damaged Package
c71cd7ac,1,None
0c0ec1d4,3,Late Delivery
b75a823e,4,Late Delivery
0b7fa5e6,5,None
a08ba993,1,None
fd93c398,5,Late Delivery
e44c508a,5,None
85c52ed9,4,Damaged Package
c3e3108d,3,None
602e41c2,5,None
66a160e7,3,Late Delivery
2c61fc5a,1,None
e6426182,4,Late Delivery
422e3d6e,2,Late Delivery
05f98011,4,None
0a843944,2,None
23fb55e9,1,None
ca52c8fb,3,None
bd397f7a,1,None
cf6e9f56,4,Late Delivery
e562d02a,2,None
2ed6fb48,2,Late Delivery
ddad4eef,4,Late Delivery
109f3fd9,4,Late Delivery
d5b7eb06,1,Late Delivery
bc19991e,5,None
9a2dce57,2,Wrong Address
28ebbd79,4,None
ccc7e0b3,1,None
96997a95,5,None
5ede29d3,3,Late Delivery
8e6533f8,4,Late Delivery
70b7731c,5,Late Delivery
168da4d2,3,None
cefcb20c,3,None
4e40cc5f,1,Late Delivery
1f848d8e,2,Damaged Package
abd2f3de,4,None
2c6a4ba2,5,Damaged Package
ef13f0bf,3,Late Delivery
1dad50d5,2,Late Delivery
ff1f266b,3,None
e74ad701,4,Late Delivery
972d0255,4,Wrong Address
84da553a,1,None
37976666,4,None
7862421b,4,Damaged Package
6eb43f63,4,None
effb8de7,2,None
c87ecadf,5,None
077e9bde,5,Late Delivery
30dbd60a,4,None
8d22e392,5,None
53874967,4,None
66986902,5,None
b800756c,5,Late Delivery
1910905c,3,None
75c9f052,2,Damaged Package
ec791d1c,3,None
50df9b60,3,None
65c4d17e,5,Late Delivery
313049d7,1,None
c82312b0,1,Late Delivery
e7da9693,2,Damaged Package
a8c2def6,4,None
e1f70e09,5,None
2d78e39e,2,Late Delivery
3c787418,3,Late Delivery
49bdfc6f,5,Late Delivery
0b20fd6e,3,Wrong Address
ea7c633d,2,Late Delivery
eae942ac,1,None
d988d907,2,None
6767e159,5,None
69d77fb2,5,Late Delivery
706d876f,4,None
5554bf05,1,None
d5ace996,5,Damaged Package
f3bb0aa8,1,None
60c8d398,5,None
60c289ee,1,None
4affd025,2,None
bb48ca88,1,None
db9e53f7,3,Damaged Package
ad7bd131,2,Damaged Package
15ba0539,5,None
0753d4c2,5,None
323272d4,4,Late Delivery
fea116f4,3,None
7dcc85bb,4,None
2178ad05,2,Wrong Address
2f8d6f42,4,Late Delivery
466c1260,2,None
77f26682,4,None
11ca7092,1,Late Delivery
c354ce52,2,None
f84a0cff,2,None
81663493,1,None
8bf3694d,1,None
da19715c,3,Wrong Address
369c5c62,1,None
6fa30c5e,4,Late Delivery
5d7d74d7,1,Wrong Address
346b59e5,1,None
cac1d248,2,None
5bcb4cff,2,Wrong Address
6d6726dd,1,Late Delivery
2f1526be,3,Late Delivery
3132788d,2,Late Delivery
2184bba8,4,None
8707ecd8,4,Late Delivery
a18b6e43,1,Late Delivery
0d1d8e33,1,None
13b35b63,3,None
661fd0dd,1,None
e87ddbde,5,None
072d6a69,5,Damaged Package
55eae205,1,Late Delivery
7cb53af3,5,None
aa963f6d,4,Late Delivery
47ff3ef1,1,None
7a1c85ed,4,Wrong Address
c6758ef3,4,Late Delivery
119332b6,5,Late Delivery
ccfb171a,3,None
baf2cfe8,4,None
69b534a1,5,None
3c964178,3,None
b3e6c620,5,Late Delivery
fa21060a,5,None
60cdd233,1,None
016d464e,2,Late Delivery
372e95b7,3,None
946adec9,5,None
3ad78204,4,Damaged Package
c33bc9e6,4,None
46e8ce60,2,None
908d8fda,3,Late Delivery
3322c9cf,1,Late Delivery
5578608e,3,Late Delivery
e9c9651a,4,Late Delivery
77b92bf9,4,Damaged Package
755ccac5,1,None
056cccb9,1,None
8e152d4e,4,Late Delivery
00309fd4,5,Late Delivery
c642042a,5,None
29bd32ba,1,None
8f7232f1,5,Late Delivery
348f5ceb,1,None
688a67c2,3,Damaged Package
9fb5c8a0,3,None
e3eb3c1c,3,Damaged Package
7e5073d1,1,Late Delivery
52d7c7f6,1,Late Delivery
ccf793fa,5,None
d63b7f5f,5,None
1da09403,5,Damaged Package
d1b3e881,2,None
e9dd9298,1,None
ca4e3569,3,None
522aa2ac,3,None
f3e99d6a,2,None
8b7fc9cf,2,None
575abf6a,3,Late Delivery
18292c75,1,Late Delivery
72792dcf,3,Damaged Package
137fda12,3,None
9a349fd1,2,None
1c77230b,2,None
a7490a0b,5,Late Delivery
e0cefc52,2,None
114ef312,3,None
11bb11d8,5,None
f0be79ec,3,None
3b72ab74,1,None
15480ebd,1,Damaged Package
d53c7e3c,2,None
a698bea0,5,Damaged Package
b8885f3a,4,Damaged Package
660128d4,1,None
7899a5a3,1,Wrong Address
42d73bec,1,None
a213046c,1,None
31da2fe5,2,None
71f2f91d,5,None
bb80800a,1,None
bbc610b7,2,None
b95580e3,5,None
d61248a4,5,None
232b42af,4,None
ec3b5f84,3,None
496426f0,1,Late Delivery
08118b8f,2,Late Delivery
4561b2c6,5,Late Delivery
1b2242bb,4,Damaged Package
f0b50bd3,3,Late Delivery
b6ee020e,5,Late Delivery
69661c63,5,None
d6be103c,1,None
382cfe27,3,None
387b10da,3,None
7d8912a6,2,Late Delivery
a376c7b9,4,Late Delivery
53c7751e,2,Late Delivery
0a00d6a3,4,None
3636680c,2,None
9b279d75,4,None
9193392b,1,None
be511118,4,None
a566be99,2,Wrong Address
62d8680f,3,Wrong Address
f05936cb,5,Late Delivery
4dd8e534,4,None
2e78a96a,4,None
e1a92036,3,None
dd279dbd,1,None
ebc5c363,2,None
aea5abd2,1,None
f19db782,4,Late Delivery
27ea6176,4,Wrong Address
f49618e9,1,Late Delivery
8af5dd4a,2,Damaged Package
a2da6305,4,Wrong Address
ad8acbfb,4,None
744d9c47,1,Late Delivery
7491023d,5,None
730d0494,3,None
c5e75238,4,None
362bd052,2,None
0783adaf,5,Damaged Package
49862975,1,Damaged Package
75d040cd,1,None
a21fbd9c,2,None
403c6add,5,None
364ed463,2,None
413df632,4,None
bc18227b,5,Late Delivery
2da55105,3,None
e4a34b00,3,None
62747fa1,2,Late Delivery
ab3770d0,3,Late Delivery
d28249bf,2,Damaged Package
ae5ea0ff,4,Late Delivery
d8ebb8d3,4,None
dd9822b6,2,Late Delivery
692fad3b,4,Damaged Package
e7ac341d,3,None
12ec9894,4,Wrong Address
11ec774c,3,None
6fbf73a2,3,Late Delivery
55f2e814,1,None
242cb0c1,4,Late Delivery
b44ca895,4,None
5a0ac749,2,None
8619c587,2,Late Delivery
457cf5b0,5,None
785859b8,3,Damaged Package
a1fa7311,1,None
ee1ae5c2,3,Wrong Address
b63e9ef4,4,None
f91b116a,5,Late Delivery
f2821ba2,3,Damaged Package
2f10f074,5,None
03c02f66,3,Wrong Address
5e04fcd1,4,Late Delivery
afcf79ad,4,None
497694dc,3,None
dd5ce5cf,1,Damaged Package
04de5740,4,Wrong Address
6da663b1,2,None
8542bddc,1,None
ed8cd735,3,None
3ef4aaa1,1,None
660e906c,2,None
5204a5a0,4,None
22bda377,4,Damaged Package
a94bce82,4,None
f96b6dae,2,Late Delivery
60d59f8e,1,None
453a2404,3,Late Delivery
632fbaf0,3,None
3cf1596f,1,None
67c856c9,4,Late Delivery
86f60150,3,None
3e8eaed5,4,None
d8839243,5,Late Delivery
c2a0091e,5,None
fe11f873,3,Damaged Package
eef88829,1,Late Delivery
d046673d,1,None
3a49bd1a,1,None
dbeba957,4,Late Delivery
e2052451,5,None
1d55cb21,4,Late Delivery
f900fc67,2,None
70a62d21,2,Late Delivery
e619912e,3,Damaged Package
d69cd565,2,None
397551e0,1,Wrong Address
f7bcae18,3,None
f5cc6816,5,None
8f0684fe,5,None
536c7188,2,None
b9410cfa,2,None
58845532,5,None
3aa37b95,2,None
8aa6f0e4,2,None
cf1d4945,4,None
52de712b,5,None
323f39df,5,Damaged Package
b4b0a747,2,Damaged Package
ae54f180,1,Damaged Package
53f3bd4d,4,None
15246656,1,None
37b084f3,2,None
c1a900a4,5,None
a1a504ef,1,Wrong Address
c0a4602d,3,Damaged Package
1d5b7e6a,1,None
df32e235,5,None
64e5b05e,2,Late Delivery
5d06beeb,1,Late Delivery
6f95c633,2,None
5c72018b,4,None
9d8f29ad,3,None
4dfe6fca,5,None
277992f0,5,Late Delivery
aed0d6dd,2,None
2e0c9e32,3,None
682aa055,5,None
833ab5d2,1,None
e31a1b58,5,Late Delivery
f687d06b,1,None
dc32e8b9,5,None
942d95dd,1,Late Delivery
95b586fa,4,None
c873342c,2,None
9626e36b,4,None
d6f889df,1,None
9ca07fb9,2,None
1328458c,3,None
e0ab14d0,1,Late Delivery
91ea7b4d,5,None
bfb81b84,5,Late Delivery
027c9cd3,3,Wrong Address
6ed51b08,4,None
4a4a4642,1,Late Delivery
27202de8,5,Damaged Package
c3902f72,2,Wrong Address
55a2b907,3,Late Delivery
d175b5f8,4,None
c148a883,4,None
912be9a2,2,None
55d48e7b,2,Damaged Package
4c53131c,3,None
ce6840ae,2,None
4dba7301,5,Late Delivery
b352bf03,4,None
17e845ff,2,None
a576c24f,1,Wrong Address
dd557563,2,Late Delivery
3922279e,4,None
e60838ad,5,None
b32f3bc7,2,None
fce6d7d4,5,None
4fbc9b2d,1,None
c219fdb3,4,None
853d9417,3,None
28a72495,4,None
102c853d,3,None
b8a776c8,3,Late Delivery
e0506022,4,Damaged Package
f1e80a3b,3,None
90d9c926,5,None
379ad81c,1,Late Delivery
c3036252,2,Late Delivery
3ae38ba1,3,None
20f90552,3,Late Delivery
487bbe5e,4,None
4b44fe21,5,Damaged Package
26afd940,2,Damaged Package
e2af5108,3,Late Delivery
ce590b72,5,Damaged Package
3cb5ca7a,2,None
39bbaba9,4,None
0d332e67,3,None
0c601325,4,None
a811d187,4,Late Delivery
4d172603,3,Late Delivery
d88ce4e8,5,Late Delivery
c2afe96b,5,None
9f0c1f25,4,Late Delivery
b41ed7eb,4,None
2352f660,1,None
649bf911,2,Late Delivery
e33b2bdd,4,None
9c386028,4,Damaged Package
8446a1ca,2,None
58147107,3,None
0ceb2361,5,Late Delivery
0d198d91,3,None
fb99355a,2,None
9763bf09,2,None
b117d6ae,1,None
f489cb21,1,None
455d817a,5,Damaged Package
b4f37ddb,4,Damaged Package
2fc22ed8,2,None
1682c9c2,1,None
5c1853d5,3,Late Delivery
68c6b817,1,Late Delivery
7f63a2aa,3,Damaged Package
78090e25,1,Late Delivery
cf1027fa,3,Wrong Address
e3fcfede,1,Damaged Package
cacfdb22,1,Damaged Package
c5d323f0,5,None
6d5876f5,4,None
965e846f,2,Late Delivery
2cc9f20a,4,None
867847a5,5,None
58328eea,3,Damaged Package
777819fc,4,None
bcfe08fa,2,None
9a200d38,2,None
2e55fb03,3,None
d57e6e1b,2,Late Delivery
c405a504,5,Damaged Package
9a83ef25,4,Late Delivery
0dfacc8e,2,None
2893f4c9,4,None
b8533f36,1,None
c6ae2799,4,None
fb5e9219,3,Late Delivery
96596e62,5,None
bdfab3d8,2,None
19b19fa4,5,None
2e13d246,4,None
2d2c3ed9,2,Late Delivery
10020106,5,None
1970fa13,3,None
b90e5e50,1,None
ee9ea5e0,1,None
09522144,3,None
eec54929,1,Late Delivery
fdc928b5,3,Late Delivery
87a136bd,4,None
ff8730f3,3,None
46fdbf3d,1,Damaged Package
2943b06f,4,Late Delivery
7d383f17,3,None
00b16776,3,None
140041e9,4,None
798bd616,2,Late Delivery
c4d06a50,1,Damaged Package
bdcb6755,2,Late Delivery
d1f9dc8c,4,None
1fdd2531,4,Late Delivery
23f8ed34,5,Damaged Package
907ef9ec,5,None
1657d4a8,4,Damaged Package
ce4d4858,5,Late Delivery
7dcc5710,3,None
18fafbf1,2,None
76b25c09,4,None
909a8ba9,3,Late Delivery
05b2bc9b,1,Late Delivery
397c6622,1,None
d87ee0bd,5,None
4b8c6924,5,Damaged Package
63cad17d,3,None
dddf197d,1,None
0517d4ad,4,None
26b71d70,2,None
8685c1fb,5,Damaged Package
1fa21929,3,None
749b89ed,5,None
10496510,3,Late Delivery
73cf810c,1,None
83b400eb,5,None
741c87a8,3,None
0eaa8eed,3,None
de05e9dd,5,Damaged Package
2ffeac6f,2,Late Delivery
21d35a1e,4,Wrong Address
b575cffc,1,None
bab46c93,5,None
dc123cf5,5,Late Delivery
ec989796,2,None
f1b49b0c,1,Late Delivery
50b35df7,5,None
06fa3ae2,2,None
22dc8fd2,4,Late Delivery
be3bd65b,3,None
63b416f6,4,Late Delivery
42f1886d,4,Damaged Package
e95a9a30,4,Late Delivery
0ac270eb,4,None
1b65bddd,3,Late Delivery
ff607c57,1,None
d7add2f5,1,None
706ac20f,2,None
660083b3,2,Late Delivery
1c0f28ee,5,Damaged Package
f14ab553,4,Wrong Address
e6c3b8e0,4,Damaged Package
89a1cded,3,Wrong Address
5a1ec5d7,4,None
0b80f01c,3,None
6e727437,5,None
164d65bf,2,Late Delivery
feda6ede,2,None
3e494b2b,5,Late Delivery
a2044736,5,Damaged Package
2055104f,4,None
9c443068,2,None
a4d01b2e,1,None
88a7b8d7,5,Wrong Address
1dfdca41,2,None
63251aba,2,Wrong Address
6e23e1f8,3,Wrong Address
30de9bc2,2,None
5a111b05,5,Damaged Package
508e1ca3,4,None
3818b3b5,2,None
7d05d6d4,1,None
e65042e3,5,Damaged Package
c3ff5b19,4,None
1269b89b,4,None
61a3cc0a,5,Late Delivery
35d3f929,4,None
5ff256b9,1,None
c27b5db2,2,Wrong Address
0bb6c2be,5,None
b7bbd6bf,2,None
944635bb,2,None
3960811b,4,Damaged Package
760c1c61,5,None
6e298483,2,None
b2e31395,3,Damaged Package
0fc2e541,1,None
515bf7b5,4,Late Delivery
b963084b,5,Damaged Package
9ee2ca71,5,None
b8c68869,4,None
5e34f2f0,2,None
53091249,4,Late Delivery
33878c6c,5,None
e9e1889d,3,Late Delivery
794973b2,2,None
7e176ce1,4,None
ec09bd70,5,None
fc54bf30,5,None
fcdd181d,5,None
b1badf1b,3,None
6d556108,2,Late Delivery
2307982e,4,None
06d99803,2,Damaged Package
8e29dd65,5,None
659bc493,3,None
44042022,3,Damaged Package
c18b9055,5,None
68498f6b,2,None
aa07e582,2,None
f5182c7a,3,None
3c7c01cd,1,Late Delivery
a5c919dd,3,None
444672b6,3,None
e8f92f10,4,Late Delivery
869b300d,3,None
c6d5d6a3,1,Damaged Package
3ee78e1d,3,None
222174f8,2,None
f950751d,4,Wrong Address
3015ee54,4,None
61b41655,3,Late Delivery
bc4e5f9e,4,Late Delivery
8c570c88,4,Late Delivery
187cee2b,3,Late Delivery
3a7af4d9,1,None
8d2be0e7,3,Late Delivery
1851ecf7,2,Wrong Address
770d98e0,5,None
3a6cc750,1,None
ea72208f,3,None
54658c98,1,None
5b3d49d5,5,Late Delivery
e41138c0,4,Late Delivery
0e0def74,4,None
8d2900fc,5,None
c019caa1,4,None
5584c995,1,None
dc941879,4,Damaged Package
286545e8,5,None
14cff9e7,5,None
ee756376,5,None
6e91ec0c,2,None
996ceea0,1,None
59e77ac8,5,Damaged Package
6f26c7af,1,Wrong Address
a6f66982,2,None
9f3067bb,1,None
63f956c9,3,Damaged Package
38d0de25,2,Wrong Address
a6059339,2,Late Delivery
b1762133,4,None
64c65718,5,None
02fd82f0,2,None
8d0e6210,1,None
ea39169b,3,None
287e0c61,1,Wrong Address
d0eeb221,1,Late Delivery
58abf852,3,None
44366a7b,4,None
7e33e2dd,5,None
00a45d12,2,Late Delivery
3d07043d,5,None
90614f56,4,None
1cf05ed4,3,None
8e56d23e,5,Late Delivery
96b662c6,1,None
c4d48c08,2,None
f28e931e,2,Late Delivery
6e9b934f,4,Late Delivery
55c6fc60,4,None
36f92161,3,Wrong Address
41cd7314,4,None
5ea6812f,5,None
f8d89744,2,Damaged Package
406bb889,3,Damaged Package
94f69020,4,None
a328dd5d,1,Damaged Package
ae50457f,2,None
2e8b4b28,3,Late Delivery
ebd997a2,2,None
08ec86e8,5,None
c421da29,4,None
dbd5dab7,4,Damaged Package
3a488818,4,Late Delivery
cd4e70e0,1,Wrong Address
01d03368,5,None
cdb81441,1,None
9fbb51d9,5,None
3ca0731a,5,None
7ba9509a,5,None
c1a2449f,4,Late Delivery
625d71c2,4,Late Delivery
a47fb40b,4,None
ebd0ee6a,1,Late Delivery
2b9b9842,3,Late Delivery
e21a801e,5,None
85272908,1,Late Delivery
d621c50c,4,None
197dcacc,4,Wrong Address
23dc62ff,3,None
262e9522,4,None
5552e531,5,None
eb996a84,2,Damaged Package
16259591,4,None
c4257982,3,None
7e60ebf6,2,Late Delivery
f3ba9abc,5,None
f3975339,5,None
9d1abd0c,5,None
48f1b325,3,None
e16fa8eb,2,Wrong Address
68ceb7b1,5,Late Delivery
097eaca5,4,Late Delivery
62f51132,2,None
3283cb2c,5,None
8cef8764,2,None
1d49f051,4,None
7bff6ebe,1,Late Delivery
46663d39,5,Late Delivery
07c49739,4,None
f1558668,3,Damaged Package
df49ccdb,5,None
b70bfbb1,1,Damaged Package
cf38f98b,4,None
3f3b483e,4,Wrong Address
ae2c370e,2,Late Delivery
69526823,5,None
649fd71b,1,Late Delivery
fc648c33,3,Damaged Package
24c25e7c,2,None
1eab1216,5,None
7fb94b03,1,Damaged Package
07567c19,2,None
e21ae4d9,1,None
8d1eac60,1,None
b520db70,2,None
76df8cad,2,Late Delivery
1bcc1f37,5,None
d348fbd2,2,Wrong Address
0d5a67d0,5,Late Delivery
f5f6a1fb,1,Damaged Package
8bb2e64e,2,None
ecd95acd,5,None
52eaf336,5,None
4af9e5fc,3,None
d426529b,5,Late Delivery
f23b762a,5,Late Delivery
2e8edfbd,3,None
d9e26e27,4,None
b8001b11,2,None
6bb2274f,3,None
14c20140,5,Late Delivery
08a9996d,5,None
49b941de,2,Damaged Package
73f696e0,1,Late Delivery
90a559a8,3,Damaged Package
78f17a59,4,None
e112d725,2,Wrong Address
08f8b3b5,2,Late Delivery
1e2f0fe0,3,None
2db1c1d9,5,None
d7bc9aff,5,Damaged Package
df4e439e,4,None
c8b85e61,3,None
5e292f56,2,None
3f149661,3,None
1837e7ae,1,None
fdab8f40,2,Late Delivery
888ffcb4,4,None
88ab37bd,4,Late Delivery
00a54bd3,2,None
2accf24e,5,None
3996f1c6,2,None
fcc7f4da,2,Late Delivery
a1a78b8a,1,None
410db157,2,Late Delivery
2e085829,3,None
956dad0f,3,Late Delivery
5fd87584,4,Late Delivery
618034df,5,None
f66003cc,4,Late Delivery
4a55d83f,1,None
1fc7d581,2,Late Delivery
ef6d7ac9,4,Damaged Package
d24e858b,2,None
8ee7791d,4,Late Delivery
cfc01ab8,2,None
de0deaa1,4,None
d9d88c3b,3,None
ceccd132,1,None
3d9e4bd5,4,None
4d38986a,3,None
2bf86960,5,None
a2197177,4,Late Delivery
bf8f4546,2,Late Delivery
849957f1,1,Late Delivery
3f204194,3,None
ca159d44,3,None
9d8eb6a3,1,Wrong Address
42858a66,4,None
355e2a9e,2,None
bb985a6c,5,None
5b7f4627,4,None
08988a1d,1,Damaged Package
0efe47bb,4,Late Delivery
070a87dc,4,None
0675f6df,1,Damaged Package
8d247dfb,1,Late Delivery
584ecc0b,5,Late Delivery
467baceb,1,None
6862a18a,1,None
941e7178,1,None
d5cdef46,3,Late Delivery
a7646053,1,None
0cee7312,1,Late Delivery
e1d5ca18,1,None
d72815c0,5,None
fdda41df,4,Damaged Package
db0c4b67,1,None
5fb31efb,1,None
170419ff,5,Damaged Package
c6e92041,4,None
92850fd3,5,None
bb0bfb13,2,None
28e0d278,2,Late Delivery
5b44c20b,2,None
6134fe93,1,Damaged Package
4cb608db,5,None
b9ad4eed,1,None
8935c517,2,None
f6b4fbeb,4,None
1977032e,4,None
b0b3cc31,5,Damaged Package
d195ea97,4,None
163d64f5,2,None
a7436f1f,5,Damaged Package
b66743ba,5,None
7e2bd5e3,2,None
98a45389,2,None
8bc3cf67,2,None
5044b2d3,2,None
9414f705,5,None
455df75f,4,None
55263efb,2,None
40e92797,3,None
436351f6,5,None
efcc692c,1,Late Delivery
6f1968f1,4,Late Delivery
cf886b45,5,None
725aa4ff,2,None
4647b221,3,Late Delivery
4301cbe6,1,None
d9bd3e42,4,Late Delivery
302faa60,2,None
360c6e9c,5,None
4cbb71e1,5,Late Delivery
6ce9f756,4,Damaged Package
34c00044,3,None
f5622b67,2,Wrong Address
4288d50d,4,None
b8092ca5,4,Damaged Package
6ab26303,5,None
db866498,4,None
291f526c,1,Late Delivery
cd0b1934,1,None
8dfc37d5,2,None
e02decc5,4,None
fcc0de00,5,None
4a9f2cea,2,None
0c543fad,3,None
6b2fa0f9,5,None
c887b17f,3,Late Delivery
3928d854,2,None
89aab498,1,None
dc89a351,5,Late Delivery
7bfeeeb1,5,None
467a0b56,2,None
e3e55988,5,None
a775ff4a,5,Late Delivery
1ddb94c9,2,None
2999eedd,4,Wrong Address
194a01d2,2,Damaged Package
4b0aba4e,5,None
ff64fe76,2,Damaged Package
11306f1a,5,None
ab1796d2,3,None
20d34737,3,None
f7c34940,1,None
697cd964,2,Damaged Package
19297b11,2,Late Delivery
03714a2b,3,None
d96c1ff6,3,None
71050405,3,Damaged Package
daedee61,1,None
1f349b6e,1,None
cc2c3a0d,4,None
ff7dacce,2,Damaged Package
9f8c6010,1,None
cef6b4b2,5,None
8df38aaf,2,None
38abb872,4,Late Delivery
e3e71e36,3,None
eff096ff,4,Late Delivery
bbef50d0,2,None
f5b690b1,3,Late Delivery
27ce8fd7,4,Late Delivery
ad3c1288,4,Late Delivery
cb95c7ce,2,Late Delivery
ecf0cae1,1,None
c9a3d1c6,5,Damaged Package
f017d23e,4,Late Delivery
7249781b,5,None
5529911e,2,None
6c673a0c,2,Late Delivery
4b927ae8,1,None
eeb3d94b,3,None
d29b69b7,5,Damaged Package
acf69677,4,None
7579dd90,3,None
613d7073,5,Late Delivery
7ab43190,5,Wrong Address
9badc870,3,None
7f11cc06,3,Late Delivery
1a1d12c0,1,None
d1f8b96a,4,None
cb49a61d,4,Damaged Package
c2db7c59,4,Late Delivery
7f48432b,3,Late Delivery
54016b3e,1,Damaged Package
cb105f80,2,Late Delivery
597d406a,1,None
faacda2b,3,None
e2c6a029,1,Late Delivery
06274adf,3,Late Delivery
5d292c91,5,None
b0a86932,5,Late Delivery
123c5267,2,Late Delivery
6d41f46a,5,Wrong Address
002208a1,2,Late Delivery
6e75a042,4,None
9baae8b2,3,None
67b0724b,4,Late Delivery
73275873,4,None
03b8135f,2,Damaged Package
35abd4f4,3,None
8330aa4c,2,Late Delivery
59131881,1,Wrong Address
f7bc0b4c,4,Late Delivery
905b5cc5,3,Late Delivery
7c6f642d,4,Wrong Address
4d56b098,1,Late Delivery
e727c9f4,1,Wrong Address
d1d6fede,3,Late Delivery
f58343e2,3,Late Delivery
159158b1,1,Late Delivery
26e90010,4,None
e8fcf504,5,Late Delivery
cdb5bfb7,4,Wrong Address
d28cfeb6,5,Late Delivery
7aa766cb,2,None
2c03c5da,3,None
8568097d,1,None
0d2f4a8c,2,None
c65ac3d9,4,None
9da85558,5,Wrong Address
1d516832,3,Damaged Package
589e7b6d,5,None
d2ee7f01,4,Late Delivery
8fa3a4a9,4,Late Delivery
871cf06a,1,None
ea96d5c4,2,Damaged Package
e4871d14,3,None
7a41c2f5,1,Damaged Package
19f82ccf,5,Late Delivery
5d4ebc63,2,Late Delivery
efbd11de,3,Damaged Package
34a5027a,5,None
dff4d864,3,Damaged Package
87d71955,3,None
9c67fdab,2,Wrong Address
de5bc0cb,5,Late Delivery
207ee9ce,1,None
def5d3c0,1,Late Delivery
7da1e7ad,1,None
2736208d,3,Late Delivery
9d611681,4,Damaged Package
ebe0940c,2,Late Delivery
6a6addcf,1,Damaged Package
b0ce4a98,2,None
a2420c0d,3,None
9f8a3a77,2,Late Delivery
032b4875,1,Late Delivery
33706285,1,None
bc444674,3,Late Delivery
d297e2d5,3,Late Delivery
c391d5e7,5,None
9cf621ee,3,None
0a07008b,4,None
829b5ea9,4,None
9ca2509e,1,Late Delivery
5300a968,3,None
25c2f0ec,4,None
3adf14fc,4,Late Delivery
206aba25,5,Damaged Package
68649b8f,3,Late Delivery
234f3b1c,5,None
dce9c62d,2,Wrong Address
ed9bcc0c,5,None
3a29ad7d,2,None
32b7c8a2,2,None
782f62fd,3,Damaged Package
c398cceb,2,Late Delivery
6ad1e474,2,Wrong Address
dfa9866f,5,None
041ea6ec,3,None
67f90a5e,3,None
414f6bf2,2,None
23c398b2,5,Damaged Package
9f9b821e,5,None
fcbac387,5,None
4788be78,5,Late Delivery
ba703e92,1,None
2c001fc7,2,None
d96a6550,2,None
3dc8596e,2,Damaged Package
58ee4d9c,3,None
de9a285f,3,Damaged Package
fa37182a,5,Late Delivery
0e096440,3,None
389baa12,4,None
4cf27c99,2,Wrong Address
b5d8d018,2,None
0f397b6f,1,None
3377073e,1,None
2530cbd7,4,None
db7f8c06,1,Late Delivery
5655abd0,5,None
bcb3bf19,5,Late Delivery
489d62ae,2,Damaged Package
b1dd5455,5,None
7c953cdb,1,None
a26996ee,4,Late Delivery
bb75c69c,5,None
2ebb5009,2,Wrong Address
fa15d907,2,Late Delivery
469fd647,1,None
06fd5f61,5,None
43997fc3,1,None
df1f1914,2,None
2f8b8832,4,Late Delivery
19d272e1,5,Late Delivery
0f70879d,4,None
d63c5646,5,Late Delivery
5d8222fc,2,None
e41efa77,5,None
00e8c8d1,2,None
51cc60c2,3,Late Delivery
95034448,2,Late Delivery
0dfd23b1,2,None
1eb5b7f4,5,Late Delivery
04e7ab0f,4,None
eb33c814,2,None
5159219c,5,Late Delivery
8d7cc5d4,2,None
eaa9380e,1,None
ff1d4801,1,None
b5ed4daa,1,None
18fceb7f,1,Late Delivery
4f7c232f,4,Damaged Package
50415a3c,2,Damaged Package
7b06281e,1,None
a1164745,5,Wrong Address
43ff948d,1,None
2c83f767,3,Damaged Package
bfff0cbc,3,Damaged Package
7af20318,4,None
874cd674,3,None
02ac2bb0,5,Late Delivery
572d289c,1,None
8d0b5bcb,3,None
841d921c,3,None
16487046,4,None
e0df270e,3,None
2c67ba39,1,Late Delivery
703b4ac8,2,None
d9cd30a0,1,None
69d65066,3,None
a7fb02bf,3,Damaged Package
f4fdb213,3,Late Delivery
a68d9b1a,4,None
a24d6bc8,5,Late Delivery
486458c6,1,None
a58d60a6,3,Late Delivery
4af5a438,2,None
cb311a64,4,None
73852f46,5,None
2c371ac8,3,None
1c13aa23,1,Late Delivery
73ba887b,2,Late Delivery
d2099ab3,4,Late Delivery
16b41495,1,Damaged Package
2de64166,1,Late Delivery
91c484a7,4,None
688185c5,1,Damaged Package
0ed2b2ac,2,Damaged Package
c8478750,2,Late Delivery
15066dab,1,Damaged Package
6e0dd676,3,Wrong Address
e24c82a7,1,None
2b224231,3,None
d2372d17,1,None
cc2dfb8e,5,Wrong Address
e49f18ca,2,None
9e0675e0,1,Late Delivery
c12da2a8,2,Damaged Package
c0688569,4,Wrong Address
af39911a,5,Late Delivery
44dad11f,3,None
2db72558,4,None
2b105b4a,5,Wrong Address
9138541b,4,Damaged Package
751cc131,2,Late Delivery
0479232f,5,Damaged Package
8a370d74,4,None
1982b7ad,3,Late Delivery
f036bef4,5,None
95166113,5,Late Delivery
13ccdf4a,4,None
6914cfca,1,None
5adff86f,3,Damaged Package
0a93a97f,3,Late Delivery
dabe8b12,4,Wrong Address
5df99796,2,Late Delivery
0f886a03,2,None
54f8df39,1,None
ab4051df,1,Damaged Package
da538a0b,4,Late Delivery
ee2e86f0,2,Damaged Package
2b7eb7cb,3,None
9e41351f,2,None
e3c1db86,4,Damaged Package
a64d65f8,2,None
e7cac8c8,5,None
82c90779,4,None
704044c4,5,Late Delivery
3c963367,4,None
e13772c6,3,Late Delivery
38a992f1,4,Wrong Address
55c1d54a,4,None
7ea5a5da,4,None
0bb18798,4,None
96db8f85,1,None
d74291c8,5,None
2af0f6f8,4,None
8b145f92,4,None
594feee0,1,None
fe01b99a,2,Late Delivery
8fd37ea9,1,Damaged Package
bcac6b70,1,None
142d8f2b,1,Late Delivery
a85c0696,4,None
087c656d,1,None
8abfe3f3,1,None
2d832c05,1,Late Delivery
18eacca1,4,Late Delivery
4753e2e1,3,None
c207e8fb,3,Damaged Package
8933cd5a,2,None
b2c09850,4,None
af3125b0,1,Late Delivery
e8d3219a,1,None
56d4d5e2,1,None
57599339,3,None
ab76f376,1,Late Delivery
ff0744cc,1,None
db40ec60,3,Late Delivery
71493fab,1,Damaged Package
6755aa6e,2,Wrong Address
be475ddf,5,None
70502e8c,2,Late Delivery
46e6a75a,4,None
6d420778,2,Damaged Package
c91e90e8,2,Damaged Package
68303cdb,3,None
46e6247d,4,Late Delivery
f455b7db,2,Damaged Package
fba2dbbc,5,None
0dc2a2b0,2,Late Delivery
72755618,1,Late Delivery
85cb5b87,3,Damaged Package
039327e8,1,None
51457928,4,Damaged Package
29f5f7f7,4,Late Delivery
cf5d6d4f,3,None
d52688b2,2,Late Delivery
d68c73d8,4,None
d76f1f5b,5,None
b9a36a33,3,Late Delivery
bb7b07ef,1,Wrong Address
237a6466,5,Damaged Package
5b7699e2,3,None
1d26b2f9,5,None
51f9db2a,3,Wrong Address
f1434748,1,Damaged Package
9caf14ca,2,Wrong Address
1be0bb16,3,None
08264c0a,4,Late Delivery
da7b6766,1,Damaged Package
01952469,1,None
9c8b707c,5,None
d1376dd5,4,Damaged Package
c102a7de,5,None
00d05330,1,None
a3578e15,3,None
b63598ef,4,None
c94a10b4,1,None
ec856ab6,4,None
a7494ff9,3,None
60153c7c,2,Damaged Package
81a93498,5,None
292a9dd3,5,None
1038e4cc,1,None
6c1a7d0b,1,Late Delivery
880ef2d8,3,None
e2e600a5,1,None
3ac6264b,1,None
03f9df8a,1,Damaged Package
0c51ba45,4,Late Delivery
fa3313ea,4,None
ac253043,2,Damaged Package
e1869526,4,None
e89c67c6,5,None
f4f017b5,2,None
75c1ae4d,1,None
a40a1d5f,5,Late Delivery
8a1b4a67,2,None
6121918a,2,Late Delivery
2417a7b6,5,None
d69abcd1,2,None
33d16c0c,5,Late Delivery
96ef936e,2,Damaged Package
a53086b5,2,None
ac734ae6,2,Late Delivery
256d7932,5,Late Delivery
0211273f,2,Damaged Package
516f2ef4,4,None
7dd57689,4,None
a9cb1634,4,Late Delivery
40cbe3fc,4,None
41237f4b,4,None
1f7e1a81,1,None
ff73b585,2,Damaged Package
be88e835,3,Late Delivery
52c75053,1,None
58841998,5,None
85a530df,1,Late Delivery
29cbfa04,3,Late Delivery
dc858980,1,None
5d5d1766,2,None
5b51e881,4,Late Delivery
81955c78,2,None
e9e6fff9,1,None
a00dd12a,3,Late Delivery
21fce4b6,5,Late Delivery
16183674,2,Late Delivery
6e5682a2,3,None
24a65eae,5,Wrong Address
ec070311,4,None
4ced085b,2,None
46b48abd,2,None
6cd4b549,4,None
366d7041,4,None
cb248cec,1,None
b2f411bc,5,None
46ea7c95,3,None
7283bdca,4,Late Delivery
bdb39908,1,Damaged Package
7f916f46,5,None
8eb5942f,5,Wrong Address
365e0f62,2,Damaged Package
94bc001e,1,None
5cac8d2b,1,Damaged Package
8ce95272,2,None
5f50ebbd,3,Damaged Package
adb06473,4,Damaged Package
c2ebec05,2,Damaged Package
67c1c829,4,None
286966dd,1,Late Delivery
0055f406,2,None
e7fe1e4a,3,None
1c7554a6,4,None
b957862f,4,None
2a825420,4,Late Delivery
5aa498b2,1,Damaged Package
7d09346a,4,Wrong Address
66ca1b2b,5,None
18494953,4,Late Delivery
d61842c8,1,Late Delivery
6f5cab1b,2,None
73101290,4,None
9b9593d1,4,None
ade6f876,2,Wrong Address
ccb6d4db,5,Wrong Address
b21fdf42,1,Late Delivery
c1dbb587,2,None
fea290b8,1,None
454ea712,2,Damaged Package
21cd736c,3,None
78462b61,5,None
857a610c,3,None
0308dc5a,2,Wrong Address
82ac8916,2,None
64d2a203,1,None
98453d07,2,Late Delivery
05eb19c1,1,None
53c0a6f7,1,Wrong Address
65468d4b,2,None
13dc4431,1,Damaged Package
eb450a17,5,Late Delivery
7361f9d5,3,Late Delivery
fec27259,2,Damaged Package
171eada0,1,None
90bbfc1d,1,None
997eab95,1,None
b57ab2d4,1,None
f2d43a27,5,Late Delivery
61f6d26a,2,None
6f277e73,2,None
415ee528,5,None
47014059,5,Late Delivery
a81b5bc3,5,None
0d20c3b1,2,Damaged Package
cc10677b,4,None
57d4add4,3,Late Delivery
a704fcbb,5,Damaged Package
481993c6,5,None
88ec7355,2,Late Delivery
0026ed25,2,Late Delivery
921adfb2,3,Damaged Package
29cc87dd,1,None
5960e55c,2,None
87122314,3,Damaged Package
94c28afe,2,Late Delivery
37222d5e,2,None
af987719,2,Damaged Package
d7f7b105,4,Damaged Package
b2ccccc3,4,None
1089d474,5,None
6aa03e6c,4,None
34ead8a1,3,Damaged Package
44dc6683,2,None
44ef06c3,4,Late Delivery
766f04f6,2,Late Delivery
b7c6a315,1,None
078d3e35,5,None
99bdbd6b,4,None
72d0dd48,2,None
7dc35c49,1,None
f61a657c,5,None
f6495505,5,Damaged Package
5a0a9d0c,1,None
659f558b,4,Late Delivery
aeba491c,4,Late Delivery
d38978a6,2,None
3af23d86,3,None
d9e329d8,2,None
79a73324,2,None
bd67eed7,2,Late Delivery
4ffbf9a2,1,Late Delivery
f8e0bf07,5,Damaged Package
d5a8faa8,5,Late Delivery
a58dabd4,3,None
7a26ab2c,4,None
3bfa896d,2,None
e3faa167,1,None
8f981ac6,1,None
ceb6358e,2,None
6d1a02c7,1,None
1100f9c9,1,None
a44b4d80,2,Late Delivery
15b7c5bc,3,None
2ef71bcb,1,None
5162e033,5,None
2bba0a76,5,None
f4f06431,5,None
6c74648f,2,None
dd56d59a,5,None
474c5474,4,None
975bcb42,1,Damaged Package
388d035d,3,None
e9eb4ba7,5,Wrong Address
195974d4,2,None
2f5763d0,3,None
729604ba,2,Late Delivery
557b1cd5,3,Late Delivery
e0c351d1,3,None
b74d079c,1,None
1fa3d775,3,Late Delivery
c1aa6216,4,None
1108e63a,4,Late Delivery
8d75f54a,4,Damaged Package
485780f7,2,None
4b560c41,1,None
a1228925,2,None
7490a687,5,None
a7f3687e,4,Late Delivery
940ca8bc,1,None
7124b81f,4,None
18a62b81,1,None
830f537e,2,None
4447a6e6,2,Wrong Address
ce2b04ed,4,None
1fd2af91,3,None
e7796c28,1,None
9372dd6e,5,None
57a71a5b,3,Damaged Package
c869ff12,2,None
d1be1948,1,Late Delivery
21396599,3,None
911f3511,5,Late Delivery
f2cb7b4c,3,Damaged Package
4de3e302,5,None
59579f4b,2,None
43579931,1,None
c6573942,2,None
f7bb1d7e,1,None
9b2f47ae,3,Damaged Package
e2e2666e,2,None
a640e4a6,1,Late Delivery
c0aec8bc,5,None
d237e856,1,None
6c491f9e,2,Late Delivery
98d31e26,2,Damaged Package
38770cd2,3,None
893dc928,5,None
d8c13db8,1,Late Delivery
278fef94,2,Late Delivery
319dcc79,1,Damaged Package
25f7bb41,4,None
2abf5208,5,Late Delivery
92eb5c70,5,None
54204bc1,4,None
1f7a152b,5,None
d2c868c0,4,None
58c1bc33,1,Damaged Package
9479b1fe,4,None
43341566,3,None
fbf4c8cc,4,Late Delivery
02f95bc4,1,Late Delivery
43f76b9d,5,None
a5125e33,3,None
56ddf27d,4,None
768f9f5a,1,None
3b9f4dee,3,Wrong Address
fe48498d,3,None
538585d9,3,Damaged Package
7714b4d4,4,Late Delivery
da9627f7,1,Late Delivery
b97955de,1,None
cac0141e,1,None
c7f0a6a0,2,Late Delivery
33d2b3f3,5,None
c3b5ec74,1,Late Delivery
475eb99a,2,None
40c96284,2,Late Delivery
c961d979,3,Wrong Address
22886770,5,Late Delivery
09060085,3,None
68a94af4,5,Late Delivery
80fad2b9,3,Late Delivery
c1162498,4,Damaged Package
5dc328d3,5,None
4e37bf1c,2,Late Delivery
ea734968,2,None
99e0afe6,5,Late Delivery
f627f7cb,3,Damaged Package
00e97cee,4,Damaged Package
0a6f40a8,4,Late Delivery
cd88ac6c,1,None
73ccf1a4,5,Damaged Package
370e4ef1,4,None
bd2fac37,3,None
62937e6b,3,Damaged Package
13950b95,2,None
7287081b,4,Late Delivery
bd732a50,4,None
6ca88ca2,3,None
435bd583,2,None
bea42e47,4,None
b595f1e5,3,None
921c1749,2,None
37a6a6cf,2,None
171b4e52,3,Late Delivery
ced7e67c,2,None
77b10fb6,2,Damaged Package
147fa85a,1,None
d222bc4e,2,Damaged Package
2f54894a,4,Late Delivery
d093c741,2,None
69b7db2d,4,None
fdd4fa24,3,Late Delivery
0e5d464f,2,Wrong Address
2cef0bf5,3,Wrong Address
1f57bdf8,5,None
fbd71629,2,None
a2be3ae5,3,None
d41e4bb2,5,None
f48e9da1,4,None
912ab961,4,None
4d15d536,4,Late Delivery
5a3a5caa,4,Late Delivery
3407b2ce,4,None
836728a6,1,None
7df6f3c5,3,None
48e06dbd,5,Damaged Package
edbb6530,5,Damaged Package
5cdfd697,2,None
f2e4785b,3,None
00df4c4e,1,None
5cdd9004,1,None
a647f354,3,None
0106934f,4,None
436b9e90,4,None
e5599c44,3,Late Delivery
31e88a7d,5,None
739f8052,4,None
c85954d2,2,Late Delivery
20162d73,1,Damaged Package
704d69e8,4,None
a4a0d4e4,5,None
6712b378,4,Damaged Package
da161a34,4,None
a871bc1a,1,None
6b2de611,2,None
a7d2adac,2,Late Delivery
5586cd75,5,None
eb8d1a82,3,Late Delivery
7a75558e,3,None
cf086a71,3,None
8241475f,5,Late Delivery
2e58f523,4,None
cd4d1854,2,None
1c79dd3b,2,None
e17960a2,4,None
65181771,2,None
8ea6f929,2,None
99004a01,3,Late Delivery
e5267610,3,Late Delivery
67ce58c2,1,None
04cad257,1,None
66d2c903,2,None
35f11a3a,3,Late Delivery
d5584a7e,1,Late Delivery
602a3054,1,None
ab5b94d2,3,Late Delivery
47cf974e,1,Wrong Address
dffbf912,4,Wrong Address
6979d16e,4,Wrong Address
7423cde4,3,Damaged Package
f2290377,3,None
31522c20,1,None
571a6323,2,Late Delivery
bbfa24c9,5,None
93b8eba4,4,None
9c2288b2,4,None
bcfcd7ae,3,Late Delivery
88bf915d,2,None
a6d84cfc,3,None
448b5557,1,Late Delivery
204f7729,2,Wrong Address
268423c1,1,None
330a6206,4,Late Delivery
f96f3b46,3,None
9846be5a,3,None
ee25a162,5,None
d7d67564,2,Damaged Package
0f94c8ac,4,Damaged Package
9215d437,5,Late Delivery
9eeb70b6,5,None
616942b9,3,Late Delivery
e82edf9a,2,None
170b8b43,3,None
a860dfde,2,Late Delivery
ba815a50,5,Late Delivery
e193256d,1,Damaged Package
063f994e,4,None
7024c552,5,Damaged Package
be3b64a9,3,None
35c37a61,4,None
04ace90c,5,Late Delivery
4d2b9458,2,None
222e2259,3,None
570d62ae,5,Late Delivery
06c4ef8f,2,Late Delivery
6ad91ef7,2,None
6e2ff588,2,None
5e40f554,4,Late Delivery
cc60e71b,3,Late Delivery
39c2de0f,2,Damaged Package
94dcac89,5,Late Delivery
fc3cf070,2,None
49b81917,3,None
6f4b0133,4,None
0c93bcf8,2,None
f42a870f,5,None
4660ebef,3,None
3bf1cdb4,2,None
11b09e2d,4,None
326f4ab8,1,None
f1ea8eb3,5,None
bc98c3a0,2,None
c9ab2a7f,2,None
73bfdeb1,1,None
d7554457,3,None
f62a78e9,1,Late Delivery
c6e555b3,3,Damaged Package
e966cfd6,2,None
3f113b8d,1,Late Delivery
2fcdd27d,2,Late Delivery
3a016a3c,1,None
c43ee90d,2,Damaged Package
201e9a39,2,Late Delivery
c5ce12f2,2,None
def189e5,4,Late Delivery
ff2fa88d,1,Wrong Address
14f1c9ca,4,Damaged Package
4522f26c,2,Wrong Address
d857bcb3,5,None
ee5e95ab,3,None
b57ad389,1,None
42c6a0fb,1,None
1ad5047a,3,None
e36adf0a,4,Damaged Package
b57d548e,3,Late Delivery
d86b746b,5,Late Delivery
e786be1c,2,None
ff57d446,3,None
9b352cc5,3,Late Delivery
28072ee7,2,None
8e053f1e,1,Late Delivery
40a13b49,5,None
111c8340,3,None
ecb8c0ea,3,None
2c3d57d6,1,None
71cd8bd6,5,Late Delivery
54aeebff,2,None
aef3acd2,2,Wrong Address
bb5c111d,4,Late Delivery
9b44253b,5,Late Delivery
1face030,5,None
b21eb8af,3,None
1eb4dd98,4,None
2c4c7c2c,2,Damaged Package
973d9d20,5,None
a13ed3a1,5,None
d5051e15,1,None
c3511aff,2,Late Delivery
98670447,1,Late Delivery
b25c0c9c,4,None
464ed258,5,Late Delivery
0d8cd61e,4,Wrong Address
d84f5d2c,1,None
a0b4ddd0,2,None
bfaeef46,5,None
898cc26c,2,Wrong Address
f02844da,4,None
5431c6ba,3,None
d9ab23b0,2,None
e7b258a5,2,Wrong Address
66f4f680,2,Late Delivery
1b745e64,5,None
9a9594bb,4,None
992ed10e,4,Damaged Package
8b8fffc2,5,Late Delivery
112279c6,2,None
5ba77bb9,2,Late Delivery
61cf442a,3,None
ff94ab82,2,Late Delivery
9b06ffad,1,None
ecf53282,2,None
072a30a4,3,None
a51458b1,1,None
3e100c99,3,None
dbfac5d6,3,None
838f0a4b,4,None
17880dae,5,Damaged Package
2a8c8c06,3,Late Delivery
3850b6e8,2,None
3259daeb,4,Late Delivery
68e4d324,1,Late Delivery
de290a30,5,None
4142e166,4,None
d548a5b3,3,None
f288291f,4,None
1a89807f,2,Late Delivery
aedfb662,2,None
bbe76c98,2,None
3e471ff1,5,Late Delivery
63f06ad2,4,None
2338dec4,4,None
8f1e10cb,3,Late Delivery
01d729fb,1,Late Delivery
a48011e4,2,None
1ecb2d37,1,None
9f3c1061,1,Late Delivery
5c7994dd,2,Damaged Package
9253ba24,2,Wrong Address
0e7065c4,3,None
e6c1890d,5,None
a392d1cb,2,Damaged Package
5b4a44db,1,None
eb2cb82c,3,None
85297969,4,None
47737a73,3,None
132e2f83,2,None
b037652b,2,None
3f908d53,5,Wrong Address
d68ff8d9,3,Late Delivery
c33ee6a3,2,None
c8bf61e3,1,None
d64fe61e,1,Late Delivery
1fc5d4c5,3,Damaged Package
74d66cbe,5,None
807f5826,3,Late Delivery
3bca4ede,5,None
af76a830,1,None
616fc0b0,2,None
68a54192,4,None
286bc082,2,Late Delivery
9503bb8b,1,Late Delivery
9e418379,1,None
0ce67a44,2,None
c6ce1af1,2,None
951d1c36,1,Late Delivery
d0a23cf8,2,None
6268946c,4,Damaged Package
597091d6,4,None
9565be3a,3,None
ff7ca2d4,4,None
5ac2c492,1,None
8967e725,1,None
ba676fa8,3,None
0486aa95,5,None
7b255cd0,3,Late Delivery
7b18deb7,5,None
565dd52f,5,None
95fcd00d,2,None
e8ede705,4,Late Delivery
dcde41de,5,None
d3e87601,2,None
03ed825f,3,None
339a6ba4,3,None
9057de67,5,Late Delivery
479eabf7,2,Late Delivery
98cb4ed5,1,Wrong Address
1d083e5c,4,None
d02d1b13,5,None
9195c8a3,1,None
d6140489,4,None
6ef6749e,1,Late Delivery
3ccd0e2e,2,Wrong Address
16af25ad,5,None
43453ba4,1,None
55dda70a,1,None
c91046aa,1,Damaged Package
349ff7c5,5,None
a284ba6c,2,Wrong Address
30c1a907,2,Late Delivery
95dc2975,1,Late Delivery
d8157d1e,2,None
d2ddd7f3,4,Wrong Address
d7caa946,2,Late Delivery
e6b4fba8,1,None
a0cb17c9,4,None
462762a1,5,None
d2c5d5a1,3,None
c673949b,2,None
6ce079cf,4,Wrong Address
be52a478,3,Late Delivery
f6bce11f,5,Late Delivery
b96c9f97,3,Late Delivery
75643baf,5,None
ad0edc87,1,None
32d0fa4a,1,None
378219c2,5,Damaged Package
ff7857b5,3,None
4eff6b70,2,Late Delivery
414926e1,3,Late Delivery
54121d92,3,None
19823c2e,2,Wrong Address
f5b79dbc,3,None
6933ca3b,3,Late Delivery
69859322,4,Late Delivery
bb2c1514,5,Wrong Address
28c496c2,1,Damaged Package
325731c9,5,None
cf398d59,3,None
c211c03f,2,Damaged Package
e2836bce,2,None
63ea679e,1,None
23d46755,1,Late Delivery
05f2eab0,1,None
c49a1061,2,Late Delivery
b95dfa1a,3,Late Delivery
7547295a,1,Late Delivery
02440783,1,Late Delivery
99874d97,2,Wrong Address
a8979e20,3,None
e92fd3b5,1,None
07e0f7ff,3,None
c311a570,4,Damaged Package
447e8c15,1,None
ed013212,1,Late Delivery
be9ca542,2,None
a92e95f4,4,Damaged Package
117b0efd,4,Damaged Package
aaa8001e,4,Late Delivery
65563be8,5,None
aa80b7c8,2,None
4dc77c60,2,None
6f9ae7f3,1,None
c83a483c,2,None
0179982b,1,None
c0154f5a,1,None
bd2ecfae,5,Late Delivery
dede4d12,2,Damaged Package
ae658ece,2,None
08a77f6b,5,Wrong Address
c1f1fcb6,5,None
6362050f,2,None
f5156b5f,2,None
44e5cdeb,1,Wrong Address
ee8d0bcb,3,None
459e36f3,1,Damaged Package
2a19d2cb,4,None
60dce10e,4,Damaged Package
7ff4071d,3,None
6a8c8fc1,5,Late Delivery
6d00ea61,4,Wrong Address
92d04da6,5,Damaged Package
a452e386,5,Damaged Package
5db0f068,1,None
0c97df9c,5,Late Delivery
25b12406,3,Damaged Package
4bd006fd,1,None
566837d1,3,Late Delivery
afedc6a6,5,None
56ef67a7,4,None
4deb8aab,5,Late Delivery
ea980429,3,None
db3d37a1,2,None
17ab92c2,2,None
abf7a0e2,4,Late Delivery
789d46fc,3,Late Delivery
361c19c6,4,None
fe2f3983,1,Wrong Address
6c55c281,5,None
32ecf5fd,1,Late Delivery
000e3d4e,2,None
1d04524a,5,None
01e732f6,1,None
3a29ab3e,2,None
cfc71c59,1,Late Delivery
2fa2ee90,5,Late Delivery
47e634f2,1,None
69b03de1,5,Late Delivery
971b02bb,1,None
4253dd4e,4,Late Delivery
b11f2416,1,Late Delivery
a8c0356f,1,None
6199de0f,4,Late Delivery
0c1fb02c,2,Damaged Package
316d1f62,5,None
69608bfc,3,None
efa87c5f,2,Late Delivery
3d809aaf,5,None
c24889d1,1,Late Delivery
fe23d100,2,None
04f243f7,1,Damaged Package
f678d368,2,Late Delivery
30a90fcf,2,Damaged Package
3042b4ab,3,None
e5f301c2,4,None
83cc4a73,2,None
4278ccc3,1,None
08237a2e,3,Damaged Package
efaa10bc,2,Damaged Package
6cefb324,4,Late Delivery
c1285d32,1,Late Delivery
c649f7f2,3,Wrong Address
4530f6a4,5,Damaged Package
6afd2629,4,Late Delivery
5fec787b,5,None
d92b7d96,5,None
ba6fb7d3,3,Late Delivery
261712b5,3,Late Delivery
4e398cac,3,None
2eaa76be,5,None
48b6767a,1,Late Delivery
f13a6847,3,Late Delivery
493524a5,4,Late Delivery
5b6fec5c,3,None
accb1170,3,Late Delivery
54fb0572,3,Late Delivery
93ae3cd4,5,None
98106b17,1,Wrong Address
98c5b8f3,3,Late Delivery
78980c4c,5,Damaged Package
d1bc87a7,4,None
9b766905,1,Late Delivery
6c131531,5,Late Delivery
438df3f4,2,None
21099001,4,None
6fc6bcac,4,None
8cbaa2ac,2,None
5a52a891,5,None
15e6aa29,5,Late Delivery
f2ade415,4,None
ae10c6c7,5,Late Delivery
674092aa,2,Late Delivery
59f3b1bd,5,None
37cc7ffa,4,None
cf39723a,5,Damaged Package
631cef1f,1,Damaged Package
b2f048e5,2,None
15026bb5,2,Late Delivery
6cf02600,3,Wrong Address
facd217b,5,Wrong Address
ef5afd00,2,None
1afaba39,5,None
7259bdcf,1,Late Delivery
ac2b25c3,4,None
420ee061,4,Late Delivery
f1b7976b,3,None
f4c40a2f,3,None
be8b90f7,2,None
df0b8d5a,2,None
314a6b40,2,None
a86e7882,1,Damaged Package
9b63c21d,3,None
264e6919,3,None
fd1a1744,4,None
bade9307,3,None
dd137c6f,3,Late Delivery
ed0e9f0a,1,Late Delivery
e696a6ca,2,Damaged Package
133d4ee4,1,Late Delivery
f285407f,5,None
5506d0c5,4,None
0d369dcf,4,None
2b3a45dd,4,None
482da42f,2,Late Delivery
8e854caf,2,None
0001ff66,2,None
ba54b854,4,None
f8651d25,4,None
f0400f2b,4,None
0302083c,5,None
12a745f5,5,None
4ac0ca73,4,None
94b2da15,2,None
24a8c611,2,None
df0b8ff3,5,None
8773fcb6,5,Wrong Address
09a5bc0c,4,Late Delivery
3a738042,4,Late Delivery
3630ef65,2,None
e4336cf5,3,Wrong Address
77423e23,2,Late Delivery
32ce6f29,2,None
b3279e1a,4,Late Delivery
2b62a5a8,3,None
16175735,3,Late Delivery
f6691a35,4,Late Delivery
c314be39,1,None
63111ab4,4,Late Delivery
867c9b3b,5,None
55946a50,3,Damaged Package
0bd30919,4,None
6dd4f56c,2,Wrong Address
a6068528,2,Late Delivery
4ecb2d38,2,None
fdf8922b,4,None
cd020026,1,None
dc597d29,5,Late Delivery
739c8632,2,None
49187245,4,None
84e0e4b2,1,None
23d47225,3,None
184d5f2a,3,None
a404e7f7,5,Late Delivery
e1e71875,4,Wrong Address
1fbbf351,4,Damaged Package
d3433dd3,2,Damaged Package
416f0d56,1,Late Delivery
95df5263,5,None
dc1c3fdf,1,None
0bd1b342,5,None
11147463,4,None
7692adab,4,None
aa830b1e,5,Damaged Package
674294e6,1,Late Delivery
4534581a,3,Wrong Address
99bcd8c3,3,None
7c7560f2,2,None
6a0aba26,2,Late Delivery
96d8019b,1,None
f9bed7ed,4,None
a7397bb3,1,Late Delivery
fb1e73ae,5,None
2457a04f,3,Damaged Package
316715be,2,None
04f2b5be,1,Damaged Package
e987de2b,1,None
9592feb6,5,None
fc995080,4,None
7cfc13d4,4,None
790aedbb,3,None
9c2a7f86,2,Damaged Package
af854506,4,Late Delivery
2117bbba,4,None
e57981ba,4,None
4533551d,1,None
c22bb7bb,4,None
68eac1a1,5,Late Delivery
21efaf6a,3,None
dff535d1,4,Damaged Package
599e2dbc,2,None
14750e60,1,Late Delivery
6fbc2109,5,Late Delivery
44689845,3,None
60339f30,1,None
e4c87164,5,None
721dc12e,1,None
95fafc52,3,None
8bfc95e3,3,None
48584bd5,4,Late Delivery
850dbdb5,2,None
0871a8ae,4,None
d5230a14,1,Damaged Package
bb3d9763,4,None
727023cf,3,None
f770a067,3,None
08a599b4,3,Late Delivery
c8ba33e4,4,None
c31b4633,5,Late Delivery
e2b9879c,4,None
9e513bc6,4,None
fcc06d2d,4,Late Delivery
ed3808c8,4,None
9be61de2,3,None
5f591481,2,None
4783d3d6,4,Damaged Package
3bc683fa,4,None
c66b3685,2,None
ceaca3da,4,Late Delivery
954bf8b1,2,Wrong Address
30e189c1,3,Late Delivery
8f7f4ad1,5,Damaged Package
1fb370cc,4,Damaged Package
f6c76cf6,5,None
51f1b0f8,4,None
d2f50a83,1,Late Delivery
346bc27a,1,None
4552d3c7,3,None
01fe4a60,5,Wrong Address
635b2075,5,None
46e92db7,2,Damaged Package
c48e5374,2,Late Delivery
0d51b637,4,None
2ce720c8,2,Damaged Package
1cad4e2c,2,Late Delivery
fbac9d47,5,None
8605ec0b,1,Damaged Package
f462bf4c,5,None
385a4d17,2,Late Delivery
4f090ce6,4,None
b144fbab,1,Damaged Package
61c5996c,2,Late Delivery
5e43d1a4,2,None
c9e659ce,4,None
8769b304,4,None
58eaf6be,2,Late Delivery
72eacf0d,2,None
d24dd481,5,Wrong Address
7807bef9,3,Damaged Package
cfd2b344,4,Late Delivery
8fabf7aa,4,None
a15d7799,5,Damaged Package
f033559e,1,Late Delivery
bcda78fa,1,None
e7f70513,1,None
63b410fd,4,Wrong Address
ae250ac7,3,None
af16ccb7,3,Damaged Package
54f4bcd1,5,Wrong Address
fb9b01d6,1,None
da6089b2,1,Wrong Address
a214062e,2,None
6abc0d23,5,None
ced3bcd3,5,None
5f7eed1c,4,None
c092783d,4,None
654cf65c,5,None
a75d725a,3,None
b4d6b676,5,None
ebedc5fd,3,Late Delivery
23d9889c,4,Late Delivery
44de8049,5,Late Delivery
37fa07f1,3,None
0c0845f4,2,None
6783e52c,2,None
0cbe2ecc,5,None
0e146958,1,Late Delivery
d14fe139,5,None
b7e44286,4,None
d0120233,4,None
91431612,2,None
b0663e7a,3,Late Delivery
600ac626,2,None
c1cc3ef5,3,Late Delivery
d6e52a70,5,None
2cdfd289,1,Damaged Package
28fea2e5,4,None
fdaf5836,5,None
6ec04a40,2,Late Delivery
ee5a17f2,5,None
bbb0c1b9,1,Damaged Package
9f4e8766,3,Late Delivery
806fd5c1,1,Late Delivery
310ac7aa,2,Late Delivery
e761331f,1,None
dc816770,4,Late Delivery
122ac0bf,1,None
278cb997,5,Late Delivery
b34f6727,3,Late Delivery
febfd84a,4,None
e5d01b42,4,None
1974d222,4,None
67aadf23,2,Late Delivery
c908080e,2,None
be347a9f,5,None
10afdf74,3,None
0bddf585,1,None
942eff75,5,None
a43f85ec,2,Damaged Package
2f14954f,5,None
30f15e3a,3,None
e96ba8ea,5,None
3b320fe1,4,None
95f6177e,1,Late Delivery
62a5ad9a,2,None
06f486a6,2,None
b6cf061c,3,Wrong Address
6a536fc4,3,None
186e1c7b,3,None
3d712a21,2,None
417574dd,4,None
778697fc,1,Late Delivery
e0da7f77,3,Wrong Address
46651610,2,Late Delivery
2594c293,4,Late Delivery
2f630b7e,3,Wrong Address
eb6dd1d8,3,Late Delivery
be7af701,1,None
86ef7bf6,1,None
d035eb54,5,None
748c8729,3,None
39a52a7d,5,None
c191336f,2,Late Delivery
2b95094f,1,None
60a48a3f,4,Late Delivery
96a42cb4,3,None
a6fd90a7,3,None
615732f6,5,None
20515914,1,None
1a76587d,5,Late Delivery
070fa3fb,3,Damaged Package
e5d45986,1,None
56e68cd3,3,Late Delivery
3d404adf,1,Damaged Package
9ab90ace,3,None
f9751c15,4,None
24e11164,5,None
321b9739,1,None
25e01b00,5,Wrong Address
a6081acd,1,None
89c76386,1,None
1ffa445f,1,None
f630c9ee,3,Damaged Package
39aff7cf,2,None
5ff80648,3,None
1dbc1fde,2,None
4d5e87e5,3,Late Delivery
1d157e69,2,Late Delivery
68e5e27e,1,Wrong Address
280df064,1,None
cfe15a55,2,None
1247baf6,2,Damaged Package
cf478608,5,Damaged Package
6e354e92,1,None
956d924d,3,None
af27d6f5,5,None
3bf3c34f,2,None
01d49150,3,Late Delivery
a51d6e49,4,None
33810885,4,Late Delivery
0c238c31,4,None
da9dd194,3,None
5d685cd6,2,None
a401cf35,3,None
8fd39a32,5,Damaged Package
c26dce2d,5,Late Delivery
fdcef8ff,4,Late Delivery
fd96323b,2,None
2a668899,5,None
7b2f3c19,1,None
577a6ba3,1,None
9ff5622a,4,None
fb7b232b,4,None
fe99f178,4,None
b165f3f3,5,None
9f081f73,2,None
e029005d,4,Wrong Address
04bc9c05,3,None
e8079747,4,None
7fe76bfd,5,Late Delivery
a66fafc6,2,None
9dd4ace9,4,Late Delivery
a1da3c43,1,Damaged Package
5d275724,4,None
b67e1afb,4,None
0c29a320,2,None
581b0a64,3,Late Delivery
83fa49d3,4,Damaged Package
f7d310c1,4,None
b57a9cf2,5,None
f86fd526,2,Late Delivery
d4e5e1a3,5,Wrong Address
79a7019f,4,Damaged Package
4d67228e,4,Late Delivery
8216269f,1,None
c7920141,5,Late Delivery
88e30345,2,None
b85a3a58,4,None
f2d4b1aa,1,None
dbe6b115,1,Damaged Package
16fe6f7e,3,None
5ffd503a,2,Late Delivery
ebfd6a1b,1,None
66617bdf,2,Late Delivery
12d2f99c,4,None
f50996ea,3,Wrong Address
775e1e21,2,Late Delivery
abe9e5de,3,None
1e6bd329,2,None
cd3c70f1,2,Late Delivery
17241cf3,5,None
967d1217,3,None
db3768b9,2,Late Delivery
d975b4d0,5,Late Delivery
4fc22dd0,5,None
1d1835de,3,None
c31fc6cf,4,Late Delivery
26efe933,3,Damaged Package
8c1c268f,2,Late Delivery
5ea95cb4,4,None
e106b87a,3,Damaged Package
7e3a6180,3,None
dbc6ef59,3,None
99b8b7d4,3,None
78d5f4b4,4,Late Delivery
cd2af96b,2,Wrong Address
4f5edd6b,5,Wrong Address
4ff9ef63,3,Late Delivery
217b6391,5,None
d2ddcda9,5,None
45feeba3,5,None
23ff942e,3,None
e6c3c05b,3,Late Delivery
acf532df,3,None
4956fec5,3,Late Delivery
c7daa2c9,1,None
33fe2bbf,2,Damaged Package
56b1f36c,1,None
13c2fa1e,4,Late Delivery
f0fc5a64,1,None
f0eda08f,1,None
1236bed9,1,None
88d2e2c1,2,None
9b2a9249,5,None
f56e19ea,4,None
18746101,4,Damaged Package
88dac1f9,2,Late Delivery
dee9971b,1,None
7f108fe7,5,Damaged Package
2ed896d8,3,Damaged Package
513be316,2,Late Delivery
ed29aef8,5,None
3a4d6347,2,None
99fa4371,2,Late Delivery
450d4d4e,3,None
5721f064,5,None
9119dc6f,1,None
b0043387,5,None
e0e0ed8c,5,Damaged Package
0d92930a,1,Damaged Package
df83d796,3,None
738c600e,5,None
e1e39290,1,None
40ae7e5e,2,None
1b32abe8,2,None
d193211f,1,Late Delivery
fe000c5d,2,None
a8a1da2a,5,None
f3b72b92,1,None
3d11e4f7,5,None
014b5b46,4,None
e49c6676,3,None
2b21f06f,3,None
64fad3de,3,Damaged Package
4dda4237,1,None
3e4c6a8f,4,None
e02c662d,3,Wrong Address
d097996d,5,Late Delivery
25022677,3,None
cb6fcb2f,4,None
319553ef,5,Late Delivery
78d89571,5,Late Delivery
2f233bc7,1,None
531c864d,1,None
955acd59,2,None
700ce8be,4,None
5e7d1e15,5,Late Delivery
03b87627,4,None
d03fa2e4,3,None
85120bff,3,None
6cb7b0ff,2,None
edd9706f,5,None
dabab3d2,5,Late Delivery
981beaf2,2,Damaged Package
51a1cc50,3,Late Delivery
5ef45fdf,5,None
f814e752,4,None
9a5c7ad6,5,None
495f3160,3,Wrong Address
c1dd9941,5,Late Delivery
321de782,5,None
9049ef8a,1,None
675330fb,5,Late Delivery
857b1f10,2,None
15b9949a,2,Wrong Address
54533bbb,4,Wrong Address
55752ce4,5,Late Delivery
060ed2c2,4,None
fb5aa985,3,None
9e026cd9,3,None
386e4676,1,Late Delivery
bf9cb0ed,1,None
b0b715cd,5,None
b2b526c5,5,None
71258038,4,None
47d9bd42,4,Wrong Address
1dda0e09,5,Damaged Package
370d6d43,5,Late Delivery
e61ca4c9,1,Damaged Package
afc20b1f,1,None
5b8d98f9,1,Late Delivery
df68e464,5,None
0162c3c4,4,None
5c9158a0,2,None
71d48e4d,2,Damaged Package
a8648061,4,None
b6d04da1,4,Late Delivery
9d967d24,4,Late Delivery
a85d75c1,1,None
c9d78d3a,3,None
4cd42780,5,Damaged Package
e1499f3a,1,None
bc601bb9,2,Late Delivery
58cbe304,5,None
66edff05,4,Damaged Package
03282c19,2,Damaged Package
33bafba9,4,None
f65bd24a,4,None
49985587,4,None
3bd0eeff,5,None
111e7289,2,Late Delivery
813c4ba6,2,None
71c2b98d,4,Damaged Package
11fca061,1,Damaged Package
dee4699b,3,Late Delivery
5c27d096,1,None
e3b5c525,5,None
6e27ba84,3,Late Delivery
bf3d2647,1,Damaged Package
833dc63a,2,None
f59e0df8,1,None
d94131eb,4,None
1db7085d,5,Late Delivery
042a9ab9,1,Late Delivery
e52413c7,1,None
b898b405,3,Late Delivery
c95f8714,4,None
08289fef,3,Late Delivery
2a94e26b,5,Late Delivery
c3658a7d,5,Late Delivery
3c2a677e,4,Late Delivery
d6b3b2e4,3,None
f8333d3e,4,Late Delivery
bb86f365,3,Damaged Package
900bd7e8,2,Late Delivery
1527009a,4,None
a7299963,5,None
98528c62,3,None
77f821e4,2,None
ec1f24d3,5,None
1687e088,3,None
503b2637,2,Damaged Package
195394e3,5,Late Delivery
31cec9bd,5,None
30eb3a69,2,None
0a4fd684,5,Wrong Address
d3d7d1e6,3,None
31c793c6,3,Wrong Address
4414fedb,5,Late Delivery
f35db3d7,1,None
bc292a07,2,Damaged Package
4a940a6a,1,None
cfe452c2,3,None
c86fb8fb,5,Late Delivery
7338cb73,4,Late Delivery
e04eb1b0,4,Late Delivery
644161c3,1,Late Delivery
8e79a346,1,Late Delivery
61fd2fe0,1,Late Delivery
b1a848f0,3,Damaged Package
642d0476,3,Late Delivery
f5274623,5,None
32241894,3,Late Delivery
9b44fca0,5,None
a8a89b90,5,None
9f713266,1,None
9c8820ee,4,None
3aca430c,1,None
ed079efc,3,None
e5fee588,2,None
fca598b5,3,None
76715d5c,4,None
3ebf948d,3,Damaged Package
227b13a8,4,Damaged Package
5d2ac18d,2,None
8e619eae,2,Damaged Package
e0b8656a,5,Late Delivery
780f92bf,3,None
832f3aac,5,Late Delivery
ebb5328e,1,Damaged Package
15928dbd,1,Late Delivery
3488d252,1,None
11836f85,1,None
18935de3,1,None
62683a9e,3,None
1f7ff12b,5,None
030e262a,5,None
e5c7d926,4,None
d63c18a8,1,None
f904e307,2,None
b8b38d73,4,None
84b5b75b,4,None
2df028a2,3,Wrong Address
fcf67052,4,Late Delivery
0591e059,2,None
3c079410,5,None
3c32b816,4,None
6be23b1e,3,None
b1b9364c,1,None
4b4a3247,2,None
ef4d5ecf,1,None
1a8a7333,4,None
0ab0bb35,5,None
2b07f5ef,3,Wrong Address
18e29e8f,2,None
9cfcf32d,5,Wrong Address
e47dbf27,2,Late Delivery
262d0d72,3,None
adc003d6,3,None
bc90db81,4,None
193d9fb2,2,None
6d6953ab,4,None
95d69003,2,None
32941226,2,None
d43884d1,1,None
5f3be573,4,None
2dc8b78d,2,Damaged Package
c9e397ff,2,Damaged Package
ba498e8e,3,Damaged Package
fc652702,1,None
f21df3db,3,None
863fb781,4,None
3e43155b,4,Damaged Package
ab4d64cd,2,Damaged Package
4322d7ef,5,None
a8c02310,3,Late Delivery
3edb3c9c,4,Damaged Package
19e594d7,2,Late Delivery
777ef45d,2,Damaged Package
7e52be66,3,None
c96bc5a5,2,None
177466a4,1,None
6046735b,5,Late Delivery
ea670cf0,3,Wrong Address
41145e94,3,Damaged Package
1bc009a0,3,None
6df01dbb,2,None
d98440aa,2,Late Delivery
f5e563f2,3,None
aa91647a,3,None
c087c820,1,Late Delivery
07082caf,4,None
ba868b47,1,Late Delivery
382c53d3,3,None
4198cd0a,2,None
baa17e88,2,None
0f437434,3,Late Delivery
65f722ae,4,Late Delivery
f39dbc4d,5,None
80215b25,5,None
05881649,1,None
6473bd35,4,Late Delivery
972e4e12,5,None
18745359,4,None
09a21de0,2,None
8db5cd27,2,Damaged Package
cc22bd4d,4,None
4d198f4b,3,None
0e8f527e,5,None
5c912f0a,5,None
c894a11a,2,Late Delivery
2f6b0caf,1,None
2bc2c64e,5,None
bdd944ba,2,Damaged Package
ac25ebb9,2,Late Delivery
27f809fb,4,None
dd8a366b,4,None
f586db33,4,Late Delivery
15889be5,1,None
077a6544,5,Wrong Address
ba53f605,1,Damaged Package
5ef89058,1,None
a4abc634,4,None
5673a286,2,None
e45f22ba,3,Damaged Package
c9a15739,2,Late Delivery
96eaa048,2,None
5bb0cbe0,2,Late Delivery
19f32b68,2,None
1281f186,1,None
04953b4c,4,None
5f1cc474,4,None
e4594029,2,None
1df89434,3,Late Delivery
641eea9e,5,None
041518fe,2,Late Delivery
b21e7eb9,2,Damaged Package
9d100841,3,Late Delivery
ccf119d1,1,None
1195787b,2,None
fca27d1b,3,None
b323f9f5,1,Wrong Address
36be9a0b,1,Late Delivery
f0bc5ade,2,None
478d82a6,1,None
9305381c,2,Late Delivery
9becb9c7,2,None
1efc7124,4,None
ed09ac90,5,None
2382167f,5,None
b819d2ac,4,None
a477c2fe,2,Late Delivery
b6500393,3,None
c03aae2c,1,None
5b29541c,4,None
68103188,4,Late Delivery
9747df74,4,None
324e3425,4,None
53c45012,5,None
c307544d,2,Late Delivery
14f0faed,4,Damaged Package
d79762e7,4,Wrong Address
46d07e95,4,Late Delivery
dca5df3d,3,Late Delivery
207530c3,3,Late Delivery
339ee2aa,1,Damaged Package
64bbc887,2,Late Delivery
fb5de899,4,None
ba17e16c,1,Late Delivery
ffcb6e2a,1,None
d48eeb7e,2,Late Delivery
969b2f05,3,Late Delivery
17c80c4e,2,Late Delivery
87ae4ed8,1,Late Delivery
d7e9daa8,2,None
2c07cd1a,3,Damaged Package
1e5f5c2c,1,Wrong Address
38b90836,2,Wrong Address
2e0a10f7,4,Late Delivery
6e8b9a79,4,None
e5e30638,2,None
66f8c43e,2,None
adf0f2c0,3,None
d53a39b2,1,None
475fc726,2,Wrong Address
4bc5711e,1,Late Delivery
c130bb69,4,Damaged Package
d058c548,1,None
2d01dbf7,5,None
9af3138d,3,None
77514421,3,None
da0fcb7b,1,Damaged Package
990a629c,3,Late Delivery
b7d9c58c,1,None
afe731e0,1,None
ce3ea748,4,Damaged Package
d70fd211,1,None
9ab95c2b,3,Wrong Address
8b77c30e,5,Late Delivery
c8bcba4b,2,Damaged Package
c01ef41e,3,None
6a88e86e,5,None
913944cd,3,None
33eb9d87,5,None
4d8ab1ac,3,Damaged Package
27be54c2,2,Late Delivery
75876b9e,4,None
4f75caa6,4,None
74834a88,2,Damaged Package
08120f82,3,Damaged Package
b7deae4f,5,Late Delivery
1daa1922,1,None
bb7de7d9,3,Damaged Package
d84e0269,2,None
e89d9429,4,None
e3f6d178,4,None
3df02115,3,Damaged Package
efaed86d,5,None
2b8b1644,2,None
737d1f4b,2,Late Delivery
8cb24488,5,Late Delivery
fff2cb99,5,None
07904b8d,3,Damaged Package
65e2d9c0,3,Late Delivery
adf0b687,4,None
794ae7f6,4,Late Delivery
39df49a3,5,None
ef068666,1,Damaged Package
e58988e3,1,None
775ffdad,1,Late Delivery
7901ac64,2,Wrong Address
86a5012a,3,None
2ad34965,5,None
6cffe268,4,Late Delivery
557f6929,1,None
47fae702,4,None
6e86143d,3,Late Delivery
4804a73d,5,None
f6b6d6aa,1,None
ccdafa1f,1,Wrong Address
7972e7cc,5,Late Delivery
cb02d00a,4,Damaged Package
0086ea54,3,Damaged Package
0749c782,3,None
1bc7eb0b,3,Damaged Package
3cecb4b5,4,Damaged Package
b35b6f65,4,None
411db0ef,1,Wrong Address
a169d7ad,4,None
8c295e95,2,Wrong Address
b48232d2,5,Late Delivery
9aa25d97,4,None
5b3518e6,3,None
c4c93b20,4,None
97589977,1,None
e78c55ec,5,None
ef46493a,5,Damaged Package
908c18c3,3,Late Delivery
c7989c26,5,Late Delivery
d6fab59b,2,None
79bcd37c,5,None
badee158,3,None
fbb0b01c,5,None
ae098b0a,4,None
2a70e8ef,1,Late Delivery
db5c1b5d,4,Damaged Package
9a2688e9,2,Late Delivery
5ad5362c,2,None
edeccefe,1,Late Delivery
95ef4fbe,1,None
391c5712,1,None
f88b5713,1,Wrong Address
490a8f06,5,None
e4a9d27a,4,None
439b5c9f,2,None
e0db57d5,5,None
c7d101ce,1,None
bed7f913,3,Late Delivery
82f30cc6,3,Late Delivery
c9747dc0,4,Late Delivery
b6fcaad2,2,None
2159b63d,2,Damaged Package
1a7be48f,4,Damaged Package
ccad2349,1,None
f2390873,1,None
7cb88f45,2,None
f1302ca8,2,Late Delivery
35c1ffc9,2,Wrong Address
1a46b879,1,Wrong Address
2e489794,3,None
32a686ba,4,None
ddf3ea50,4,None
19426587,5,None
a4a3eab0,5,None
dbfacf26,3,Wrong Address
5eb0540a,2,None
049f6d69,3,None
36c6f4ad,5,None
d6116b1d,5,Damaged Package
bf05feba,4,Wrong Address
1f872890,3,Damaged Package
2941e639,1,None
91f76c6a,5,None
f2ece364,4,None
19ccfb80,2,Late Delivery
5ac2e389,3,None
a6348285,5,Wrong Address
522ec439,1,Damaged Package
5417dfa3,5,None
ab91ac39,1,None
f61ca713,3,Late Delivery
7fe0f0a5,1,None
a265e849,1,None
648f501f,4,Late Delivery
45cac6c6,3,Damaged Package
0bfeb072,5,Wrong Address
29c4d4fb,2,None
0df11f25,3,Damaged Package
dc6b2c54,3,None
0b7557b1,2,None
47b88dd2,5,Late Delivery
5a3d5a62,4,Wrong Address
2b96a7d1,5,None
6a2b5f56,2,None
7786860a,5,Late Delivery
cd5a6e53,3,None
f08db59b,4,Late Delivery
dbcac538,1,Late Delivery
93886e63,5,Damaged Package
9531b3db,1,None
3feb666b,4,Damaged Package
e18040f4,1,None
e4723ec3,5,None
1bd44100,2,Damaged Package
263379e2,3,Late Delivery
04f2d957,3,None
d9e724c8,1,None
00b0065c,3,None
e39987c8,3,Wrong Address
35c3ac55,2,Damaged Package
6d15a743,1,None
7fcd183f,2,None
acbde125,2,None
d08ae1e4,4,Late Delivery
39c4d784,1,None
c7ac61ac,2,None
74df9880,5,Late Delivery
579cd7cb,3,Damaged Package
b2cc37a4,1,Late Delivery
886a7bb3,4,Damaged Package
2dcce047,2,Damaged Package
d2e0806e,5,Late Delivery
674073dd,3,None
01857f40,3,Late Delivery
bd4e8a10,5,None
74eb5d1d,1,None
37b64510,3,Late Delivery
b7e2744f,3,Damaged Package
fa1aa9d5,3,None
c36d75ae,2,None
37597abe,2,None
5a780a63,3,None
8bbcc71f,4,None
d32c5b60,3,Late Delivery
169f2daf,1,Late Delivery
99dd7aa5,4,Wrong Address
bbc2c3ac,1,None
f07fa730,5,None
cef4041c,5,Late Delivery
886106b1,2,None
aff83439,2,Damaged Package
bbb1d560,2,None
e4881f70,5,Late Delivery
1c2e253b,1,None
e44ab4c2,4,None
1e88f49e,2,None
7967261f,5,Late Delivery
52477ef2,2,Damaged Package
adac27b7,3,None
8daa4864,4,None
c2a0f3ed,1,None
e3a19cc0,2,None
c977ea8c,3,None
fbb460fe,3,None
46bbce40,4,None
943118c1,5,None
ee5e62e7,5,Wrong Address
ed1dd2c0,2,Damaged Package
73462f9e,2,Damaged Package
c3d4ed21,5,None
fcfb1700,1,None
903d2249,1,None
5dc7453c,3,None
f1d9844c,4,Damaged Package
d540ea7a,1,None
c42984f2,2,Wrong Address
b14a01ea,1,Late Delivery
25aef75d,4,None
9d024449,2,None
fbace9a8,4,Damaged Package
6ae0b779,5,None
8f76e702,4,None
886976c2,4,None
b503fd70,4,Late Delivery
ea66a51f,2,None
a8900437,4,None
00d6b594,4,None
342159a4,3,None
b09ae1da,2,None
0a31fd25,4,None
2d8a5274,1,None
62e41c60,4,None
e4364468,1,None
b8f5a2bb,5,None
3ecf63e8,5,None
f4cad5a6,2,Late Delivery
669bd7e2,2,Late Delivery
6bc1013f,5,Damaged Package
67cd02f3,2,Late Delivery
dd8595c6,1,None
ed1d788f,1,None
ccec843e,3,Late Delivery
21c615e6,2,Damaged Package
941ca307,2,None
95be3dbe,3,None
d3869182,4,Damaged Package
51623b99,1,None
cc7cc76f,4,None
d6e6ff85,3,None
e3aa2d84,2,None
fd32f445,4,Late Delivery
06660b80,2,Late Delivery
b764b62c,3,Damaged Package
f53bbbd1,5,None
93a6ed5b,2,Late Delivery
78e3cc2e,4,None
4f936ffa,4,Wrong Address
8d2aca77,3,None
76b43b39,4,Late Delivery
5dc00d9c,1,Late Delivery
8fae8d0d,2,Wrong Address
e9452093,1,Wrong Address
6b8c8916,3,None
e96898c7,1,None
08fd47e8,1,None
a0fa8979,2,None
73276bce,2,Damaged Package
b6bd0157,5,None
122ddcb8,1,None
c3fef115,2,None
78a1d7c0,1,None
2a1e9965,1,Damaged Package
e640ec31,3,Late Delivery
1e4c53ff,3,None
72acfa1d,1,None
0a4a798e,3,Wrong Address
6bdf8a68,2,None
bd8fe645,1,Wrong Address
da73742b,3,Damaged Package
78418838,2,Late Delivery
530135ae,1,Damaged Package
dc47adee,1,None
db315f1e,3,Damaged Package
125ac48f,2,None
d272ab12,1,None
07dda3f0,1,None
47da620c,5,None
b494e5a7,1,None
9f4afc21,5,Late Delivery
40a99417,5,Late Delivery
7f548e75,2,Wrong Address
ab5c8e78,4,None
7cc00782,5,None
483ebee9,2,Damaged Package
9646218d,3,Damaged Package
dfe0254b,5,Late Delivery
e79673da,4,Late Delivery
195de26b,3,None
ea732418,5,None
58f92a18,5,Damaged Package
4d7f6ead,4,Late Delivery
a036220d,1,None
e4af1edd,4,None
4daaa2bf,2,None
69e154e7,2,Damaged Package
b21de7bb,4,None
11f37340,4,Late Delivery
1540d0c2,4,None
40fe693d,4,None
d950f942,4,None
1ff3c69e,5,Damaged Package
3c4352f4,3,None
cbabc545,2,None
269f7b9e,2,None
92164cc1,3,None
2637dbab,4,None
b3f22686,3,None
038e1cf1,4,None
0479967c,2,None
4950d2bf,1,None
5b42ccb4,2,Late Delivery
178a751a,2,None
208bc167,1,Damaged Package
6a0606f8,3,None
0af86a1c,5,Damaged Package
cb37986f,4,None
b8f71db7,4,None
e9bb03d4,2,None
4ac1a572,1,None
68d9bfe3,2,Late Delivery
6adef19a,2,Late Delivery
b0a9a390,3,Damaged Package
3330db3d,4,None
cfdb6226,5,None
18081502,1,Wrong Address
e663fda8,5,Late Delivery
f0f27c27,1,None
0df11fc4,4,Wrong Address
238938c0,3,Wrong Address
90ddc6b7,5,None
0065277e,1,None
db8709c6,2,None
d0a73dcd,4,Late Delivery
e29f3be4,3,Late Delivery
f8d8798c,2,Late Delivery
278e42c4,3,Late Delivery
cab551eb,1,None
ff26ddf9,2,None
c199f36b,3,Damaged Package
c972cd8b,4,Damaged Package
145fbc9e,5,None
8e669638,5,None
f4d55d32,2,None
38fb623a,4,None
6c0c821c,4,None
31cd56c3,3,None
a5a0852d,2,None
c99182d6,4,Late Delivery
4df056fe,3,Damaged Package
0a4adcbe,4,Damaged Package
ed965cba,2,Late Delivery
2f763c50,4,Late Delivery
fc368013,4,None
eb29c203,4,None
4c6e1dab,5,Late Delivery
ace5c996,1,None
f03d22f2,2,None
eda47006,5,None
5824d248,1,None
63ed5b34,4,Damaged Package
578edf5b,4,Damaged Package
c3cedf41,5,None
541418e5,3,None
0c237885,2,None
4c9f28be,1,Damaged Package
4dd64359,4,None
434a273b,2,None
9763e2c9,4,None
f7475436,4,None
043b5285,4,Late Delivery
a7fbb94f,2,None
d06082c0,5,Late Delivery
17908638,2,Late Delivery
aaef5017,2,None
fe0676d3,3,Late Delivery
d47c7f2e,3,Damaged Package
adc7810f,5,Late Delivery
ce82dbdd,3,Late Delivery
ff77031f,5,Late Delivery
474fdbc8,4,None
fd993ae8,4,Wrong Address
ec7404c9,2,None
2c155137,4,None
f07339c0,3,None
fe969838,1,None
78ea50f6,2,Late Delivery
4118151f,5,None
1e4607ea,4,Damaged Package
a45544f0,2,Damaged Package
a1387712,2,None
097555af,2,None
c4ee8ef1,4,None
333cda79,5,Late Delivery
162c67ff,2,None
f6f0a4e8,2,None
3d84a59f,2,Wrong Address
8720c6b4,4,Late Delivery
a78777ed,3,None
92030595,5,Late Delivery
932265b9,2,Late Delivery
f942bd44,2,None
904bbc05,2,None
ce1b2197,4,None
49a796cc,3,Late Delivery
2f971868,2,None
c6092280,2,None
9f926f04,4,Late Delivery
475b1a72,5,None
f7e3c19b,5,Damaged Package
6a571e9d,3,Late Delivery
cfc3d3ae,5,Damaged Package
17ac8c26,2,None
7e9a5ce5,4,Late Delivery
ac2345a0,2,None
72cb6aa8,2,None
f1b62b2c,3,Late Delivery
374fcfc5,5,Late Delivery
6da74bfb,5,None
6a24632a,5,None
07a387ea,2,None
bfc70f39,4,None
33410d1d,4,Damaged Package
15ffd832,2,None
de124fce,1,None
4bf9a738,2,Damaged Package
431891a7,5,None
2a930fa2,2,None
b9b96d3e,1,Late Delivery
5b07e859,2,None
39086ca7,5,None
b6f6f210,3,Late Delivery
9ab80bad,4,None
f55c5be6,1,Late Delivery
bf763395,3,Wrong Address
0af73cb9,4,Damaged Package
c4a2817f,3,None
e91ede2d,2,None
954f61bb,2,None
770acf51,4,None
359ed1ea,4,None
dc75dcea,2,None
da42ff90,2,None
1f3ae94c,4,Late Delivery
920e364e,4,None
39776a47,4,Late Delivery
866ae36b,5,None
1fcdfb40,5,Late Delivery
58ef453a,2,Late Delivery
97e1db2a,5,None
0f75f506,1,None
d2405eaa,2,Late Delivery
38914d8d,1,None
eba9f304,3,None
30f64a92,1,None
fca901ba,3,None
f6c15502,1,Late Delivery
c5c20175,3,None
49203302,3,Damaged Package
53971914,2,None
c9e0d54b,4,Damaged Package
96be38b1,4,None
3e50b203,2,Late Delivery
27e1ad9c,3,None
52845dab,4,Late Delivery
ab78e2d1,4,None
48d787c1,1,Damaged Package
acfd420e,5,None
d127ad54,2,None
7ae39931,5,None
6969b21e,3,Late Delivery
fe7204b8,1,None
0b034c83,4,Late Delivery
6e6a2f1b,1,None
e005b897,2,None
8abf8c5e,3,Late Delivery
499320c3,1,None
423fc9dc,1,None
d5c0bf2a,1,None
81d37c8c,4,None
cfdcd064,3,None
43954cb5,4,None
e9a1eb14,1,None
a319c9c4,4,None
49d31ec7,4,None
16a3253c,2,None
7f651068,5,None
b2d8e009,5,None
6996030d,2,Late Delivery
2a1c38c2,2,None
5003fcb1,4,Late Delivery
bb43a6ff,4,None
f4ab7ecc,3,None
f9b535a3,5,None
649559c9,4,None
b5f4a2eb,3,None
a8d8d329,5,Damaged Package
b152668b,3,None
9b64f7a6,3,None
0bde3a36,2,None
5f3c3820,1,Wrong Address
2bba6c21,1,None
f8fc4018,1,None
6928e675,3,None
317812d7,4,Late Delivery
a34bd169,1,Late Delivery
bd759c0c,4,None
0904e9c5,5,Damaged Package
9c234ceb,1,None
036abaa9,3,Wrong Address
8843dadb,2,Late Delivery
9ce89a40,3,None
5e86d0e8,4,None
fc09b174,5,Late Delivery
3f6a6956,3,None
db33dd7c,2,Late Delivery
cfa80ef0,2,Damaged Package
d53254a8,5,None
15439bf2,1,Late Delivery
9112dfba,3,None
4a845a2c,3,None
5bc4d712,2,Late Delivery
9cd11d6f,4,None
a1f388eb,3,Damaged Package
856cd5c2,2,None
a41eba64,4,Late Delivery
2e4f99fe,1,None
d116a839,1,None
b4be6413,2,None
20e97be4,2,None
cc4e011f,1,Late Delivery
7097e74b,2,None
c4927586,5,Wrong Address
539dcc8f,3,None
d00a88f4,5,None
6ac3c6e6,4,None
5f701f8c,2,Late Delivery
8fd447cd,2,Damaged Package
edfc3ac2,4,None
29d16320,3,None
789145e3,1,Late Delivery
befdecbe,5,None
572f055a,3,None
d69fd5a4,1,Late Delivery
52718db1,1,None
6f9a6215,2,None
7c1d6920,4,Late Delivery
f40eb7f1,2,None
1274d510,4,None
3e31397e,2,None
be8b690f,5,None
854e909d,2,Late Delivery
af3890e7,5,Late Delivery
416cd958,3,None
4dc64cc6,3,Late Delivery
95c90b7e,2,None
4b982fbe,3,Late Delivery
801a322b,1,Late Delivery
6c805ff3,5,None
e3c5ef1d,4,None
eedca3dc,5,Late Delivery
cdc841a8,2,Late Delivery
530a7ed8,3,Damaged Package
948e1b82,3,None
1ea73531,1,None
3dbd643d,3,None
41fd811d,2,None
3139f125,2,Late Delivery
b4638b08,4,Late Delivery
b595b6f2,5,None
297da6d4,5,None
d5419cd0,5,None
9508d169,4,None
da87fe53,4,None
a7c86fc1,4,Late Delivery
04c98485,1,Damaged Package
07c2398b,4,None
b47988ce,3,Late Delivery
889f6f12,1,None
38cfcdd0,3,None
875979db,5,None
66467cbe,2,None
4dd7bbe0,5,Wrong Address
eefbf2d6,4,Late Delivery
bd23fcc2,2,None
2998cb1d,5,Late Delivery
66312612,1,None
25da9771,4,Late Delivery
9d9e4f9d,5,Late Delivery
e45f241e,2,None
512db9c5,3,None
2aad5b74,5,Wrong Address
69849927,1,None
af2453eb,2,None
c75636b9,5,Late Delivery
fc10e74f,3,None
8a35986b,4,Late Delivery
000956f5,4,Late Delivery
da38bff1,4,Late Delivery
947a795f,2,None
ab6aa3d8,3,Damaged Package
011bbec5,3,None
7434d34d,5,None
975b93d8,4,None
45604907,2,None
7ccbf7ed,4,None
71939519,4,None
379c6f7d,5,None
9fda534c,5,None
c6085917,5,None
a45bd3ac,1,None
6a502816,1,Late Delivery
5615f895,2,Wrong Address
20b1109b,2,None
c51d8f5a,5,Late Delivery
31705a6b,3,Damaged Package
b5eda40c,2,None
ac64d14d,1,Late Delivery
47905d60,1,Damaged Package
6154934a,4,None
e8e0265e,5,None
1364b650,3,Damaged Package
9fb8697b,5,None
0a729c2c,1,None
2201d268,3,None
d6aad7d3,2,None
b4fd4f33,4,Damaged Package
3b03e082,1,None
62a2b98e,4,None
74bc4c1d,5,Late Delivery
4e70b47a,3,Late Delivery
da1ab4fa,5,Damaged Package
c94a2642,4,None
b4649eff,1,Wrong Address
24cbc004,4,None
4f4ae971,1,Late Delivery
d2a724ff,4,None
2cccb363,5,Damaged Package
aaa08c87,4,Late Delivery
290f88b0,2,None
1ed0c83e,5,None
cf3fb046,4,Damaged Package
bb2e035d,4,Late Delivery
899a152b,3,None
4eb855b2,5,None
f865d69e,3,Damaged Package
91482b30,5,None
c9e586ca,1,None
95b1d2f4,5,Late Delivery
c386bd0a,5,None
9b8ba0cd,4,None
4b049bbc,2,None
d615c065,5,Late Delivery
70a63260,3,None
1e27532c,2,None
11769eb3,5,None
20552860,2,None
09825baf,1,None
4e647f27,2,None
a8fb0c5b,1,None
a764aa29,2,None
fe4cd892,2,None
f30349a2,3,Late Delivery
a9dea3df,3,Wrong Address
0d4742d7,4,Late Delivery
70f9a2ec,2,Late Delivery
a4849a91,1,Wrong Address
319d6959,2,None
06b329d3,5,None
035f121f,1,Late Delivery
96a096a5,5,None
5ccd015d,4,Late Delivery
1d8eb376,5,Late Delivery
833857a2,4,Damaged Package
1284688e,4,Damaged Package
3c7253e2,4,None
4d3675db,5,None
2fdecff5,4,None
f006f469,4,None
f03c7809,3,None
adb2dfc3,2,None
d112abb5,4,Wrong Address
07aef55e,1,None
ab080361,1,None
2614e8ed,3,Damaged Package
41543ad2,5,Late Delivery
77c1d7ed,5,None
8ce94ca9,5,Late Delivery
08b196e0,4,None
272e0fc3,5,Late Delivery
e8da9706,5,None
f2a96fa7,2,None
8b727b32,4,None
3b1bc560,4,Late Delivery
26bd110e,1,None
ed950057,1,Late Delivery
3315d0a6,2,Late Delivery
9f6316b7,3,None
b492d652,4,None
c1bc0433,1,Late Delivery
2e6e5eaf,5,Late Delivery
51ef4edf,4,None
879c82f5,4,None
5a721823,4,Late Delivery
22846762,1,None
b3bded82,2,Late Delivery
daff5a89,1,Late Delivery
4a77b1ef,5,None
3a32c8dd,5,Late Delivery
bff9ec0b,3,Late Delivery
89a78124,1,None
8d7ae6c3,1,None
3ebd3888,3,Late Delivery
b4640589,3,None
5a86a663,4,Damaged Package
62f20d78,4,None
e6fffc5a,5,Damaged Package
1d5cc826,2,Late Delivery
5b498f0d,5,None
ce80fc6a,1,None
40dc5693,2,None
60c3a65b,4,Late Delivery
a8035c8b,3,Damaged Package
8d175b16,3,Late Delivery
bfac6680,5,None
e37879cb,1,None
b7cb927b,1,None
1b938fff,3,None
75f426d6,5,None
cc058eab,5,None
8f399614,4,Damaged Package
d2b886a7,4,None
c2c23359,4,Late Delivery
d6b3bfa2,2,None
2baecf86,5,Damaged Package
6fe4c84d,5,Late Delivery
05bfc61e,4,Late Delivery
5a54f6eb,3,None
592ff13b,4,Damaged Package
01b7683a,2,None
828647a5,3,None
f67df431,5,Wrong Address
1bc94507,2,Damaged Package
654cfffc,2,None
7ac15a6f,3,None
ab71c15d,4,None
e78be983,4,Late Delivery
4c6575d0,1,Late Delivery
476f607e,3,None
8bc752c7,4,Damaged Package
20e381cb,2,None
a0553ce5,4,Wrong Address
aaf06467,4,Damaged Package
c643e99b,2,None
1c774272,3,Late Delivery
8c1d3f56,1,None
e9bbb22c,4,None
dba8a0a2,4,Damaged Package
88fe6eec,4,None
c37142e0,3,None
f3df8f03,2,Damaged Package
6253d077,2,None
f6d18a43,2,None
0445f6f8,2,None
1a7bf686,2,Late Delivery
d84f0a7b,2,Late Delivery
09d616d7,4,None
30f6652e,4,Late Delivery
04ec43e3,2,Damaged Package
878ca495,2,Damaged Package
183684a1,3,None
bd2b93b5,3,Late Delivery
8e00f236,5,Late Delivery
64b6b9cc,4,Late Delivery
a30465af,2,None
ffde8ba7,4,None
17597fdf,5,None
19805350,3,Late Delivery
ca452763,5,Late Delivery
0860303b,1,Late Delivery
38aaed85,3,None
e2b8ff86,4,None
964c77cc,3,None
868ddd48,5,None
8981a6d9,2,None
3f15b3f7,5,Wrong Address
bdbfebd7,5,None
0069b0a9,2,None
6a2967af,4,None
fbe2a184,4,None
9e9bdc45,3,None
55efe1b5,5,Late Delivery
bf778d57,3,None
7c501088,2,None
3bd83938,1,None
ad4cfaf5,4,Late Delivery
12793bc3,2,Late Delivery
cd6cb233,4,None
94dd92cd,3,Damaged Package
5d0fd69d,1,None
179d3b7c,5,Damaged Package
227e97aa,4,None
d50b38d4,5,None
8b0f37f5,3,None
0205ecd9,4,Late Delivery
6d511965,3,None
ffcc3e17,5,None
55bb69a2,3,None
24a11aa5,3,None
336937e8,3,Late Delivery
37ac512e,2,Damaged Package
b183683c,2,None
4f4bce6b,4,None
54ace5cf,3,None
da07bc43,3,None
726f5dd9,3,None
f91f1cfb,2,None
074ce09a,5,None
5bc916eb,3,Damaged Package
dc278786,1,Wrong Address
2a58c13e,4,Damaged Package
ea1d0a43,2,Wrong Address
e6b602e8,5,Late Delivery
43dad8da,1,None
07d3480e,3,None
8ddbdae6,2,Late Delivery
15fa0fcd,3,None
e974007a,4,None
4a7a7421,2,Late Delivery
7548d60f,1,None
e0b2a914,5,None
c8c85d8e,5,Late Delivery
1238afd0,4,None
02bc2ace,5,None
a2167dcb,5,Damaged Package
b2b12bf6,4,None
a28cd7dd,1,Late Delivery
b23cfdd2,2,Late Delivery
4987b2d4,2,None
24b7de91,4,Late Delivery
1097a58a,3,None
063cecb1,4,Damaged Package
e4d90afe,4,Late Delivery
af57cf81,4,Damaged Package
24ccb5d2,4,Damaged Package
2f36ecb3,5,None
5dcfc0f1,5,Damaged Package
e05a1750,1,None
00d8ff2d,4,None
ffe33c6d,2,Late Delivery
da7e63e0,3,Damaged Package
4864b055,5,None
39c5b4d8,2,Damaged Package
0b668a8d,5,Late Delivery
585c6cdc,1,None
35979067,3,None
8edae601,5,Late Delivery
4721a223,3,None
260ec991,3,Late Delivery
86257c48,2,Damaged Package
a81097b4,5,Damaged Package
2e7ae471,3,None
2d3f83b3,4,None
888bd570,3,None
1bcff52f,3,Late Delivery
ed1bbd12,5,Wrong Address
5834a1cb,4,None
f222fa77,3,None
4945ec97,5,Wrong Address
96ef82d4,5,Late Delivery
2eeb45e8,3,None
050d0d60,1,None
377be1ce,1,Wrong Address
6fc9f1e3,2,None
3b33f4c1,1,Late Delivery
4dc5bcd2,1,Late Delivery
5bce0936,5,Late Delivery
0f115be9,5,None
fb6def6d,3,None
e61ec11d,3,Late Delivery
f637ec81,5,Damaged Package
0a96eac0,3,Damaged Package
5eeebd42,5,Late Delivery
03a362b8,1,None
74477f38,3,None
9cda3d90,1,None
3e81ca05,2,Damaged Package
3b97fdd5,3,None
2840d4d7,5,None
d588a9f0,5,Late Delivery
221e0e43,2,Late Delivery
161348ce,5,Late Delivery
dee7dbf6,1,Late Delivery
30c72312,5,None
a4e6fb6a,2,None
fc26ab36,4,Wrong Address
ae1c81b8,4,Damaged Package
f997c0f8,1,None
da5b363e,4,None
ec0c2c64,5,None
dc61fa0a,2,Late Delivery
713cf2b0,1,Late Delivery
f44b18c1,4,None
8057bff1,5,None
a8e8e6d3,5,Late Delivery
06e86cbd,3,Wrong Address
562d2751,3,None
5bbd4028,2,Late Delivery
052acbec,1,None
d93d0dac,4,None
04e44b60,4,Late Delivery
b4b1174e,5,Late Delivery
c5d16e14,4,None
d652db3a,2,Late Delivery
52fa658a,3,Damaged Package
4894beb3,5,Late Delivery
5470bba2,1,Damaged Package
eb32a220,5,None
7d8a8733,4,Late Delivery
79bf7906,2,None
f7c86860,1,None
baf6cddc,5,None
87e87fe9,4,Late Delivery
7ecfc8e7,5,None
a9bee7ed,1,None
7d8a393c,4,Late Delivery
3fe19357,3,Late Delivery
cc549d48,1,None
f00982ea,3,Late Delivery
894688b5,3,Damaged Package
d1939fee,4,Damaged Package
d99c27fb,5,None
8e798971,5,Damaged Package
5a510379,2,None
e2b00876,1,Late Delivery
93a4d364,1,Damaged Package
2e49b886,4,Late Delivery
a5b2bdca,4,Late Delivery
9dfd1f2f,2,Damaged Package
ddcd2bce,2,Wrong Address
d3dbfc19,3,None
f43333c2,2,Wrong Address
e96cee2e,5,None
70e332e3,3,None
684dab99,2,Late Delivery
b12f4cfd,5,Wrong Address
4cf971e4,5,None
f11a91cd,3,Damaged Package
a2d13261,3,Wrong Address
495b67cc,5,Damaged Package
5b8e5708,4,None
eca35323,3,Damaged Package
1e26dda8,1,Late Delivery
bf4830f0,4,None
c227ad14,1,Wrong Address
7432ede2,2,None
fd954fc1,3,None
0854e97d,3,None
4bf89df0,5,None
1444c396,3,None
a992b4a5,1,Damaged Package
c4a7458d,4,Wrong Address
37d3055d,2,None
912f5f5d,4,None
06256ddf,1,None
28e5d046,2,None
d15adaec,5,Damaged Package
44fce8f2,3,None
c148a25c,3,None
217cfef2,5,Damaged Package
51276c5d,1,Late Delivery
c35dd74d,5,None
c598c2c3,1,Late Delivery
1e77b0d6,2,None
5623ed49,4,Damaged Package
98da0fec,4,None
9d0782f9,5,Late Delivery
8fec2d05,3,None
c65e39d3,5,None
af9b7bb3,3,Late Delivery
c9dca83b,5,None
49a232b3,5,None
46a20a4a,4,None
b50d0bc9,3,None
6796554f,4,Late Delivery
84dfe2b0,3,Late Delivery
3a1f8c24,2,None
4a22adda,2,None
d9aea5f2,2,Damaged Package
fd5829e1,1,None
dae83616,4,Late Delivery
d1322e2c,4,None
dc19a61b,2,None
61823d39,5,Late Delivery
266729b8,4,Damaged Package
64533ba9,3,Late Delivery
f2d823aa,4,Late Delivery
816ae24d,4,None
a6030799,3,None
c3ddd81c,2,None
9e605a19,2,None
b22d0557,3,None
c8a7e77b,4,None
0b3a88cb,4,Late Delivery
9ac50f49,2,None
a3e7efff,1,Damaged Package
b8418b68,2,None
929992de,3,Late Delivery
ad4c758b,1,Late Delivery
5dab7e54,1,Late Delivery
7d65377a,3,None
898ddcb7,5,None
09abe97a,2,None
bcf25eca,4,Damaged Package
a980f799,2,Late Delivery
65a4c51f,3,None
7aa0218b,4,None
2590bd40,5,Late Delivery
2bbb60f5,3,Damaged Package
504a15af,2,None
d723b135,1,Late Delivery
62cc9f36,3,None
7c17382b,3,Damaged Package
73c1904e,2,Late Delivery
bb49b988,5,None
3b6e496e,2,None
38dccc7e,2,Late Delivery
ca342b12,5,Late Delivery
a808bc51,5,Late Delivery
155a612e,3,None
bee452f0,1,Late Delivery
60864281,2,Damaged Package
497b0bdc,1,Wrong Address
8967e994,5,None
f933ff1a,5,None
b958a6ca,2,None
a1058188,3,None
aef03810,2,Late Delivery
b0fdc66c,3,None
83c39224,4,None
e4457701,3,Damaged Package
da4632e4,2,None
8187d16d,2,Damaged Package
10d8b3ba,3,None
98724663,1,None
aa7f1e17,3,None
3af6586c,4,Damaged Package
c7a9478c,4,Damaged Package
1207d2ed,1,Late Delivery
cbf8cdca,4,None
a0a2af52,2,None
52c93a01,1,Late Delivery
96b8d28f,1,Wrong Address
9dc17a1d,1,Wrong Address
ce0cc321,3,Damaged Package
023f217e,3,Late Delivery
454d558e,1,None
45f26378,4,None
8f06108b,2,None
39a873a4,2,None
4cb85cd6,3,None
b7bb1f30,5,None
d965d787,1,None
faceff92,5,Late Delivery
de015220,2,None
d9382ca4,3,None
a4513694,3,Late Delivery
932abd81,3,Wrong Address
37144f80,3,None
6b54aa2c,3,Late Delivery
041dfaf0,1,None
8945188d,5,None
a81fd16c,2,None
0137d3f6,2,None
9bc56c5d,3,Damaged Package
5dc5a509,3,Damaged Package
05b44e6b,3,None
014cb53c,4,None
d1b5ef1a,2,None
8ddd2953,3,None
958aadc5,5,None
a29e8ae8,4,None
4a412af8,1,None
157fd9d3,4,Late Delivery
aaf3bb1f,4,None
f9010a8a,4,Late Delivery
a29c60fd,5,None
fff69e23,2,Damaged Package
415cfa00,3,None
870d2176,5,None
14d90f5c,5,None
db9b65be,3,Wrong Address
dd788e4d,4,Late Delivery
bb70011f,1,None
98fc183e,4,None
4e41eb23,4,None
43c8826b,2,Damaged Package
e1d57e45,4,Late Delivery
2f4a9b09,1,None
c9f32901,5,None
a8062873,4,Late Delivery
0939f36e,5,None
b36c74c4,2,None
da6001e2,1,None
ed263fe7,3,None
87e908e0,3,Late Delivery
8131b63d,2,Late Delivery
aee75693,1,Late Delivery
bda1e5f5,5,Late Delivery
e1a775e4,2,Damaged Package
e93eff29,4,None
7b91a81b,5,None
117f56e2,4,None
39862c52,4,Wrong Address
ca569e34,5,Late Delivery
191c52b9,4,Late Delivery
b576f10a,3,None
6e950b60,5,None
5ea54915,2,None
5dd14eec,3,Damaged Package
c44f61bf,2,None
8c6f23c2,1,Damaged Package
b2b1b342,2,None
1923a0a5,5,None
a6b65f5c,2,None
52c411fb,1,Damaged Package
0b625e24,4,None
877b545a,5,None
34fee34f,3,None
57a9a232,3,None
ea4c117a,2,None
68ab2dc7,3,Wrong Address
49b29c17,1,Damaged Package
d1739ad8,3,None
da7f991d,2,Damaged Package
78e1391c,3,None
f41d46c7,4,None
5e49e3c6,4,Late Delivery
91a8f410,3,None
a158b583,5,Damaged Package
ccf2833c,3,Late Delivery
6bdadc01,4,None
0d131242,4,None
a26fdcd9,1,None
6b0f4c32,2,None
d6e3360e,1,None
6c744d10,5,None
09114211,2,Late Delivery
44c47cc9,3,Late Delivery
6dde0006,3,Damaged Package
43c8a06d,5,None
4e3a2e27,4,None
aaaf5aa9,3,Late Delivery
907338ef,1,None
a49e0667,4,Damaged Package
e88f221a,3,None
2f391a86,4,Damaged Package
d60a2fe7,2,Late Delivery
44fed79d,3,None
9fc6dccd,3,Damaged Package
f44101df,4,Wrong Address
73b03cf5,2,Wrong Address
9c9884ce,1,Late Delivery
b1b5bce8,2,None
5b7e7b96,1,Damaged Package
9a4c51b7,5,Late Delivery
e2d7ff83,2,None
3710becb,1,Damaged Package
4825de28,4,Late Delivery
a046c4df,1,None
594cc6c3,5,None
3606bae6,1,Wrong Address
b62e8c26,2,None
632462a5,1,None
715c74e6,2,None
1f74d27d,5,Damaged Package
e5324c9f,1,Late Delivery
64bf400f,1,Late Delivery
6a1a591a,5,None
006b650b,1,Late Delivery
0ad3431e,2,None
048e7951,3,None
90595392,3,None
64e1b444,2,Damaged Package
f3e1da6a,1,None
1ff7f6d8,2,None
9adead7f,5,None
1bb1ca08,2,None
a6935d2f,3,None
b14367d2,4,Late Delivery
784eb9b0,5,None
e676f8d8,1,Damaged Package
c39c5d74,2,None
21fa0455,5,Damaged Package
00ce324f,3,None
3746f388,1,Damaged Package
06a05028,2,Late Delivery
0535be31,2,None
0f92acce,1,None
ea54def2,4,Damaged Package
0c5f93b1,4,Late Delivery
3af3af10,5,None
4caf1bf1,2,None
84067cb6,5,Damaged Package
f958c16f,1,Wrong Address
e54d5e75,5,Late Delivery
f81f68a4,2,None
cdd2a8cf,4,Late Delivery
0deda351,4,Wrong Address
f20484f4,1,None
9572effd,3,None
25fbf270,5,None
01d7d66e,1,None
515f1482,4,Wrong Address
0e273a73,2,Damaged Package
79fe1ac0,2,None
cd392b72,3,Damaged Package
22350f71,3,Damaged Package
a57acc4d,4,None
07439a3f,3,Late Delivery
ca9e03bc,3,None
17163ba7,2,None
e88ad666,5,None
73f07bcc,2,None
ac3dfd8f,2,Damaged Package
f224058e,4,Damaged Package
4c6f35ff,4,None
6afe38ce,5,None
5020fe6d,1,None
8379d381,3,Damaged Package
4b29949b,3,Late Delivery
8ae0106d,2,Late Delivery
91528c62,2,Late Delivery
cc30b2b0,5,None
db6da20d,3,None
33127fde,2,None
5e852468,2,Late Delivery
335459ee,4,Late Delivery
f2a9ed5a,1,None
7aaf0949,5,None
7350a2ce,1,Late Delivery
9825aef1,1,None
68b8876b,5,None
d5113fae,3,None
7e406770,2,None
9d4eb4a2,5,Late Delivery
12245ec4,2,None
f3af699b,4,Damaged Package
70c887ee,1,None
c84eff4d,4,Late Delivery
c45e1edf,1,Damaged Package
1e22cf9f,3,None
5e7ee800,5,None
741937b7,3,None
bdb70450,1,None
ab12eed3,4,Late Delivery
f8181341,1,None
db5cd21e,3,None
efd300d4,3,Wrong Address
7ff02701,4,Late Delivery
a7054543,4,None
29b9bd30,3,None
1576325a,1,None
1c32f1a3,1,None
8bdabef0,5,None
df5ae6b3,3,Late Delivery
b48d6969,5,None
07a37e6d,3,Damaged Package
1bfd6e45,5,None
d797712f,2,Late Delivery
8d722a00,1,None
0de91b9c,1,Late Delivery
a88bd5b7,2,None
85f73965,4,None
1400c5f8,2,Late Delivery
aa1e21f6,1,None
14cf430f,3,Damaged Package
08a95ae7,5,Late Delivery
d1f767d5,1,None
7381cf94,2,Wrong Address
95b370ec,3,None
1d14a94b,1,None
91f3571a,2,Damaged Package
e73b7072,1,Wrong Address
a5219ebd,2,None
4fa31c34,2,Late Delivery
af503dc7,1,None
2a6162a7,3,Late Delivery
cfca7b9f,1,None
366c9a2b,1,None
9ec65b0e,3,None
d7e8c84c,1,None
855c5074,5,Late Delivery
f0a5ad55,5,None
49048291,5,Late Delivery
7f3ba318,2,None
290debf9,4,None
af999dda,1,None
8a85b41a,4,None
4a682b1b,5,None
24a35275,3,None
798b8a7e,5,None
55a8aa44,1,None
375b74d9,4,Late Delivery
050e753d,4,None
600c1450,2,Late Delivery
5cd4fc91,3,None
2189ce43,5,Late Delivery
e6c7455d,3,None
748cdd15,1,None
3332a0e8,2,Late Delivery
602eefd4,5,None
f43f6b4c,1,None
fa33b8b3,3,Late Delivery
1df49468,2,Damaged Package
deeea773,5,None
6edcb027,3,None
71e60235,5,None
0710aa0a,2,None
7eca810e,2,Damaged Package
4b751289,3,Wrong Address
8f23cc06,5,None
7831d43f,4,None
2de1757f,1,Damaged Package
c3de0a9d,2,None
6023ee1b,5,None
949f8b14,3,None
957df1c3,3,None
2491aed3,2,None
5c756233,2,None
a5f8bfa3,4,Late Delivery
0d223964,3,Late Delivery
209f8efd,5,None
7ce97249,1,Damaged Package
e7acfb9d,1,Damaged Package
8b3bd9d3,4,None
088131e1,5,None
cc2059a2,1,Late Delivery
e5637ddc,1,Damaged Package
1e1c300b,5,None
8cc5a117,5,None
89850769,2,None
77218441,1,Late Delivery
f2bd380a,1,None
9f25a819,4,None
d89cad31,2,Late Delivery
ff7994fd,2,None
244f6b1b,1,None
07b9e062,3,Damaged Package
53f81d42,3,None
2b9687b1,5,None
e501d30a,2,Late Delivery
53139e3a,1,None
cbecffe8,1,None
6a8428c9,1,Late Delivery
89524532,4,None
d004ff79,3,None
23b08921,4,None
6a50c22e,1,None
112afad4,1,Damaged Package
0ff6a5a2,2,Damaged Package
ab1bc1b3,2,None
79263691,3,None
c5c305a5,5,None
40b7d477,1,None
923754c7,2,Late Delivery
fb033f97,3,Damaged Package
dc112817,4,None
3e5f987f,1,None
63e140ae,5,None
79e20f50,3,Late Delivery
c1c73035,5,None
65157c3a,1,None
e6e1b416,3,Wrong Address
46dafdd1,2,Damaged Package
94f7b444,5,None
68ebe228,4,None
4bc68a29,4,None
b9567370,5,None
aee44013,1,Late Delivery
32ddca70,1,None
e91886c7,1,None
b45ef590,4,None
1ee7c7cf,4,Late Delivery
ce363148,2,None
6e80777c,1,None
b32e2bc3,4,Late Delivery
280c4623,4,Wrong Address
0ec95136,1,None
c6cbaf26,1,None
36b7f9c6,4,None
905f8fb6,5,None
9757a03b,4,Late Delivery
557879ee,2,Late Delivery
fa8bd9d1,3,Late Delivery
89ed6d5b,1,Late Delivery
1d2879e8,2,Wrong Address
37a4a63a,5,None
c60b510c,3,Late Delivery
3103d9d8,4,None
f083a219,1,None
4c583659,4,Damaged Package
090b1305,2,None
629b85ab,1,None
5cdf5f63,4,None
b802f377,1,Late Delivery
36dbbe52,2,Damaged Package
62c6dd5a,4,Late Delivery
ddd8fd9c,3,None
09688cbe,5,None
2a4ec454,4,None
e0e4d07c,1,None
b8fe38df,4,None
b054470f,1,None
13d2c072,2,Late Delivery
eae11132,5,Late Delivery
5108210e,1,Late Delivery
ce4fd332,4,Damaged Package
7b865059,2,None
19288e8f,3,None
1545ff09,4,Late Delivery
a4f57630,5,None
d49e5e02,2,None
308c7620,4,None
25eb221f,1,None
74602f7b,1,None
8448a425,1,Late Delivery
e3426a9e,4,Wrong Address
c091aa31,5,Late Delivery
ee374a26,1,None
107fa38b,4,None
d9f1611a,4,None
effe9c78,5,None
42b23bd6,2,None
dfa01543,2,Late Delivery
27f7b22b,4,None
ca7c6aad,2,Damaged Package
4e2409bf,3,None
8a264170,5,None
becc2671,4,None
6d56d99e,2,Damaged Package
1417d0a8,2,Damaged Package
18bf0be1,5,Wrong Address
8ab24472,1,Wrong Address
e111284b,2,Wrong Address
ead030e6,5,Late Delivery
a6ecc41a,1,None
bc358327,4,None
f94647c3,1,Late Delivery
eb3ddbb6,2,Late Delivery
58f38c82,4,Damaged Package
25a3a2bd,4,None
60c2cf0a,1,Damaged Package
a9b66d1a,4,Late Delivery
deec260b,1,None
adaf7b82,1,None
e843868e,1,Late Delivery
568bdc89,5,None
d6277ab8,2,None
4b8fc8ff,4,None
856fa6ea,3,None
0a19dde8,2,Damaged Package
72a6a1c8,3,None
c55d7ab6,1,None
41f605bf,4,None
bf601cac,2,Damaged Package
ba97946d,3,Late Delivery
d39ba12b,3,None
56a4cfc3,3,Late Delivery
89295c02,2,Late Delivery
d6b1a9da,5,None
8f1e2f41,1,Late Delivery
890bee7a,4,Late Delivery
3515ae00,3,Late Delivery
ffa11cb0,2,Wrong Address
6b921161,3,None
890accff,2,Late Delivery
a3d0f587,5,None
6b52ec60,3,Late Delivery
6a52f71b,3,Late Delivery
0655051e,4,None
3cf7228c,2,Late Delivery
daf5ce33,2,None
d03da41b,5,Late Delivery
88714046,3,Late Delivery
cf00743f,4,None
8a7d70b4,1,None
8292346a,4,None
89fbb16c,4,None
6d68708f,4,Late Delivery
4cebddb7,4,None
4faf5e73,3,None
d49e3f65,4,None
3e23d210,2,Late Delivery
992e0f40,2,Late Delivery
fd5d0430,4,None
2e348d49,2,None
e252cd1c,3,None
22e7a4d6,1,None
6f9781ca,4,None
8ae3e1e9,2,None
c5808f8d,2,None
431bdcbc,3,None
ce53f7b1,3,None
c33e3b91,1,Late Delivery
daac4ec9,5,Late Delivery
013a9a6c,5,None
82dcb1de,5,None
b80f13bc,1,None
bcdfb81e,4,Damaged Package
8f888261,5,Wrong Address
2172d5b0,5,Late Delivery
5cb59680,2,None
4ea9092d,2,Damaged Package
5ea110ca,4,None
b4fa63b6,3,Late Delivery
5786eeff,1,None
9adce521,5,None
d7c2b499,1,None
07da8103,2,None
f92c62c8,1,None
8c1b73fc,2,None
5d802913,1,None
91b50fd6,2,Late Delivery
c8a21ce8,1,None
c2907f13,5,Late Delivery
85dc465c,5,Late Delivery
08b5ed7e,4,Late Delivery
a4c3b8c1,1,None
087be02e,3,None
a559d056,4,None
c87eeb95,1,Damaged Package
3bebc929,3,None
d3cd4c69,5,Late Delivery
afe93790,5,None
b5b91954,5,Damaged Package
1b26aa81,3,None
d2ce3a42,2,Late Delivery
f14e783f,1,Late Delivery
781394e8,4,None
261afd50,4,None
44b65603,5,None
b98338c5,2,Late Delivery
953f0c36,1,None
2cc049b0,1,None
4791cc4a,4,None
7a1f4cdd,4,None
7f3ff209,4,None
8b714ea4,1,None
e517707a,4,None
69eaf888,1,None
387b7875,5,None
0f29d9ad,2,None
286d85de,4,None
5020dfab,1,None
fb5d5eba,5,Damaged Package
b4a02f51,3,None
69942cb0,5,None
19e9a024,2,None
f5852307,5,None
cac70ca6,4,None
ed556c5d,4,Wrong Address
8d41cf58,3,None
460780e6,1,None
a2fe4ff2,5,Late Delivery
9ff66304,3,None
115d7fd1,4,None
6d5e4a4b,1,None
478edbfb,1,None
c3927948,2,Damaged Package
7fcbc547,4,None
39089455,1,None
c8b36588,2,None
9275982e,2,None
481325fb,4,Late Delivery
5ad93cef,1,None
10f1dbc5,1,Damaged Package
04402263,5,None
4dae6bd3,1,Late Delivery
f501ceb6,2,None
fd6a99e7,3,None
89fbbde2,4,Damaged Package
2ec40bae,3,None
722ab735,1,Damaged Package
40836c06,2,None
2ab48213,3,None
299d4ba6,4,Late Delivery
dc1fd8d2,5,Late Delivery
fe97b4dc,3,Damaged Package
bb9385bf,5,Damaged Package
ff64ab82,1,None
60f96f55,1,None
83c4d7ad,4,Late Delivery
8559cc93,5,None
f8cb4a51,5,Wrong Address
9b35e359,4,None
8d4414ca,3,None
594e2171,4,Late Delivery
e88c9d96,1,None
7ac50138,5,None
f8f785cc,2,None
914851c3,2,Damaged Package
0134d636,1,None
601a9642,5,None
7130da27,5,Damaged Package
6570448e,4,Damaged Package
58a62e84,3,None
1adb7178,4,Late Delivery
e36adfac,2,None
6490018f,5,Damaged Package
8163c668,3,Late Delivery
a9b5998e,4,None
f0dfe269,3,Late Delivery
058ebec2,2,Wrong Address
e55fdb7e,3,None
315a7040,5,None
ea9d337e,3,Late Delivery
0ac89f58,3,Late Delivery
0bd3e23b,4,Late Delivery
0a999bf8,3,None
c674bdca,3,None
ad452641,2,Late Delivery
5f9ac0a8,3,Wrong Address
a0b42356,4,Damaged Package
94dc2240,4,Late Delivery
5642c723,5,None
b9a0423c,2,Late Delivery
7af3c8df,1,None
716c3ec9,5,None
5ab15012,3,Late Delivery
9460ff9f,2,None
07d8bfe7,5,None
57b4f327,4,None
886d60e9,2,Damaged Package
cffdefd5,2,None
8bc17825,3,Late Delivery
c31b4631,2,None
81b4e4f5,2,Late Delivery
f4050bfc,1,Late Delivery
a3991e2a,3,None
a768ff2a,2,None
1dcd940c,2,Late Delivery
f8ad3ce9,1,Late Delivery
57105121,1,None
5b078050,4,None
873b4824,3,None
dfc81f2a,1,Late Delivery
f1d1281a,2,None
2f4d3c62,1,None
557bde7b,5,None
257e7341,4,Damaged Package
2300fcfc,4,Damaged Package
4e7d0f3e,3,Wrong Address
8aedb6f1,4,Late Delivery
5163622e,3,Late Delivery
6f7aefc2,5,Late Delivery
25a33d46,2,None
9abaf18b,5,Damaged Package
1fd1e17d,3,Late Delivery
d1b741b8,3,Late Delivery
05f91656,3,Damaged Package
d6b44375,2,Damaged Package
ed39794c,3,None
88c3b682,5,None
3e86fb9a,2,None
57146a6e,5,None
0e62ac2d,2,Damaged Package
1dd63d39,3,Wrong Address
dc919e54,2,Late Delivery
8cba3e80,1,Late Delivery
bd98a547,5,None
fc0c81b6,1,Damaged Package
a4351de8,1,Damaged Package
47243588,3,None
0083183c,3,None
3b5d43a3,1,None
15de4927,2,Late Delivery
9c2bba31,3,None
50d1be28,5,None
e6fd6841,1,None
eaa2c781,5,Late Delivery
11307b33,5,Wrong Address
17f694aa,5,Late Delivery
897d69d0,1,None
46afb238,4,None
74ebaaaf,3,None
86c64808,5,None
8d6ce514,1,None
70dd1cf7,4,None
cf735ad5,1,None
b4b73bb3,3,None
9f85ffc8,1,None
9db260c5,2,None
c00e4d39,2,Late Delivery
a3627f60,5,Late Delivery
84fa2235,1,None
f3ad966e,1,Late Delivery
46bc6798,5,Wrong Address
ac9cc41b,5,None
3bba087c,4,Late Delivery
5e3742ed,1,None
601aa513,3,None
dfc8f32a,3,None
833f82b1,3,None
a11e2282,5,Late Delivery
81d984b4,5,None
222b9144,5,Late Delivery
3e77a4a4,3,Late Delivery
f69e6129,4,Wrong Address
178d856d,2,Late Delivery
9ce997ed,1,None
011c2275,2,Late Delivery
2532bbcb,1,None
a786639c,5,Damaged Package
6ac10e86,3,Late Delivery
8087b3a6,2,None
beb46d3f,5,Late Delivery
c698bb30,1,None
e3482535,2,None
986a1e40,2,Late Delivery
2d64f8f3,2,None
19b30cdd,2,Late Delivery
5ed60c27,2,None
467d6e86,5,Damaged Package
c256cadc,1,Damaged Package
7c3b52f0,1,Late Delivery
f373ec89,4,Late Delivery
a6453884,3,Damaged Package
2a1103ba,2,None
95a0fd21,1,None
4734fb70,3,None
2c9a61ba,3,None
12b44909,5,Wrong Address
8ff6983c,2,None
2fd70870,4,Late Delivery
928e5732,3,None
25efa760,5,None
0bb9597f,2,None
7c8715d7,1,None
66d53190,4,None
cb4af267,2,Damaged Package
6404a290,5,None
1bb63dc6,5,None
d07d84b6,5,Late Delivery
f8a6cb4e,5,None
e1ac3a0f,5,Damaged Package
1e01fa46,4,Damaged Package
d5684044,3,Wrong Address
7122bcf3,3,Late Delivery
4fea4c96,1,None
d30e6b00,3,Late Delivery
1187d3d1,5,None
d046885d,3,None
01503b50,3,None
bf958c4a,5,None
ef5360cf,4,Late Delivery
960305e9,5,None
8903bff2,3,None
9a1b729a,3,None
f1a192b4,1,Late Delivery
5b159244,5,Damaged Package
5ccf087b,1,None
60f2ba4d,1,Damaged Package
b7d444db,2,None
364539be,1,None
81148dc9,3,None
0c6cf0dd,3,Late Delivery
138bd976,2,Damaged Package
cc78b6cf,2,None
5dddccf1,5,Late Delivery
a60214b5,2,Late Delivery
d6a986ad,4,Late Delivery
0a095d2e,3,None
f5476558,3,None
5af7f023,2,None
4e2ad903,2,None
0a33fb2d,3,Late Delivery
1608c029,2,None
1fb15d8c,5,Late Delivery
9a2a6867,2,None
1f1b6af3,2,None
c5d8fc17,5,Late Delivery
01abd6d6,5,Late Delivery
dbe840f5,5,None
06fa8aa0,3,Damaged Package
aa908ce2,2,None
a68d278b,5,Late Delivery
54fe1ce2,5,None
11201fdd,3,None
185367e4,4,Wrong Address
09540d87,2,Damaged Package
f6f7b2f3,4,None
9bf89c33,4,Damaged Package
47f8ae5d,5,None
17c31e95,3,Damaged Package
32dd9f50,2,Late Delivery
77cb25a2,2,None
af2a5c5c,2,Damaged Package
9208880a,4,None
4448934b,1,None
024ed9f6,3,None
118ac352,1,Damaged Package
7d4ff42f,4,Late Delivery
84973944,5,None
71190e40,1,None
f2dfb7d5,1,None
f510e60f,3,None
01ef8e09,4,None
b2c665eb,3,None
40e2db6d,5,None
92fbe0ad,2,None
87863180,4,Late Delivery
e1c465f5,5,None
f6cb6cb3,5,Damaged Package
821eec45,1,None
990c4d0f,3,None
36d185ab,1,Late Delivery
73956823,1,None
f2a2b011,2,Damaged Package
99d15d9e,3,None
1655b9fb,2,None
27aef1b6,5,Damaged Package
a0fb8c46,2,Damaged Package
369c12ce,5,Late Delivery
20c0f3ca,1,None
69884e92,2,None
1061dc63,3,Late Delivery
c4603093,2,None
8629aba4,5,None
0ff4e875,4,Late Delivery
904dee42,3,Late Delivery
9793d396,5,Late Delivery
18f0ec59,4,Damaged Package
57bb3755,3,Wrong Address
23592f54,4,None
61c1e881,1,None
e44ee962,1,Damaged Package
5435b9e9,2,None
43536a05,2,None
bfcb8aa6,2,Late Delivery
1b463de8,2,Late Delivery
ffd803b6,4,Late Delivery
235d03c1,3,None
67fee793,3,Damaged Package
d34062ff,2,Damaged Package
f028cb17,1,Late Delivery
b2cc1605,5,None
34539dfc,2,None
a3f80892,2,None
9eeaa036,1,Late Delivery
55f80b6b,5,Damaged Package
dd3aba65,4,Late Delivery
c619dfe0,4,None
ad2437e3,5,Damaged Package
f471d135,5,Late Delivery
540995c6,4,Damaged Package
c1cb9f59,2,Wrong Address
fa5ff71b,2,Late Delivery
2cc7fd51,1,None
dfb8ec41,5,Late Delivery
47e6b616,2,None
17152abe,2,None
9d575286,1,Late Delivery
d8da2b1e,5,None
e6e0a7d4,1,None
afbf086e,1,Late Delivery
1a72b79f,4,Damaged Package
24e167d3,1,Damaged Package
9563934c,5,Late Delivery
5d7397c1,2,Damaged Package
8889be75,2,Late Delivery
af60c13d,4,None
37121612,5,None
ee672abd,2,None
24c0d919,1,None
46329a4b,3,Late Delivery
b10dba47,3,None
4d672e4c,3,Damaged Package
b69fe468,3,Late Delivery
c8989a6b,1,Late Delivery
4429b7f2,2,None
71597a2e,4,Late Delivery
2cc6081d,1,Late Delivery
ea43b70b,2,None
cad4cde0,5,Wrong Address
9a93240c,2,None
db3f076f,2,None
3ea6c9ab,2,Late Delivery
f399145e,1,None
31d373bc,2,Damaged Package
c848cb56,2,Late Delivery
b5f0a58b,5,Damaged Package
2d40cbf4,5,None
aed62703,3,Damaged Package
b29b6eae,1,None
8ea6eec8,2,None
a35ce63f,3,None
a22be538,3,None
10f29a5f,1,Late Delivery
bfce164d,3,None
b8e61db2,3,None
862ab2ef,1,Late Delivery
9b3f48c5,4,Late Delivery
664618f3,3,Late Delivery
ef5b05e4,5,Late Delivery
d4641d3c,3,None
066b6f0a,1,None
8c835639,1,None
2882e528,4,Late Delivery
05059b0e,4,Late Delivery
8f455741,5,None
e002c950,5,Late Delivery
429aab5f,3,None
47b6bb22,4,Late Delivery
04abbb05,5,Late Delivery
795ba4d8,3,None
0a328c46,2,Late Delivery
e29a0a29,3,Damaged Package
716379d5,5,None
79ff799c,3,None
3e90d303,2,None
ba2e16c9,5,None
debe03f8,3,None
f5fbd544,5,None
3af3f4c4,3,None
3c1ece36,1,None
87a87b44,5,Late Delivery
160418b6,5,None
3187dcb1,5,None
3aaa2ac9,5,None
3e3d0189,3,None
c322e0e4,4,Late Delivery
04f7d453,3,None
8cbd01dd,2,Wrong Address
f40dd294,1,None
66c4c557,3,Late Delivery
4a5735ff,3,Damaged Package
586a1a57,5,None
c367db4d,2,Late Delivery
c3287cdb,5,None
789cfe53,5,None
a502869f,4,Late Delivery
47a4b467,1,None
4ef9770c,4,Late Delivery
62bfdd01,5,None
08213ce0,1,Late Delivery
2496ac2f,3,Damaged Package
e32ba217,2,Damaged Package
38aeb962,4,None
cc62c9a6,2,None
37582ed0,5,Wrong Address
38a36bb6,1,Late Delivery
276ba398,3,None
597369e9,1,None
a24c87ad,2,None
47f88031,2,None
ef8c1613,3,None
632ed283,3,None
0011c1da,1,None
c1f824a6,4,Damaged Package
74a50c22,1,Late Delivery
83c3e71e,2,None
f8c553f2,1,None
b42b39cf,5,Late Delivery
22ce871c,1,None
41907cd1,1,None
35f28ec3,5,Late Delivery
a3f886d4,2,None
e7a46eed,3,None
6cfae0fb,1,Damaged Package
75cc06bf,4,None
659ba6de,3,None
3d741f0f,4,None
6a2bc096,1,None
06156734,4,Damaged Package
b3ea0264,3,Damaged Package
b8423650,4,Late Delivery
dca01b1e,4,Damaged Package
a597930d,3,None
b64c133f,3,None
6b34b3e4,3,None
38ceb2f0,3,Late Delivery
0b2fe18c,5,None
7f8a26e6,1,Late Delivery
66634182,3,None
771bba55,2,None
9ba95be8,4,Late Delivery
e319e304,3,None
7173494a,3,Wrong Address
101d758a,1,None
81fc3855,3,None
34876450,5,Damaged Package
fc41d1d3,2,Damaged Package
242a6b2e,2,None
55e9a3fd,3,None
18dce94a,1,None
fccd8382,3,None
f4e48bb0,4,Late Delivery
a96f76b2,2,None
c8ab58ff,4,None
2e6e5c63,5,Damaged Package
8ee48f89,2,Wrong Address
410a8568,2,None
03e26edc,5,None
56c7d838,4,None
9fa0de54,3,Late Delivery
affb169a,1,None
f908f0f9,4,None
8e0d0904,5,None
9ad9f302,5,None
a51d63f2,5,None
ca505d0a,2,None
06b7d7ba,3,Late Delivery
82a4d2e4,2,None
3101349e,2,Damaged Package
fb2cb942,2,None
9a2d9682,5,None
189031c8,4,Late Delivery
4146c04c,1,None
cd0789c3,1,None
4896fa11,3,None
bd80603e,3,None
d3b78e9c,5,None
23ca246a,1,Late Delivery
853b61f3,4,Late Delivery
9743fe04,5,None
26dd59ee,3,Late Delivery
ecf60244,5,Damaged Package
b979b94f,3,Late Delivery
ec291e4a,1,None
08855169,5,None
033d908d,2,None
e2652404,3,None
2d9836f1,2,None
93c5f5ec,3,None
a391bf7b,2,None
34a8095a,1,None
0057779b,1,Late Delivery
cee7e001,4,None
8ca8b4fc,4,None
0d912487,4,Damaged Package
f1e20ad3,5,None
2dbeba54,3,Damaged Package
f9130207,5,Late Delivery
c1297b3a,4,None
76fac0f9,3,None
a9079a69,5,None
69c0a5ba,1,Damaged Package
b606436b,3,Wrong Address
8a0df4ae,4,None
593f1218,1,None
15a836a7,3,None
b54c5778,5,None
77cdf40f,4,Wrong Address
3834c313,5,Wrong Address
0d3ebb68,1,None
286e48b6,1,None
2ba60e25,1,None
5f718c64,3,None
39b873ce,4,Damaged Package
cb0a05a5,1,Late Delivery
9828aeea,5,None
c663ee1a,4,None
4628403a,5,Wrong Address
900522aa,5,Late Delivery
fcd202a9,1,None
03e6b06a,4,None
33ac4111,2,None
07e2a253,3,None
40920790,2,None
682b272f,3,Late Delivery
a57ac1cc,4,Late Delivery
99cd208e,1,Late Delivery
af059ea1,4,None
9fc20020,2,None
b614d49a,5,Late Delivery
9236ffeb,3,None
725e02ee,3,Damaged Package
a9842d49,2,None
e128966a,1,None
00f4a2e5,4,None
92252001,2,Late Delivery
988dc62d,4,None
dac7f4b4,1,Damaged Package
6fd7e10c,5,Late Delivery
516d34af,4,Damaged Package
cbb3a6d0,1,Wrong Address
c1d40432,2,None
d6c7efe2,5,None
a0c4c428,5,None
de3c80a9,5,None
9bc12fa9,3,None
abed9c39,1,Damaged Package
68d96da5,4,Wrong Address
b0b8ea56,2,Late Delivery
60bb7dad,5,None
3a187629,5,Late Delivery
041df7e9,5,Late Delivery
ba09400a,1,None
97745431,2,None
6657223f,1,None
4469faba,2,Late Delivery
3368a35d,4,None
175238c1,3,Late Delivery
abfbb502,2,None
0026a29e,1,Damaged Package
2b98f010,1,Damaged Package
0188eadc,1,None
0b956af4,3,None
9a130094,2,Late Delivery
1210b6df,2,None
b918a65d,2,None
51316f46,2,None
17932ae5,5,Wrong Address
1a66ed59,5,None
9e84bb34,1,None
99776c62,5,None
1eaf29ca,2,Late Delivery
80f15a1d,2,None
260ee006,5,Late Delivery
43d75d46,4,None
55bf12df,1,Damaged Package
64881931,3,Late Delivery
1bd7166a,1,None
b7977d84,1,Late Delivery
16c4dafe,1,Late Delivery
b1f20bce,5,Late Delivery
d94ef431,1,None
7f26752f,2,Late Delivery
0cde3b6a,1,None
08f4f194,2,Late Delivery
2657265c,5,None
c806ab2c,5,Late Delivery
4e08cba1,1,None
2b984cdc,2,None
9f2a0c87,2,Late Delivery
19dcadf6,2,None
fcd016ea,2,None
a9895bb9,3,Damaged Package
abbc4e97,5,None
9b2e0f33,2,None
f2c4f0a8,3,Damaged Package
1fb97d04,3,None
feae67ad,5,None
3544d776,4,Late Delivery
3e55e03a,1,Damaged Package
df8644b4,5,Late Delivery
896635c1,4,Damaged Package
d2dab18b,1,None
3931c5fa,1,None
704bacea,1,Late Delivery
b489ee94,3,Late Delivery
f397208b,2,Late Delivery
933f1ad0,1,Late Delivery
e8deedd1,2,Damaged Package
9fa46a4d,1,None
d6dffcc2,3,Damaged Package
a2000067,1,Late Delivery
56456a1b,5,None
96174225,4,None
d7f8ef36,1,Late Delivery
0125f3b5,4,Late Delivery
ae1262cd,4,Late Delivery
fb8a90e3,3,Late Delivery
58f21eb5,4,None
48d615c1,3,Damaged Package
e6b46c79,1,Late Delivery
1e14206e,2,None
b894a899,3,Late Delivery
a43c6833,4,None
d20db376,4,None
e7825982,1,Late Delivery
228dc156,3,Late Delivery
b03c4840,1,Late Delivery
b367fb70,3,Late Delivery
ededf911,2,None
31102179,5,None
b8b2c0e6,1,Damaged Package
7e7627b6,4,None
c4bc5f17,1,None
669cb64f,3,Late Delivery
ad7ac2e8,1,None
9e98bd8f,2,Wrong Address
70f46898,3,None
be79a429,4,Late Delivery
b5ef5e02,4,Late Delivery
0ff54226,3,None
9a9f9838,2,Late Delivery
c5dfa236,1,None
a683dd0b,5,None
c6f7672a,4,Damaged Package
08920fef,2,Late Delivery
d82d5e80,2,Late Delivery
990082d8,2,Wrong Address
90f98976,1,None
52892bca,2,Late Delivery
c9e9dae8,2,Late Delivery
98535bb1,3,Damaged Package
89730244,3,None
e11503a3,2,Damaged Package
c499cc1e,2,Late Delivery
cea873c0,3,None
16d79a1a,1,None
9b4f8b0c,3,None
85108bd1,3,Late Delivery
f9f6f7c7,3,None
ac887611,3,Damaged Package
495ca376,5,None
fae6f4df,4,None
d886fdb6,1,Wrong Address
42a11c39,1,None
2d7d81bc,2,Late Delivery
af12e243,5,None
e7307116,2,None
f4952115,1,None
f400f423,1,Damaged Package
b3ca581e,2,None
a391ea41,4,Late Delivery
241c5847,2,None
2c4b25e4,4,None
109897b3,4,Damaged Package
0395e57a,3,None
abecabbf,1,Wrong Address
aaf9e381,3,Damaged Package
09b691d8,1,None
f567ea78,3,None
dd83638c,4,None
d32dd6f3,3,None
7f9e7e1b,5,None
de09426d,3,Damaged Package
015eb87c,3,None
e44194d2,3,None
b6d55c45,5,Late Delivery
1f1c00d5,1,Late Delivery
f9f56905,3,None
41411448,1,None
2af2eec5,2,None
64461ba7,4,None
9d5f9ec1,2,None
34f25450,5,Late Delivery
c585715d,5,None
03b3a1b3,1,Late Delivery
e6246edb,1,None
641f4f06,3,Late Delivery
652d9acf,2,None
5bab2a6c,1,None
27ec9f51,1,None
4b12ccaa,1,None
9b971d15,4,Late Delivery
b711d5c9,1,Late Delivery
e24ae335,4,Wrong Address
9bda4ff5,5,None
ec7ffc37,3,Damaged Package
f7b76c97,2,None
96f0a44e,1,None
fdfb88bb,4,None
1a2847c2,1,None
a30f33a2,1,None
4e4d5ff8,4,Damaged Package
aeeaf219,1,None
2b9b8960,2,None
3df5094c,5,None
02689085,3,None
076ab985,1,Damaged Package
42a240ae,4,None
c08f86a7,2,None
ad8c1c15,1,Damaged Package
aa3dd357,5,None
72ac77b9,5,None
e82f8790,4,Late Delivery
bcdf51af,1,None
09b09d39,1,Late Delivery
9d27dd67,1,None
ace104cc,5,None
7d50227e,1,None
d3a83c86,1,Damaged Package
1c79786d,1,None
06ba5cd2,1,Wrong Address
d8c8023d,4,None
77da38e7,5,Late Delivery
7edca25d,3,Late Delivery
7e7b0a6e,4,None
b79bf291,1,None
6fb3acd8,3,Late Delivery
177eadd3,2,None
1e20be59,3,Late Delivery
ff56e578,4,None
60fdf8c5,5,None
4c43baa9,4,None
d1f1d5c6,5,None
04827180,5,None
ae5dfb72,5,None
8ce285c4,2,Damaged Package
8dcf6b08,3,None
ae59033d,4,None
4ab6f0d9,4,Late Delivery
7504f60e,5,None
2c00cb3f,2,Damaged Package
8fef5b85,2,None
23ca53be,1,Damaged Package
3a9878c7,2,None
faeb9380,5,None
29ed3054,5,Late Delivery
a3daf1a6,3,None
f80f23c0,5,Late Delivery
1abe3b7c,3,None
4e71f1b2,2,None
f5b6ce77,1,None
c13df10a,4,None
47c7fc44,5,None
52cbd436,2,Damaged Package
264ad6fd,5,Late Delivery
869e7927,3,Damaged Package
f29787e7,2,Late Delivery
7f5256ad,4,None
27bbb8ec,3,None
86860e42,2,Damaged Package
8e2ef7fd,4,None
c451b906,3,None
fa4ce5b2,4,None
2fdb41f4,2,None
e46ae0de,3,Late Delivery
5afb8718,1,Late Delivery
97a1ea07,5,Wrong Address
595c684e,1,None
4ee53e21,4,None
8ebedf60,2,None
2ac53af9,5,None
213b9978,2,Damaged Package
6318b9d7,4,None
b12c20fa,2,Late Delivery
2e154790,3,Wrong Address
599bdafb,3,None
af8a2f4e,4,None
cb7d357a,2,None
8eeaf8ec,4,None
d197644c,5,None
3b964071,2,None
da6c52e5,3,None
5796e68a,1,Late Delivery
d3e1ea2c,3,Late Delivery
9311dd80,2,None
dcfe008b,2,None
70324a4e,2,None
e4a1af5e,2,None
33d9e800,5,Damaged Package
48f182fb,1,Wrong Address
6bd7bdfc,3,None
1f0a11cb,5,None
4daea63d,4,None
4ab1d7b3,2,None
1f919894,3,Late Delivery
87ea5676,4,Late Delivery
6b765c06,1,Damaged Package
5784b689,3,Damaged Package
9db4fcf7,5,None
b191b435,4,None
70ad2227,3,None
a7346a5c,5,Late Delivery
2817fd01,2,None
7ed87a95,3,None
7bf0d6dd,2,None
067c394c,4,None
d0bc3f9b,4,None
aac7392e,4,Damaged Package
e707575b,2,Late Delivery
7867e45a,2,None
b7e88a9f,5,None
1e9ac701,3,Late Delivery
0fe427f1,5,None
6646dd57,2,Late Delivery
50908c53,3,None
b4c1c81c,4,Late Delivery
5293f342,5,Damaged Package
e08c2273,5,Damaged Package
e423df60,5,None
c72d30d9,2,None
7549e33e,3,None
bc58e29f,4,None
36d02168,2,None
1c9acbdb,4,None
bed7b8f2,1,None
624447cd,1,Damaged Package
04915941,4,None
1496075a,1,Late Delivery
8836f36f,3,None
fa5e362d,3,None
90c67121,2,None
7c1f4973,4,Late Delivery
726ba67f,2,None
cb1ff619,3,None
716fba08,3,None
8ef38eee,3,Late Delivery
109b0bc5,5,None
5c11e676,1,None
5a45c47b,2,None
cc5ca1e2,2,Late Delivery
98a9fd38,3,None
fa5bd510,5,Late Delivery
2305a80c,2,None
fd693f84,2,Wrong Address
77a34166,5,Late Delivery
d4af5ed9,3,Late Delivery
6b647833,5,None
214359d2,1,Late Delivery
709b86c2,2,Late Delivery
60947993,1,Late Delivery
0e70164f,2,Late Delivery
4525845c,1,None
992df951,2,None
a30a7405,3,None
f432f682,4,None
f482ecf9,5,None
2e7d77af,2,None
9fcfff33,5,None
a445716d,2,Late Delivery
7ae54d71,4,Late Delivery
191e53e8,3,None
857acbb7,3,Late Delivery
a1d3571a,5,Late Delivery
564bb574,4,Late Delivery
75fd533e,5,None
071c15c9,3,Damaged Package
37c14611,1,Late Delivery
b8fa8a32,5,Late Delivery
7e7e2029,2,None
2d98a828,3,None
d55588ee,2,Damaged Package
0c599931,4,Wrong Address
56631a9f,3,Late Delivery
c760df46,3,Damaged Package
cc39009c,5,None
f1c35b28,5,None
1344ba0e,2,Damaged Package
d97de0ba,5,None
ee4b71dd,1,None
cf2d7bd5,3,Late Delivery
ec43c692,4,None
8fb80172,3,None
d78aaa5e,2,None
b146f2a0,5,Damaged Package
1afeb325,3,Late Delivery
6a947291,5,Late Delivery
f788f0c7,2,Wrong Address
c84be8ff,5,None
31f5c2a9,4,None
2f25b9ad,2,None
dacfbcef,3,None
c3975393,3,None
3b97f28e,4,None
4da0cfb8,1,None
0de08f90,5,None
2f844e63,3,None
7e92aa4a,4,None
515db3fb,5,None
6fe23cbb,2,None
3fddd283,4,None
e21644e2,2,None
15a47e09,2,None
1be51b72,2,None
dd5c1496,5,None
def17208,1,Late Delivery
012f0a16,2,None
b7ccddcd,3,None
e0855073,5,None
d7c66691,5,Damaged Package
152631ff,2,Wrong Address
8872a668,3,None
686805ca,4,None
aab90ddb,5,None
7593dda5,2,None
09d5e30e,2,None
6808707a,1,Wrong Address
b8d5e5eb,1,Damaged Package
53171add,4,None
5d892942,4,None
f5c38dac,4,None
b70f1297,4,None
0cf1e155,2,Late Delivery
e09a1ddc,2,None
cedd5460,2,None
290df533,3,Late Delivery
03ee8cc0,4,None
2b223b14,3,None
d7629b7d,5,Late Delivery
09be3c6f,5,None
ee3ec439,2,None
bef2ea65,5,Damaged Package
cd8c5b54,2,Late Delivery
d2d35ddb,4,None
40f4e173,3,None
55163238,2,None
b0f553f2,1,None
21d00732,1,None
f8934dfa,4,Damaged Package
5694a540,3,None
c2b9e769,2,Late Delivery
a0c23c08,4,None
33ccdb62,3,None
dad13d9f,1,Damaged Package
9693f68b,2,None
565d2bc4,3,None
7f162243,5,None
3faf6487,2,None
79a8c2ef,5,Late Delivery
849f4b40,4,Late Delivery
64f3d1f2,3,Late Delivery
99380d00,3,None
4aef1e64,3,None
461def14,3,None
713bb435,2,Damaged Package
45e8a714,5,None
cdf1528c,5,None
280e3cbd,4,None
02d321c6,4,None
17d70ea4,3,None
57a2a105,1,Damaged Package
ff5e2b8b,1,None
cee9edf0,3,Wrong Address
7d35500b,5,Late Delivery
c59da0fa,4,Late Delivery
90b6a646,2,None
bb7ce176,1,None
8d14e454,4,Late Delivery
ce2b64c0,1,None
004d84e5,5,Damaged Package
e153273f,5,None
c3ce8118,3,Late Delivery
71fb011a,3,Damaged Package
f73b4a8a,1,None
d3343b9e,1,Wrong Address
89a1a1cd,4,None
ad1e79fa,3,Late Delivery
16f1e349,5,Late Delivery
7df5b2b7,4,None
948e141d,4,None
d8e0712c,2,None
fddd74aa,5,None
41a233fd,4,None
9b5bab21,2,None
3321ad16,3,None
b49dd3a0,5,None
37a79f03,3,Wrong Address
1c770b42,2,Late Delivery
ab57bc67,5,None
a215086f,1,Late Delivery
940e28d8,1,Late Delivery
1b1f4e0e,1,None
43c7b748,4,Damaged Package
ab284d55,1,Late Delivery
14e6c135,4,Late Delivery
2365abfd,4,Late Delivery
389e9a0e,2,Late Delivery
d64eb9f4,1,None
3e1a9b3d,5,None
ff2f7a6e,4,None
b81a4cfc,2,None
1b10202e,4,None
c36a51fc,5,None
aa811a39,5,None
46255a3b,1,None
2c24333c,4,None
3984ced2,5,Late Delivery
be4e08f2,3,None
4f3a92cc,5,None
7ee2aead,5,None
f81af166,4,Late Delivery
e86098bb,5,Late Delivery
08c82bc3,2,None
7c183fb8,5,None
febf17cb,3,Late Delivery
de8b1416,5,Damaged Package
27b9a0ec,1,None
38613715,4,Late Delivery
b94d127f,3,None
3e826a0d,2,None
e47979ef,5,Late Delivery
2e17cb9a,5,None
7cb89e77,2,Late Delivery
d74c491e,5,None
571ef6b7,1,None
3a3f2f77,3,None
0b30ff36,5,None
6f4d580d,2,None
bfcc36ec,2,None
1bcf57ec,3,None
5ebbc09f,1,None
8b05532c,3,None
5ea7f548,5,Late Delivery
87808946,1,Late Delivery
7333473d,1,None
1703365e,2,None
e605c16a,1,Late Delivery
59ffb2fe,5,Damaged Package
bbd3507c,5,None
9725db2e,5,None
da53639f,4,Late Delivery
1287751b,1,None
cca1ed1d,1,None
6a5458e6,5,Late Delivery
7e099d97,2,None
3fa9fbb7,1,None
b509f309,4,Late Delivery
5056d7e5,1,None
a3f2ff48,3,Late Delivery
d78bbdf3,4,Damaged Package
aaeaf395,2,None
d7512544,4,Late Delivery
1d1154b6,4,None
4335a276,1,Late Delivery
fc6fcdb1,4,None
bdd35f26,5,None
40797b87,4,Damaged Package
85e8c910,1,Late Delivery
4517150e,5,None
9153d60e,2,Damaged Package
f2134614,3,None
2498b6f2,4,Late Delivery
50021476,5,Wrong Address
fd6aa2b6,5,None
7cbace46,2,Late Delivery
e4780705,2,Late Delivery
a48a2a27,3,Damaged Package
52c1f63f,3,Wrong Address
afacbf8f,1,None
fccc8d06,3,None
e12fd5f1,3,Late Delivery
89f9c06e,5,Wrong Address
def869b8,4,None
5d2f9a37,4,Damaged Package
f367569f,3,Late Delivery
5bfa3439,1,None
fb83d0fc,1,None
a4a5f186,4,None
d740d1ad,2,None
154cadef,5,Damaged Package
2c358dd0,3,None
1bf69259,5,Damaged Package
631322a6,3,None
2fafeaae,3,None
cb9cf8df,4,None
72d1a6f8,5,Damaged Package
a0550ed1,5,None
5fd7e938,2,Late Delivery
581b4f34,2,None
2f5b257a,5,None
01c52c1b,2,None
e2c084b3,2,None
4cffee50,3,None
7d30216d,4,None
30cc7518,3,None
a9ad3809,2,None
369e8df9,3,None
1c4dd68b,3,None
eb9e340d,1,Late Delivery
3b9c7c35,3,None
3dbbcb43,3,None
933819c3,4,Late Delivery
7120769b,5,None
eb47ba07,1,None
16da4b21,1,None
1701e99d,1,Late Delivery
0d76317b,1,Late Delivery
9706890f,4,None
14ec4f19,5,None
d622e257,4,None
d6867b7b,1,Damaged Package
69703357,5,Late Delivery
cf17cb82,4,None
de7ab8cc,5,None
a028f699,4,None
a990bf3e,5,Damaged Package
993759b7,4,Late Delivery
ece75046,1,Damaged Package
302552a8,1,None
e8553125,1,Late Delivery
421b7c9c,4,None
f443838b,5,None
937fcce5,5,None
ea017e76,2,Wrong Address
919cd81a,3,None
d0053074,1,None
a9ebbf03,1,Late Delivery
51d70b61,1,Damaged Package
fc34766b,2,Damaged Package
4ed42d1a,2,None
f9d142f7,2,Damaged Package
ac706afd,1,Late Delivery
5d4e1c1a,5,Damaged Package
dffb9cc2,1,Damaged Package
2e92b100,2,None
64cc91a3,2,None
c98cbac6,3,Late Delivery
a617e920,4,Late Delivery
f3526097,3,None
126287bb,3,None
1a3b1863,1,Late Delivery
b9dd194d,4,Late Delivery
6d444491,4,Damaged Package
f48f4a22,1,Late Delivery
5eb84e3a,5,None
f0d495b8,1,Wrong Address
7b0d7dc7,5,Late Delivery
76f17af8,5,Late Delivery
92bbcc95,4,Damaged Package
2fb91f75,1,Late Delivery
eb33c867,1,None
d880e28a,4,None
964c244c,3,Wrong Address
b10f60b8,1,None
3a8fed3a,2,None
fc1ea58b,2,Late Delivery
49ba1475,1,None
99e42544,5,None
7b599ac1,4,None
84c8f3e2,5,Wrong Address
2cc37869,2,Late Delivery
7890ac81,2,None
4846a85c,4,Damaged Package
50e933d9,2,None
a4daea00,3,None
2b4a6178,2,None
841f4189,5,Late Delivery
13f8eb13,5,Late Delivery
fdcde67e,3,None
36ab9a16,5,Late Delivery
3dfde585,5,None
e7f9c26f,5,Wrong Address
bc925c30,1,None
d9aa434c,3,Late Delivery
171368fb,3,Late Delivery
a1ad9d2b,2,Late Delivery
ced7d735,3,None
e6feb94f,4,None
c5c647a0,3,Wrong Address
9210df3d,4,None
bd2bd713,5,Late Delivery
fe6055aa,4,None
a3ee15a1,1,None
c6eb5463,5,None
42f10b4a,4,None
3087881d,5,Wrong Address
57685477,1,Damaged Package
63dff51c,5,Damaged Package
3d3a3c9b,5,Late Delivery
ef138e3b,3,None
4b179b7c,2,None
8976496e,4,Late Delivery
265761e5,2,None
254b7a76,1,Damaged Package
ce23a231,1,Late Delivery
9d1669f6,5,Late Delivery
68a257d8,2,Late Delivery
458fa50b,4,Damaged Package
b2858242,4,None
2f142466,5,None
ece1823b,4,None
b8fb4591,3,None
7ed0c89e,2,Damaged Package
d7496e52,1,None
7abce11e,4,Damaged Package
2fdbcec2,4,None
b25087a8,4,None
6a32bb62,5,None
6c76927c,1,Late Delivery
479b0a79,2,Late Delivery
ebf220cf,4,None
9b7b172f,3,Late Delivery
1068e0f0,5,None
bdb02043,2,Late Delivery
4187dac2,4,Late Delivery
380a06fa,2,Late Delivery
26c29442,5,None
6238da9b,3,None
f9237bed,4,Damaged Package
b06eff7d,3,None
62e6ddd6,5,Damaged Package
86115787,3,None
63a8a72f,5,Late Delivery
82f3b118,3,None
4a26caa0,2,None
dec62779,2,Damaged Package
91173e46,5,None
032cb101,2,None
5814c29d,3,None
930516ed,3,Damaged Package
a8e79b51,4,None
f352c729,5,Late Delivery
16b7f56e,2,Late Delivery
8903c2e5,5,None
1ecf85b2,2,None
a6134eb3,4,None
631f7f9e,3,Late Delivery
b0f4c845,3,None
d14819fd,1,None
d430a977,5,Late Delivery
7fa43b30,2,None
407898e3,1,None
0dbb706b,5,Wrong Address
365de916,2,Damaged Package
ccf8bc39,4,None
58167a60,5,Damaged Package
3668a97d,2,Damaged Package
a5c59d58,3,None
077dd3fc,5,None
9f719e25,2,Late Delivery
1f9b815c,3,Damaged Package
4b3d1b36,3,Late Delivery
2b4b64d1,1,None
0e65a681,2,None
30db47ce,1,None
369ca670,1,None
34f834b7,4,None
fd7c112b,1,Late Delivery
03e6a4ce,1,None
9260b214,4,None
f70ca22a,4,Damaged Package
3a5f1c34,5,None
a13a8b39,1,None
12c0aa47,3,None
eab9122e,4,None
7fed2ac7,2,Late Delivery
ca483d61,5,Damaged Package
1173df76,5,None
ba27f96f,1,Late Delivery
18deff19,3,None
7c8249c6,4,None
2c459233,2,None
238fb0d5,1,Damaged Package
0e04a94d,3,None
7bc6171f,1,None
19aa2835,1,Late Delivery
c2de68b4,5,None
6210bec1,2,Late Delivery
b0dd512e,2,None
ec18dc22,2,None
92c3c437,2,Late Delivery
de68786f,4,None
018a95ba,4,Damaged Package
9acc7dbe,2,None
d495ab41,3,None
5f6fc53f,4,None
654a4d2e,4,Damaged Package
ab2de9be,3,None
b474f11b,2,Damaged Package
a7f10fcf,1,Late Delivery
f6d84d51,4,Late Delivery
82794654,1,Damaged Package
cff6896a,1,None
f0d42948,3,Late Delivery
9e0ea644,2,None
16cfcbd8,1,Late Delivery
ea2ceedb,2,None
e1f8ada8,5,Late Delivery
8fa59bac,2,Late Delivery
16c2bdea,3,Late Delivery
79334372,3,None
1b9f205f,5,Late Delivery
20682af7,3,None
ce8ee162,2,Wrong Address
5bed4840,2,None
fe0435a7,2,Late Delivery
ed3faabe,3,None
4d00200d,2,Late Delivery
ed8afb55,4,None
4b395af0,5,Late Delivery
2310200a,4,None
7bac1ea6,2,Wrong Address
f7d819d7,3,None
23dfcba3,5,Damaged Package
03224b02,4,None
3afe306c,2,None
0c63314e,3,Late Delivery
c53dfc13,2,Late Delivery
d0b993bc,4,Late Delivery
a65c6d9d,4,None
83a56788,5,Wrong Address
de209bcd,3,Late Delivery
20abffde,1,None
1c8bea1e,2,None
4d76e987,3,None
20e2fdb3,1,None
c7848a42,3,None
21f6ebd1,2,Damaged Package
631a60d6,2,None
0ed93ea4,5,Late Delivery
a9e22fde,4,None
91f5dced,4,None
e3436475,4,None
950b3a56,5,Damaged Package
7b4df7da,4,None
cbad2d24,3,None
df3aee97,4,None
3f0c316c,4,None
3f13ae34,2,Damaged Package
c3b4698a,5,Damaged Package
07912d1a,5,None
350a7db9,4,None
58971b7e,1,Late Delivery
679f5cf8,2,None
619ffb25,4,Damaged Package
c5fc3a15,1,None
4c0891d3,3,None
655bdd30,2,None
5738fd07,5,Damaged Package
dea844df,1,None
5aa24647,4,None
e8a04447,1,None
80fc980c,5,None
61ace40b,3,None
e5151cf0,1,None
58114d17,4,Wrong Address
1ec3b29e,1,None
99a89dba,3,None
091614d1,1,Damaged Package
dfeb58fc,3,Damaged Package
21fe140e,3,Late Delivery
4944ac4d,2,Late Delivery
76ea9001,2,Late Delivery
9275722a,4,None
90487346,4,Late Delivery
be074304,4,None
a18c7b47,3,None
62052753,3,None
33b5051f,2,Late Delivery
7d17c45f,3,Damaged Package
c5e97f4a,2,Late Delivery
7a259173,1,None
6293461c,4,None
97b27a42,4,Late Delivery
a6f87da9,5,Late Delivery
134840ee,2,None
b142884c,5,None
f45036fc,4,Late Delivery
a4cb14e0,5,None
9f97b8c1,1,None
6d931d49,5,Late Delivery
51923eb7,1,None
2479afa6,4,None
74a5f658,3,Wrong Address
a97806fd,2,Damaged Package
292253ed,5,None
313d610b,1,None
8440ac02,4,None
b4d49c1d,4,None
2681cf4b,3,Late Delivery
c001c3e4,4,None
1da8257d,4,Late Delivery
b8115b09,3,Damaged Package
b75224b8,4,None
b866d115,1,None
120d4bc6,5,Late Delivery
5b4668d9,5,Late Delivery
b1e1bffd,1,None
7e666e2f,5,Late Delivery
5737df58,4,Late Delivery
b3dd0f73,5,None
9579f2c6,5,None
ca9623d2,4,None
0cedc9de,5,Wrong Address
a0f41f58,4,None
fee4c81f,3,None
2e4617ec,3,None
716b60d7,5,Wrong Address
7c1f38fb,3,None
d03892d7,5,Late Delivery
9d342ef0,3,None
fca5a437,5,Late Delivery
8a9ac85d,2,Late Delivery
bc7b83bc,1,None
a26ad6ac,3,None
40285e96,4,None
fe75202f,1,None
db052dd4,5,Late Delivery
808e1895,1,None
97bd0454,4,Late Delivery
df510b3f,4,None
dd24f316,5,None
75469526,3,None
72e1b7bc,3,None
0108b165,2,None
1a636f3b,4,None
8cd1e11d,2,None
457ecb80,4,Damaged Package
8f3fb171,2,Damaged Package
114f9e0e,3,Damaged Package
80512921,4,Wrong Address
843b6829,3,Damaged Package
fbc1c6fa,1,None
b07b9118,3,None
0f12d794,4,None
b4b8fe63,1,None
82f511c9,2,Wrong Address
4d14a557,5,None
57c0580c,4,Late Delivery
e0b23ef8,5,None
47694042,5,Wrong Address
c4ebe58f,1,Late Delivery
e6bd6573,2,None
873d099c,3,None
27bff662,1,Damaged Package
0f4a04c6,2,Damaged Package
0f0e8f3d,3,Damaged Package
8d342f28,3,Late Delivery
d11e1a02,2,None
015424d1,3,None
6b3ef808,4,Damaged Package
8e897513,4,None
5f89c9ad,1,None
86be6238,3,None
979909c1,3,Late Delivery
25f03e8d,2,Late Delivery
b209bd20,4,None
2205b7ef,5,None
c8358cad,1,None
45a68cba,4,Late Delivery
a7aafab8,2,Wrong Address
9bbc43ae,1,None
bbecdbf1,5,None
93813f4e,1,Late Delivery
994079b2,4,None
9347bb40,5,None
89c239a8,2,None
2105d42a,1,Late Delivery
37a03d67,4,None
e85a39bd,2,Wrong Address
0f91e003,5,None
536cc5df,1,None
64aa26d3,3,None
555197de,4,Late Delivery
2835a9b2,4,Damaged Package
d5b3f284,3,None
cf4436df,2,None
5070026e,4,None
72dc53ae,2,None
43b55303,5,Late Delivery
64ad2a82,3,Late Delivery
6763ec26,2,None
888d371b,5,Wrong Address
0a97171e,1,Late Delivery
7e05e5b1,4,None
04baa1a2,3,None
08f9416f,1,None
b2f2e29c,1,None
6752df7d,1,None
ba749548,2,Late Delivery
b8203b2e,4,None
b6e5616b,3,None
4d24839f,4,Late Delivery
bff25c05,4,Late Delivery
d4ee38dc,4,Damaged Package
fd7db935,5,Wrong Address
0309018b,5,None
ffedd60a,5,None
086985d0,5,Damaged Package
d41b3a38,4,Damaged Package
03489cc8,4,None
cf0d1de7,3,None
0dbe8fcc,3,None
e0246e3d,3,Late Delivery
28854eb5,3,Late Delivery
4f71ad7f,3,Late Delivery
1a0dd92d,5,None
16665e9f,4,None
f8bf7cb9,3,None
534a2b28,2,None
1a099350,3,Wrong Address
6be3884a,3,None
8a31f89e,4,None
8722105d,5,Late Delivery
70a0a786,1,None
2c9dc89d,4,Damaged Package
74f64305,5,None
3bce271d,2,Damaged Package
ef1d5b3a,1,Late Delivery
d1b5115e,5,None
d8e6543a,5,None
ae0aa648,4,None
d9d1c1c7,5,None
5adb7d8a,3,None
12f8b01b,5,Damaged Package
6042f952,1,None
eba34aeb,5,None
f3843491,2,None
03a0dad2,3,Late Delivery
6058d373,1,Damaged Package
bf7e21cf,1,None
d0030ac5,4,None
204e7629,4,None
1a2859f9,3,None
fe2503be,1,Late Delivery
254d4f5a,2,None
fa0300a0,5,Damaged Package
e59741d8,5,None
2beaa9c2,5,Damaged Package
4b3baf33,4,None
51936d38,1,Damaged Package
cc897752,1,Damaged Package
85520218,2,Wrong Address
d3bbeb12,4,Late Delivery
75f81c47,2,None
ed99710f,1,None
9477ef3b,5,Late Delivery
460a6f42,4,Damaged Package
2cb09004,4,None
d17b73bc,4,Damaged Package
511e8b28,5,Late Delivery
a225267b,4,None
e7524657,3,None
0750f168,4,None
44dd994b,5,None
86afa726,4,Late Delivery
4307e834,3,None
ef8338e5,3,None
997e9db0,4,Late Delivery
8667296a,1,Damaged Package
6c81625f,1,Late Delivery
4a7e03da,2,None
c09f4f79,3,Damaged Package
c465c09b,1,None
2214823e,2,None
7fc4faaf,1,Damaged Package
5245ef70,4,None
15fb5509,3,None
9d26d0e1,1,None
a471c936,4,None
0b18467e,2,Late Delivery
613c1f53,4,None
aec15f2c,2,None
fa69791a,1,Late Delivery
6297c971,5,Late Delivery
5bd10d52,4,Late Delivery
d5f4bbda,5,None
2fbc4d39,3,None
e3fbc9b6,5,None
86aba22d,3,None
1ffe34d5,1,Late Delivery
ec44cfde,1,Late Delivery
f9b9e77f,4,Damaged Package
10e6946d,5,None
fba2e3cc,3,None
13a646e4,3,Late Delivery
155f5269,5,None
d2ebd038,1,None
b50ac6fa,1,None
a8b32618,3,Damaged Package
a5c083c3,4,None
54a1d77c,1,None
b16826ee,2,Damaged Package
210fc734,3,None
87f81525,5,Damaged Package
1658c37c,5,None
0bc5488a,3,None
d5a41b94,3,None
d89aed73,1,Late Delivery
1a59cf00,3,None
e9ea16ea,3,None
d171171b,2,None
7a9f9301,5,None
10b3c6c0,1,None
907ea0ed,4,Late Delivery
f3a9d71e,1,None
907b3c4a,5,None
d560cb74,4,None
27db4d8a,3,None
1dcda0a2,2,Late Delivery
84c55091,2,None
b26a3aa0,5,None
597a306a,5,Damaged Package
24cb4976,2,None
2e61d7b2,4,Damaged Package
b4807b72,4,None
3d312f4f,1,None
83405601,3,None
d9f4f7c4,4,None
4035110a,3,Late Delivery
70aab60f,5,Wrong Address
afcb83e4,4,None
25b74b8f,4,None
8a27dc4d,4,None
994c7667,1,None
6e79d155,5,Late Delivery
24cb61f3,2,None
9490b7ac,1,None
fca410a2,1,None
38262eb4,4,Late Delivery
a01ffde7,1,None
629942b4,2,None
a8b2ee94,1,Late Delivery
4c19a77c,1,None
c179f392,4,None
4f1d5799,5,None
f025ce35,2,Late Delivery
71460452,4,None
7e926425,1,None
f8b4d45f,2,Late Delivery
c1bc14e3,3,None
063827b9,1,Wrong Address
a8705681,5,Wrong Address
7a2d079e,1,Late Delivery
38829f26,5,Late Delivery
4113310b,3,Late Delivery
d74899eb,4,None
0bd73541,4,None
4602756e,4,Late Delivery
a87387a8,2,Late Delivery
817fa7cd,5,Damaged Package
be58078e,1,Damaged Package
1995a968,2,None
2279b955,2,Late Delivery
69c179f3,1,Late Delivery
2bc23fb3,3,Damaged Package
f9fb7d59,4,None
eea0e360,3,Late Delivery
91480d71,3,None
848e6c9f,4,None
d26215c2,3,None
421ab70a,2,Wrong Address
ff6d5613,1,Late Delivery
e14c9f4a,2,Late Delivery
09ca1a49,2,None
b2352d4a,5,Late Delivery
2b361320,4,Damaged Package
f0b6fea5,4,None
b18c88a5,2,Wrong Address
19a29299,4,None
822f8733,5,Wrong Address
427864c9,1,Late Delivery
1b526172,3,None
5154fbe3,4,None
abc064ca,2,None
0fc58d87,4,None
1d45a226,2,Late Delivery
09785997,3,None
c9944332,4,Wrong Address
aad049e3,3,Late Delivery
0d4662a7,2,Damaged Package
cf62ca6c,5,Late Delivery
508108cd,5,None
73570139,1,None
6e4b15d4,2,None
ea562514,2,Late Delivery
43ba12f5,2,Damaged Package
6dfc9850,5,None
2f4e8784,5,None
b94e8486,5,Late Delivery
746c8768,4,Late Delivery
0f9b2935,4,None
75fccc62,5,None
a74e1675,3,Late Delivery
d136ea03,4,Late Delivery
f304457d,4,None
41a21c3d,4,Wrong Address
0c9dc8a3,4,Late Delivery
f8112d23,1,Late Delivery
a8414f4c,4,None
9788c482,3,Late Delivery
ab58ffdd,1,None
e936ec4e,4,None
3c27fb33,2,None
b89c4631,1,None
a76fb3a0,4,Wrong Address
46cc6b72,3,None
f934b796,5,None
53a40b8d,4,None
a78a4f9e,2,Late Delivery
b878242d,3,None
4a50d64f,1,None
60882c18,3,None
75bff202,4,None
ccc6d7a1,2,None
a07345a1,3,None
158cc0c7,3,None
28cf299c,5,None
5c9315bf,5,Late Delivery
cb134a2b,4,None
9312c38d,1,None
68e94818,1,None
75ea9e56,2,None
7540d675,4,Late Delivery
34b244c6,1,None
2b3572d1,3,Wrong Address
4d284fcc,4,None
d989b299,3,None
f3055473,2,Late Delivery
c61ed648,4,Wrong Address
6e209645,2,None
a8068d1d,5,None
9055025c,2,None
189d7ae7,5,Late Delivery
2be06ff1,4,Wrong Address
1c6d1347,3,None
92e3352b,3,None
88ee4918,3,Late Delivery
5468751a,2,None
bf54be7f,4,None
190bf428,4,None
f5df88f8,5,None
5975950b,4,Wrong Address
13428e20,3,None
ada4da9d,4,Damaged Package
8c6fac42,5,None
3c4df576,4,Late Delivery
8813b0cd,4,None
88f38637,3,Wrong Address
308fc1a0,4,Late Delivery
2cb9136b,2,None
f0a38495,5,None
564ab83b,5,Damaged Package
5c35643d,5,Late Delivery
709f3347,4,None
e0f1b428,2,Late Delivery
e854b9db,5,None
bc17b366,1,Late Delivery
ab969f5a,3,Late Delivery
731471ce,1,None
56075873,1,None
58cdff0f,5,None
024cb52b,1,Damaged Package
f3cad715,1,None
3164b9f5,2,Late Delivery
74204ec7,3,None
eeccdf26,4,None
760bc242,5,Late Delivery
add8bdf3,5,None
6c55e79f,1,None
c96fa23a,4,None
f39050ff,4,None
f4c4e5bf,4,None
eed7e1f8,5,None
0bd82438,5,Late Delivery
7421d035,2,Late Delivery
3696203e,5,None
4973344c,5,None
30582796,2,Late Delivery
1d933f4e,5,Damaged Package
862ffeb6,1,None
de1128f2,1,None
116ad0a2,2,None
77e10091,2,None
ddd5568b,1,None
ca33ab06,4,None
63b02624,5,None
9c692a61,3,Late Delivery
79587d30,3,None
cf1c8d5c,2,None
ae4694be,3,None
8fae9686,4,None
9beb9f1d,3,Late Delivery
4a4a753a,1,None
9b93fde3,2,None
dda9f097,3,Late Delivery
88c9afcb,5,Late Delivery
405f02e9,2,None
63230173,4,None
1dbe3267,1,Late Delivery
6471bbf2,3,Wrong Address
33e9143f,1,Wrong Address
7b7c6733,4,Wrong Address
08f09b42,3,None
d7f9b039,2,None
78f5f161,2,None
8f902fd4,5,None
cb37f27b,4,None
1f697e0c,3,None
e1a4e912,1,None
158eb827,1,None
8e154b0f,3,Late Delivery
6a15c505,4,None
051c4f1a,4,None
efa15cbc,1,Late Delivery
ca7eac13,3,None
1e32b52e,3,Late Delivery
53e3532c,1,Wrong Address
5e0c67a0,3,None
f75fd3bb,3,None
357ec0f6,2,None
0bbf777b,2,Wrong Address
af8b49b6,5,None
f5d98707,5,Late Delivery
6fd9f90b,4,Late Delivery
895ed04e,2,Late Delivery
34623fd0,2,Wrong Address
55fdb903,2,None
bb53e309,2,None
4142c423,4,Late Delivery
c2473459,1,Damaged Package
7129cc55,4,Late Delivery
0071422a,1,Damaged Package
a8ba8ce8,5,Late Delivery
3549ce07,2,Wrong Address
6dc243f1,1,None
24651233,4,None
0a621028,1,Late Delivery
3646be38,3,None
acec4664,5,None
f707db05,5,Late Delivery
06e59ca8,2,None
96e8c255,2,None
7131950e,4,None
57f02a08,1,None
e8b064de,3,Late Delivery
d88d236d,5,None
cfa98c40,1,Late Delivery
2075e613,3,None
5a7127a1,1,None
5f593172,2,None
91ce2fb5,5,None
d971530a,3,Late Delivery
4fb0db66,2,None
ec0a6f04,4,None
f97671cb,4,None
e50cd531,2,Late Delivery
f02015e5,3,Late Delivery
e221bda4,3,Late Delivery
5cb891bc,5,None
51d8d9ca,2,None
b6e19ea3,4,None
7b6071ce,2,Damaged Package
515f7ad7,1,Late Delivery
ca4e2c7c,3,None
efabcef8,1,None
ac852e66,4,None
94d4c60d,3,None
29e8c115,4,Late Delivery
8d0d0fa7,4,None
fbbbd006,4,None
98df7aa6,5,None
e44ac1e2,4,Late Delivery
87537fc8,4,Damaged Package
1ea81e4b,1,None
296f6146,1,None
552b691b,1,None
443b3b3a,3,None
21e887b6,5,None
0bf2b004,3,None
f403e520,5,Late Delivery
4e71bcc5,5,None
d0cebefe,2,None
83a6e02b,2,None
920c4ab7,2,None
c53acf0e,5,None
c24c3ebb,5,None
4579b730,3,None
c17a856d,5,Damaged Package
d5f27d95,4,None
ad97a477,4,Late Delivery
68d86ad3,5,Late Delivery
3dd3b033,4,None
47d05c8a,5,None
8c9a4945,2,None
7ffbd3c4,5,None
fc2dcf7e,2,None
b326f955,1,None
86459647,4,None
5f8319f8,1,None
0c726316,4,Damaged Package
721e4fda,1,Damaged Package
be393165,5,None
23a5de57,1,None
0d18416b,4,None
e50c2693,3,None
ec56d2b7,4,None
1ce9f87e,3,Late Delivery
f339eded,5,None
4c4cd177,4,None
d0d72557,1,Late Delivery
170d4779,5,None
0334737e,4,None
1b1a044e,5,None
8424d016,3,Late Delivery
1d92df06,5,Damaged Package
4132ab0b,1,None
e21d27dc,4,Late Delivery
e778adcd,3,None
31321286,5,None
ed21a1d9,2,None
9bae3c7c,3,Damaged Package
44ee85db,3,Late Delivery
0fbb7bdc,1,None
15a9f7f5,1,Late Delivery
00d4927a,5,None
3d12cd56,2,Damaged Package
415edec8,3,None
42c059f0,5,Damaged Package
08e62db8,2,Late Delivery
d182ce7e,5,None
1afe7f1f,3,None
c2754e48,5,None
962e71f0,1,None
3ee60ff5,1,None
6ee25939,4,None
35606ff1,2,None
af04f4d4,3,None
a07a83cf,2,None
d73a19b6,1,Damaged Package
478edc4b,3,Late Delivery
2742f30c,4,Damaged Package
f84e86fa,1,None
4353e46f,1,Late Delivery
425c306d,2,None
1499e98a,5,Late Delivery
ecead5cd,2,None
3aef1230,1,None
81bf200c,2,Late Delivery
d20fba1e,5,Late Delivery
7f73df7c,4,None
d0d80647,3,None
b1857d09,1,None
4cecaa39,2,Damaged Package
5c6fcb8d,1,None
fe85f61c,3,Wrong Address
d2793ea1,2,Wrong Address
506929d4,4,Late Delivery
2ce9ef7e,3,Late Delivery
7d8a535a,5,Wrong Address
82f1786e,5,None
5d74b653,1,None
d0ab29a4,5,Late Delivery
61fd6bdd,2,None
659bb501,5,None
1bce1557,4,None
f99880fb,2,None
0c5f66a4,1,None
0c5b79a8,1,None
f2cd5925,5,None
39677ebf,5,Late Delivery
0d7dc080,1,Damaged Package
8a1e0ae7,2,None
9d4cad63,3,None
ed1557ea,1,None
e29df3c6,4,Wrong Address
6e357756,2,None
87d6b723,3,None
1946393f,3,None
267e9af9,2,None
ce9626d6,1,None
734a37c1,3,Late Delivery
5b1eaf71,4,Late Delivery
1e7bccd2,2,None
ba9e9cbd,5,None
a3198850,1,None
8574235d,2,Late Delivery
0199b56a,4,None
a4d63301,3,Late Delivery
3edfca04,1,None
b86c3b8c,1,Late Delivery
f2de35a2,2,None
cd3a96de,2,Late Delivery
57e73463,4,None
b92f5ee0,5,None
a7169f35,2,Damaged Package
55de2225,2,None
239d5b14,2,None
e489a9cf,4,Damaged Package
898542af,3,None
1644b5a4,5,Late Delivery
1923cac7,4,None
68fdde7a,2,None
0516185e,3,None
eed9c275,2,Late Delivery
8ef13cdf,4,None
70a0e2de,1,None
dce79f3a,2,None
f6c34d8f,3,None
012d451d,5,Damaged Package
38957387,1,None
5c45b08e,2,Wrong Address
3d664d97,2,None
76985b76,3,None
aecdc85f,1,None
31656f1f,1,Damaged Package
ed62c86f,1,None
d8811ce7,2,Damaged Package
62832a9a,1,None
d7c6e8b3,2,Late Delivery
c9b733db,2,Late Delivery
b50e15b0,1,None
caaf4ef2,4,None
9ad06b99,5,Late Delivery
8201e6c7,5,None
1103306a,4,None
14016514,1,None
feceed8e,2,None
2d0c12ff,3,None
fb525ef0,4,None
7b10c8f9,5,None
5c34ff14,5,None
1c761a34,2,None
0902cd2d,5,None
29e8846a,5,None
4d1acf02,2,Damaged Package
226bf97b,1,Damaged Package
95df6ee6,5,Wrong Address
019ef2d4,1,None
b5546c71,3,None
b7f1f301,1,Late Delivery
4bdeb777,2,Late Delivery
a7be20c0,2,None
0afd24f0,2,Late Delivery
dd8f22fd,5,None
b68390e6,4,Wrong Address
d07d99a5,5,Damaged Package
3afab6b4,1,None
562e2fc5,3,None
a7ae5f7b,3,None
fa3a43c8,3,None
2cdb2442,3,None
7179474c,4,Damaged Package
f99b0f2d,3,Late Delivery
1c3e66a9,5,Late Delivery
1f4ed0f8,3,Damaged Package
8093cfe2,2,None
991aaa09,1,Late Delivery
9756e4c5,5,Late Delivery
2d6c953b,4,Damaged Package
d349921e,5,None
023b55c0,2,Late Delivery
5a528913,3,Damaged Package
1ea92365,3,None
26a53db9,4,None
c7a7911f,1,Damaged Package
76c0e436,3,None
ec6fdebd,4,None
816e2b3a,3,None
184fcf6e,5,Late Delivery
a23fe33d,4,Late Delivery
b3b471b0,4,Late Delivery
525a3ebd,4,None
ee79b3a9,3,Wrong Address
204f9f37,4,None
c68abce0,5,Wrong Address
4e63c497,1,Damaged Package
87ed0f20,1,None
39d5d9d4,2,None
639985ff,5,None
55bb0aed,5,None
047f8c7b,4,Late Delivery
6f12923c,2,None
7230511a,5,None
0812907c,5,Late Delivery
0d6c475f,5,None
6704051f,3,Late Delivery
93629354,5,Late Delivery
2d216441,3,None
0caa4d57,5,Late Delivery
064f9ca3,1,Late Delivery
6b96d596,3,Late Delivery
d135e10e,3,None
57913d80,4,None
cfe992d6,5,None
3dd83f9a,2,None
1b0d66f9,2,Late Delivery
455828cd,2,None
ec95dc35,2,None
171516f4,1,None
694d8988,2,None
5db3876d,4,None
dd3ba293,2,None
f29b7178,4,Late Delivery
fee45a69,3,None
730044f7,5,None
93fbe776,2,None
515a3242,4,None
de9388b4,4,Late Delivery
3397a8bc,5,Late Delivery
6ced94be,3,None
dbbfb1f8,2,Late Delivery
d953ad30,4,Damaged Package
4d39cede,2,None
3141755c,1,None
be1584f0,4,None
d50d6fe0,3,Late Delivery
322b14c4,5,None
e19c471f,4,None
2b0e1865,1,None
6c9d3b6f,5,Late Delivery
c7f14342,3,None
de44861c,2,Damaged Package
225e5cee,2,None
1aa0b934,4,Late Delivery
f7769083,5,None
987a8313,1,Damaged Package
355c14b2,1,Late Delivery
7d8dcddc,3,None
386a16ae,5,None
448e73c9,5,Late Delivery
d3b451bb,2,None
75b62427,3,Damaged Package
ab343462,3,None
9a7e2c30,3,None
222108ae,5,None
13322ff3,2,None
7b25dc1b,3,None
5121e0f3,2,Late Delivery
4dfc3131,3,Late Delivery
e0f46825,5,Damaged Package
a1069899,2,None
dd5b058e,4,Late Delivery
85422c44,3,None
d1644b54,5,None
1bf279b8,2,None
7631cf1d,1,Damaged Package
c880c84a,5,Late Delivery
5756392b,5,Late Delivery
9c502124,1,Late Delivery
7dd42331,1,None
91f69568,4,None
d277fdea,4,None
caf6e2d4,4,None
8fe2212f,5,None
e02c857c,5,Late Delivery
6dd8d3a6,5,None
32b86243,4,None
70a47e60,2,None
b0e6c3f0,5,None
426051cb,5,Late Delivery
5759ebc0,5,Late Delivery
881d1d8a,4,None
9628f677,3,None
06a5e9e3,4,Damaged Package
29bc92ba,3,Late Delivery
ca647b54,4,None
6773a3b6,2,Late Delivery
fbc89bc5,2,Damaged Package
f11c57b3,5,None
9a126526,4,Damaged Package
715ef001,3,None
1199e949,3,None
84f80e95,2,None
45794fe4,5,None
a7534368,3,Damaged Package
4bd042e3,4,None
a34a8516,5,None
f779876d,4,None
2bb1f907,4,Wrong Address
f730513f,2,None
733dfce4,4,None
23bda711,1,None
0ffd73ea,5,Damaged Package
7b21a1fa,1,None
e3aa82de,4,None
5523cfb0,4,None
ef328b01,2,None
db97d575,2,None
f193d630,2,Damaged Package
14d69af2,2,Late Delivery
b4ab0a4a,3,Wrong Address
3eae0001,2,None
4828df71,4,None
527354e5,4,None
eb247fdc,5,None
7d99cbd7,1,Damaged Package
cf67c23c,3,Wrong Address
74647b5b,3,Late Delivery
4f6dd0b9,5,None
d274abe9,5,Late Delivery
19cbc7aa,2,Late Delivery
03f55b69,5,Late Delivery
d0bbf8fa,3,None
df3fc09e,1,None
edc89e76,1,None
1e6c071f,3,Late Delivery
7b9604b8,2,None
1f97f6be,1,None
ee375c86,1,Wrong Address
d8857a51,2,None
0c2b70f3,1,None
80c38d95,4,None
4b5ae955,3,None
ddc316a7,1,None
e4f6c08d,1,None
20a6f771,2,None
7c0e6974,1,None
82715ae2,2,None
f78cc139,3,None
594c4296,4,Damaged Package
951c4cf5,5,Damaged Package
b126ba36,3,Late Delivery
9e405ca3,1,Late Delivery
7dfb6ef8,4,Late Delivery
dbd69f47,5,Late Delivery
d829171a,5,Late Delivery
f69bf799,1,None
51325eba,5,Damaged Package
0f1639fb,5,None
438ad1ec,3,None
62c68eee,3,Late Delivery
c51f3482,5,Damaged Package
3930e9f1,2,None
dca0f860,1,None
670a1f12,2,None
c3736cbe,2,Damaged Package
9755f51e,5,Late Delivery
6a9c5ec8,1,None
d075dc81,2,Late Delivery
23602ac6,3,None
2b8e231a,3,None
0d3d762f,1,Late Delivery
dd1ac3de,2,None
757c886a,4,None
d2111a9a,4,None
9276bb2e,1,Late Delivery
386e79b5,1,None
db1d9f5e,4,None
0c7c947c,2,None
1d1dc66a,2,None
ca0ba736,5,Late Delivery
bc38930b,1,Wrong Address
acffdc06,2,None
30cb8520,4,Late Delivery
288c2a3f,4,Late Delivery
24862c0b,3,None
320f25dd,2,Wrong Address
5dd0f292,5,None
1da9cb43,5,None
25410158,1,Damaged Package
3123d71c,3,None
56abc93f,4,Late Delivery
3e8c9ce9,4,Late Delivery
e90f27b6,1,None
7182f920,5,None
8a3a4aa2,5,None
ff056720,4,Late Delivery
7e166b08,1,None
9d5bdb6f,2,Late Delivery
01a5bfb9,3,None
5432f75d,5,Late Delivery
19c47b80,5,Damaged Package
c8a1a534,5,None
51d308b8,2,Wrong Address
9f111030,2,None
ac2ad663,3,None
2faa72ec,5,None
5e083597,4,None
257a367d,5,None
b67fff3e,3,Damaged Package
b937e600,3,Late Delivery
9e49e4f9,4,None
280dc1ec,2,Late Delivery
dd4054a4,4,None
c9f15e91,3,None
d8f32d5c,4,Late Delivery
f276ab86,5,None
fe9371ff,3,Late Delivery
cb183e9b,2,None
6772d688,2,Late Delivery
2ca3b3e6,4,Late Delivery
6d56f0e4,4,None
72853a04,4,None
d44ed302,5,None
4cc74733,2,None
b8a8205e,3,None
6fa0aa90,3,None
1753472f,2,Late Delivery
92895646,4,None
ef532d4b,1,None
057dfff1,4,None
35a14d08,2,None
b13f703c,5,Wrong Address
cec84003,4,Late Delivery
eb3feae8,3,None
a438c092,5,Late Delivery
0f239966,2,Late Delivery
ca0b6eb5,1,Late Delivery
3bf4dcd7,4,None
92e2cd6d,5,Damaged Package
80e52ecd,5,Late Delivery
69081367,3,None
6ed877e3,4,None
43914004,1,None
b811d1c9,5,None
6aacd2c6,3,Damaged Package
bde10dbb,4,Late Delivery
98c8d0d4,4,None
7eb6f223,1,None
c78fc7f0,3,Late Delivery
bc1addc8,1,None
4bec8a6b,5,None
d50c0f7e,2,Late Delivery
f2c24fac,2,Late Delivery
b5eaa2b8,1,Damaged Package
f26a5ed5,1,Late Delivery
20390941,2,Damaged Package
165cc044,5,Late Delivery
b4845bd4,1,Late Delivery
8192ee35,5,Late Delivery
fa213d0b,5,Damaged Package
57c79a3a,3,None
49bd13b0,5,Late Delivery
1a0ab609,4,None
3f067dbe,2,None
638398d9,2,None
807bb99d,1,None
bf2ba087,1,None
0fd77f7c,3,Late Delivery
14a4ff2f,3,None
b5ef908a,4,Late Delivery
9355ad2b,1,Wrong Address
dff9dc7f,2,Late Delivery
a8fdaafb,4,None
b663f1aa,1,Late Delivery
6661dc52,4,None
2de52583,5,None
f92745a5,5,None
86fbc0e3,4,Wrong Address
efdb06d5,1,Late Delivery
13c3bd6f,5,Late Delivery
bd6fad2c,5,None
8fca716c,4,None
f30f50ab,5,Wrong Address
1c93f1a8,2,None
8a08a42a,5,None
9f0076a1,4,None
3559dea4,5,None
db8d11dd,5,None
b9986c9e,3,None
7b7a45f2,4,Wrong Address
08102734,4,Late Delivery
3682d9ad,3,Late Delivery
fc0385b9,3,Late Delivery
43eec985,2,Damaged Package
a74fbb8c,5,Late Delivery
e37d4b37,1,None
ad112e20,1,None
15c7376d,3,Wrong Address
8c68faac,4,Late Delivery
baedc4e1,4,None
09551d34,2,None
be0b0969,1,Wrong Address
7d583beb,4,Wrong Address
798c4c78,2,None
a7e8bbe6,2,Damaged Package
13a84d86,3,Late Delivery
0ec97833,1,None
ba9c75bf,2,None
a81a1e1f,2,Damaged Package
1b571c01,2,Late Delivery
fe2d2d99,1,None
0fe13681,3,None
de959ee5,5,None
bae8e8ab,4,None
c3357eac,1,None
a321606c,1,Late Delivery
b2beb7f7,1,None
32e76b43,5,Damaged Package
2a187099,4,None
8479a603,4,Late Delivery
32d69659,2,Late Delivery
351849da,2,None
c3f2c135,3,None
056da8f9,1,None
dbb6a850,3,Damaged Package
e22fabfe,1,None
d4dd18bc,4,None
7d542275,3,Wrong Address
413d1518,4,Damaged Package
0e5b95b0,2,None
9ccd4e1a,4,Late Delivery
655141da,5,None
286566fa,3,None
55455fbd,1,None
e915deeb,4,None
d39284de,3,Late Delivery
31967b00,1,None
17a0f416,3,None
e65e51cd,3,Late Delivery
00ede20a,5,None
37e821aa,4,Late Delivery
fdfb9e59,5,None
19c7f81a,2,None
20befe40,3,None
5773eb18,4,None
73c9ccce,2,None
791875bb,2,None
a90cb414,5,None
a49a3db5,2,None
15347810,1,None
02297664,1,None
6a9022c2,1,Late Delivery
208a275a,2,None
f654d900,3,None
7c0c307a,4,None
5f52358c,1,Late Delivery
d05a6515,1,Late Delivery
f55ea82f,1,None
24d5ee2d,5,Damaged Package
85bfa54d,5,Wrong Address
c9bc9a24,1,None
03b98819,1,None
b5134dc0,5,None
cc7bba46,4,Damaged Package
11bf5b4f,3,None
6a318281,4,None
f1fde0e9,3,Damaged Package
b80b2f8f,2,Late Delivery
69750d89,2,Late Delivery
4f27befe,4,Late Delivery
40f12942,5,Late Delivery
fe295e55,1,None
3bfeff26,2,None
eefe8675,5,Late Delivery
3d4eca36,5,None
f40129ec,3,None
05edb79c,2,None
1e3cf413,4,Damaged Package
0c8a33b9,5,Damaged Package
e6f2d2b6,4,Late Delivery
79c77c27,4,Wrong Address
e1065898,2,None
188b1451,4,None
f1ad7701,4,None
a7e92c34,1,Late Delivery
701c0a09,4,Damaged Package
91fdc355,1,None
7f1fba07,2,None
4434ec3b,4,Late Delivery
79858a03,5,Late Delivery
8ce7e1ff,4,None
69b81275,1,Wrong Address
d94b7b2d,5,None
75ba85d3,2,None
9c65a5d2,3,None
7faa4156,3,Late Delivery
89f207e4,1,Wrong Address
cde4948d,2,Damaged Package
6d4f8a65,2,Late Delivery
22f67a61,4,None
7f750603,3,Late Delivery
f266afbd,4,Wrong Address
f16921a6,2,None
26a5cbb5,1,None
d7c90448,1,Late Delivery
08234b27,5,None
2502e5e2,1,None
65bf4971,3,None
b3bab58d,5,Damaged Package
6a3e1255,3,Wrong Address
03102ba2,4,None
9ccb5ea3,4,Damaged Package
1aa4a4d7,1,None
0f99336b,5,Late Delivery
13f3a6b2,3,None
fc1bb7e0,3,Late Delivery
49848f60,2,Damaged Package
87659cbf,1,None
28029acf,4,Damaged Package
eae07f98,2,None
58201452,4,Late Delivery
4d5d2f07,4,None
965f4583,3,Damaged Package
6d82378f,4,None
9595b6d4,5,None
ed374540,4,Damaged Package
7865bcf9,5,Late Delivery
1c9e6c1a,4,Late Delivery
25ad7ecf,2,Late Delivery
ae14184a,3,None
c3f2bec1,2,Wrong Address
30a83449,3,Damaged Package
8216a72d,2,None
ab7a491c,1,Late Delivery
7eabc498,4,Wrong Address
681231f1,4,Damaged Package
563b9bca,1,None
9cc0c8c9,1,Late Delivery
bc082fa5,5,Damaged Package
b77cce0b,2,None
f0d9d436,4,Wrong Address
1e215341,5,None
d8a8b42f,4,None
094cf0a5,1,None
f4045201,5,None
283267f7,5,None
d8570642,5,Late Delivery
6c54cce1,2,None
79c6202c,5,Late Delivery
1081bb27,4,None
60ce757b,2,Damaged Package
fec2f311,4,Wrong Address
3a4f34a2,5,Late Delivery
46d06398,5,Damaged Package
79126b6f,4,Damaged Package
9a7a43a5,3,Late Delivery
291988d6,5,None
71530646,5,None
f03e499d,2,Damaged Package
b998c942,4,None
1ca39279,5,None
695f9a83,4,None
870e3be0,2,None
d77fbfc8,4,Late Delivery
543b6999,4,Late Delivery
16a0078f,2,None
ce5cdf23,5,None
e375250b,4,None
8c82d455,3,None
d261233d,5,Late Delivery
f5f65db7,2,None
2d09454a,1,None
32cf1381,3,Damaged Package
b33f8e7c,5,Damaged Package
a6ed0fee,2,None
42b50cc7,3,None
daec8894,5,None
120b7c1d,1,None
7f70e080,5,Damaged Package
f900d6f5,1,None
87397a6a,1,None
2c10b43a,4,None
2d9eebb2,2,Damaged Package
588f2a46,4,Late Delivery
1df37235,1,None
4afd286d,2,Late Delivery
d215fd31,2,None
e1f4f1e3,2,Damaged Package
55163899,3,None
9a0e0498,5,None
1410d7cb,1,Damaged Package
db87a76d,2,Damaged Package
21126700,3,None
37ab28d7,3,None
7a56aef0,1,Damaged Package
98d05dff,4,Damaged Package
9c1cbd28,3,Damaged Package
2a6c6803,1,None
7859b993,3,Damaged Package
0196e209,1,None
9f2c29db,2,None
85209535,4,None
3325c42d,3,None
868591b2,3,Late Delivery
31856195,3,None
c44566ed,5,None
94e886fa,5,None
210387a9,2,Wrong Address
62908b79,3,None
2904ec19,4,None
0865a9be,5,Late Delivery
355d5506,1,Late Delivery
8a6e4ad0,1,Late Delivery
fbca894b,1,Wrong Address
72178c68,2,None
0cc2df8e,3,None
e6341a6b,3,Late Delivery
adeed30b,5,Late Delivery
493c5fad,1,None
79bb6a69,2,None
eaa7dfbe,4,Wrong Address
b953f385,3,Damaged Package
83115da3,3,None
d82be0c5,2,None
2dde8623,5,Late Delivery
96fa9a85,2,None
d5050215,5,None
ce0e14b1,3,None
f56dcd3f,5,None
d4d73621,5,Damaged Package
ebf74406,5,Late Delivery
f25fd606,5,None
f68711ba,1,None
d1013f92,1,Late Delivery
8f39dd0e,1,None
3de9b7cf,1,Late Delivery
c693d65e,2,None
38305170,4,None
a625c229,5,None
654d3c8d,2,Late Delivery
645b06ff,1,Damaged Package
e7ee9bc2,5,None
d6e78ef0,4,None
e83caecb,5,None
e4433b79,3,None
1727ce1a,3,Late Delivery
ed41c7ce,2,None
076d12ff,4,None
5d7464ed,2,None
3b4d98b6,5,None
fe05a03c,4,Damaged Package
07766ea0,2,Late Delivery
6c0fa46e,5,None
168a4cb2,1,None
b0655056,5,Late Delivery
89eb015b,2,Damaged Package
b4c275ac,4,Damaged Package
e94de2ce,4,None
6d394021,1,None
80ba133c,2,Late Delivery
e1adae8a,1,None
87b740bd,3,None
1c4212a4,5,Wrong Address
789a98f8,3,Late Delivery
fb90c94b,3,Late Delivery
75aaf569,1,None
27bf586b,1,None
3bcc7f34,5,Late Delivery
c7c99030,1,Late Delivery
d3b28baa,1,Damaged Package
5e3b21dd,1,Late Delivery
0d83aa68,1,None
8a43beff,1,Late Delivery
3546ea1f,3,None
939385d2,3,Late Delivery
92f3408b,5,Damaged Package
e711f62e,4,Late Delivery
bfe4596a,5,None
4ab16b6a,2,Late Delivery
c26d22a9,5,Late Delivery
4afe977b,5,None
a2f6d6a2,1,Late Delivery
a5c3ee83,1,None
ece0f523,1,None
99bfabe0,4,Late Delivery
c5bf5f92,1,Late Delivery
e05a1b3c,2,Wrong Address
38860708,3,None
2589ec3e,2,None
9bcf8239,4,None
25b3d766,1,Wrong Address
80ff3b43,5,Damaged Package
d04f9743,3,None
fff0d53f,4,None
f473eb4f,2,None
1b2f05cc,1,Late Delivery
2fff5f2d,4,None
fa0118b9,4,None
3bc68d0d,5,None
23727ef0,5,Late Delivery
b911e12e,5,None
73bc21be,2,Late Delivery
c0966fb1,5,None
10b8aa91,4,None
6f059eba,4,None
25a0b641,4,None
003e37f4,3,None
0e258a3a,3,None
8d9cfcf6,2,None
cee4a197,5,Damaged Package
a71395e7,4,None
6767fd75,5,Late Delivery
069c62c8,4,None
5f94b11b,3,Wrong Address
63cdae0c,4,Wrong Address
7a5cfb78,2,Late Delivery
294badf7,1,Late Delivery
f2e13c70,4,None
8f5c87bc,2,None
f47b0843,3,None
c828978c,3,None
a5ad36c5,1,None
6de93e8c,5,Wrong Address
c6b83524,5,None
9e05d947,4,None
65de3c7a,3,Late Delivery
208a4763,2,None
a5757d26,1,None
0f9339dc,5,None
016515b5,4,Late Delivery
b20c6a20,4,Damaged Package
30f3d6cd,3,None
52e8386b,2,Damaged Package
1610844a,2,Damaged Package
2d0bb42c,5,None
b4779296,4,None
0575b11a,3,Damaged Package
75790d26,2,None
b3d46a70,4,Late Delivery
e190dbd9,2,None
1b2a4a90,1,None
497948d2,2,Late Delivery
fdaf6c19,2,Late Delivery
eac4f14c,4,None
79dc3756,2,Late Delivery
566385f2,2,None
57042c4a,1,Wrong Address
bbc5bdfe,2,None
967068d0,2,Late Delivery
2a4214f0,4,Late Delivery
2dca5033,3,None
27d35ea0,1,None
2a3a2c8c,2,None
a43d905b,3,Late Delivery
c412f063,4,None
d5ce14b6,1,Late Delivery
9e6b4c65,4,None
4e16bcb8,3,None
7833efe5,1,None
f00c951a,2,None
b2bd7a44,3,Late Delivery
3968802d,4,None
6cf92d35,1,Late Delivery
d7f30478,3,None
88ba3a81,3,None
8576ed72,4,None
0ed31b7b,4,None
c5fefee7,2,Late Delivery
a257b3da,2,Damaged Package
138abc7b,3,None
ed469352,4,None
27be924b,3,Late Delivery
0a4bddfa,5,None
6d50ede9,4,None
c67b4e65,5,Late Delivery
c4a82ee0,5,None
1dc60d3a,4,None
61c13e3f,2,Late Delivery
1f4c31c9,3,None
97cdfbc9,1,None
09e45352,1,Late Delivery
f8c6dea1,4,None
24fd4e0f,2,None
9fabc11a,2,Late Delivery
0a938d7e,2,Late Delivery
5e18908d,1,None
73a1d7c0,5,None
5b6b84b4,1,None
9d9f304e,2,None
5200a58f,1,Damaged Package
1cb6bfe2,1,Late Delivery
28d4daad,3,None
769c5d3e,4,None
8e65f3d6,5,Damaged Package
c6d3cfc9,3,None
5218cedd,4,Late Delivery
5f14c215,2,None
c7f07103,3,None
75822be1,4,None
021d1a63,3,None
79916e68,1,None
9d4a5e01,1,Damaged Package
6e1a7a42,3,None
c23f4eb7,3,None
d536cbcb,5,None
30c054e7,2,None
1d13a10e,1,None
c876c43b,3,Wrong Address
4bd3027a,4,None
24cf4f39,2,Late Delivery
6726d581,4,None
d69a7d87,2,None
b9b2e6fe,4,None
a16c402b,1,Late Delivery
1ccfc35e,3,None
46843edb,3,Damaged Package
4f560bfb,5,None
8f1dcfad,3,Damaged Package
585cb702,1,None
336d3e67,2,None
93078835,2,None
8d1e03f3,3,None
f76e7d5c,4,None
8cc6fee7,3,None
d4d27afc,2,None
fb96258f,5,None
1e56940b,2,None
e6cd6e38,4,Damaged Package
6b2a1c7f,4,None
5e401016,5,Wrong Address
4907150d,4,Damaged Package
b397f0e2,3,None
baf85048,3,None
35c52ccf,2,None
04a3b5e4,1,Late Delivery
7310a5a1,3,None
f49e52a9,3,Late Delivery
d2bd652b,5,Damaged Package
9a85b0e7,3,Wrong Address
5f7b6644,2,None
dc310124,5,Wrong Address
c23bfa63,3,None
d70d13ea,2,Damaged Package
42a2ec2e,5,None
23fb19ad,1,None
bfc098a3,2,None
153a542d,3,None
5460dbad,5,None
7445e33c,1,Wrong Address
b156b80c,2,None
4c8cb2f0,1,None
5719a84e,2,None
00734468,3,None
575026a1,2,None
6623e156,3,Wrong Address
b18be763,2,None
f411234d,5,Late Delivery
f405329e,2,None
88243e13,2,Late Delivery
f5648a8b,4,None
1b710566,4,Late Delivery
e8d19013,2,Late Delivery
a2ea9b2f,4,None
bcba2bce,3,None
fb64bb35,4,None
241e34c3,2,Damaged Package
97d8975a,1,None
854da528,1,None
e3ec3ff2,2,None
e8c9b17a,2,Late Delivery
45dbb40c,1,None
e69d871d,5,Late Delivery
e1e1aadf,4,Late Delivery
6883a976,5,Late Delivery
0761fbf2,3,Late Delivery
aa2db34e,1,None
e7975338,1,Damaged Package
1cc070b4,5,None
3e2920f3,3,None
42562a7f,5,Late Delivery
e9d7a812,3,None
3a9f0353,2,Late Delivery
e2e78c75,2,None
8e43f6c4,1,None
65c449b0,2,None
c48a361a,5,None
74f09726,3,None
acd3b27f,1,None
b92688c3,2,Late Delivery
ab2d2bd5,1,Late Delivery
6a8c30a5,1,None
7aa89d94,3,None
0364015a,5,Late Delivery
4c18a0eb,5,Late Delivery
22283c64,4,Late Delivery
7a58fd29,5,Late Delivery
7a981a72,2,None
591950db,4,None
b7fede78,4,Damaged Package
bf4b99cb,4,None
bedc804e,4,None
c8d25eeb,5,Damaged Package
934a1da1,4,None
9a9ac54d,2,None
ca5d7d94,2,None
b36f87ab,1,Damaged Package
9b1b52f2,2,Late Delivery
b1e6903e,1,None
ed442660,2,Late Delivery
c3bbe025,4,None
5b733c87,3,None
1c651ebb,4,Damaged Package
9b2e66b1,5,Late Delivery
8221fd47,1,Late Delivery
06772c53,3,Damaged Package
9df2b079,2,Late Delivery
e6573638,4,None
9e9b1a04,1,None
a3c2eba5,1,None
9fa3a133,2,None
762c93c3,1,Late Delivery
6dc6fbfb,2,Late Delivery
23135001,2,Late Delivery
a9fca9d3,4,None
5afcd93a,1,None
5aaba644,5,Damaged Package
fdb0e75a,5,Late Delivery
48e30638,4,Late Delivery
6293f40b,4,None
00cdb42f,2,Late Delivery
a27bcf68,5,None
6c22b466,1,Late Delivery
e0c765ba,5,None
dde6d335,4,Late Delivery
99df73e5,4,None
ac5befda,2,Damaged Package
4081de34,1,None
bc873455,4,None
c1122dbd,1,None
66fd633f,5,None
62fb9bee,2,None
b404cad7,5,Late Delivery
babd9099,4,None
6be8639f,4,Late Delivery
9a8c8766,1,None
5dbb45be,4,None
3f42adcb,1,Late Delivery
fc1342dc,3,None
00463efe,4,None
18f79f45,5,None
97a6028c,5,None
5fee734c,1,None
162e5c05,3,Late Delivery
d242510f,4,None
8f825733,2,Wrong Address
c022590e,2,None
77888a67,5,None
be519f22,4,None
bd5ef742,2,None
882313c8,1,Wrong Address
7ca63aa3,4,Late Delivery
88f61220,5,None
41ae8675,3,None
76915ec0,1,Late Delivery
e389a126,1,None
c1dc9905,4,None
ecf67d56,3,None
8969155e,1,Late Delivery
d73a303b,3,None
8902a1e9,5,Late Delivery
05192cc5,1,Late Delivery
264abc22,2,None
6973e46d,5,Damaged Package
baa620ee,5,Damaged Package
17ce1f20,1,None
9d837c1f,2,None
a8327d1a,3,None
9fd3169f,2,None
4fc10392,5,None
c2b591b4,1,None
c1324445,2,Late Delivery
0e7df03c,2,None
dadd71fb,5,None
0d088359,3,Damaged Package
199bb314,2,None
ebc68af2,2,None
256caf4e,4,None
d0fdc85e,5,None
cea59bf8,4,Late Delivery
ed4209d0,5,None
1b8151ac,5,None
60fe4ffe,4,Late Delivery
59e24075,3,Late Delivery
7785187c,3,None
1cfdc964,5,None
8548dfcb,4,None
494972a1,2,None
b1eadb28,5,None
3c255a9f,5,None
b76404e3,1,None
454936bd,3,None
65b73e58,4,Late Delivery
d929e78a,2,Late Delivery
ea077b95,2,None
620e2c44,5,None
06e9c32e,2,None
e701a4ad,2,Wrong Address
460e80e0,5,None
07b0b577,3,None
2556f0da,1,Wrong Address
26ae8f5f,3,None
b4ffd3fe,3,Late Delivery
2d7bb63e,1,None
c6fe988f,5,None
39c1e43a,3,None
6cf19780,4,Damaged Package
028c4c43,4,None
b15d01ea,1,None
19e45789,4,Wrong Address
872ef4c1,5,Late Delivery
363b82ea,2,None
ff5dedb4,5,None
bdcd3e24,1,None
4e4378f1,2,Damaged Package
429797ae,4,Late Delivery
5134d6df,3,None
1718bd96,4,None
74a4c9b9,5,Damaged Package
29cead4c,5,None
e0e81956,1,Late Delivery
dedf6cfe,3,None
54f61b70,3,Late Delivery
21670714,2,None
13d1bf32,2,Late Delivery
2ae69896,5,None
f84e8b7a,1,None
b48d9528,5,Late Delivery
ad596495,3,None
eae24e81,3,Late Delivery
145287a9,5,None
6c0aabbd,3,Late Delivery
e55f5961,2,Late Delivery
b4e15f71,3,Damaged Package
49b3f6e8,2,Late Delivery
9275b118,4,None
e1536098,1,None
162ad2f7,1,Late Delivery
34bfe977,3,Late Delivery
7c78e5ac,1,None
ca2da77b,4,None
8e4cdbd9,3,None
eced844e,2,None
643eeb3e,4,None
f70eb9b1,4,Late Delivery
9f396c9c,1,None
91baa676,2,None
8ccad279,5,None
34bf539c,4,None
f91a513c,1,None
0ae14e43,4,None
c9f2f520,2,Late Delivery
e89738e0,2,None
f8a80d10,3,None
36d716be,5,Late Delivery
b00e2af1,5,Late Delivery
20e3b46b,1,None
aeb89234,5,None
d258b07f,2,None
4c1fac59,5,None
485e05b9,1,Damaged Package
74542277,4,None
6a683334,5,Late Delivery
54fdad08,5,None
686c50e0,2,None
fb714f3c,2,Damaged Package
5f3a178b,4,Damaged Package
d4b5ed39,3,Late Delivery
11c816e9,5,None
b3c5eab5,2,None
025d8a42,3,None
0d3865bb,5,Wrong Address
1463266f,5,None
e60e3bd7,3,Damaged Package
4a6140eb,2,Late Delivery
dd6b1ece,4,None
b5267ce5,5,None
65af1bcc,1,Late Delivery
4c6c33a7,1,Late Delivery
f06352e6,1,None
8d79ff39,4,None
50bb3ea0,5,None
117a317e,2,None
212d6b52,2,Late Delivery
7a6391ce,4,Wrong Address
0531288b,5,None
2e08b326,3,Late Delivery
530816d7,3,None
9abaa5bd,5,Late Delivery
31677eea,5,None
485bfdeb,2,Late Delivery
2750ab1a,4,None
2146cc16,4,None
3883bd2d,2,Wrong Address
1d487965,1,Damaged Package
354cea67,3,None
e3cc08a6,5,None
d7fc22a4,3,Damaged Package
d9bfbf8d,3,Late Delivery
40b93e70,4,Damaged Package
cd8ac64d,2,None
64429997,1,None
7020c4bd,1,None
7048814d,2,None
453eef54,3,Damaged Package
15935371,2,Late Delivery
5151842e,2,None
e2936897,5,None
6c3cbf89,5,Late Delivery
431d322a,3,Late Delivery
884fbb06,4,Late Delivery
68ae5cd5,1,None
ed911a4e,5,None
bc51990a,3,Late Delivery
f613b510,2,None
646a0623,5,None
f2a6a420,2,None
235e81e6,2,Damaged Package
e27bd03a,5,None
817a08e1,3,None
30fef937,1,None
9529dba4,3,None
34cd4f20,4,Late Delivery
b40a0c33,4,Late Delivery
4fb5688c,1,Damaged Package
9c30964b,4,None
28a1dad2,2,Late Delivery
fdca7a8c,4,Late Delivery
8b6ba5db,5,None
ace92c0c,2,None
9b66c68c,3,None
fe9b7d04,1,Late Delivery
4ec82501,5,None
01d0be27,5,None
cc3c3ac7,1,None
4d3610ae,4,Late Delivery
0d12064e,1,Late Delivery
5075e970,1,None
75f699ac,4,None
7e94393c,3,Late Delivery
bcdd47d0,1,None
d132be75,4,None
97139fc9,5,None
bfe5b23b,1,Late Delivery
386b42d2,1,None
47ed55ca,3,Late Delivery
dd2187d3,3,None
7c3b11a3,5,Late Delivery
4466936f,3,None
c4a3cc1e,5,Wrong Address
1115bad9,1,None
c109126a,4,None
5688b135,3,None
9fecfd83,5,Damaged Package
27c8b0f0,3,Damaged Package
576af065,3,None
23d45307,2,Late Delivery
8e252679,1,Late Delivery
e041159a,3,None
9ce5d826,4,None
bf9f9a1e,2,None
a63e5eca,5,Late Delivery
5f9e5fa4,5,None
b288a0c2,4,None
d67d9b43,4,None
f6dacc44,1,Damaged Package
faa4346f,4,None
321a6a25,5,None
ed6eb232,1,Late Delivery
6a1397da,4,Late Delivery
8057ea51,4,Late Delivery
d34bf850,5,Late Delivery
3bbd3554,1,None
aec073a8,2,None
a70746c0,2,Late Delivery
0aaa984e,1,Damaged Package
48a752c1,4,None
85f0e3ce,4,None
57eff261,1,None
fa855d56,2,Damaged Package
a2fc654d,3,None
eb64f2a9,5,Late Delivery
3ab0fb50,1,None
8b7ff1d3,3,None
6552e37c,5,Damaged Package
14e5d698,3,Late Delivery
5b6650fb,3,Late Delivery
776e8b74,5,None
ebfc7a1e,3,None
fe07300d,2,None
d72882f7,1,Late Delivery
1998e05a,2,Late Delivery
be7039af,2,None
aec484d8,5,None
856dcd49,5,Late Delivery
e60487d8,5,Damaged Package
1efb8475,3,None
bbf77ac2,3,None
feda259c,1,Late Delivery
3579f330,3,None
89af711e,1,Damaged Package
2bd64aac,2,Damaged Package
96af6e83,1,Late Delivery
82f1fe5b,1,None
b075c683,5,Wrong Address
91288f74,3,Late Delivery
92a141a8,4,Late Delivery
d574b2f0,4,Damaged Package
a3cbe9c2,5,None
423c12f4,2,None
c8adcb12,2,None
81abda86,2,None
aaa1f0e3,1,None
b8b88a99,3,Late Delivery
2663c264,2,None
6883310b,4,Late Delivery
535ea004,1,None
cf75521b,2,Damaged Package
a53c54c5,2,None
d96f4d14,3,Late Delivery
f809154a,3,Late Delivery
28e2ddc7,1,None
b7d693f6,4,Damaged Package
24be1d43,5,None
c62d4a31,4,None
40cb5ef9,3,Late Delivery
50b20f12,3,None
c68e6304,5,Late Delivery
857e6393,4,None
46ee4f97,4,None
31362206,5,Late Delivery
b79362fe,3,None
04850c7b,1,None
39f3ca98,4,None
177f268c,2,None
efba1c11,4,None
a0fe4df9,4,Damaged Package
144ebc65,4,Late Delivery
e8dbee49,3,None
06548d7c,2,None
75c3b392,4,None
b0946b29,1,Late Delivery
64df4e91,2,Damaged Package
99a2c6ef,5,Wrong Address
3d4aa68c,1,Late Delivery
b475f94b,5,None
e52f6c48,4,None
1fe19a56,3,None
40aeb02a,4,None
25f0a807,4,None
d10fdd35,5,None
16c58fb2,4,Wrong Address
ead6af2f,1,Late Delivery
30ffe44a,3,None
f8bcf255,5,None
4489de38,2,None
928dd0f0,4,None
3bcf2118,5,None
270a63ce,4,None
486b051d,4,None
b70a85ff,5,None
9c1527d6,1,None
f046c07c,2,None
4359c483,4,None
17b21a92,1,None
723ebfd5,4,Late Delivery
816e57f2,4,None
04c6306a,1,Late Delivery
24d7333d,4,Late Delivery
c951128a,2,None
91289328,5,None
dab53b3b,1,Late Delivery
b816529b,3,Late Delivery
d98034b1,4,None
00bb02a4,5,Wrong Address
16ff76fc,2,Damaged Package
dec48b79,2,Damaged Package
db33c26e,3,None
454ffe9d,2,Damaged Package
b2574092,5,Late Delivery
b8648943,3,None
6a62a9cb,1,Late Delivery
70742774,3,None
24eff20e,1,None
94e283c6,2,Damaged Package
501e1d48,5,Damaged Package
9006372c,4,Damaged Package
f9c2e929,3,Damaged Package
9737937f,2,None
a76d16fe,5,Late Delivery
51b13c65,4,Damaged Package
921aaab4,3,None
ed78d5a0,5,Late Delivery
5c4917ad,2,None
92058012,3,Wrong Address
1b7834ad,3,Late Delivery
911e5cbe,1,None
0f01dc85,1,Late Delivery
7c4a14bc,3,Late Delivery
0d860da7,5,None
7d7e72fb,2,None
2352e61d,4,None
f6fd4ad0,1,None
bae45615,2,Damaged Package
6af58bd5,3,None
ae2b5df7,2,Late Delivery
39f5a895,2,None
494a98af,2,None
6efb094e,3,None
597ab58d,1,None
61dda2cd,4,None
4af64340,5,Late Delivery
89c2eb46,1,Damaged Package
0ed45922,4,Late Delivery
bf373a0e,3,Late Delivery
86180dae,4,None
7afcff7c,3,None
eac9fa8b,4,None
f6ae5ce3,1,None
e66e745e,3,None
9e50650f,2,None
06b7116d,3,Late Delivery
85c74624,3,Late Delivery
ed26f8e2,4,Wrong Address
5951a18a,3,Damaged Package
de19bdf1,4,Wrong Address
79d7ba9c,1,None
f9edb1a2,3,None
b624986d,2,None
354810a5,2,Wrong Address
58f7b20d,1,None
d673d3f3,2,None
09f214e5,4,None
528d4e45,3,None
f8b67b6d,5,Late Delivery
4a87348e,3,Late Delivery
85ba0005,3,Late Delivery
95044a2f,5,Late Delivery
71f888aa,2,None
2ee67524,2,None
34dc3a82,3,Late Delivery
935ae608,2,None
ffad7f01,4,None
843a80b7,4,Damaged Package
2b2b3f48,5,Late Delivery
3f1becae,3,None
4040f9cc,4,Late Delivery
43ca98c3,1,None
3711c1ed,2,None
65a3d2fe,3,Late Delivery
21b415fc,4,Late Delivery
92184c2a,5,None
cd1acc91,4,Damaged Package
eb47d555,1,None
f63c013d,4,None
4b10a6ec,3,None
c495c220,5,None
56c5ef7c,5,None
002225ee,1,None
6f89384c,3,None
40b03ad6,1,Late Delivery
da0a666a,1,None
cd9976d3,1,None
7914ae4a,4,Late Delivery
79784df2,2,None
168991dc,4,None
b5232a83,3,None
1b57cc5f,1,None
ae0c6afd,1,Late Delivery
15ddf740,2,None
b6c450c1,5,None
b07017d6,1,None
8ee31034,4,None
ca5b1df0,1,None
8b6f3bdc,3,None
61fadb6e,2,Late Delivery
ee1699f5,5,Late Delivery
bc2af4ca,3,Late Delivery
e8f43449,4,Late Delivery
31dc05a6,3,Late Delivery
60b236a3,1,None
b9cd4779,2,None
8e98ddfc,1,None
a2b39fdc,2,None
d27ec7ed,4,Wrong Address
b792efb1,3,Late Delivery
4f1a49d2,2,None
439da0da,3,None
79656881,2,Late Delivery
70491bee,1,None
00e8dec1,2,None
5f45a3bd,2,None
7d51f308,5,None
a7c1f9bb,4,Damaged Package
9e566c53,1,None
be0041c0,1,Late Delivery
4535a667,3,None
159f62ce,2,Late Delivery
4764ed0a,2,None
3e67dac8,2,Late Delivery
a9fe37be,1,Late Delivery
4c5d2ae9,5,None
956682ae,3,None
2cdeddc5,2,Wrong Address
af6744b0,5,None
4e3f9048,4,Late Delivery
f0e2dd33,1,Late Delivery
e365af34,4,None
ef89c467,1,Late Delivery
a998fb61,3,None
5a625d89,4,None
b4f6998b,3,Late Delivery
6e2c0a82,3,Damaged Package
9c965a35,3,None
c14531ec,4,Damaged Package
ec436d15,4,None
7ca7e251,4,Late Delivery
9684c20f,2,None
21f5127f,3,None
ab77f530,2,None
32480211,1,None
deb39527,4,None
e537f4fa,5,Damaged Package
878968f6,1,Damaged Package
587ecc52,3,None
b1bae87c,3,None
34678cab,2,None
ccd1ce07,4,Damaged Package
7125daeb,4,None
2c2e6178,1,None
ee26529e,1,Late Delivery
2099c242,1,None
68f9c1d4,5,None
e7fc77d2,5,None
074a1c96,3,Wrong Address
9a5e5f74,3,Damaged Package
0238fc77,3,Damaged Package
dd15669e,4,None
811d8e90,3,Wrong Address
c3cbd04a,2,Late Delivery
38eb301c,1,None
f4663120,4,Damaged Package
d6657685,5,Late Delivery
884bb02f,1,Late Delivery
cbb895c6,3,Late Delivery
35febd52,5,Late Delivery
94f5133e,5,Damaged Package
8a268156,5,None
e16b56df,1,Wrong Address
33171520,4,Damaged Package
f24de2e9,1,None
9ee2aabe,2,None
3979f88d,3,None
1569880b,4,Late Delivery
ff5db81d,4,Late Delivery
f9cd4335,3,None
e31e5b0c,2,None
1d4e5b49,5,Wrong Address
dd2b48bc,3,Late Delivery
6460807d,5,None
8f114b53,3,None
73a6ae90,1,Damaged Package
af2a5fa0,2,None
95974e46,2,None
a2a63a31,3,Late Delivery
4f4478d1,2,None
349ac73f,5,None
4747b5fb,2,Wrong Address
c8978e0a,2,Late Delivery
d2b933ae,2,None
8a27f8d3,4,None
e60ad1d0,3,Late Delivery
f509c5ad,1,None
c95dd3d2,1,Late Delivery
3f623caa,4,None
1f41cc5f,4,Late Delivery
398e7bf2,1,Late Delivery
4f9f4820,5,Late Delivery
0f59c41e,1,Damaged Package
c09b8e14,1,None
85121d0b,3,None
16a6dbcc,1,Damaged Package
400ae105,1,None
211324ba,2,None
d5885f0c,4,None
69110be5,1,Damaged Package
ed716128,1,Damaged Package
865ffea9,5,Late Delivery
b615b193,1,Wrong Address
70c07a59,3,Late Delivery
768c6fc3,5,None
c3d10197,1,None
4966280d,3,None
58e14a25,4,Late Delivery
0352b51f,1,None
f3eb3ab3,4,None
58050b35,1,Wrong Address
f2ee8dfb,5,None
b78f9b0b,5,None
4677ac69,3,Late Delivery
35df2cce,2,None
f4009fb9,3,Late Delivery
c8975f99,1,None
09d8d7a8,4,Late Delivery
f27a7325,4,None
198bc289,1,None
4c3aac40,2,None
b1ad8946,2,None
b5bb4ef7,2,None
7ccbdd31,1,None
0a4fdd36,5,Late Delivery
f6a30405,5,None
b22c535a,1,Late Delivery
80bc30a5,5,Damaged Package
07ce5ea4,2,None
50e1a49b,5,None
c6514df7,1,None
219fede1,5,Late Delivery
d0993131,5,Wrong Address
2c07cbcb,5,Late Delivery
b128384c,5,None
ec471525,1,Late Delivery
746229a3,3,Late Delivery
01590ac4,5,None
404894ae,3,None
e9974b5e,1,Late Delivery
ccf2acb2,4,Late Delivery
611dae58,3,Late Delivery
f9d3aeaa,1,Late Delivery
8b5c4983,4,Damaged Package
eef843c5,5,Late Delivery
3616bf50,1,None
130bf252,2,Late Delivery
5836b1b0,4,None
8ffbef01,2,None
3c3a50d5,5,Wrong Address
3074a888,5,Damaged Package
a869afdd,3,Damaged Package
f9cb7728,5,None
18c2d8a7,3,Late Delivery
6757c4d5,4,None
7ba77083,2,None
115a7ffb,4,None
da72b6e2,2,None
aa4f3eff,1,None
ab627c49,4,Wrong Address
d2c55788,1,None
9c759845,2,None
d2963bb6,3,Late Delivery
290717f5,4,Damaged Package
5a98d79d,4,None
3779b2cc,3,None
d65e2b62,3,None
7078dace,5,Late Delivery
7a03838d,5,None
b4d8186d,2,Late Delivery
ee812101,4,None
76193305,3,Late Delivery
f62909d9,3,Late Delivery
7e578aa0,1,None
e2d293a0,5,None
27847c7d,1,Late Delivery
d1b6ebcd,3,Damaged Package
a18da14f,4,None
b86ba243,4,None
c52d1c30,1,None
aa2797b3,5,None
eb641999,2,Damaged Package
28ee4aee,4,Late Delivery
2a3ba552,2,None
ae4f717c,5,Damaged Package
078e099f,1,None
1e4552e9,5,None
c56616aa,3,None
c5065cc2,5,None
53de3062,1,None
11b7a732,1,None
8ac048c8,5,Late Delivery
85915248,1,None
f5f6faae,3,None
950ac370,2,Late Delivery
57d34760,5,Late Delivery
cdaf1e7a,1,None
5cc7026c,2,None
a55f4beb,3,None
b05effc9,5,None
1d3f0536,1,None
445537d9,2,None
3a572bcc,3,None
b38e0e3e,4,Late Delivery
66add838,1,None
2bf279ce,3,Late Delivery
83599715,2,None
71c88701,5,None
9eff67d5,2,Late Delivery
1edb21c3,5,None
3ebf647f,3,None
be34a6f4,3,Wrong Address
27c301c3,2,Damaged Package
bd026469,2,Late Delivery
5a6bd18d,5,None
71234b44,1,None
fb5e60f6,2,None
dd78d5e9,1,None
0ddc41c6,1,None
b1f0df7f,1,Late Delivery
0090645a,3,Damaged Package
0961c040,3,Late Delivery
048ef876,1,Damaged Package
3086f53e,1,None
03103042,3,Late Delivery
50829327,5,Wrong Address
f411a5d8,4,Late Delivery
6fc54cf1,2,None
22da6ea9,1,Damaged Package
46ce44ae,3,Late Delivery
6d2667a9,1,None
c95eb947,1,None
04d6a2d7,1,None
1bb90cd0,1,Late Delivery
082fbf7c,5,None
db4591ba,2,None
16c0932f,2,Wrong Address
9aa5b017,3,Damaged Package
36cc698e,5,Late Delivery
408ad52d,5,Late Delivery
e4e225cc,2,Late Delivery
b66f2cee,3,Late Delivery
4316ee56,5,Damaged Package
e76d4769,3,Late Delivery
b80f5621,2,None
f20e8e10,1,None
a038c9c2,5,Late Delivery
87011a7e,3,Late Delivery
ba026673,1,Late Delivery
0bcbba9d,2,Late Delivery
e7961ce4,4,None
88015c99,5,None
44b20208,5,None
ac5e8a2a,3,Wrong Address
e8ee8345,2,Late Delivery
3b6691ee,2,None
5d791ee5,5,None
69b956bf,5,None
7e3a91a2,3,None
d5572d82,3,None
580edeba,4,Wrong Address
d07ef37e,1,Damaged Package
905d333d,3,None
c0dd6f12,1,None
916327e3,5,Damaged Package
b945376d,4,Late Delivery
5799d855,4,Late Delivery
91522ebc,4,Late Delivery
c268d1ac,2,None
d5ec7260,5,Wrong Address
c2e4ae01,2,Late Delivery
846715cc,2,Late Delivery
c181a8ec,4,None
14644fe9,2,Wrong Address
4bd1efde,5,None
2eb7d987,5,Wrong Address
11103019,2,Damaged Package
ea2d311c,5,Damaged Package
4b984589,1,Late Delivery
d29d4531,2,Late Delivery
dbeb6a55,4,Wrong Address
dffc7f35,4,Wrong Address
908d2508,5,Late Delivery
e8ade24d,5,None
feb18c17,4,None
222f0182,1,Damaged Package
a318a698,4,Late Delivery
d42df1a8,2,None
9f4a6f8b,4,None
586a907a,3,None
05e56be7,1,Damaged Package
735a3098,1,Late Delivery
4efc9dba,4,None
6972ac13,3,Late Delivery
59e66d21,2,Damaged Package
dc70acd6,4,None
c2549b77,2,None
37cc1bd1,3,None
c27e0eb8,4,Late Delivery
8630527d,4,Wrong Address
94e576f6,2,None
744c2128,4,None
e14353f2,3,None
3a82c276,4,Late Delivery
2272bee4,5,Damaged Package
69fb787f,3,None
e72c2a5c,1,Late Delivery
eec66f69,2,Damaged Package
bfc47991,3,None
c2eefcb1,1,Late Delivery
699cab75,1,None
2b682304,3,None
f2ce94aa,1,None
275d9854,1,Late Delivery
a539698e,5,None
fc90bf36,4,None
aa7d7a52,5,None
c6a4f14f,4,Late Delivery
70ffd718,1,Damaged Package
712c60cc,4,None
d3cf6eb9,5,Late Delivery
4bd0c760,2,None
ed40fdb2,2,None
f7e47f4d,4,None
effee494,2,None
f9c7ee34,3,None
7334d029,2,None
594a5c9c,4,Damaged Package
0dc51c8c,1,None
bb84c791,5,None
00292fe8,2,None
c804b3dc,4,Late Delivery
bab4789e,5,None
0630f8de,3,Damaged Package
642f22ab,1,None
0e9ed0ff,5,Late Delivery
d83be4fa,5,None
778d9e4f,4,None
5c4c5936,3,Late Delivery
ed10d081,2,None
62eaeac3,3,None
0bfdc361,1,None
e5004618,2,Wrong Address
58716557,3,None
bbcffcfb,1,None
d154127f,5,Late Delivery
2cb12751,5,Late Delivery
e66950a3,5,Late Delivery
282114e0,5,Late Delivery
7a57dbe1,2,Late Delivery
d2048d42,5,None
23f933b6,2,Damaged Package
72b5e00c,2,None
8f560c4e,3,None
8767fad7,5,None
03ec9802,4,None
2917d1e3,5,None
0b48c376,4,Late Delivery
03675848,5,None
6a3683ed,2,Damaged Package
7dcce189,5,Late Delivery
9dfbf347,5,None
16783486,5,None
7aaa59ad,5,None
fe1ed58b,3,None
8f3c4d77,3,Wrong Address
17765e49,2,None
10fe8da0,2,Late Delivery
dcb1e277,4,Damaged Package
bc224cdc,2,None
55bf228d,3,Late Delivery
cd805df2,2,Late Delivery
c98de02c,4,Late Delivery
cac59e4e,4,None
37b9dd3b,3,Wrong Address
47aff21d,2,None
011895d4,4,Late Delivery
e6678a13,2,None
a4161600,2,Damaged Package
9c344927,3,None
b8f28f79,3,Late Delivery
9aba1713,2,Damaged Package
86ad6bca,5,None
5fdb2905,5,None
c17b5272,1,None
c70a073f,1,None
4423f929,1,None
0cf06313,3,None
600da3ff,2,None
bda1f764,4,Late Delivery
c6e8dbc0,2,None
79eaa79d,2,Damaged Package
2928085d,1,Damaged Package
a5ae445c,2,Late Delivery
8024268e,1,Damaged Package
39bb25a4,2,Damaged Package
698894fd,4,None
1d0114f9,5,Wrong Address
d96b7853,5,Wrong Address
0d130dc4,3,None
4244f345,4,None
d0af7ca6,2,None
895b8eef,4,Late Delivery
4adce2cf,2,Late Delivery
391e3ceb,4,Damaged Package
2e51ed58,4,Late Delivery
2bcc4b18,5,None
38c4629a,4,None
83fb1506,3,None
f25bf893,2,None
fc05ddcf,1,Damaged Package
28eb2a25,4,Late Delivery
c5600202,1,Damaged Package
effc16aa,5,Late Delivery
0d9616d4,1,None
5140d690,3,None
84e66623,3,None
620f74f5,5,None
ee3a5c59,3,None
7a7d3f83,2,None
c9e1a3a1,3,None
32ae99fd,4,None
ce2215ec,3,None
b9dfa3ed,2,None
069ee96a,5,None
086439c9,3,None
d82579aa,2,Late Delivery
267a5a2a,4,Wrong Address
fd8d0068,1,None
a12315a2,1,None
0cbffcd6,5,Late Delivery
714d3264,5,None
3523dbf4,1,None
0e5af885,1,Late Delivery
8e2bd9fc,5,None
869bb406,1,None
fea751d1,3,None
c35cfc9b,2,None
dbff504e,5,None
20654816,2,None
069777a5,4,Late Delivery
dde89137,4,None
5c304d2e,3,None
ce621981,4,None
a9ed3ea3,5,None
30d481e4,3,None
bae3952b,3,None
0e98e825,5,Late Delivery
6b77f3e5,1,None
bf8c040d,2,None
addc324d,5,None
6fa87344,1,Wrong Address
e70641bf,1,None
faabba23,4,Damaged Package
f9d057ea,3,None
3b8c673f,3,Late Delivery
c8025cc7,4,None
db1a7767,4,None
19394d20,3,Late Delivery
a2204325,5,None
192b75c4,5,None
fb823b53,5,None
b4b32efe,5,None
489ac780,4,None
e74ee75e,2,None
462f0e4c,2,Wrong Address
f0e19a6e,3,None
2ac3d73b,2,Late Delivery
4d964aee,5,Late Delivery
7237ebd2,4,Wrong Address
5dda23cf,5,None
1b77242c,1,Late Delivery
def7a2e7,4,None
bd6cf234,1,Late Delivery
39ab34dd,1,Late Delivery
7ca29d9a,3,None
a64d918e,1,None
e88a671f,2,None
afecb1af,2,None
d7e07a90,1,None
267e72ee,3,None
4ee76d88,1,Late Delivery
dca4dbc5,4,None
d249fa6b,4,None
e7c8e1fd,4,Late Delivery
765c657e,4,None
17ee9f4c,1,Damaged Package
6b1847fe,5,None
82111c08,5,None
5609e10a,4,None
1209722d,3,None
3cc10578,3,None
dcbfdf05,1,Late Delivery
aff55081,5,Damaged Package
98e6a09d,1,None
34a9b0d0,2,Damaged Package
61bdfa9c,4,Late Delivery
c0678391,2,None
2b4bbbc0,2,Late Delivery
9b10cf2d,3,None
840ea631,5,Late Delivery
83b0b2ef,4,Damaged Package
6c670133,1,Wrong Address
14c93777,4,None
da402420,1,None
0c53c039,1,Damaged Package
035f5955,5,Late Delivery
e0cb1f53,2,Late Delivery
4c609854,1,Late Delivery
0a5719c3,5,Late Delivery
9486777d,2,Late Delivery
e701aacd,2,Late Delivery
91638d93,4,None
5b9348b9,4,Late Delivery
1cbf5d0e,4,Late Delivery
b81d4974,3,Damaged Package
c303dd8f,2,Damaged Package
3149a490,3,None
c2c0a473,4,Late Delivery
4c4431d0,5,Wrong Address
d805a501,4,None
7b72ad79,1,Damaged Package
c40a7ea8,5,Late Delivery
97215d57,5,None
d4809660,2,Late Delivery
d8d4c3bd,3,Damaged Package
62d6e7b5,1,None
87ed1a56,5,Late Delivery
f743bc70,3,None
b3108525,3,None
da0caa29,1,None
8ebaec47,1,None
01da1aec,4,Wrong Address
4a3ce183,4,Late Delivery
8b81eb93,5,Late Delivery
10ce288d,5,None
26a25a02,5,None
5fe8a5b6,4,None
9f787705,5,Late Delivery
5189e8a0,5,None
3c639d79,4,None
bc3e3ef8,4,Damaged Package
5cb57dcd,5,None
dd17bd31,5,Late Delivery
8b8dfcc4,3,None
db936be9,2,None
2b50d1db,4,None
1c1b82c0,2,Damaged Package
7b9e85d9,4,Damaged Package
1b464a0e,3,None
f8b87e24,2,Late Delivery
cabe0263,3,None
fdf688a9,1,None
fa5ce91e,2,None
f897269e,2,None
4eb4e8ec,2,Late Delivery
22901d42,1,None
ef1ec94e,1,Late Delivery
5e10df30,3,Wrong Address
26ed1d41,1,None
dc8680b0,4,None
aa8926a8,5,Damaged Package
6dbe8e62,2,None
c55a4093,3,Late Delivery
438115d1,3,Late Delivery
27ce7ee8,3,None
21eef5e7,3,None
fe6d65d2,2,None
dcc10a75,3,None
0586b4c9,2,Damaged Package
4d92a4f0,3,None
8c5935eb,3,None
0a1da881,5,None
3fd2c81b,4,Damaged Package
c14739d2,1,Late Delivery
dca14348,1,Late Delivery
0e5e0c64,1,None
d366c3a6,4,Late Delivery
584f3762,2,Damaged Package
bfbe2389,1,Late Delivery
d8e35d57,1,None
0deb6010,1,Damaged Package
e7956ea6,2,None
0d773301,4,None
e338f96a,4,Damaged Package
88c1f374,2,Late Delivery
15658067,5,Late Delivery
c0f6f6b2,3,Damaged Package
9c812237,2,Late Delivery
3bbefa76,3,None
46b3f01f,4,None
67e94ed6,3,None
4456901d,1,None
fca68ced,3,None
4c1c80ca,3,Damaged Package
a8644db9,4,None
fa2cb43f,5,Late Delivery
000ae65d,3,Damaged Package
8a9a7f59,4,Late Delivery
56a156ae,1,None
a4ea6d55,3,Wrong Address
412fbddd,3,None
644d481a,1,None
5fc13466,2,None
d3b731c7,5,Late Delivery
7b966bb3,1,Late Delivery
964d56a2,1,None
e2a71958,1,Wrong Address
c7de8dcb,2,None
965a48b2,1,None
01db40ce,2,None
2e58840e,5,Late Delivery
cbce0e02,2,None
4ab38058,5,None
590c4c4c,5,None
bf7fee93,5,None
865ee060,4,None
7717296f,5,None
0e1d08ad,2,None
3af95768,4,Late Delivery
d1df82eb,1,None
796d5e31,1,None
2ff911fe,3,None
337c4a62,5,None
b54aba7d,3,None
c819c2ce,5,None
26ed9ce3,5,None
a1ae13ae,2,None
292ea56e,2,Late Delivery
8782a8da,1,None
d109682f,4,None
8a77986e,1,None
6130e6be,5,Late Delivery
d7d68e41,4,None
0af27ae0,3,None
6c76e05b,5,Damaged Package
79121e6f,2,None
2a916ff0,1,Late Delivery
021c9f40,1,Late Delivery
3b9e8dbd,3,Wrong Address
574d9900,1,Late Delivery
eefd2f74,1,None
3face82e,4,None
2ea47dc4,5,None
06251924,4,None
34f150e1,4,None
5e26428d,1,None
9100d8b7,5,None
2620fbb2,1,None
0ad9590b,1,Late Delivery
b6ba7257,4,Damaged Package
ecdad716,2,None
25d2d882,2,None
83ea98f6,4,Damaged Package
2bc187dc,4,None
3f5cbb17,1,None
de13bbe2,5,None
75e6a2ed,1,None
19cd735f,1,Late Delivery
75c7d543,3,Damaged Package
b22ef3a6,1,None
1c44cdfd,5,Wrong Address
4e222aed,1,None
264621fe,4,Damaged Package
07780e24,5,None
5ca76d9b,4,None
1aa08f51,3,None
c8afe6e5,3,Damaged Package
ced1f966,5,Late Delivery
ec6025f9,2,None
70db03d3,2,None
9614ca7b,5,Damaged Package
34ec6320,5,Damaged Package
87a3aac1,4,Late Delivery
1b0418f5,3,None
818e16ae,5,None
49996e21,1,None
12fa408d,4,None
f941af29,3,None
0077a582,4,None
e4ac0b19,3,None
cc98a235,1,Damaged Package
42a48d82,3,Damaged Package
f8174f56,4,None
f60a7ea4,3,None
57f7d45d,4,None
5d102bda,5,Damaged Package
4f5de734,1,None
b4ba72cc,4,None
6bc9c98a,2,None
3653f8b5,2,None
8973f293,3,None
6cee6fbe,5,None
7ff00ff2,5,Late Delivery
4f1e7f11,2,None
0cdaffa6,3,None
1b29d487,5,None
6f80ca61,5,None
e21ca6b4,3,None
5fc5927d,4,None
2807ba7c,2,None
fdc72a4f,5,Damaged Package
ed7eaaa4,4,None
1328922d,4,None
66e77eea,4,Damaged Package
a3eaa77e,4,Late Delivery
eed18c8b,1,Wrong Address
fdcb70b7,1,None
efd20b1b,3,None
2ffc3878,2,None
4e3ebc7b,3,Late Delivery
06f28d12,1,None
19c7f8cf,3,None
4807131c,3,Late Delivery
9c764f5b,4,Late Delivery
9a790fdc,5,Wrong Address
2e7fe801,1,Wrong Address
372f86e6,1,Late Delivery
d9543415,3,None
16e1f4cb,5,None
d99ec18d,3,None
8651aa58,2,None
c264256d,1,None
bb56caf6,4,None
07106f5a,4,None
3d775f8c,4,Wrong Address
6b3414ff,1,Damaged Package
18855f91,1,Late Delivery
c0c3e562,4,None
9e5e9c0d,1,Damaged Package
38679ea0,4,None
4d782f23,2,None
27163698,2,Damaged Package
29efd22a,2,None
79337113,3,Damaged Package
c6a0bc77,3,None
ce07a203,5,Damaged Package
8ecf2287,5,None
b8de506f,5,None
0cad70b5,2,None
1079cb7f,2,None
8174dd65,2,None
2ea0ef34,1,None
729a1a18,1,None
3abfa3ab,2,Wrong Address
66d3d5c8,4,None
cacf7c15,5,None
4fc24979,3,Damaged Package
34dbe43a,5,None
dc5392fb,4,None
677a8ce7,1,None
abb4f714,2,None
16a869a8,1,Late Delivery
92afbe63,1,None
2af03d71,4,Wrong Address
b282e76b,1,Late Delivery
982566a9,1,Late Delivery
4bde6db2,5,Damaged Package
d3b99c60,5,None
116e6e0d,4,Late Delivery
ac2407a4,2,Late Delivery
6829207e,5,None
d06a652d,1,Late Delivery
ac80490b,3,Wrong Address
33c51435,5,Late Delivery
e034887b,3,None
b9c7999c,2,None
04a29a63,1,Late Delivery
e2bd0f7e,5,None
6ff9eaf0,2,Late Delivery
811cdff5,4,None
9e906aff,2,None
ab9f8b96,4,Late Delivery
dde2c10d,4,Late Delivery
eeb5424a,5,Late Delivery
4a609993,3,Damaged Package
213294fd,4,None
87b92779,1,None
1b6a5026,5,None
7d4a31c5,4,Damaged Package
1603a675,5,Damaged Package
af0b5e1b,1,None
b681f6f4,5,None
bfea3edc,5,Late Delivery
3dd5b7d0,4,None
71c3ead0,2,None
78556eb2,5,None
597c5404,4,None
6f1e00b2,1,Late Delivery
ce6712b7,1,None
2dacdb99,2,Late Delivery
fda33bf5,1,None
2e3c6048,4,None
db9f0adb,2,None
fea639b5,4,None
cc9e2da0,2,None
c1e5bed0,2,None
be88a1f7,4,Wrong Address
a0ae14a4,2,Wrong Address
431c5334,4,Late Delivery
db1fd6e5,1,None
dd6476f2,1,Late Delivery
b2de65cd,5,None
2d5b8eda,3,None
a27b517d,3,Damaged Package
24637026,1,None
cb60bc82,5,None
e6080952,3,Late Delivery
0357ccd0,4,None
45c30abf,4,None
6d0309f0,2,Late Delivery
a434745c,3,None
5c475d21,4,Late Delivery
703bba63,3,None
87f03638,2,None
b55e96a9,1,Damaged Package
0c31cf53,5,None
beeb15ce,2,Late Delivery
98ede5c3,2,None
8443f24e,2,None
dca4c5da,5,None
fedc6f07,4,None
cdaa5dcd,3,None
de50549a,1,None
e88ba2e1,1,Damaged Package
e80515e2,5,Late Delivery
8b8df5e3,1,None
0a5f85f5,5,None
d0b32888,5,Wrong Address
9cdd90c6,3,None
b37c99fb,3,None
63244a8b,5,None
c04d6355,3,Wrong Address
b5621e37,4,None
1a70c33e,2,None
be47a0ac,1,Late Delivery
e1e0739f,1,Damaged Package
944ed49e,1,Late Delivery
9caff63e,1,None
7a0a2ee1,4,Wrong Address
2c656618,4,None
68722249,2,Damaged Package
db3e1a12,5,None
b4806982,3,Late Delivery
50b4d80b,2,None
11214bad,1,None
d0f7fb6e,3,None
6c1c7825,2,None
f2760df9,1,Late Delivery
9bfc8cec,2,Late Delivery
c4059444,1,Damaged Package
9d609407,1,None
82807bdb,4,None
84bb39fd,1,Damaged Package
b4a5cb53,2,Late Delivery
06e5735a,3,None
6c2e5dda,4,None
f3b01b69,3,None
9d5ed536,5,None
beff9c5d,3,None
a0d6c451,5,Late Delivery
1ca1d492,5,Late Delivery
27ff86ef,4,None
d12d0c59,3,Damaged Package
035ec568,1,Damaged Package
ec458725,4,Late Delivery
4d6f084b,4,None
c574f5ff,1,None
aa6b366c,3,Late Delivery
6fd03438,4,None
e2370ebb,5,Late Delivery
e96794f6,1,None
af8451ee,2,Late Delivery
359ec268,4,None
5179ecbb,5,None
318b9c31,3,None
d6ccf20f,3,Late Delivery
3d5ce948,1,None
7eb971b9,5,None
7dc7c2c5,1,Late Delivery
9c829214,4,None
1d48611d,1,Damaged Package
db3a5574,2,Damaged Package
19f6c18c,1,None
1929c7c9,1,None
16e3cd04,4,None
e0dd8f6a,5,Late Delivery
83f2a867,2,Damaged Package
feed1b23,1,Late Delivery
98628fe1,4,None
5c404b56,4,None
d7f38b15,4,None
aca91d36,5,Late Delivery
efbf9f4d,1,Wrong Address
2d65cd35,3,Late Delivery
781a10cd,2,Late Delivery
e966ae5f,3,None
2074e349,5,Late Delivery
02b8cf42,1,None
5225d2ec,3,Damaged Package
67f5f01e,3,None
4971237c,3,Late Delivery
cbe9c816,2,Late Delivery
00d60a7b,1,Late Delivery
5b0f567a,4,None
e9be70ce,1,None
28c0723b,3,Late Delivery
d2a79fff,1,Damaged Package
80c5b8c3,4,None
ee619452,2,None
551394ea,1,None
96426971,1,None
569560bf,2,Wrong Address
c823046c,2,Late Delivery
1c899f87,3,None
27755be7,3,Damaged Package
f0067054,2,None
9d234a78,4,None
b7ddf398,3,None
c3c8cf90,4,Late Delivery
90c8eea5,2,Damaged Package
284fb6dd,1,None
67c8b9e0,2,None
f9c86afd,2,Late Delivery
4bbc5d0c,5,None
c551dbf3,2,None
0a9ca531,3,None
dc0baadd,1,None
529eb9ec,4,Late Delivery
9307d5be,5,None
9c3adc1b,3,None
72ec57fa,1,None
5f613793,4,None
ec513033,1,None
5c12314d,3,Damaged Package
fd684008,1,None
c04bb18d,2,None
6e6f48bd,1,None
b4021421,2,None
1299578b,3,None
31278f07,5,Damaged Package
c1b36e44,2,None
6b1d50b3,1,None
e9ccfadc,1,None
f28ffe02,1,Late Delivery
14d133f5,3,None
dfa596ec,4,None
017307be,1,None
3e9d17ca,1,None
3df20a14,2,None
e60e2223,5,None
6fc3a9c9,1,None
de40c3d6,3,None
e43df5f6,4,None
e5b5eb29,4,Late Delivery
a89b5e0a,4,Damaged Package
83db6221,3,Damaged Package
833d9fba,4,None
38500244,4,Late Delivery
3f8d6f65,2,Late Delivery
3445050f,4,None
b24cad92,2,None
2e5296ee,2,None
36f0261b,2,Wrong Address
9917d2da,3,None
05cf8d88,1,None
fe1477dc,5,Late Delivery
60abe8b3,4,Late Delivery
c0b8c943,5,None
35b8e3ab,1,Late Delivery
b69c3f69,2,Late Delivery
d5eee05b,2,Wrong Address
edfd9188,2,None
254b6acb,2,Late Delivery
350d353a,4,None
9916efa3,1,Late Delivery
0b82db92,1,Damaged Package
0d0832e5,1,None
606303f6,5,None
2a478429,2,None
916122a9,3,None
3040a05a,1,Late Delivery
b9dcea91,5,None
4704fd97,4,None
0b264fa7,2,Damaged Package
09381cc1,5,None
91d16ad9,3,None
15574db4,3,None
04bccfd4,4,Damaged Package
ef1b3405,1,None
e96e7a2a,1,None
8bfa448b,5,None
2f56d728,5,Late Delivery
fdb12f8b,1,Late Delivery
86a18120,1,None
d0c28010,5,Damaged Package
e4bd3595,2,None
b7655395,3,None
defe6db5,3,None
18af892e,4,Late Delivery
fe4281cc,3,None
23e9a188,5,Damaged Package
1cb89c2a,2,None
422bc66e,5,Damaged Package
f355f0bc,1,None
bec45e3b,1,Damaged Package
15c3b9e3,3,None
6acefa62,2,None
9d45fcc5,4,None
8bef45f9,5,None
d21801c0,4,Damaged Package
c97394c8,4,None
e07fd923,4,None
4acf7cd9,4,None
21a33f55,5,Late Delivery
93d46262,1,None
76211926,5,None
c488a405,1,Damaged Package
824cf368,1,Damaged Package
53269d39,5,Late Delivery
be644783,5,None
f62e7e45,5,None
cdd3d094,1,Late Delivery
a31db32e,5,Late Delivery
1a16f164,2,Damaged Package
c194f67e,3,Late Delivery
2daafe13,3,Late Delivery
70476951,2,Late Delivery
cef73862,3,Damaged Package
cfe8c394,1,None
58958d9e,5,None
e68611f7,5,None
f2fbb3c4,5,Damaged Package
17ff4600,2,None
ff6a4b21,2,Damaged Package
6a7281b2,1,None
2a23082f,2,None
6b12b4b8,5,None
1b10236c,1,Wrong Address
8151d2e2,1,Late Delivery
43ac1f81,5,None
83cef210,4,None
215a9940,5,None
f3379322,1,None
473dc9a7,4,None
82d079f2,5,None
e2698d56,5,Late Delivery
2aff02c7,4,None
496aad9b,4,Damaged Package
a26547f2,3,None
3afe8663,4,None
a979daf4,2,Late Delivery
97d7a1e2,4,None
64a51ed0,1,None
7049684f,4,None
16f1f478,5,Late Delivery
14b167df,2,None
e9781307,4,None
ceecbebb,2,Late Delivery
ea4dfdc5,3,None
3df57f7a,2,None
57a460d5,5,None
d0039d99,3,Late Delivery
6e31d2c4,4,Late Delivery
5140df3b,2,Late Delivery
fa50217b,3,Late Delivery
14be369e,4,None
92cd4b5e,4,None
228003e9,2,Late Delivery
2eef943c,2,Damaged Package
9ba8554e,3,Late Delivery
c3058342,2,Late Delivery
acf53c96,4,None
bf18c487,5,Late Delivery
c9bd0909,3,None
e90cb928,5,None
2f22a957,5,None
ce1606fd,4,None
f22407e2,5,None
762f9003,1,None
7b4f8a8f,3,None
2dac74ee,4,Damaged Package
3397551c,2,None
8f028230,4,Damaged Package
865b8151,2,None
d1f4d8db,4,Damaged Package
8f86a9db,1,None
8db4a589,3,None
5ab01166,5,Late Delivery
f76928e2,4,None
cacb6b53,3,Late Delivery
07e77f4a,3,None
b3d27871,3,None
a5897067,3,None
7ac9e782,3,None
aa80d41c,5,None
06f443e0,5,Late Delivery
d5351462,4,Late Delivery
ccacd0ac,2,Damaged Package
71bc709a,4,Damaged Package
ff18b4d4,3,None
b0ccbdc0,2,None
5deabc6f,4,Damaged Package
2986c00f,2,None
f92e0aea,5,Damaged Package
9d93b516,3,None
c6786604,2,None
721bbf1a,1,None
813153ab,3,None
6b45ce4e,5,None
473bc134,5,None
74abb329,4,None
b4eb07e2,1,None
6b784160,2,None
2c210a4a,4,None
35735c11,5,Damaged Package
ec46b737,2,Late Delivery
68f0dfe7,5,Damaged Package
286bd61b,5,None
566ccc50,1,None
9b86f048,3,Damaged Package
e612619a,2,None
27df88ae,1,None
792077b1,5,None
5c19dc89,5,Damaged Package
9a961739,1,None
5e724f31,2,None
51bf4a9f,5,Late Delivery
a24e2874,2,None
d12d3536,1,Damaged Package
e8df3ab5,5,None
ed462a44,4,Late Delivery
ed1a9487,4,Late Delivery
95475639,5,None
18626b06,3,None
c5301be6,5,None
fce3f369,5,Late Delivery
a2f22f2b,5,None
19b39d1a,1,Late Delivery
24837a3a,5,Late Delivery
85c0b807,5,None
ba6f648c,1,Late Delivery
93e6e2c8,5,None
7345773f,4,Wrong Address
f5798c08,4,None
d31688ed,5,None
81f16ffc,1,Wrong Address
0540eb97,5,Damaged Package
d4ca4bd0,5,Late Delivery
a7e5d29c,2,None
fb88f4cb,3,Late Delivery
fd3650c2,1,None
4a05df14,3,None
e98da29e,2,Late Delivery
51a9a734,3,Damaged Package
21237cf3,5,None
ac2a54c8,4,Late Delivery
40ba812f,1,None
7d117862,1,None
c1fdb9f2,5,None
75f93909,3,None
e7b6d092,1,Damaged Package
1d2cf4a3,2,Damaged Package
484e7170,2,Late Delivery
48afb945,3,Wrong Address
1dcdbd8b,2,None
f0490e7d,4,Damaged Package
da40ac98,5,None
1ce33468,1,Late Delivery
e3e53204,5,None
21abd49f,3,None
144c9291,5,Late Delivery
40b64be4,1,None
9a3a938c,1,None
e4b10d18,3,None
aa747318,1,Late Delivery
b44de8b8,2,None
5f1b23e8,5,None
1e51dbf5,4,None
7173fa06,4,None
80a000ef,4,Late Delivery
bbe80927,3,Late Delivery
ca3b3f43,4,Late Delivery
ede68dfd,5,None
f766ee65,1,None
09ee5d29,2,Wrong Address
6824a1e3,4,Damaged Package
5046c8a3,4,None
8604f54b,4,Damaged Package
84a23da1,2,Late Delivery
877eb8de,5,None
35df3268,4,None
3c96aaf0,1,None
921675bd,3,Late Delivery
89642d92,2,None
da87448c,5,None
f0b6e11d,1,None
e4fd331b,2,None
29895367,2,None
c0e22d37,3,Wrong Address
6f4ab309,3,Late Delivery
3e6736e0,5,Wrong Address
b4daf1fd,4,Late Delivery
f0937367,3,None
bf6c2bb5,5,Damaged Package
75ca821b,2,None
c0c6483d,4,Damaged Package
ce2f9bb4,1,Late Delivery
6b8e8ca1,2,Damaged Package
9733dc84,5,None
c4709b32,1,Late Delivery
57a6835c,2,Late Delivery
fb5a52af,3,None
