Order_ID,Distance_km,Fuel_Charge,Total_Delivery_Cost
01603720,44.68,84.49,96.85
8d1d2ed2,44.09,83.38,131.44
132104b2,29.46,55.71,88.99
ff04d8fb,23.73,44.88,83.54
7efd5d10,21.23,40.15,68.9
6e37769f,30.93,58.49,77.82
c169fe8b,42.4,80.18,130.0
b4d15cc9,29.16,55.14,103.84
ff06e279,8.22,15.54,59.94
d6c9a234,16.7,31.58,78.23
94608062,34.08,64.45,97.45
c30e523e,33.05,62.5,87.21
462b5473,26.91,50.89,74.62
18e791e3,13.54,25.61,72.96
70888691,14.99,28.35,76.7
a26d9ed9,25.24,47.73,75.35
104e8c5d,20.94,39.6,73.88
5aafbcea,17.16,32.45,74.66
3c4e89e9,41.81,79.07,117.17
3ce163b4,26.19,49.53,94.32
8a4e0777,26.15,49.45,83.8
6d9066d3,22.55,42.64,75.94
3ccd418d,34.68,65.58,90.61
5e5e8b2f,10.43,19.72,32.65
6a1015d0,47.29,89.43,101.65
b79e6de8,7.02,13.28,29.35
56cf556d,36.09,68.25,80.56
aee94c62,35.81,67.72,99.13
7f32ef61,7.47,14.13,40.27
f061ff97,49.67,93.93,104.98
bb31ef49,3.65,6.9,17.78
8270dd0e,19.51,36.9,67.82
2ff5c436,22.39,42.34,74.3
30da66ea,40.53,76.65,88.14
dfcf5e84,3.43,6.49,43.29
8d070714,28.74,54.35,69.38
62ee4c28,11.79,22.3,52.08
f726832b,29.48,55.75,72.1
253b0189,33.02,62.44,74.0
2e7aa26a,3.64,6.88,25.37
180834dd,5.24,9.91,38.48
5774ce3b,6.09,11.52,51.28
8d7e9774,42.91,81.15,101.77
368fe3b4,46.48,87.9,125.3
8efc9180,23.01,43.51,88.02
946b5588,43.99,83.19,103.98
bcb91102,24.86,47.01,77.9
74d55afc,21.25,40.19,66.57
8639ceac,27.5,52.01,63.11
7e685417,39.93,75.51,101.18
72d48101,12.74,24.09,49.18
8c327441,16.48,31.17,66.05
f19fddb0,42.75,80.84,125.5
4ef201dc,45.97,86.93,123.8
58c5139d,7.9,14.94,39.16
a2c7b2ce,35.84,67.78,95.73
30838426,2.46,4.65,50.14
dc8350c0,13.82,26.14,61.7
cf8fde3d,5.29,10.0,35.59
0d7bda88,26.74,50.57,84.58
2a60d134,18.48,34.95,70.72
bad78cd3,8.6,16.26,45.55
efa27d96,2.02,3.82,48.44
41282643,20.64,39.03,81.54
0209fe59,16.13,30.5,61.48
3b818707,4.24,8.02,56.35
9f4652df,42.88,81.09,129.22
ff2aef31,21.72,41.07,89.71
3060a960,39.19,74.11,92.93
2390c7e5,22.26,42.1,56.23
16275530,5.24,9.91,44.67
1e6adb92,20.92,39.56,78.66
8ed2ee1a,44.53,84.21,106.49
ae797607,2.37,4.48,35.99
0e3c8056,44.97,85.04,120.95
a08ec068,33.52,63.39,91.92
26b2161c,49.79,94.16,125.81
21695cc6,45.97,86.93,99.94
53a46f68,43.71,82.66,132.42
af83302f,3.8,7.19,32.34
b144331c,15.45,29.22,47.43
4cce08d8,19.99,37.8,67.0
c9152e9c,35.59,67.3,90.0
d70161df,33.13,62.65,88.31
73f9d03c,10.24,19.36,51.87
6b7501de,37.37,70.67,91.81
ffb95a69,9.47,17.91,54.57
40e7b6df,23.91,45.22,72.49
de298fd9,29.78,56.32,69.69
f158e0b2,43.79,82.81,128.29
71bfcbed,32.3,61.08,90.18
ee7537df,47.83,90.45,137.37
9ce9c32c,49.74,94.06,119.29
41e90207,26.42,49.96,81.67
a2be88d8,4.47,8.45,53.39
e7ff14c6,3.36,6.35,34.84
fc900642,43.07,81.45,116.78
d0fca803,25.99,49.15,69.03
8a9412e0,19.61,37.08,56.6
e0208654,15.65,29.6,61.31
8ea30fd4,15.53,29.37,63.9
f46ce500,5.5,10.4,46.63
ae3f6869,16.54,31.28,72.03
93bb1bd8,32.95,62.31,109.21
95b37a6d,20.49,38.75,58.36
a8b340d8,47.5,89.83,124.61
7a89112f,34.07,64.43,92.16
83e8c8b2,43.47,82.21,95.78
cb9b8c70,7.48,14.15,42.29
c7b2aee5,23.62,44.67,86.3
ba6f7a4d,3.99,7.55,20.71
ab2c1990,44.96,85.02,119.27
3a112627,9.05,17.11,43.51
808c1eb0,40.66,76.89,113.05
afdf4fd3,46.34,87.63,130.48
30f5355a,23.21,43.89,75.56
d24f4a20,20.69,39.13,61.29
72c6a0e7,30.81,58.26,71.87
12ed1979,37.54,70.99,92.54
674b4289,32.99,62.39,86.98
60139710,2.06,3.9,39.55
3f07db23,39.72,75.11,100.64
6b74140b,9.07,17.15,43.26
b27d5559,23.58,44.59,66.21
5cf63dc5,15.55,29.41,53.93
a23539c0,46.54,88.01,108.65
88a4d67a,26.1,49.36,88.73
4ffd8353,27.06,51.17,100.49
40550bc0,5.66,10.7,50.09
fb06a9e0,45.07,85.23,98.18
548b8c79,13.47,25.47,60.78
3a1368f7,21.87,41.36,79.48
73f9f068,49.29,93.21,134.34
ed77e342,7.47,14.13,54.64
ca5f13f8,36.49,69.01,99.35
8f3d3c16,14.49,27.4,47.9
642308dd,22.15,41.89,56.71
214b77ae,22.07,41.74,52.07
ef82e3f4,46.75,88.41,98.47
03839c43,2.5,4.73,52.18
09d94aa5,19.63,37.12,71.44
d2e0b242,42.92,81.17,114.14
8a706f16,45.7,86.42,111.49
3172644f,16.94,32.04,73.98
c3c0ed0b,13.61,25.74,44.55
daebda53,24.14,45.65,85.17
ff09b9ef,37.8,71.48,95.99
3c30a67e,9.39,17.76,56.07
23402849,39.65,74.98,113.24
3f5fa548,26.61,50.32,72.93
45bef694,8.76,16.57,63.94
6c5f7944,34.24,64.75,95.06
5c7cdfdf,32.15,60.8,81.11
bee39637,31.87,60.27,97.22
5f1f5d18,38.23,72.3,112.33
0c133945,10.7,20.23,68.26
64d1dbc1,35.48,67.1,80.03
d38c2a99,44.59,84.32,115.92
9eed9f56,27.45,51.91,81.53
5f506b8f,25.33,47.9,70.31
2313f411,40.29,76.19,116.9
fae273a9,9.02,17.06,34.83
1e9577f0,18.36,34.72,57.83
f2a138ee,42.98,81.28,121.93
bfb4556b,25.99,49.15,78.24
94a75bc5,42.34,80.07,95.51
d7e8f4b8,14.09,26.65,72.42
00bc1727,20.7,39.15,78.38
f773df7c,41.53,78.54,111.05
2c889f21,9.85,18.63,53.0
22291dd4,44.95,85.01,120.05
33d02441,16.87,31.9,61.87
f25b0418,48.69,92.08,131.87
78c06c21,41.73,78.92,117.53
56d3b020,23.87,45.14,55.25
6af06f72,37.63,71.16,85.58
aebaad6d,28.65,54.18,65.19
dd52d032,42.96,81.24,98.0
54f76f22,26.87,50.81,63.7
ea0394d9,49.42,93.46,111.21
9ce49347,8.41,15.9,47.44
fb010378,34.47,65.19,101.98
0e6c9a19,13.79,26.08,72.82
4264846e,11.18,21.14,60.71
335d0744,21.6,40.85,52.11
9ca26652,19.64,37.14,65.89
ae9e0b01,4.22,7.98,45.01
2e3f7add,22.53,42.61,65.22
b5fbc0d5,47.69,90.19,114.95
b83ee46f,24.41,46.16,88.27
e563684c,16.49,31.18,43.06
3c590cb2,47.56,89.94,121.53
80ac5a0d,26.27,49.68,91.86
d8e995c9,15.78,29.84,71.74
1a6a329d,39.58,74.85,89.67
c8494c7a,12.73,24.07,67.86
ccccc6f7,13.89,26.27,39.36
ab82a1e6,17.57,33.23,80.19
e0cb176d,20.95,39.62,58.27
e8a640e4,29.98,56.7,71.31
0d0c6153,26.73,50.55,63.51
788e97c7,37.7,71.29,95.03
97b63e6a,36.42,68.87,92.81
2a6fdd2b,4.19,7.92,38.97
72cb2fa4,8.43,15.94,55.26
08c6df2d,12.33,23.32,53.71
5c1a9e03,30.69,58.04,107.2
5cf01ad3,44.97,85.04,103.45
f8571df7,17.6,33.28,51.7
f2650c1a,48.26,91.26,129.46
89bf73cb,10.3,19.48,42.05
93b334c5,46.39,87.73,104.59
538f0549,40.45,76.5,118.2
ccf8d62f,20.67,39.09,58.14
616d8a4b,11.9,22.5,62.46
552f84d6,20.78,39.3,57.57
24d0ef9c,12.26,23.18,70.76
b79233bd,28.94,54.73,76.53
e0459556,29.59,55.96,95.95
9e8ad5e5,38.87,73.51,117.17
8361755e,27.34,51.7,66.61
09f099a8,18.57,35.12,47.84
80f273c0,45.76,86.54,120.47
bcbe5c59,5.74,10.85,45.65
fdc8b752,40.82,77.19,112.1
207b41a6,21.66,40.96,69.21
e690961c,10.69,20.22,67.61
ea8a4464,7.78,14.71,52.39
4d0a4642,12.6,23.83,36.8
3ed38b80,7.85,14.85,56.25
def23089,24.03,45.44,66.46
1a8c02cf,18.79,35.53,74.45
62b3e3b3,19.12,36.16,48.53
9065e167,9.53,18.02,58.69
2508d5dd,33.67,63.67,95.38
1c755b08,31.17,58.95,97.78
a0b93c5a,49.15,92.95,122.72
e853f4ac,10.05,19.01,61.05
14692c4f,42.03,79.48,127.36
53fb6e15,3.63,6.86,46.56
7079d63d,5.52,10.44,50.21
72f9ed07,33.11,62.61,81.28
079df295,21.51,40.68,64.86
d93e6061,13.06,24.7,39.7
1f8bd6ca,2.13,4.03,35.33
9a1299b9,33.83,63.98,91.84
b6f41eb7,23.16,43.8,65.59
0b601fb1,10.2,19.29,32.06
af9154de,48.67,92.04,139.3
d189e7fe,18.84,35.63,69.85
d18a8934,16.55,31.3,54.3
cadd5b50,26.5,50.11,74.02
e346ddcb,15.31,28.95,54.77
84bf2e8a,15.09,28.54,71.01
a42bda3f,48.38,91.49,109.91
f34dbf0f,14.54,27.5,71.76
677bf8e7,31.06,58.74,81.2
656d4577,3.8,7.19,52.03
6bc082ba,9.41,17.8,63.64
e60736ca,3.06,5.79,43.66
3687a91f,27.65,52.29,98.08
4a937553,25.6,48.41,88.29
6e292b9e,17.88,33.81,49.59
f2432862,35.61,67.34,115.59
7a34b7f1,32.04,60.59,78.19
0079a9e2,30.82,58.28,88.07
017a7058,18.14,34.3,59.64
9345b260,17.7,33.47,57.4
7ccb8f3e,43.93,83.08,124.42
bd9e5009,28.11,53.16,74.8
70fd5c64,15.07,28.5,60.01
7dbac90d,28.07,53.08,76.54
7280b5df,14.8,27.99,73.73
d3cb4d3e,10.89,20.59,36.79
018464bf,15.54,29.39,46.41
4a33f0cb,32.19,60.87,75.32
fa027598,26.76,50.61,90.92
3d91e145,9.9,18.72,35.18
4acbb0ba,45.58,86.2,117.52
00fb8fb0,25.92,49.02,89.69
7ed60820,40.1,75.83,90.45
32260de0,17.87,33.79,81.01
44330e06,47.96,90.7,112.06
1f2b5bd8,38.1,72.05,113.74
04abe679,23.82,45.05,86.79
3894d05a,45.31,85.69,109.62
5cf780ca,36.44,68.91,100.93
fadca7d1,22.67,42.87,78.1
7fc6834d,48.76,92.21,118.83
1dec7a95,16.33,30.88,55.2
bed33972,14.32,27.08,71.17
b48dc091,44.94,84.99,103.07
ba343faa,35.95,67.99,109.79
3f9a7ac2,18.58,35.14,53.29
203557ad,13.13,24.83,62.83
59aa1d28,10.55,19.95,41.46
fa64d05b,17.05,32.24,79.34
6432e9fb,8.03,15.19,49.41
86535143,8.98,16.98,48.32
345c7dad,39.28,74.28,96.09
83aeabfa,5.06,9.57,39.92
4cd78c5f,23.09,43.67,56.3
0285abce,21.44,40.55,56.28
3020ab71,48.09,90.94,112.74
99090244,24.35,46.05,94.02
393010b7,9.72,18.38,47.1
441c971e,6.24,11.8,37.82
cc4847a2,37.16,70.27,111.17
fe5678d6,9.09,17.19,54.94
c9ec1369,47.02,88.92,125.48
7631ee71,28.84,54.54,88.77
750f8950,21.28,40.24,55.44
8d2d9e76,34.85,65.91,91.53
9fa8e2d8,11.55,21.84,67.89
7321cf93,20.35,38.48,86.87
dac5e4ab,3.6,6.81,34.12
736c237d,44.13,83.45,93.49
e9c75560,22.41,42.38,72.35
0d147e84,38.42,72.66,91.75
122b697f,46.01,87.01,104.53
e9d44f40,33.33,63.03,84.38
bcc7f827,20.04,37.9,52.81
1fee37b3,31.74,60.02,71.85
b818804f,19.3,36.5,64.29
36f1f344,29.23,55.28,75.78
ff83e057,22.74,43.0,63.25
a3d4ba0e,9.19,17.38,36.24
76aa0488,39.44,74.59,104.46
7fcfbcfa,25.83,48.85,88.18
f4a75097,11.13,21.05,57.33
24a99da3,44.81,84.74,133.78
1814022d,42.95,81.22,127.78
6cb4168a,28.82,54.5,81.19
e079f07d,48.58,91.87,134.39
7c683c31,46.5,87.94,105.32
12b45684,45.06,85.21,103.7
dfc14d2f,8.4,15.89,53.93
c56957f2,16.14,30.52,49.19
e471f875,21.69,41.02,69.07
2343e008,41.93,79.29,102.17
1a7fdd0f,43.82,82.87,102.18
402aeab1,38.07,71.99,88.17
b61d8aa1,24.68,46.67,81.14
c7a9ff1d,9.77,18.48,30.73
3dca56a5,3.69,6.98,45.08
3893ee17,35.57,67.27,113.06
d9c52902,49.72,94.03,117.77
dfff0342,18.58,35.14,61.67
70da0d96,29.3,55.41,89.03
1ea61992,40.91,77.37,114.02
d22b0447,10.95,20.71,52.5
bf2a8728,41.82,79.09,116.7
06482fa7,32.02,60.55,102.89
dae3be53,29.35,55.5,105.1
e9170e83,38.59,72.98,98.69
78d67e47,13.57,25.66,59.05
d1dca57b,31.51,59.59,84.64
10c478b9,13.54,25.61,45.13
6989827e,10.62,20.08,69.98
5c9b4cf5,31.92,60.36,70.92
bcf18bd3,14.93,28.23,40.82
8dc9b584,36.29,68.63,101.95
d90197fa,26.7,50.49,88.88
5a09a4e4,35.36,66.87,106.02
8aa73e44,44.8,84.72,122.85
f2b8d32d,8.64,16.34,57.88
dc899113,5.2,9.83,49.62
e852848e,21.2,40.09,71.93
add2bdd9,36.4,68.84,97.64
92c278d6,44.54,84.23,123.04
47520111,3.67,6.94,46.23
aec88891,40.06,75.76,99.06
423b88e8,5.62,10.63,20.75
9f8722e3,29.87,56.49,79.06
5113d461,18.52,35.02,66.41
da738a16,2.85,5.39,36.43
34a538b1,6.66,12.59,37.78
66c3add9,18.98,35.89,83.18
c9d16e1f,47.78,90.36,119.41
6fbd8291,9.43,17.83,33.39
7ff341c1,15.05,28.46,46.2
4594dcd5,49.72,94.03,107.81
00a1ab56,25.07,47.41,68.14
77de02d6,14.59,27.59,49.78
1d3b6522,31.57,59.7,83.07
142cd1da,22.93,43.36,86.81
b09e6d33,43.2,81.7,122.32
60ad9fa3,2.38,4.5,34.34
cd76a68d,49.85,94.27,122.04
e23ba2c0,5.18,9.8,34.92
f4a2dd5b,27.78,52.53,63.07
5a8a54fc,35.48,67.1,113.89
5f3338f7,28.39,53.69,75.35
c68aff01,16.44,31.09,74.77
59a36b36,43.06,81.43,121.06
91214428,22.66,42.85,57.43
c843ce49,16.43,31.07,53.6
357e5192,38.88,73.53,102.92
6a59fe9b,9.0,17.02,37.51
9e3f08bd,11.84,22.39,48.47
4fa4d023,14.13,26.72,48.02
3eefe9d6,22.87,43.25,78.68
d0b22e47,2.98,5.64,30.07
b9b348e4,49.61,93.82,117.67
03c2dd54,30.81,58.26,79.12
47253105,48.59,91.89,133.95
3cc55980,40.76,77.08,112.92
7a24175f,8.45,15.98,54.82
68d5be07,12.04,22.77,48.52
9682247d,3.65,6.9,50.48
0208da1e,42.02,79.46,106.11
bc69b6a7,30.49,57.66,74.72
be1bf437,12.32,23.3,53.73
67c9f7f0,48.56,91.83,119.63
24f959d2,37.36,70.65,84.32
cacbab2f,35.86,67.82,104.33
b422b047,14.82,28.03,70.51
2aa3be03,17.04,32.22,56.47
7006f1ca,34.06,64.41,104.78
5286550b,30.49,57.66,91.09
55b4b636,33.07,62.54,83.46
a25d810a,44.18,83.55,107.31
b5fc7e0a,9.7,18.34,66.19
256f04a8,7.58,14.33,32.96
d7298f46,29.1,55.03,71.11
f7c91efc,26.01,49.19,62.22
12d25fbb,21.34,40.36,85.38
81eda920,45.43,85.91,122.79
e2bd4f22,28.8,54.46,69.13
e852e734,29.23,55.28,95.91
f7993e7b,19.59,37.05,72.23
7636f8d1,18.52,35.02,84.47
31aefe15,49.41,93.44,123.9
695dfe3f,31.91,60.35,91.01
6c776185,41.61,78.69,98.66
e21e516e,23.48,44.4,62.04
ba48dd21,11.21,21.2,60.54
dbcea5a5,17.59,33.26,58.17
d823ba93,18.61,35.19,74.17
a090024e,29.12,55.07,96.05
fdc8dc80,9.42,17.81,63.94
5195e0af,20.58,38.92,66.02
3e0c8dce,6.83,12.92,26.75
c86e49af,25.83,48.85,59.72
ea60d72f,47.48,89.79,111.47
0eaa9d83,18.27,34.55,81.85
11b5cb3e,4.39,8.3,48.21
2104afc1,31.22,59.04,91.41
b1235fc9,32.47,61.4,80.98
46744397,25.02,47.32,85.83
2b37c552,21.05,39.81,79.44
4467f1ad,44.85,84.82,104.04
17daad3a,47.04,88.96,127.29
d37aa982,34.31,64.88,79.69
55ca09a0,26.06,49.28,63.35
22031a1e,5.24,9.91,22.12
c34cec75,16.45,31.11,73.52
c830a52a,15.68,29.65,50.47
8a6fb9b5,4.8,9.08,43.25
1ab3eb11,42.48,80.33,96.11
8b3f9318,43.62,82.49,110.19
c6e83b5b,45.79,86.59,97.7
7de678e1,37.61,71.12,115.52
d72e0f83,36.1,68.27,99.86
31f81353,24.94,47.16,92.78
9c67d8b5,43.16,81.62,110.33
4c482ab5,26.49,50.1,72.75
18aad7e6,3.42,6.47,32.5
85f260fb,30.08,56.88,76.63
5a50b8b2,20.74,39.22,84.64
09c501fd,27.02,51.1,72.92
b99ce1ae,23.15,43.78,65.47
e1d03180,25.85,48.89,84.15
2f5d422f,7.21,13.63,28.54
d45e3647,2.7,5.11,23.88
a54e0406,18.33,34.66,61.86
2eaf77f0,14.22,26.89,44.19
9b3057a4,14.0,26.48,46.77
1a7d4346,46.98,88.84,126.84
91849771,41.31,78.12,99.31
64fdb7b2,2.64,4.99,40.48
375bccb3,2.42,4.58,34.36
fe9a2a28,39.29,74.3,115.0
371de2a1,49.27,93.17,133.2
5762efbd,24.33,46.01,63.91
34ccab4f,22.79,43.1,90.83
c076f223,15.24,28.82,70.91
475009d9,34.0,64.3,95.6
d5aab04d,24.64,46.6,78.99
4c68cf1a,10.04,18.99,62.14
ea4c44da,25.11,47.49,76.86
d702b71e,20.07,37.95,67.09
3bfa36d6,44.71,84.55,119.76
96e6a8ef,39.04,73.83,87.36
891ac760,35.66,67.44,100.73
810a845b,17.7,33.47,52.43
3aec781a,8.7,16.45,31.12
0256bb40,43.5,82.26,124.88
46b360ba,18.45,34.89,60.16
7409fb2d,30.46,57.6,87.71
32c80cc2,30.36,57.41,79.15
56d71e1b,46.55,88.03,99.27
5f601394,10.24,19.36,47.06
c0e256c1,39.04,73.83,113.84
03a3e889,24.2,45.76,86.09
31847dc0,10.39,19.65,66.53
dbd0eaa9,42.11,79.63,123.25
bfa25685,41.37,78.24,127.53
3ffa72a1,3.93,7.43,40.3
899aa619,36.05,68.17,80.21
2674f7fc,9.37,17.72,62.26
8f34b584,31.3,59.19,107.27
50a4024e,32.9,62.22,90.79
a1022f9e,33.93,64.17,78.73
baf42248,7.76,14.67,25.65
9f1635c7,30.72,58.09,92.63
0a330a31,6.79,12.84,49.54
cb4bfa77,37.79,71.46,82.11
db484165,5.06,9.57,57.54
bc32e5e0,38.37,72.56,104.25
8d7419a0,44.41,83.98,118.47
b165cfa4,16.33,30.88,63.45
fa7b17ff,39.36,74.43,97.11
62f75090,22.04,41.68,87.7
24721fff,40.29,76.19,86.34
46bbfd1e,34.94,66.08,105.97
85b001c7,15.88,30.03,54.46
406926df,11.3,21.37,38.98
090a0929,45.91,86.82,114.26
cb5f8b87,42.27,79.94,97.86
c8071c99,33.68,63.69,108.44
8afc0479,18.77,35.5,77.32
8f614493,26.5,50.11,94.39
ba60b25c,28.78,54.43,97.86
85506bb5,6.13,11.59,54.58
012ab958,48.67,92.04,125.3
8b565979,6.41,12.12,58.2
c21249fd,36.64,69.29,81.66
4eb7ddde,25.65,48.51,69.94
f4d8e5f7,38.47,72.75,91.25
7201b4cd,14.52,27.46,42.3
3a700c6e,20.97,39.66,49.91
c2daf07c,27.22,51.48,77.59
5818c7f8,7.8,14.75,53.71
8ac5d5bd,42.89,81.11,116.91
eea1defd,49.59,93.78,129.82
9c1f06fe,22.04,41.68,87.2
98479209,20.09,37.99,86.28
b4abff53,30.52,57.72,94.94
47f284c0,35.06,66.3,79.7
2ed45a95,43.69,82.62,119.69
3ec1cbd4,19.9,37.63,69.82
dbcb61a1,38.71,73.2,85.78
d5412337,13.52,25.57,45.85
b8a2ada2,34.66,65.55,85.06
d86b4ea2,24.4,46.14,87.05
0ca184e8,33.76,63.84,87.65
1a41be8e,20.23,38.26,68.29
09ed5153,16.13,30.5,71.93
32e36f95,25.33,47.9,95.36
132a5e8a,44.96,85.02,116.55
63226460,34.39,65.04,97.25
809b8be0,31.36,59.31,73.14
467aff5a,36.55,69.12,98.89
b0b51ff9,37.0,69.97,107.43
d84bd442,16.15,30.54,48.1
608d3668,13.17,24.91,39.36
f7865e0e,26.44,50.0,94.53
d533556e,9.1,17.21,31.81
6ffb011f,24.79,46.88,93.4
77eb0eac,35.27,66.7,87.65
d97a6c46,2.36,4.46,27.66
6fa9b246,7.34,13.88,44.9
78a34e63,48.18,91.11,108.63
c9b07672,46.54,88.01,125.55
2a35f214,22.06,41.72,72.68
57d1fb0c,30.32,57.34,105.18
53c42ba4,9.45,17.87,64.32
c26cc803,17.89,33.83,74.62
27871c07,40.06,75.76,93.15
c3a241fa,43.09,81.49,100.04
8cf5f790,21.45,40.56,61.3
fefa17e6,16.93,32.02,75.39
df412a0f,34.72,65.66,101.58
12c97961,36.46,68.95,85.97
2c744ee8,49.22,93.08,121.41
8aaf52cf,35.47,67.08,116.08
b57f3d3d,13.53,25.59,64.88
e0481386,4.88,9.23,56.6
133b6256,14.37,27.18,69.53
ef03917a,12.88,24.36,63.36
e0e14a29,6.46,12.22,55.42
fe4331a5,23.33,44.12,81.82
17176a1f,15.83,29.94,62.63
7af5d013,46.4,87.75,127.19
20761c74,21.39,40.45,59.63
4d0cb389,44.08,83.36,112.97
2ae8fa7c,16.72,31.62,79.68
fc687aba,41.91,79.26,121.6
de345a0f,23.82,45.05,92.1
e5c7b347,3.55,6.71,55.41
f54ef5f7,25.37,47.98,81.47
a0e8e287,12.88,24.36,42.21
322162ac,16.76,31.69,71.33
f1ac4faa,34.85,65.91,76.2
ad7ce129,27.42,51.85,65.42
a3711a99,44.65,84.44,105.88
dc698872,46.93,88.75,99.36
108a9f65,35.17,66.51,103.84
f7e86599,43.45,82.17,124.83
befd075c,11.36,21.48,61.63
393b4d9f,5.81,10.99,26.77
9adf0da4,17.98,34.0,76.16
4e5e9f96,17.63,33.34,76.48
39008578,33.92,64.15,78.01
64ec7a68,42.34,80.07,109.77
446988f7,16.25,30.73,68.26
8746b793,22.39,42.34,68.61
f1c8c287,7.04,13.31,58.88
d38cbc59,21.81,41.25,72.42
a7e77b4f,12.29,23.24,38.12
f83ee8b7,20.36,38.5,69.72
531ed2b5,14.78,27.95,61.05
4e46641e,40.82,77.19,125.34
11f141ba,2.2,4.16,31.04
d6d12e24,18.26,34.53,80.25
810654be,48.52,91.76,114.56
492197c3,34.59,65.41,93.5
5823eb32,39.06,73.87,110.88
32998452,43.27,81.83,127.25
29cbdfb7,19.37,36.63,77.59
0e2f3453,5.17,9.78,26.0
810212f6,21.71,41.06,58.81
52e9fc59,33.33,63.03,75.76
76800510,19.8,37.44,72.3
9c1d51a5,23.52,44.48,72.09
8a25ba78,41.62,78.71,123.74
835fa95c,3.74,7.07,56.65
0bb91094,18.07,34.17,79.31
b7494541,25.44,48.11,59.97
5572ee18,16.36,30.94,78.71
888e0639,23.4,44.25,58.37
7f0c35dd,21.28,40.24,68.13
e6534691,46.35,87.65,109.54
827051db,25.67,48.54,64.8
909f1d3f,24.86,47.01,63.86
f5f48143,14.22,26.89,50.72
8816f206,4.22,7.98,19.0
e422123d,16.37,30.96,43.55
9910baaa,3.31,6.26,44.83
2575cdf1,41.69,78.84,113.89
2beb8498,11.81,22.33,36.3
016fed5c,45.74,86.5,113.79
cbce069d,44.52,84.19,118.5
52bd02b6,33.91,64.13,78.04
e1e5c791,43.4,82.07,130.95
4f1e03c3,44.14,83.47,127.41
4bf0dc58,39.26,74.24,93.33
43fba205,26.38,49.89,80.64
fc6bd444,47.6,90.02,120.33
7a663ee5,41.25,78.01,101.38
99d7e6d1,8.1,15.32,55.71
8dd42340,22.16,41.91,78.24
546cb83f,27.91,52.78,97.35
c934d044,27.41,51.84,62.04
18bde214,20.22,38.24,72.4
f52084ae,27.52,52.04,101.75
e9efd89c,6.46,12.22,53.79
c7606f5c,33.45,63.26,87.03
292164b2,25.89,48.96,65.2
43b92d35,39.81,75.28,102.41
5d4427f5,35.28,66.72,93.69
c23dc9f9,7.41,14.01,47.42
17abf600,18.83,35.61,48.25
0aeeba7d,37.34,70.61,96.1
eb8826dd,18.17,34.36,78.55
7a45464c,29.21,55.24,90.98
9ad4f875,48.14,91.04,118.43
0b416b64,5.84,11.04,33.45
a6b35d2f,11.13,21.05,42.24
8fc9d685,25.07,47.41,87.35
1c380fd8,37.44,70.8,97.95
f332a627,17.85,33.76,53.61
ae44c804,7.64,14.45,56.96
e4d5226c,17.16,32.45,53.07
fb9f5e0d,32.93,62.27,74.85
9d842c9b,40.04,75.72,107.64
b0926872,48.9,92.48,113.64
497d2c9f,38.54,72.88,83.08
aeeebf7f,25.63,48.47,78.53
c991f452,16.05,30.35,76.13
bdfaf299,46.52,87.97,123.74
62bc7db1,27.64,52.27,63.0
c30203f5,35.06,66.3,91.45
02df6422,24.68,46.67,66.55
02c7d168,13.62,25.76,62.58
6de11650,28.25,53.42,81.7
02c317bb,42.32,80.03,96.94
77c790a3,20.4,38.58,66.83
47727de0,34.1,64.49,111.75
514be558,4.03,7.62,34.05
7376d3da,46.95,88.79,133.6
8f9c87df,48.56,91.83,120.85
d8a6ed81,20.54,38.84,79.15
6ac0540a,25.92,49.02,90.45
b584a03c,9.71,18.36,58.79
4c5def76,11.42,21.6,57.14
8d2fac2f,30.9,58.44,106.54
c1e32f6a,32.1,60.7,107.84
f4c5a5f1,18.4,34.8,56.91
970302f5,19.95,37.73,75.52
3eb1bc3d,26.3,49.74,86.33
93c4cce9,47.11,89.09,107.1
05b537eb,9.18,17.36,37.96
4ce68171,28.47,53.84,76.27
2ae3827b,4.79,9.06,32.32
ae215248,24.0,45.39,89.56
70518cd4,21.07,39.85,80.14
3ba1d4bc,9.88,18.68,60.99
6c835ae7,9.87,18.67,65.19
661437d4,23.6,44.63,75.2
7773d520,8.08,15.28,58.7
ba52baf9,16.15,30.54,68.35
0fff4190,5.42,10.25,38.84
e71b928c,16.27,30.77,48.52
6e71e309,27.62,52.23,79.44
218c2142,37.71,71.31,89.57
8941b2ff,41.86,79.16,100.65
22bdfa52,18.22,34.46,55.8
7214c041,47.06,89.0,129.44
5ca80f1e,13.55,25.62,55.93
7be9ee49,5.87,11.1,52.83
a89d3b19,46.4,87.75,132.85
75d2831e,27.91,52.78,87.25
84eeba0e,18.87,35.69,61.98
dfb10297,45.11,85.31,129.58
7da26a8a,39.24,74.21,106.91
f30e7ca7,41.96,79.35,123.63
db877c96,16.03,30.31,50.93
8dea4747,43.93,83.08,115.71
f4f7831d,33.19,62.77,81.24
c29755a8,37.42,70.77,108.7
4ab97aa6,17.0,32.15,65.63
47303434,13.76,26.02,58.26
39a22d20,21.59,40.83,76.39
7b4e4244,29.61,56.0,81.02
2f1f5d8b,33.97,64.24,81.92
57ef32de,25.9,48.98,91.24
1c70f3dd,35.55,67.23,92.6
e5e48c20,36.0,68.08,117.64
f3573a10,33.97,64.24,93.48
28c824e2,14.05,26.57,56.17
0ea35ca6,23.42,44.29,81.4
2c5eb2d0,38.76,73.3,109.97
f1ae9eea,44.57,84.29,101.51
4e09cd99,26.06,49.28,70.17
2351add6,49.37,93.36,112.62
de4ee1ba,10.39,19.65,31.79
754851d1,12.77,24.15,35.05
11828419,24.12,45.61,81.41
ade499df,26.42,49.96,79.9
82de9392,22.37,42.3,88.08
67dec516,22.66,42.85,64.88
1b303d43,25.39,48.02,89.52
c03df608,17.37,32.85,46.98
d4cdde0c,8.29,15.68,58.34
785ee27b,47.89,90.57,137.42
7acf6f44,40.16,75.95,111.04
39f48f52,41.12,77.76,117.2
ccd1ee30,19.52,36.91,86.42
b4313d2f,21.39,40.45,65.58
a30dd7cf,46.92,88.73,99.9
2d1b3209,48.7,92.1,129.4
26cfd3d7,47.25,89.35,99.88
f56a1342,32.84,62.1,94.83
aa4fe0a5,13.65,25.81,59.71
6c4d2db8,31.04,58.7,92.08
5ef396ea,30.28,57.26,73.9
64f9ad1e,45.6,86.23,99.3
89a69430,16.96,32.07,78.38
44303109,11.63,21.99,53.65
6c574e3a,14.76,27.91,50.83
f677fd66,13.67,25.85,66.72
d20b212c,33.12,62.63,109.5
879d0778,41.0,77.54,103.71
c0c669d5,19.67,37.2,51.13
357adcc1,10.47,19.8,57.5
4ca604ae,18.47,34.93,81.23
6488caab,28.23,53.39,102.61
7686da52,33.9,64.11,106.65
a1a4fcb7,28.39,53.69,74.42
9860deb4,14.32,27.08,51.41
7363e546,46.06,87.1,102.57
acbd1b98,23.02,43.53,82.04
4a376d50,24.03,45.44,62.21
c0f6170b,48.43,91.59,118.87
ee9b724e,43.68,82.6,113.87
12487451,40.7,76.97,102.27
ebc68fb0,10.77,20.37,36.36
3324422f,42.23,79.86,101.45
f3dd075f,23.85,45.1,80.41
f8b86042,12.05,22.79,61.86
43f6956b,49.56,93.72,128.31
1ffad118,10.26,19.4,68.03
c916a30d,46.25,87.46,122.01
d69c8876,2.03,3.84,22.85
9492d514,23.02,43.53,73.17
c47d5cee,3.44,6.51,49.96
7fbbfe06,45.8,86.61,109.64
ae445495,8.04,15.2,54.68
3699911c,34.31,64.88,106.29
1beff858,32.3,61.08,108.44
c63a94d2,39.4,74.51,100.56
2479e669,37.85,71.58,91.96
803b98cd,3.56,6.73,37.05
f792ac3b,20.64,39.03,88.78
4d6dc22e,17.48,33.06,79.15
26ef2abf,48.7,92.1,113.46
fb4ce14b,39.19,74.11,91.98
455b0335,35.98,68.04,97.12
be892d12,23.22,43.91,60.54
3eb09268,44.77,84.66,124.98
50f9b2d9,2.81,5.31,16.77
7f7a9262,12.97,24.53,43.52
d1427d96,35.36,66.87,77.6
1e60acae,26.4,49.93,69.0
70eb36ed,27.62,52.23,64.32
cc2b8299,21.98,41.57,78.51
9f91e38e,9.99,18.89,51.7
dbb6a774,9.98,18.87,37.43
6e7bf39f,16.14,30.52,48.72
e0661aa3,24.48,46.29,67.94
4b102b84,41.56,78.59,120.52
c1081431,23.45,44.35,60.37
394aa51a,45.09,85.27,100.14
8c495d33,7.78,14.71,45.03
55eba0ed,15.05,28.46,73.06
bb1af068,5.39,10.19,29.15
7bfd196d,26.48,50.08,64.33
dddda6c5,6.32,11.95,41.62
e821a53d,40.19,76.0,115.29
4fdb0f14,3.91,7.39,42.12
d99b5428,24.82,46.94,73.67
bf1a58d5,22.19,41.96,53.58
89aa17fe,11.71,22.14,44.16
8a1f71c4,30.17,57.05,103.82
d6849ad1,20.53,38.82,57.73
d3b8335d,11.5,21.75,56.31
e4d8bfb6,41.68,78.82,125.12
845bcc4a,33.71,63.75,93.27
605ae37a,2.58,4.88,32.73
8c847594,26.09,49.34,64.98
7a2fefd4,15.02,28.4,77.62
48f79a4d,45.93,86.86,103.93
3e328880,36.83,69.65,98.91
c859099e,31.36,59.31,76.16
a59e0414,6.27,11.86,35.8
ffc13212,46.67,88.26,133.62
5bc99c76,8.92,16.87,52.6
d0ac4291,23.64,44.71,55.1
2797b522,34.69,65.6,114.27
227f5263,25.75,48.7,90.06
da6e7e6b,44.36,83.89,133.79
26067ab0,42.1,79.62,120.13
f7290b23,8.5,16.07,56.66
935ba3ec,31.65,59.85,97.83
4503c1cb,4.51,8.53,35.46
0dc0dab4,36.59,69.2,91.8
bec959d6,37.33,70.6,101.61
1d12c094,18.54,35.06,52.19
6e54f5c1,39.76,75.19,114.09
7f199168,33.33,63.03,112.92
daad9cdd,26.19,49.53,83.57
9ea1c199,23.85,45.1,89.36
6a1aad15,7.24,13.69,30.58
7dc38362,27.49,51.99,94.99
46875549,9.49,17.95,64.25
d59fe49a,33.49,63.33,106.88
c2d65e2b,30.55,57.77,92.86
737209dc,15.95,30.16,77.22
e3e6f0d7,13.86,26.21,74.67
b8c17977,24.85,46.99,89.6
e43c189a,26.6,50.3,82.18
506b3dff,40.3,76.21,119.62
dda7b3f8,16.59,31.37,56.25
5801edde,21.36,40.39,64.25
7faa70b7,18.48,34.95,58.87
dcd9aaf1,20.92,39.56,57.53
1e5db1e7,29.22,55.26,90.18
bde83f36,28.76,54.39,90.85
205a895f,19.34,36.57,80.96
4cec5349,30.92,58.47,96.25
7060f7f1,31.57,59.7,100.9
82e31265,27.29,51.61,89.16
cc91da5a,23.71,44.84,82.72
f26e2f5f,5.74,10.85,34.47
08e2faf1,27.98,52.91,101.55
27d6bceb,36.21,68.48,104.03
db784f58,12.34,23.34,56.83
1e74754e,39.34,74.4,118.29
34a5fa61,30.15,57.02,83.86
e1433aad,13.4,25.34,39.19
8d3ee64d,9.82,18.57,38.17
a344b2dd,13.78,26.06,68.38
3dbb54b2,38.44,72.69,111.96
384dd6d0,14.02,26.51,41.2
66c428b8,34.79,65.79,78.58
fb659aaf,28.2,53.33,88.21
e303e2e7,28.25,53.42,100.97
cfaca283,42.92,81.17,98.17
b6ba716e,43.99,83.19,115.15
e173cb1f,27.77,52.52,95.0
b695aa05,5.13,9.7,40.85
1d4068fd,9.74,18.42,42.47
5111effd,47.54,89.9,131.52
30a23909,8.47,16.02,56.87
20d65bcf,42.1,79.62,122.84
5a45d227,27.94,52.84,100.64
e2b8d63a,7.47,14.13,30.16
7e71fdfe,46.14,87.26,110.89
75ae29db,46.55,88.03,137.47
5fb73198,31.54,59.65,93.43
b2af023d,20.67,39.09,75.9
b7f4671b,31.16,58.93,104.29
03172231,32.13,60.76,98.4
a0f73f3f,31.86,60.25,97.58
f59bb2f1,37.2,70.35,84.53
211478a9,5.22,9.87,40.14
73e30639,6.92,13.09,50.02
115ab51d,15.57,29.44,71.73
7009c8ec,18.79,35.53,62.06
c4aed950,32.63,61.71,76.65
3ec8a3ac,10.25,19.38,44.01
c20d8f3b,27.97,52.89,80.08
5f5e0502,10.9,20.61,60.65
d71b50fc,19.06,36.04,46.83
6e552b4e,46.9,88.69,114.12
ea05bd43,44.99,85.08,113.0
bef9bd3b,47.75,90.3,122.3
7fa823e5,30.39,57.47,106.27
8a42b660,26.06,49.28,88.9
725a0289,42.75,80.84,99.74
34a5c38f,5.82,11.01,46.36
91bf8219,48.97,92.61,116.46
2a54ff4b,24.19,45.75,88.21
a67ff2f2,34.44,65.13,81.97
31be17f7,36.97,69.91,85.69
5ad98918,32.18,60.86,74.92
32f2e274,44.79,84.7,116.46
f18fd3e4,15.83,29.94,44.87
1584ca11,27.55,52.1,63.77
c1d02650,22.65,42.83,66.13
2a91ccb9,35.8,67.7,109.63
07d3a428,20.97,39.66,55.9
8ba0b83b,44.86,84.84,109.16
0b9938d2,25.54,48.3,75.73
8d9a67de,27.73,52.44,97.48
4346b951,25.68,48.56,77.61
f38bfa5c,31.89,60.31,90.79
16b91b58,26.5,50.11,70.29
fa06e834,47.0,88.88,125.62
99f0e18d,8.29,15.68,26.71
efb81112,2.64,4.99,53.57
a81f1bce,27.05,51.15,81.07
b93f0151,38.7,73.19,85.66
2346f84f,33.11,62.61,94.98
f151fd9e,48.21,91.17,121.73
0ce6ca4e,10.75,20.33,39.96
dd1648f2,35.31,66.77,85.12
b069a146,41.16,77.84,98.67
f5d2fb51,45.78,86.57,101.76
44f47bb1,27.37,51.76,83.02
a0ca0f90,19.43,36.74,81.9
5a32e3b1,47.86,90.51,137.44
de3066d9,39.99,75.63,123.75
ea971d76,24.6,46.52,80.53
8dbd3307,33.26,62.9,97.76
df0a8dae,15.37,29.07,51.49
19fcb10b,31.51,59.59,105.0
3807ac26,27.92,52.8,82.33
889770da,3.88,7.34,28.51
20133862,43.56,82.38,131.01
e9463356,25.53,48.28,86.5
2f21c684,25.03,47.33,75.92
ac40cefd,15.6,29.5,42.25
5e19310e,11.43,21.62,37.23
e3f10953,15.99,30.24,48.1
d9c46424,33.2,62.78,108.89
9641a25a,6.69,12.65,61.51
4db3592e,17.98,34.0,54.68
af2d6292,48.98,92.63,122.56
f814b318,15.03,28.42,70.1
1cfb86bf,48.4,91.53,116.92
1c54dbd9,7.03,13.29,42.99
db283942,40.11,75.85,121.35
be3c76c5,23.11,43.7,62.0
55133e8a,11.35,21.46,71.21
7b8aeafc,39.8,75.27,103.52
c95093c9,2.34,4.43,24.76
db79e12a,18.66,35.29,80.99
bfea310b,31.03,58.68,71.74
c8797012,13.09,24.75,60.44
e6b9b32b,17.96,33.96,46.43
324b2c10,6.39,12.08,59.93
d55a7947,42.95,81.22,116.81
77d03324,22.26,42.1,68.02
114350f4,8.97,16.96,43.94
ec30d313,11.56,21.86,38.47
8fe9e054,15.21,28.76,53.16
e192eb93,13.01,24.6,70.75
6c9378b9,26.16,49.47,91.68
842d5d7c,45.45,85.95,122.41
f7f91aeb,10.83,20.48,69.19
dd63ef21,23.77,44.95,77.89
544f1995,33.87,64.05,81.1
63b35658,10.82,20.46,59.0
540f0ea0,9.39,17.76,51.44
c040f733,9.46,17.89,45.35
987f8c03,44.34,83.85,99.73
22837c96,36.14,68.34,105.45
10515f13,18.15,34.32,62.08
d500f0cb,45.32,85.7,118.85
e7bec077,47.77,90.34,112.96
d48cb8db,21.12,39.94,56.17
7acdf163,26.5,50.11,74.51
8bc94d0f,19.19,36.29,80.37
2dfb6e98,12.92,24.43,40.81
3be0ef29,39.44,74.59,103.44
f8c72950,33.16,62.71,84.61
41e83d76,19.61,37.08,85.57
eaed37f2,2.69,5.09,18.48
4e30c99a,38.66,73.11,92.92
29600e54,24.91,47.11,75.09
dd9bde4e,5.51,10.42,30.31
6c95eeff,7.98,15.09,53.35
cbe842b1,32.16,60.82,85.66
dcbef87f,28.22,53.37,94.6
15496584,13.54,25.61,57.66
d23382a6,8.71,16.47,43.54
dea0231c,44.47,84.1,108.7
c7f3824b,8.47,16.02,34.9
12db7d84,6.11,11.55,31.65
2cb72e92,31.76,60.06,77.12
52b134b8,14.12,26.7,70.77
afb6124d,33.52,63.39,95.32
7526de77,25.48,48.19,77.51
829b1fbe,12.14,22.96,45.85
ad4e192f,5.34,10.1,40.77
44646657,5.39,10.19,55.49
f9a45d3a,30.12,56.96,101.2
c41f4813,38.4,72.62,106.58
571893ae,35.1,66.38,97.58
ce89e722,30.46,57.6,76.63
a4c9385c,12.12,22.92,60.64
0ca255e0,43.37,82.02,126.15
0ebf5e92,32.18,60.86,83.09
49c33e1e,35.32,66.79,94.21
9db31822,12.74,24.09,38.36
04151e4c,14.55,27.52,71.85
f4021fde,45.56,86.16,100.07
1b320456,24.85,46.99,85.16
a22357eb,28.58,54.05,71.53
d6f7b79a,7.32,13.84,53.19
82448ecb,20.94,39.6,75.31
9ecf9309,44.58,84.31,121.93
3a111d5d,45.21,85.5,120.93
5c15b14f,37.05,70.07,95.94
7e42beba,28.19,53.31,88.12
6c383872,46.68,88.28,107.67
d21d1ade,43.85,82.93,103.89
08e2314a,42.62,80.6,93.21
4db14cec,44.33,83.83,118.34
7ffa74a5,23.76,44.93,88.56
b8e50e4b,27.22,51.48,76.62
d2ce5259,22.35,42.27,60.62
eb4819b8,37.52,70.95,113.91
1b7c698a,30.41,57.51,93.28
8e28ff1b,5.35,10.12,55.86
2cc6f5a3,8.56,16.19,26.44
f1aaf49d,11.23,21.24,47.29
a0dec411,34.19,64.66,110.7
45fde32d,7.27,13.75,50.77
8b14ca6c,27.96,52.88,81.63
9c20747b,42.36,80.11,106.69
b620988c,47.48,89.79,135.6
88239374,22.56,42.66,85.93
bc7126e2,27.6,52.19,62.68
ee335568,41.91,79.26,94.1
2b154811,46.92,88.73,119.22
f2c61539,20.71,39.16,53.75
eccb2871,18.95,35.84,56.83
1a09f2c0,23.64,44.71,88.11
498a0b71,14.18,26.82,52.27
33ce5c66,43.26,81.81,109.85
c169c8e5,17.27,32.66,49.63
08e44f03,23.57,44.57,78.66
8e093d0a,17.36,32.83,47.64
68c76499,7.71,14.58,49.79
4bce350c,31.12,58.85,98.72
855785a3,30.21,57.13,102.07
269d50f7,16.16,30.56,63.86
4bad915e,3.51,6.64,29.92
75154266,46.96,88.81,132.88
0de2d492,19.07,36.06,69.92
e54a68b6,27.86,52.69,77.02
803a5399,8.9,16.83,39.73
65d76666,14.06,26.59,49.41
d8b61a69,22.89,43.29,55.54
237dc6dd,28.99,54.82,68.87
cb4f58f3,42.99,81.3,94.89
6dcd9374,15.94,30.14,52.63
77a7c5b4,43.85,82.93,111.89
af989ba0,24.01,45.41,61.31
a4df64cf,22.77,43.06,86.18
a3160df0,21.03,39.77,52.39
3b404566,44.54,84.23,132.04
59ae255e,14.05,26.57,39.55
a79bbc31,43.15,81.6,127.39
1b421300,6.28,11.88,32.31
4c6c60fd,47.86,90.51,139.98
9d44f764,26.14,49.43,80.28
7844f91c,49.95,94.46,105.19
1422f604,31.18,58.96,80.27
ed7f580d,7.64,14.45,62.06
5847780d,4.92,9.3,31.29
de2f5c4a,11.28,21.33,45.71
024668ff,22.22,42.02,53.79
429165c9,37.87,71.62,91.75
b5bb8d54,2.03,3.84,24.21
8778436f,14.35,27.14,65.78
be881fba,30.2,57.11,87.34
13661210,16.3,30.83,47.27
744ecabd,19.13,36.18,78.0
80c18807,16.44,31.09,65.55
221fb2a2,47.75,90.3,111.04
ef5d87be,5.16,9.76,28.71
5de667e4,45.56,86.16,133.16
0a5b4fa8,17.52,33.13,68.61
e8b0c2d3,13.83,26.15,68.45
75d68b4e,44.4,83.97,102.99
4dca3394,15.78,29.84,63.39
165ab4c3,49.4,93.42,105.56
716eda7d,28.31,53.54,87.33
e251fe2c,24.87,47.03,65.17
2cc06b36,48.87,92.42,129.18
a20a0406,12.88,24.36,71.64
4aaf3dce,45.63,86.29,114.64
9054254f,30.39,57.47,79.69
bdf80032,38.24,72.32,87.25
43045725,29.94,56.62,93.44
b82e0604,31.7,59.95,93.32
0a641173,9.44,17.85,49.63
222ef541,9.28,17.55,64.99
b8f5689a,21.06,39.83,88.96
163e6e9d,18.63,35.23,73.91
370024a0,36.18,68.42,86.26
5f3eeccd,36.69,69.38,117.25
adc8c3b1,29.06,54.96,78.76
beacfea7,21.3,40.28,53.45
eac59e8a,34.49,65.22,84.86
77508228,34.99,66.17,109.39
f5303252,40.84,77.23,95.38
038301e6,40.96,77.46,103.26
eb49fa43,5.34,10.1,31.04
5ce1d91e,19.95,37.73,49.64
b03d2040,22.16,41.91,74.38
8ed273d0,42.65,80.66,115.81
1de8b7c6,26.09,49.34,90.99
0d3c75ad,25.46,48.15,74.74
d883f2fd,28.58,54.05,69.7
75a30a16,8.11,15.34,51.43
3db4df0d,29.13,55.09,100.69
70d18006,28.47,53.84,68.63
95127b7a,38.21,72.26,89.56
da99eef5,32.44,61.35,84.52
1c87b33c,47.84,90.47,126.48
3c0ec151,5.84,11.04,41.99
8ab21bc8,39.04,73.83,112.32
06521e9c,38.07,71.99,83.24
aeb4fa9a,14.93,28.23,70.65
4d83ad6a,35.53,67.19,116.69
460973e3,33.65,63.64,75.51
1f86c78b,16.34,30.9,60.72
4d753f26,36.74,69.48,109.08
cc763c80,46.67,88.26,117.32
9c35e3e3,16.65,31.49,65.21
06cbe2c2,49.04,92.74,139.58
817f899c,12.77,24.15,55.74
3a6c5364,8.46,16.0,35.46
5c5b4c85,5.7,10.78,50.33
3d417e9f,12.26,23.18,48.2
704d0001,18.44,34.87,56.27
7a81cb5f,37.19,70.33,90.27
ba92df1b,5.46,10.33,23.5
06e33854,26.35,49.83,97.15
a9db0d4c,26.9,50.87,83.4
5ccce332,12.94,24.47,72.67
34540eb5,4.18,7.9,52.37
c12ef603,12.81,24.23,35.44
388a4874,13.06,24.7,44.59
1511a19e,35.03,66.25,88.86
90a75443,13.22,25.0,54.59
710ea178,18.33,34.66,73.31
9711324f,4.28,8.09,45.32
eacf99d3,31.95,60.42,109.91
4e818f4c,24.76,46.82,93.75
1ea60921,18.56,35.1,52.55
e8b1b20a,35.74,67.59,111.98
4a2e8fa0,34.74,65.7,109.42
7fb4f6c8,17.74,33.55,66.54
b083e344,36.05,68.17,91.69
81f58d8f,18.71,35.38,53.72
dc2dcbde,12.66,23.94,42.44
b23d6b71,36.55,69.12,92.63
21e55a3e,36.95,69.88,100.04
9248fc22,43.56,82.38,115.73
9037820a,26.05,49.26,72.26
95f04f2d,13.15,24.87,49.13
816e08b9,42.17,79.75,90.29
210b1725,10.38,19.63,29.71
daacbd74,47.05,88.98,135.27
e65b0f01,16.72,31.62,42.18
c897dfab,2.9,5.48,16.8
70de16d1,10.96,20.73,38.96
a8549397,21.91,41.43,81.17
00ec0c39,4.65,8.79,45.95
0c255e68,21.66,40.96,76.85
714eb3f4,11.74,22.2,55.2
fa9a824c,2.91,5.5,23.57
e46f9232,16.35,30.92,56.84
5583cc99,12.86,24.32,53.44
75582fa0,22.15,41.89,75.19
d6f80097,38.43,72.68,90.62
96266aa5,26.47,50.06,89.22
9932b0af,38.87,73.51,95.87
8d537827,18.16,34.34,70.75
d810adab,2.63,4.97,35.53
eac673de,46.26,87.48,121.17
706a1a57,17.11,32.36,58.89
0559c868,27.29,51.61,79.41
343ce5f7,24.52,46.37,91.1
d32b3814,29.99,56.71,85.75
f638f641,44.48,84.12,125.88
13aac502,43.63,82.51,108.31
5ac5d66f,49.09,92.83,130.85
ff8bb9db,27.36,51.74,71.06
42af55c0,46.28,87.52,134.2
4426cd74,25.16,47.58,96.27
7bee07a3,4.13,7.81,53.86
9343758e,9.02,17.06,40.92
cf47cacc,18.03,34.1,55.16
dc6d6958,36.82,69.63,86.93
eb8ca93f,5.91,11.18,56.1
03feb570,19.35,36.59,51.33
5df39942,49.15,92.95,128.64
07c5bdf3,39.71,75.1,98.36
5a7b0cd9,29.46,55.71,73.23
bea1ca8d,4.96,9.38,26.76
d2c16d29,2.7,5.11,49.95
e4dfd7a5,7.05,13.33,57.72
be4dbb07,17.7,33.47,54.35
f342d539,31.11,58.83,70.18
f1b2764b,11.48,21.71,66.47
8349d393,4.46,8.43,20.72
a1614362,6.36,12.03,25.42
9ce3caee,22.49,42.53,85.41
71a42882,39.11,73.96,116.65
f6128a3c,41.41,78.31,96.41
68a2db3e,15.97,30.2,41.73
f386d06d,33.85,64.01,76.53
89227d0b,20.85,39.43,67.57
8538bac4,48.68,92.06,118.79
f9ede931,21.44,40.55,57.84
3db03e0f,21.0,39.71,86.07
db48877e,26.08,49.32,81.42
2d728592,3.22,6.09,48.38
2381f99b,22.06,41.72,55.87
63a10665,41.78,79.01,127.95
197c05f8,31.38,59.34,101.73
72948da8,48.53,91.78,113.29
5a4be89c,17.63,33.34,44.17
fb073e16,9.75,18.44,35.02
58419a18,38.03,71.92,98.66
b68ae664,4.1,7.75,17.87
52209823,9.66,18.27,29.9
cf239ce3,26.33,49.79,63.74
8af799f8,38.17,72.18,114.57
441bdfdd,30.85,58.34,90.21
0848f638,49.75,94.08,111.72
3cf75fc5,33.44,63.24,83.82
fad98666,36.8,69.59,105.28
35d6d125,49.71,94.01,116.75
c71cd7ac,30.44,57.57,94.86
0c0ec1d4,36.3,68.65,109.78
b75a823e,16.32,30.86,53.12
0b7fa5e6,27.76,52.5,77.16
a08ba993,45.77,86.56,98.56
fd93c398,42.96,81.24,124.03
e44c508a,16.7,31.58,65.82
85c52ed9,19.15,36.21,81.74
c3e3108d,42.63,80.62,98.18
602e41c2,15.66,29.61,78.03
66a160e7,44.61,84.36,122.63
2c61fc5a,39.14,74.02,91.88
e6426182,9.31,17.61,46.13
422e3d6e,36.55,69.12,107.08
05f98011,42.05,79.52,90.2
0a843944,8.93,16.89,58.1
23fb55e9,23.95,45.29,93.2
ca52c8fb,43.41,82.09,95.35
bd397f7a,11.54,21.82,67.74
cf6e9f56,23.56,44.55,73.13
e562d02a,31.41,59.4,90.02
2ed6fb48,6.67,12.61,56.21
ddad4eef,12.18,23.03,56.62
109f3fd9,24.4,46.14,70.2
d5b7eb06,19.94,37.71,77.01
bc19991e,17.59,33.26,48.79
9a2dce57,3.27,6.18,42.83
28ebbd79,46.54,88.01,128.99
ccc7e0b3,43.83,82.89,106.28
96997a95,20.85,39.43,88.24
5ede29d3,10.71,20.25,55.87
8e6533f8,5.31,10.04,23.87
70b7731c,7.91,14.96,63.61
168da4d2,30.9,58.44,98.2
cefcb20c,37.23,70.41,108.24
4e40cc5f,9.51,17.98,38.11
1f848d8e,7.41,14.01,42.94
abd2f3de,35.17,66.51,112.55
2c6a4ba2,26.82,50.72,73.05
ef13f0bf,19.85,37.54,64.47
1dad50d5,36.8,69.59,89.86
ff1f266b,23.87,45.14,63.78
e74ad701,24.33,46.01,57.76
972d0255,2.76,5.22,44.7
84da553a,17.17,32.47,46.1
37976666,2.24,4.24,35.49
7862421b,46.34,87.63,99.62
6eb43f63,16.11,30.47,79.83
effb8de7,10.66,20.16,58.54
c87ecadf,6.36,12.03,47.25
077e9bde,4.24,8.02,25.48
30dbd60a,44.53,84.21,115.33
8d22e392,10.09,19.08,49.22
53874967,31.64,59.83,84.18
66986902,33.26,62.9,79.14
b800756c,17.24,32.6,57.29
1910905c,42.0,79.43,113.79
75c9f052,12.27,23.2,52.69
ec791d1c,5.43,10.27,43.07
50df9b60,5.29,10.0,42.88
65c4d17e,16.42,31.05,50.84
313049d7,24.24,45.84,60.28
c82312b0,32.21,60.91,91.78
e7da9693,36.98,69.93,115.62
a8c2def6,10.58,20.01,69.82
e1f70e09,34.83,65.87,107.31
2d78e39e,10.76,20.35,39.19
3c787418,49.87,94.31,129.52
49bdfc6f,48.04,90.85,110.4
0b20fd6e,6.92,13.09,46.15
ea7c633d,33.45,63.26,92.49
eae942ac,45.36,85.78,111.04
d988d907,5.87,11.1,46.77
6767e159,7.95,15.03,59.34
69d77fb2,18.66,35.29,58.79
706d876f,6.59,12.46,41.91
5554bf05,44.51,84.17,112.4
d5ace996,44.03,83.27,103.24
f3bb0aa8,47.54,89.9,116.74
60c8d398,11.84,22.39,33.25
60c289ee,4.18,7.9,38.6
4affd025,23.34,44.14,82.97
bb48ca88,44.27,83.72,108.42
db9e53f7,32.65,61.74,101.6
ad7bd131,49.92,94.4,134.43
15ba0539,45.47,85.99,135.35
0753d4c2,20.85,39.43,71.27
323272d4,3.9,7.38,33.54
fea116f4,2.25,4.25,39.83
7dcc85bb,32.92,62.26,97.32
2178ad05,45.96,86.92,136.41
2f8d6f42,23.32,44.1,82.41
466c1260,43.97,83.15,105.41
77f26682,29.2,55.22,72.72
11ca7092,6.7,12.67,54.38
c354ce52,40.32,76.25,93.44
f84a0cff,25.64,48.49,83.59
81663493,4.45,8.42,23.71
8bf3694d,41.1,77.72,116.47
da19715c,38.37,72.56,113.88
369c5c62,23.95,45.29,94.91
6fa30c5e,2.93,5.54,53.71
5d7d74d7,18.65,35.27,73.82
346b59e5,22.88,43.27,64.37
cac1d248,9.94,18.8,30.55
5bcb4cff,9.72,18.38,50.59
6d6726dd,10.02,18.95,59.59
2f1526be,19.79,37.42,47.84
3132788d,41.24,77.99,108.98
2184bba8,38.45,72.71,118.03
8707ecd8,2.49,4.71,40.2
a18b6e43,2.46,4.65,42.0
0d1d8e33,5.73,10.84,39.81
13b35b63,24.4,46.14,93.87
661fd0dd,44.67,84.48,109.47
e87ddbde,10.75,20.33,45.49
072d6a69,24.89,47.07,77.78
55eae205,3.96,7.49,40.93
7cb53af3,2.98,5.64,37.14
aa963f6d,2.36,4.46,47.21
47ff3ef1,37.36,70.65,114.03
7a1c85ed,3.14,5.94,21.21
c6758ef3,15.14,28.63,62.48
119332b6,32.96,62.33,111.69
ccfb171a,31.7,59.95,93.94
baf2cfe8,4.65,8.79,46.32
69b534a1,14.32,27.08,71.53
3c964178,32.69,61.82,106.48
b3e6c620,20.83,39.39,50.08
fa21060a,24.36,46.07,65.65
60cdd233,11.94,22.58,67.1
016d464e,3.81,7.21,43.89
372e95b7,18.57,35.12,70.39
946adec9,34.78,65.77,110.17
3ad78204,38.79,73.36,115.62
c33bc9e6,30.44,57.57,97.62
46e8ce60,20.87,39.47,51.36
908d8fda,29.99,56.71,97.98
3322c9cf,35.84,67.78,85.8
5578608e,38.25,72.33,83.37
e9c9651a,6.54,12.37,42.05
77b92bf9,40.54,76.67,124.36
755ccac5,5.05,9.55,55.01
056cccb9,43.78,82.79,132.07
8e152d4e,20.83,39.39,59.25
00309fd4,28.25,53.42,91.24
c642042a,15.92,30.11,42.34
29bd32ba,22.48,42.51,84.65
8f7232f1,42.57,80.5,111.45
348f5ceb,16.19,30.62,80.47
688a67c2,29.08,54.99,74.59
9fb5c8a0,33.06,62.52,103.91
e3eb3c1c,9.03,17.08,33.92
7e5073d1,39.34,74.4,95.89
52d7c7f6,49.96,94.48,116.3
ccf793fa,9.44,17.85,50.96
d63b7f5f,38.86,73.49,98.09
1da09403,9.06,17.13,44.68
d1b3e881,47.61,90.04,120.91
e9dd9298,21.73,41.09,53.34
ca4e3569,49.04,92.74,129.35
522aa2ac,5.26,9.95,45.92
f3e99d6a,39.97,75.59,124.18
8b7fc9cf,24.72,46.75,62.09
575abf6a,15.9,30.07,41.31
18292c75,37.9,71.67,87.0
72792dcf,32.5,61.46,88.36
137fda12,45.34,85.74,104.3
9a349fd1,13.94,26.36,45.01
1c77230b,47.11,89.09,133.87
a7490a0b,32.81,62.05,85.0
e0cefc52,23.62,44.67,71.34
114ef312,4.55,8.6,45.97
11bb11d8,38.73,73.24,96.84
f0be79ec,43.2,81.7,113.87
3b72ab74,40.86,77.27,108.19
15480ebd,37.31,70.56,91.02
d53c7e3c,48.53,91.78,130.46
a698bea0,42.76,80.86,124.22
b8885f3a,46.54,88.01,129.35
660128d4,37.06,70.08,95.89
7899a5a3,41.37,78.24,125.56
42d73bec,15.88,30.03,75.99
a213046c,34.11,64.51,85.18
31da2fe5,11.87,22.45,37.41
71f2f91d,5.32,10.06,55.81
bb80800a,29.8,56.35,96.14
bbc610b7,39.58,74.85,97.29
b95580e3,5.97,11.29,33.49
d61248a4,10.7,20.23,43.12
232b42af,6.46,12.22,56.67
ec3b5f84,32.44,61.35,80.96
496426f0,5.82,11.01,47.05
08118b8f,6.48,12.25,55.63
4561b2c6,14.68,27.76,53.25
1b2242bb,14.97,28.31,40.77
f0b50bd3,28.76,54.39,94.74
b6ee020e,3.54,6.69,17.48
69661c63,31.54,59.65,102.89
d6be103c,21.76,41.15,65.58
382cfe27,10.58,20.01,62.06
387b10da,33.36,63.09,94.9
7d8912a6,17.82,33.7,58.07
a376c7b9,41.72,78.9,124.87
53c7751e,49.49,93.59,134.27
0a00d6a3,39.39,74.49,87.72
3636680c,37.66,71.22,118.44
9b279d75,19.05,36.03,64.71
9193392b,27.66,52.31,68.27
be511118,4.53,8.57,49.42
a566be99,36.91,69.8,100.5
62d8680f,34.4,65.05,101.96
f05936cb,14.93,28.23,65.99
4dd8e534,27.64,52.27,70.16
2e78a96a,34.61,65.45,114.28
e1a92036,19.66,37.18,51.4
dd279dbd,36.83,69.65,103.88
ebc5c363,40.24,76.1,91.95
aea5abd2,12.73,24.07,69.16
f19db782,16.46,31.13,48.06
27ea6176,21.28,40.24,67.88
f49618e9,13.31,25.17,38.64
8af5dd4a,39.23,74.19,102.11
a2da6305,29.45,55.69,65.85
ad8acbfb,20.24,38.28,66.02
744d9c47,2.77,5.24,42.76
7491023d,17.64,33.36,50.67
730d0494,42.15,79.71,111.83
c5e75238,37.69,71.28,100.26
362bd052,5.23,9.89,33.29
0783adaf,40.47,76.53,113.36
49862975,10.59,20.03,69.84
75d040cd,49.38,93.38,140.89
a21fbd9c,43.69,82.62,131.42
403c6add,45.84,86.69,97.5
364ed463,38.93,73.62,93.88
413df632,36.12,68.31,115.22
bc18227b,13.73,25.96,37.89
2da55105,30.15,57.02,81.61
e4a34b00,35.43,67.0,103.09
62747fa1,15.83,29.94,79.26
ab3770d0,21.12,39.94,60.97
d28249bf,47.46,89.75,130.32
ae5ea0ff,21.58,40.81,77.22
d8ebb8d3,17.14,32.41,66.95
dd9822b6,7.15,13.52,53.24
692fad3b,18.38,34.76,54.92
e7ac341d,31.38,59.34,82.89
12ec9894,9.09,17.19,49.61
11ec774c,31.05,58.72,86.28
6fbf73a2,37.58,71.07,109.95
55f2e814,38.88,73.53,115.56
242cb0c1,49.27,93.17,124.29
b44ca895,22.86,43.23,68.99
5a0ac749,3.56,6.73,53.2
8619c587,43.03,81.37,121.36
457cf5b0,6.01,11.37,48.3
785859b8,43.36,82.0,94.29
a1fa7311,49.17,92.99,124.1
ee1ae5c2,45.53,86.1,100.96
b63e9ef4,48.27,91.28,127.7
f91b116a,3.12,5.9,27.89
f2821ba2,2.55,4.82,44.36
2f10f074,12.09,22.86,63.99
03c02f66,40.34,76.29,98.31
5e04fcd1,6.29,11.9,60.95
afcf79ad,37.83,71.54,102.21
497694dc,2.6,4.92,23.63
dd5ce5cf,37.09,70.14,111.15
04de5740,14.0,26.48,66.91
6da663b1,23.14,43.76,70.32
8542bddc,48.87,92.42,128.76
ed8cd735,28.48,53.86,64.73
3ef4aaa1,5.58,10.55,32.2
660e906c,43.91,83.04,128.3
5204a5a0,17.54,33.17,52.45
22bda377,30.1,56.92,103.14
a94bce82,36.17,68.4,101.6
f96b6dae,39.32,74.36,120.48
60d59f8e,22.76,43.04,58.27
453a2404,39.11,73.96,102.52
632fbaf0,7.61,14.39,36.25
3cf1596f,27.23,51.49,96.97
67c856c9,3.05,5.77,29.43
86f60150,21.5,40.66,74.2
3e8eaed5,19.51,36.9,80.01
d8839243,48.95,92.57,111.73
c2a0091e,21.1,39.9,51.73
fe11f873,45.54,86.12,115.89
eef88829,22.89,43.29,80.64
d046673d,27.6,52.19,90.96
3a49bd1a,18.83,35.61,62.3
dbeba957,32.72,61.88,75.02
e2052451,37.48,70.88,97.01
1d55cb21,39.97,75.59,90.47
f900fc67,35.31,66.77,79.66
70a62d21,17.84,33.74,55.88
e619912e,17.87,33.79,74.88
d69cd565,18.7,35.36,76.09
397551e0,3.82,7.22,41.54
f7bcae18,47.27,89.39,132.44
f5cc6816,11.39,21.54,51.57
8f0684fe,9.64,18.23,37.97
536c7188,28.51,53.92,86.72
b9410cfa,4.28,8.09,55.02
58845532,42.22,79.84,91.29
3aa37b95,44.06,83.32,131.91
8aa6f0e4,21.09,39.88,79.65
cf1d4945,48.63,91.96,129.41
52de712b,17.56,33.21,67.76
323f39df,14.49,27.4,47.71
b4b0a747,49.51,93.63,139.06
ae54f180,14.01,26.49,75.35
53f3bd4d,23.32,44.1,91.07
15246656,31.37,59.32,73.67
37b084f3,17.48,33.06,72.52
c1a900a4,20.44,38.65,70.92
a1a504ef,36.6,69.21,110.74
c0a4602d,36.71,69.42,93.51
1d5b7e6a,40.57,76.72,125.0
df32e235,30.5,57.68,80.18
64e5b05e,13.21,24.98,64.5
5d06beeb,17.99,34.02,64.17
6f95c633,45.23,85.53,120.21
5c72018b,37.22,70.39,85.02
9d8f29ad,6.23,11.78,46.21
4dfe6fca,38.17,72.18,104.72
277992f0,17.87,33.79,72.55
aed0d6dd,3.11,5.88,27.39
2e0c9e32,25.22,47.69,90.98
682aa055,44.4,83.97,131.78
833ab5d2,23.33,44.12,89.4
e31a1b58,49.46,93.53,119.18
f687d06b,10.55,19.95,60.44
dc32e8b9,18.84,35.63,60.23
942d95dd,2.8,5.3,49.82
95b586fa,4.42,8.36,33.38
c873342c,19.01,35.95,53.39
9626e36b,27.36,51.74,81.3
d6f889df,13.38,25.3,40.7
9ca07fb9,9.99,18.89,52.37
1328458c,22.19,41.96,75.02
e0ab14d0,10.19,19.27,48.9
91ea7b4d,32.28,61.04,95.19
bfb81b84,47.85,90.49,139.5
027c9cd3,40.71,76.99,102.32
6ed51b08,12.33,23.32,50.23
4a4a4642,47.65,90.11,111.07
27202de8,38.05,71.96,89.34
c3902f72,9.44,17.85,39.42
55a2b907,29.81,56.37,74.88
d175b5f8,48.39,91.51,118.81
c148a883,6.64,12.56,31.89
912be9a2,15.01,28.39,59.08
55d48e7b,19.96,37.75,59.2
4c53131c,7.55,14.28,41.27
ce6840ae,16.36,30.94,46.11
4dba7301,35.23,66.62,83.18
b352bf03,24.91,47.11,81.67
17e845ff,22.21,42.0,74.61
a576c24f,22.73,42.98,59.83
dd557563,38.46,72.73,94.52
3922279e,49.58,93.76,112.62
e60838ad,30.26,57.22,99.12
b32f3bc7,38.07,71.99,96.58
fce6d7d4,19.88,37.6,63.84
4fbc9b2d,43.31,81.9,118.5
c219fdb3,22.18,41.94,64.96
853d9417,46.89,88.67,113.78
28a72495,37.69,71.28,113.2
102c853d,35.96,68.0,109.78
b8a776c8,15.93,30.13,64.31
e0506022,40.21,76.04,108.4
f1e80a3b,7.05,13.33,30.57
90d9c926,27.83,52.63,81.56
379ad81c,37.3,70.54,91.51
c3036252,44.41,83.98,123.17
3ae38ba1,29.34,55.49,90.61
20f90552,14.4,27.23,52.34
487bbe5e,42.75,80.84,112.24
4b44fe21,38.86,73.49,100.33
26afd940,9.37,17.72,33.58
e2af5108,43.87,82.96,124.19
ce590b72,48.07,90.91,136.84
3cb5ca7a,27.81,52.59,99.8
39bbaba9,3.84,7.26,48.83
0d332e67,45.95,86.9,129.77
0c601325,7.89,14.92,27.15
a811d187,32.39,61.25,102.53
4d172603,21.24,40.17,62.31
d88ce4e8,49.62,93.84,109.35
c2afe96b,46.02,87.03,117.91
9f0c1f25,39.66,75.0,107.82
b41ed7eb,11.57,21.88,51.27
2352f660,35.56,67.25,103.36
649bf911,29.46,55.71,94.28
e33b2bdd,8.5,16.07,31.55
9c386028,40.14,75.91,110.59
8446a1ca,6.15,11.63,23.81
58147107,25.12,47.5,75.45
0ceb2361,22.48,42.51,56.51
0d198d91,40.7,76.97,104.95
fb99355a,22.52,42.59,59.61
9763bf09,35.33,66.81,106.19
b117d6ae,24.96,47.2,93.18
f489cb21,29.94,56.62,73.4
455d817a,13.57,25.66,65.13
b4f37ddb,11.72,22.16,38.01
2fc22ed8,36.08,68.23,95.58
1682c9c2,7.87,14.88,49.9
5c1853d5,10.45,19.76,51.27
68c6b817,47.17,89.2,101.49
7f63a2aa,14.16,26.78,51.29
78090e25,17.52,33.13,61.94
cf1027fa,32.39,61.25,86.91
e3fcfede,23.14,43.76,80.38
cacfdb22,28.83,54.52,100.05
c5d323f0,8.94,16.91,53.62
6d5876f5,34.28,64.83,98.43
965e846f,9.52,18.0,33.96
2cc9f20a,37.89,71.65,95.6
867847a5,27.13,51.31,83.24
58328eea,41.18,77.88,125.24
777819fc,10.29,19.46,41.65
bcfe08fa,20.12,38.05,61.57
9a200d38,42.65,80.66,114.24
2e55fb03,40.34,76.29,122.28
d57e6e1b,48.36,91.45,123.18
c405a504,12.65,23.92,40.9
9a83ef25,27.87,52.71,65.73
0dfacc8e,2.86,5.41,50.97
2893f4c9,48.33,91.4,128.2
b8533f36,10.41,19.69,38.51
c6ae2799,45.43,85.91,124.89
fb5e9219,34.56,65.36,104.14
96596e62,46.97,88.83,129.71
bdfab3d8,13.92,26.32,72.01
19b19fa4,18.57,35.12,51.2
2e13d246,9.89,18.7,66.97
2d2c3ed9,22.28,42.13,92.07
10020106,47.48,89.79,100.37
1970fa13,29.42,55.64,69.29
b90e5e50,21.97,41.55,68.91
ee9ea5e0,17.59,33.26,44.64
09522144,30.07,56.87,96.27
eec54929,36.71,69.42,105.45
fdc928b5,21.53,40.72,81.75
87a136bd,13.08,24.74,74.68
ff8730f3,30.08,56.88,104.22
46fdbf3d,19.55,36.97,58.96
2943b06f,49.73,94.04,119.9
7d383f17,23.17,43.82,84.86
00b16776,22.86,43.23,68.76
140041e9,42.29,79.97,117.92
798bd616,14.05,26.57,73.31
c4d06a50,5.17,9.78,36.02
bdcb6755,42.98,81.28,113.7
d1f9dc8c,30.27,57.24,100.9
1fdd2531,14.49,27.4,56.51
23f8ed34,18.45,34.89,56.46
907ef9ec,22.43,42.42,62.75
1657d4a8,34.66,65.55,78.43
ce4d4858,24.47,46.28,69.49
7dcc5710,21.0,39.71,77.14
18fafbf1,39.46,74.62,86.97
76b25c09,5.45,10.31,31.28
909a8ba9,33.32,63.01,77.47
05b2bc9b,23.55,44.54,70.72
397c6622,18.07,34.17,47.91
d87ee0bd,46.52,87.97,127.81
4b8c6924,39.34,74.4,121.52
63cad17d,12.52,23.68,41.37
dddf197d,33.31,62.99,83.01
0517d4ad,41.47,78.42,94.83
26b71d70,49.49,93.59,111.09
8685c1fb,35.52,67.17,89.63
1fa21929,35.15,66.47,87.72
749b89ed,31.44,59.46,84.87
10496510,3.92,7.41,38.41
73cf810c,30.08,56.88,95.98
83b400eb,40.64,76.85,122.23
741c87a8,20.98,39.68,68.06
0eaa8eed,30.18,57.07,103.43
de05e9dd,46.47,87.88,125.07
2ffeac6f,10.26,19.4,58.56
21d35a1e,15.46,29.24,60.13
b575cffc,7.3,13.81,44.74
bab46c93,26.01,49.19,80.47
dc123cf5,42.3,79.99,109.67
ec989796,22.89,43.29,71.65
f1b49b0c,5.35,10.12,51.1
50b35df7,14.65,27.7,53.21
06fa3ae2,44.71,84.55,102.82
22dc8fd2,28.76,54.39,69.81
be3bd65b,45.88,86.76,131.94
63b416f6,42.05,79.52,124.04
42f1886d,21.89,41.4,61.15
e95a9a30,32.41,61.29,76.02
0ac270eb,33.89,64.09,112.51
1b65bddd,37.85,71.58,100.86
ff607c57,17.98,34.0,47.74
d7add2f5,15.87,30.01,48.62
706ac20f,34.86,65.92,104.07
660083b3,41.3,78.1,91.35
1c0f28ee,21.88,41.38,68.7
f14ab553,17.41,32.92,60.02
e6c3b8e0,41.63,78.73,116.16
89a1cded,34.97,66.13,84.11
5a1ec5d7,18.49,34.97,84.32
0b80f01c,27.42,51.85,68.06
6e727437,48.12,91.0,124.93
164d65bf,37.99,71.84,94.96
feda6ede,12.64,23.9,39.22
3e494b2b,16.16,30.56,62.12
a2044736,14.73,27.86,44.64
2055104f,42.72,80.79,117.98
9c443068,32.79,62.01,73.31
a4d01b2e,47.12,89.11,119.53
88a7b8d7,6.36,12.03,30.79
1dfdca41,4.5,8.51,56.51
63251aba,34.46,65.17,103.59
6e23e1f8,14.8,27.99,68.2
30de9bc2,34.6,65.43,103.64
5a111b05,36.73,69.46,106.1
508e1ca3,16.62,31.43,46.95
3818b3b5,47.73,90.26,140.16
7d05d6d4,39.19,74.11,110.41
e65042e3,19.63,37.12,83.02
c3ff5b19,21.78,41.19,71.34
1269b89b,36.36,68.76,90.2
61a3cc0a,16.59,31.37,58.86
35d3f929,16.18,30.6,56.57
5ff256b9,32.0,60.52,71.16
c27b5db2,8.47,16.02,53.02
0bb6c2be,49.68,93.95,133.46
b7bbd6bf,15.79,29.86,41.5
944635bb,20.37,38.52,58.36
3960811b,12.76,24.13,60.71
760c1c61,32.89,62.2,85.08
6e298483,4.9,9.27,56.62
b2e31395,46.53,87.99,102.49
0fc2e541,16.59,31.37,78.49
515bf7b5,46.51,87.96,134.52
b963084b,14.17,26.8,75.03
9ee2ca71,26.66,50.42,63.51
b8c68869,35.37,66.89,87.79
5e34f2f0,31.41,59.4,79.45
53091249,26.6,50.3,95.71
33878c6c,39.85,75.36,117.65
e9e1889d,24.58,46.48,62.84
794973b2,17.99,34.02,49.68
7e176ce1,36.49,69.01,97.98
ec09bd70,46.99,88.86,105.79
fc54bf30,30.87,58.38,87.42
fcdd181d,15.43,29.18,72.97
b1badf1b,38.61,73.02,103.02
6d556108,38.57,72.94,111.92
2307982e,14.81,28.01,48.01
06d99803,20.46,38.69,59.32
8e29dd65,8.77,16.59,50.34
659bc493,5.82,11.01,55.11
44042022,40.75,77.06,108.3
c18b9055,19.88,37.6,55.53
68498f6b,15.5,29.31,48.02
aa07e582,14.29,27.02,61.7
f5182c7a,5.59,10.57,24.71
3c7c01cd,49.27,93.17,105.79
a5c919dd,19.62,37.1,51.21
444672b6,9.88,18.68,44.37
e8f92f10,43.48,82.23,106.4
869b300d,36.71,69.42,79.51
c6d5d6a3,33.81,63.94,80.41
3ee78e1d,16.27,30.77,54.67
222174f8,21.94,41.49,68.69
f950751d,42.37,80.13,106.22
3015ee54,32.72,61.88,84.66
61b41655,18.59,35.16,77.64
bc4e5f9e,7.25,13.71,40.35
8c570c88,45.21,85.5,121.28
187cee2b,47.87,90.53,133.83
3a7af4d9,36.5,69.03,113.18
8d2be0e7,35.19,66.55,110.83
1851ecf7,27.81,52.59,82.38
770d98e0,48.63,91.96,128.41
3a6cc750,35.32,66.79,89.38
ea72208f,5.68,10.74,55.21
54658c98,6.4,12.1,30.63
5b3d49d5,48.25,91.25,132.76
e41138c0,47.28,89.41,118.2
0e0def74,28.78,54.43,76.38
8d2900fc,12.28,23.22,48.41
c019caa1,30.01,56.75,90.28
5584c995,38.65,73.09,120.29
dc941879,2.4,4.54,18.44
286545e8,41.5,78.48,125.26
14cff9e7,24.31,45.97,88.6
ee756376,24.23,45.82,79.31
6e91ec0c,22.85,43.21,58.42
996ceea0,35.21,66.59,109.09
59e77ac8,12.05,22.79,60.42
6f26c7af,31.12,58.85,88.74
a6f66982,4.12,7.79,53.22
9f3067bb,40.94,77.42,114.0
63f956c9,41.14,77.8,99.35
38d0de25,16.97,32.09,43.83
a6059339,7.06,13.35,53.72
b1762133,37.89,71.65,91.87
64c65718,24.57,46.46,67.68
02fd82f0,46.4,87.75,115.74
8d0e6210,18.97,35.87,75.87
ea39169b,42.39,80.16,127.13
287e0c61,3.22,6.09,24.74
d0eeb221,39.09,73.92,119.2
58abf852,34.56,65.36,99.53
44366a7b,27.26,51.55,95.77
7e33e2dd,45.7,86.42,130.35
00a45d12,47.22,89.3,115.0
3d07043d,46.62,88.16,125.29
90614f56,30.69,58.04,105.9
1cf05ed4,26.93,50.93,87.83
8e56d23e,14.91,28.2,56.53
96b662c6,9.78,18.5,43.38
c4d48c08,28.74,54.35,70.08
f28e931e,9.13,17.27,67.22
6e9b934f,10.26,19.4,55.71
55c6fc60,19.12,36.16,57.22
36f92161,10.96,20.73,33.71
41cd7314,26.08,49.32,89.48
5ea6812f,33.86,64.03,108.23
f8d89744,35.5,67.13,94.24
406bb889,27.57,52.14,100.38
94f69020,27.05,51.15,74.29
a328dd5d,24.79,46.88,87.12
ae50457f,13.77,26.04,46.56
2e8b4b28,33.4,63.16,86.6
ebd997a2,33.54,63.43,97.65
08ec86e8,14.28,27.0,38.47
c421da29,35.63,67.38,85.81
dbd5dab7,43.18,81.66,98.71
3a488818,30.55,57.77,80.89
cd4e70e0,7.64,14.45,55.55
01d03368,17.71,33.49,79.79
cdb81441,6.45,12.2,22.71
9fbb51d9,16.5,31.2,51.49
3ca0731a,12.17,23.01,34.03
7ba9509a,28.62,54.12,98.57
c1a2449f,22.33,42.23,60.18
625d71c2,36.69,69.38,110.21
a47fb40b,19.43,36.74,48.07
ebd0ee6a,9.43,17.83,43.77
2b9b9842,13.33,25.21,49.55
e21a801e,28.2,53.33,76.5
85272908,23.59,44.61,77.42
d621c50c,4.05,7.66,33.31
197dcacc,12.08,22.84,48.97
23dc62ff,16.24,30.71,48.28
262e9522,36.82,69.63,96.21
5552e531,37.06,70.08,109.72
eb996a84,35.5,67.13,90.05
16259591,41.29,78.08,122.36
c4257982,43.95,83.11,99.76
7e60ebf6,5.41,10.23,54.1
f3ba9abc,25.67,48.54,83.17
f3975339,9.15,17.3,44.25
9d1abd0c,18.99,35.91,47.32
48f1b325,33.83,63.98,79.04
e16fa8eb,30.88,58.4,84.97
68ceb7b1,8.17,15.45,60.57
097eaca5,38.34,72.51,120.78
62f51132,39.78,75.23,122.42
3283cb2c,8.68,16.41,37.37
8cef8764,31.55,59.66,79.92
1d49f051,47.37,89.58,129.16
7bff6ebe,6.51,12.31,59.93
46663d39,9.9,18.72,34.05
07c49739,38.75,73.28,98.38
f1558668,18.17,34.36,77.82
df49ccdb,47.87,90.53,120.21
b70bfbb1,31.97,60.46,104.15
cf38f98b,25.19,47.64,62.31
3f3b483e,18.21,34.44,75.52
ae2c370e,13.48,25.49,51.07
69526823,33.2,62.78,100.5
649fd71b,30.42,57.53,79.26
fc648c33,19.18,36.27,73.95
24c25e7c,46.05,87.09,125.17
1eab1216,38.57,72.94,99.71
7fb94b03,14.48,27.38,76.15
07567c19,47.28,89.41,99.43
e21ae4d9,38.27,72.37,109.34
8d1eac60,45.06,85.21,131.56
b520db70,8.54,16.15,60.45
76df8cad,3.58,6.77,39.36
1bcc1f37,25.66,48.53,94.36
d348fbd2,23.51,44.46,58.78
0d5a67d0,43.75,82.74,114.48
f5f6a1fb,10.26,19.4,68.65
8bb2e64e,3.13,5.92,55.58
ecd95acd,27.4,51.82,88.99
52eaf336,10.52,19.89,36.6
4af9e5fc,4.38,8.28,22.8
d426529b,3.07,5.81,52.71
f23b762a,8.84,16.72,61.95
2e8edfbd,20.04,37.9,60.52
d9e26e27,44.43,84.02,131.28
b8001b11,38.51,72.83,88.05
6bb2274f,27.45,51.91,73.69
14c20140,22.66,42.85,78.62
08a9996d,23.88,45.16,61.99
49b941de,44.46,84.08,133.64
73f696e0,36.78,69.55,88.45
90a559a8,10.26,19.4,39.21
78f17a59,47.11,89.09,118.07
e112d725,39.1,73.94,115.08
08f8b3b5,3.64,6.88,21.7
1e2f0fe0,26.11,49.38,86.08
2db1c1d9,33.33,63.03,77.0
d7bc9aff,4.93,9.32,23.11
df4e439e,18.95,35.84,47.5
c8b85e61,33.12,62.63,94.41
5e292f56,41.17,77.86,105.3
3f149661,48.9,92.48,114.77
1837e7ae,7.84,14.83,45.91
fdab8f40,32.36,61.2,91.27
888ffcb4,44.85,84.82,113.78
88ab37bd,36.41,68.86,85.76
00a54bd3,32.36,61.2,107.08
2accf24e,12.29,23.24,58.04
3996f1c6,41.13,77.78,92.87
fcc7f4da,29.0,54.84,75.06
a1a78b8a,7.35,13.9,54.48
410db157,46.91,88.71,129.77
2e085829,49.44,93.5,132.53
956dad0f,27.81,52.59,94.21
5fd87584,39.27,74.26,108.19
618034df,30.0,56.73,78.28
f66003cc,22.27,42.11,66.42
4a55d83f,21.64,40.92,71.31
1fc7d581,48.29,91.32,111.16
ef6d7ac9,19.7,37.25,81.38
d24e858b,25.54,48.3,88.18
8ee7791d,13.93,26.34,75.54
cfc01ab8,14.16,26.78,53.39
de0deaa1,19.1,36.12,80.95
d9d88c3b,46.39,87.73,128.9
ceccd132,21.03,39.77,83.05
3d9e4bd5,28.51,53.92,91.45
4d38986a,28.2,53.33,77.29
2bf86960,29.99,56.71,76.47
a2197177,41.36,78.22,99.11
bf8f4546,45.26,85.59,118.27
849957f1,12.02,22.73,67.92
3f204194,43.3,81.88,109.84
ca159d44,28.29,53.5,87.45
9d8eb6a3,46.37,87.69,127.04
42858a66,45.98,86.95,131.16
355e2a9e,20.69,39.13,75.07
bb985a6c,33.29,62.95,98.12
5b7f4627,43.83,82.89,132.39
08988a1d,20.47,38.71,83.21
0efe47bb,4.1,7.75,47.09
070a87dc,19.27,36.44,79.72
0675f6df,19.54,36.95,86.95
8d247dfb,40.72,77.01,107.24
584ecc0b,16.86,31.88,70.1
467baceb,44.91,84.93,127.47
6862a18a,28.33,53.58,81.35
941e7178,30.14,57.0,105.2
d5cdef46,40.74,77.04,102.33
a7646053,8.46,16.0,35.72
0cee7312,2.86,5.41,42.49
e1d5ca18,4.72,8.93,22.16
d72815c0,3.47,6.56,21.63
fdda41df,35.59,67.3,116.12
db0c4b67,13.76,26.02,47.29
5fb31efb,43.16,81.62,92.95
170419ff,44.38,83.93,112.92
c6e92041,19.09,36.1,80.79
92850fd3,11.35,21.46,44.79
bb0bfb13,25.94,49.06,75.83
28e0d278,41.16,77.84,94.11
5b44c20b,34.87,65.94,89.78
6134fe93,3.24,6.13,54.75
4cb608db,2.34,4.43,49.52
b9ad4eed,7.46,14.11,53.7
8935c517,18.17,34.36,75.81
f6b4fbeb,27.77,52.52,89.29
1977032e,41.24,77.99,92.71
b0b3cc31,8.85,16.74,31.44
d195ea97,9.32,17.63,49.12
163d64f5,43.45,82.17,115.99
a7436f1f,46.35,87.65,136.52
b66743ba,28.46,53.82,81.87
7e2bd5e3,39.67,75.02,121.72
98a45389,18.45,34.89,84.5
8bc3cf67,47.42,89.68,133.46
5044b2d3,45.43,85.91,111.87
9414f705,42.78,80.9,121.04
455df75f,2.62,4.95,36.77
55263efb,27.12,51.29,69.24
40e92797,3.28,6.2,21.39
436351f6,34.52,65.28,78.08
efcc692c,10.81,20.44,43.5
6f1968f1,32.7,61.84,99.39
cf886b45,6.7,12.67,59.22
725aa4ff,38.32,72.47,95.29
4647b221,36.87,69.73,100.97
4301cbe6,2.22,4.2,32.95
d9bd3e42,40.02,75.68,90.03
302faa60,9.86,18.65,59.06
360c6e9c,7.25,13.71,44.48
4cbb71e1,26.01,49.19,95.88
6ce9f756,30.32,57.34,100.76
34c00044,6.95,13.14,34.27
f5622b67,16.63,31.45,53.95
4288d50d,21.57,40.79,72.27
b8092ca5,47.29,89.43,104.44
6ab26303,14.06,26.59,46.63
db866498,14.5,27.42,70.26
291f526c,33.65,63.64,79.76
cd0b1934,36.9,69.78,101.63
8dfc37d5,2.52,4.77,30.53
e02decc5,8.43,15.94,33.98
fcc0de00,19.17,36.25,85.04
4a9f2cea,32.34,61.16,104.16
0c543fad,8.44,15.96,36.63
6b2fa0f9,19.13,36.18,77.59
c887b17f,5.85,11.06,21.32
3928d854,29.41,55.62,76.72
89aab498,22.47,42.49,56.81
dc89a351,39.83,75.32,102.28
7bfeeeb1,29.55,55.88,91.4
467a0b56,33.64,63.62,80.47
e3e55988,34.22,64.71,84.27
a775ff4a,30.3,57.3,83.01
1ddb94c9,2.77,5.24,40.47
2999eedd,41.94,79.31,101.74
194a01d2,46.0,86.99,121.05
4b0aba4e,27.64,52.27,76.24
ff64fe76,7.38,13.96,34.27
11306f1a,33.43,63.22,107.42
ab1796d2,19.46,36.8,62.12
20d34737,5.52,10.44,57.17
f7c34940,43.0,81.32,103.54
697cd964,36.16,68.38,100.09
19297b11,40.63,76.84,88.98
03714a2b,40.21,76.04,113.25
d96c1ff6,19.17,36.25,78.07
71050405,25.15,47.56,96.42
daedee61,13.22,25.0,68.46
1f349b6e,38.24,72.32,94.82
cc2c3a0d,27.15,51.34,83.6
ff7dacce,33.2,62.78,96.45
9f8c6010,19.12,36.16,48.43
cef6b4b2,34.6,65.43,78.34
8df38aaf,34.22,64.71,87.74
38abb872,38.97,73.7,113.48
e3e71e36,9.46,17.89,39.31
eff096ff,31.94,60.4,105.37
bbef50d0,44.21,83.61,119.41
f5b690b1,6.52,12.33,41.06
27ce8fd7,48.12,91.0,122.62
ad3c1288,11.97,22.64,45.9
cb95c7ce,46.95,88.79,137.75
ecf0cae1,43.66,82.57,99.61
c9a3d1c6,38.97,73.7,118.12
f017d23e,12.05,22.79,59.92
7249781b,12.39,23.43,61.89
5529911e,14.45,27.33,70.76
6c673a0c,40.9,77.35,92.8
4b927ae8,11.01,20.82,58.63
eeb3d94b,29.88,56.51,97.56
d29b69b7,39.32,74.36,123.74
acf69677,24.11,45.59,85.49
7579dd90,42.36,80.11,128.18
613d7073,28.98,54.8,98.79
7ab43190,30.57,57.81,102.84
9badc870,34.49,65.22,111.9
7f11cc06,42.61,80.58,111.83
1a1d12c0,2.22,4.2,42.64
d1f8b96a,20.84,39.41,54.37
cb49a61d,48.22,91.19,115.45
c2db7c59,6.74,12.75,57.93
7f48432b,13.21,24.98,74.09
54016b3e,29.4,55.6,70.07
cb105f80,43.18,81.66,115.11
597d406a,6.67,12.61,51.99
faacda2b,2.19,4.14,34.78
e2c6a029,34.98,66.15,85.47
06274adf,30.67,58.0,69.67
5d292c91,15.01,28.39,76.45
b0a86932,47.97,90.72,110.19
123c5267,28.84,54.54,76.5
6d41f46a,33.84,64.0,99.71
002208a1,20.18,38.16,65.31
6e75a042,46.24,87.44,114.38
9baae8b2,15.25,28.84,42.14
67b0724b,37.94,71.75,121.43
73275873,7.6,14.37,35.75
03b8135f,27.81,52.59,66.99
35abd4f4,29.73,56.22,93.48
8330aa4c,11.04,20.88,60.97
59131881,17.54,33.17,44.18
f7bc0b4c,10.58,20.01,40.78
905b5cc5,42.56,80.49,98.26
7c6f642d,33.55,63.45,105.0
4d56b098,23.43,44.31,61.66
e727c9f4,28.69,54.26,73.67
d1d6fede,18.51,35.0,84.47
f58343e2,22.58,42.7,80.78
159158b1,31.73,60.0,85.51
26e90010,12.15,22.98,63.13
e8fcf504,8.44,15.96,44.62
cdb5bfb7,47.33,89.51,108.02
d28cfeb6,13.37,25.28,54.8
7aa766cb,25.77,48.73,89.61
2c03c5da,38.55,72.9,90.03
8568097d,28.69,54.26,83.68
0d2f4a8c,32.47,61.4,76.17
c65ac3d9,9.84,18.61,62.32
9da85558,20.96,39.64,82.39
1d516832,35.13,66.43,103.37
589e7b6d,12.07,22.83,69.63
d2ee7f01,25.21,47.67,73.67
8fa3a4a9,30.28,57.26,72.54
871cf06a,39.89,75.44,124.47
ea96d5c4,12.38,23.41,53.93
e4871d14,48.95,92.57,121.59
7a41c2f5,48.44,91.61,104.16
19f82ccf,2.59,4.9,37.72
5d4ebc63,19.66,37.18,72.97
efbd11de,5.26,9.95,38.88
34a5027a,17.23,32.58,79.0
dff4d864,31.14,58.89,98.59
87d71955,31.22,59.04,70.58
9c67fdab,6.64,12.56,44.26
de5bc0cb,34.5,65.24,114.99
207ee9ce,42.62,80.6,98.59
def5d3c0,32.3,61.08,95.77
7da1e7ad,16.88,31.92,52.86
2736208d,2.12,4.01,28.87
9d611681,33.12,62.63,73.98
ebe0940c,34.53,65.3,102.82
6a6addcf,36.02,68.12,108.75
b0ce4a98,3.88,7.34,48.26
a2420c0d,26.79,50.66,99.48
9f8a3a77,21.84,41.3,84.82
032b4875,38.83,73.43,91.73
33706285,36.69,69.38,88.6
bc444674,47.63,90.07,130.79
d297e2d5,45.08,85.25,126.33
c391d5e7,28.78,54.43,69.35
9cf621ee,49.06,92.78,103.05
0a07008b,9.21,17.42,43.48
829b5ea9,2.34,4.43,42.22
9ca2509e,7.18,13.58,58.25
5300a968,19.05,36.03,52.64
25c2f0ec,38.25,72.33,114.94
3adf14fc,20.39,38.56,75.94
206aba25,39.47,74.64,91.28
68649b8f,37.65,71.2,116.13
234f3b1c,40.13,75.89,123.21
dce9c62d,10.99,20.78,41.41
ed9bcc0c,26.77,50.62,66.57
3a29ad7d,36.21,68.48,117.19
32b7c8a2,15.64,29.58,40.5
782f62fd,42.23,79.86,127.8
c398cceb,39.41,74.53,93.18
6ad1e474,7.75,14.66,42.19
dfa9866f,12.46,23.56,45.89
041ea6ec,13.39,25.32,41.47
67f90a5e,44.17,83.53,107.63
414f6bf2,10.96,20.73,52.3
23c398b2,31.86,60.25,74.0
9f9b821e,5.12,9.68,52.05
fcbac387,28.52,53.93,95.95
4788be78,8.78,16.6,58.5
ba703e92,29.62,56.01,93.47
2c001fc7,19.65,37.16,65.37
d96a6550,31.07,58.76,102.11
3dc8596e,20.93,39.58,83.65
58ee4d9c,43.01,81.34,102.76
de9a285f,38.33,72.49,101.73
fa37182a,42.55,80.47,98.59
0e096440,12.66,23.94,44.17
389baa12,9.14,17.28,36.84
4cf27c99,28.75,54.37,97.45
b5d8d018,43.9,83.02,103.05
0f397b6f,7.31,13.82,45.67
3377073e,13.23,25.02,60.15
2530cbd7,37.81,71.5,111.29
db7f8c06,24.34,46.03,57.19
5655abd0,30.97,58.57,87.6
bcb3bf19,30.4,57.49,79.19
489d62ae,21.79,41.21,84.57
b1dd5455,35.87,67.83,79.3
7c953cdb,42.91,81.15,99.43
a26996ee,45.57,86.18,108.81
bb75c69c,4.23,8.0,21.11
2ebb5009,28.57,54.03,79.85
fa15d907,3.94,7.45,47.2
469fd647,45.24,85.55,104.04
06fd5f61,22.6,42.74,82.92
43997fc3,45.23,85.53,116.69
df1f1914,11.01,20.82,44.61
2f8b8832,9.79,18.51,43.26
19d272e1,45.6,86.23,100.88
0f70879d,47.04,88.96,108.95
d63c5646,38.81,73.39,112.64
5d8222fc,12.66,23.94,68.45
e41efa77,10.26,19.4,40.02
00e8c8d1,37.9,71.67,105.22
51cc60c2,32.47,61.4,72.79
95034448,43.86,82.94,96.04
0dfd23b1,15.29,28.92,77.49
1eb5b7f4,16.18,30.6,76.46
04e7ab0f,37.12,70.2,83.45
eb33c814,14.86,28.1,70.99
5159219c,24.19,45.75,59.85
8d7cc5d4,26.97,51.0,94.14
eaa9380e,34.12,64.52,111.06
ff1d4801,18.53,35.04,51.16
b5ed4daa,43.2,81.7,97.59
18fceb7f,21.31,40.3,87.36
4f7c232f,3.99,7.55,29.61
50415a3c,5.22,9.87,38.78
7b06281e,48.64,91.98,114.16
a1164745,31.86,60.25,100.22
43ff948d,25.56,48.34,66.78
2c83f767,43.74,82.72,112.48
bfff0cbc,36.41,68.86,112.88
7af20318,10.71,20.25,67.96
874cd674,2.35,4.44,28.55
02ac2bb0,49.14,92.93,107.49
572d289c,32.2,60.89,103.28
8d0b5bcb,24.9,47.09,61.52
841d921c,47.34,89.52,130.69
16487046,19.72,37.29,74.85
e0df270e,36.68,69.37,102.47
2c67ba39,34.17,64.62,112.2
703b4ac8,34.5,65.24,88.14
d9cd30a0,34.5,65.24,78.97
69d65066,2.5,4.73,53.99
a7fb02bf,41.57,78.61,106.26
f4fdb213,46.3,87.56,114.9
a68d9b1a,23.57,44.57,58.15
a24d6bc8,28.9,54.65,94.39
486458c6,17.59,33.26,72.06
a58d60a6,39.68,75.04,90.85
4af5a438,37.36,70.65,90.0
cb311a64,37.45,70.82,81.48
73852f46,37.28,70.5,116.09
2c371ac8,12.49,23.62,43.4
1c13aa23,7.4,13.99,61.07
73ba887b,16.92,32.0,64.85
d2099ab3,29.62,56.01,83.03
16b41495,21.18,40.05,50.36
2de64166,13.96,26.4,40.09
91c484a7,3.07,5.81,22.16
688185c5,7.81,14.77,29.0
0ed2b2ac,7.06,13.35,33.6
c8478750,47.92,90.62,106.8
15066dab,39.38,74.47,111.02
6e0dd676,7.89,14.92,36.8
e24c82a7,24.43,46.2,84.93
2b224231,33.42,63.2,78.62
d2372d17,48.13,91.02,109.38
cc2dfb8e,14.91,28.2,69.7
e49f18ca,14.67,27.74,63.1
9e0675e0,29.28,55.37,69.23
c12da2a8,43.15,81.6,129.98
c0688569,15.42,29.16,69.66
af39911a,8.04,15.2,47.31
44dad11f,14.77,27.93,51.65
2db72558,23.56,44.55,58.31
2b105b4a,19.28,36.46,60.79
9138541b,43.34,81.96,104.88
751cc131,47.26,89.37,102.5
0479232f,20.17,38.14,79.49
8a370d74,41.52,78.52,105.13
1982b7ad,5.29,10.0,55.58
f036bef4,28.58,54.05,70.37
95166113,41.92,79.28,101.98
13ccdf4a,22.09,41.77,62.93
6914cfca,8.88,16.79,61.4
5adff86f,15.64,29.58,59.89
0a93a97f,25.61,48.43,64.1
dabe8b12,42.49,80.35,104.65
5df99796,37.93,71.73,119.46
0f886a03,6.01,11.37,43.43
54f8df39,28.22,53.37,64.84
ab4051df,43.87,82.96,95.27
da538a0b,29.7,56.17,75.6
ee2e86f0,5.12,9.68,44.53
2b7eb7cb,41.51,78.5,98.31
9e41351f,45.52,86.08,130.08
e3c1db86,20.68,39.11,74.29
a64d65f8,16.89,31.94,53.97
e7cac8c8,28.08,53.1,78.86
82c90779,49.24,93.12,118.13
704044c4,42.2,79.8,102.37
3c963367,40.93,77.4,112.6
e13772c6,11.27,21.31,39.38
38a992f1,44.97,85.04,106.72
55c1d54a,28.69,54.26,67.67
7ea5a5da,46.01,87.01,112.05
0bb18798,33.28,62.94,75.52
96db8f85,42.04,79.5,90.22
d74291c8,9.95,18.82,54.66
2af0f6f8,35.91,67.91,84.41
8b145f92,14.35,27.14,38.55
594feee0,10.11,19.12,31.85
fe01b99a,29.55,55.88,73.85
8fd37ea9,30.93,58.49,97.33
bcac6b70,25.55,48.32,58.79
142d8f2b,6.27,11.86,50.92
a85c0696,13.75,26.0,59.88
087c656d,13.3,25.15,55.71
8abfe3f3,17.06,32.26,78.63
2d832c05,32.15,60.8,103.98
18eacca1,23.02,43.53,70.28
4753e2e1,48.48,91.68,101.95
c207e8fb,2.76,5.22,43.64
8933cd5a,12.36,23.37,35.28
b2c09850,29.52,55.83,76.95
af3125b0,44.21,83.61,113.33
e8d3219a,3.63,6.86,20.83
56d4d5e2,44.41,83.98,121.15
57599339,26.35,49.83,72.68
ab76f376,39.7,75.08,99.55
ff0744cc,47.54,89.9,125.83
db40ec60,12.34,23.34,49.27
71493fab,30.22,57.15,76.13
6755aa6e,44.42,84.0,101.07
be475ddf,42.53,80.43,119.39
70502e8c,27.01,51.08,91.1
46e6a75a,47.58,89.98,107.81
6d420778,36.01,68.1,90.86
c91e90e8,27.16,51.36,99.62
68303cdb,4.78,9.04,58.41
46e6247d,25.39,48.02,81.43
f455b7db,22.25,42.08,82.36
fba2dbbc,16.65,31.49,71.42
0dc2a2b0,47.26,89.37,115.19
72755618,46.43,87.8,99.74
85cb5b87,18.19,34.4,74.03
039327e8,22.92,43.34,58.77
51457928,38.09,72.03,93.65
29f5f7f7,42.08,79.58,102.2
cf5d6d4f,7.28,13.77,37.73
d52688b2,25.56,48.34,76.97
d68c73d8,45.9,86.8,116.86
d76f1f5b,33.9,64.11,93.45
b9a36a33,28.06,53.06,69.57
bb7b07ef,36.47,68.97,104.92
237a6466,33.75,63.82,105.43
5b7699e2,47.23,89.32,117.79
1d26b2f9,45.81,86.63,130.16
51f9db2a,21.09,39.88,67.65
f1434748,3.54,6.69,39.42
9caf14ca,17.97,33.98,46.76
1be0bb16,11.74,22.2,38.07
08264c0a,8.31,15.72,56.41
da7b6766,44.62,84.38,104.35
01952469,36.08,68.23,81.98
9c8b707c,3.56,6.73,39.46
d1376dd5,46.15,87.27,101.05
c102a7de,45.34,85.74,123.1
00d05330,47.57,89.96,127.53
a3578e15,41.83,79.1,107.22
b63598ef,5.79,10.95,48.38
c94a10b4,31.89,60.31,102.28
ec856ab6,5.99,11.33,29.24
a7494ff9,36.24,68.53,104.51
60153c7c,11.46,21.67,59.36
81a93498,46.92,88.73,106.51
292a9dd3,46.84,88.58,127.66
1038e4cc,30.54,57.75,96.53
6c1a7d0b,38.13,72.11,88.4
880ef2d8,43.19,81.68,104.38
e2e600a5,20.68,39.11,86.76
3ac6264b,29.8,56.35,69.2
03f9df8a,10.45,19.76,38.92
0c51ba45,49.3,93.23,126.38
fa3313ea,46.61,88.14,136.89
ac253043,25.2,47.66,67.95
e1869526,28.56,54.01,96.68
e89c67c6,22.96,43.42,68.11
f4f017b5,2.08,3.93,28.03
75c1ae4d,13.04,24.66,74.5
a40a1d5f,6.88,13.01,55.7
8a1b4a67,17.5,33.09,53.03
6121918a,13.34,25.23,42.66
2417a7b6,38.56,72.92,86.28
d69abcd1,26.23,49.6,78.91
33d16c0c,41.22,77.95,101.33
96ef936e,32.51,61.48,86.71
a53086b5,33.5,63.35,90.61
ac734ae6,44.06,83.32,132.96
256d7932,42.67,80.69,90.8
0211273f,5.04,9.53,36.57
516f2ef4,29.76,56.28,68.88
7dd57689,21.83,41.28,78.2
a9cb1634,30.78,58.21,70.23
40cbe3fc,43.41,82.09,122.76
41237f4b,2.58,4.88,49.59
1f7e1a81,2.53,4.78,53.61
ff73b585,5.0,9.46,24.29
be88e835,43.99,83.19,132.35
52c75053,18.97,35.87,62.36
58841998,19.82,37.48,72.78
85a530df,18.58,35.14,45.14
29cbfa04,13.09,24.75,49.56
dc858980,3.87,7.32,31.44
5d5d1766,45.51,86.06,116.21
5b51e881,13.18,24.92,40.22
81955c78,44.91,84.93,122.54
e9e6fff9,47.87,90.53,124.36
a00dd12a,29.68,56.13,74.63
21fce4b6,19.87,37.58,86.93
16183674,38.76,73.3,83.52
6e5682a2,3.22,6.09,29.53
24a65eae,46.59,88.11,108.58
ec070311,21.58,40.81,73.21
4ced085b,16.81,31.79,77.33
46b48abd,8.09,15.3,51.61
6cd4b549,47.85,90.49,102.39
366d7041,40.93,77.4,121.94
cb248cec,36.75,69.5,90.1
b2f411bc,46.69,88.3,102.71
46ea7c95,48.07,90.91,118.21
7283bdca,14.89,28.16,74.11
bdb39908,39.75,75.17,86.55
7f916f46,38.82,73.41,108.44
8eb5942f,28.75,54.37,77.67
365e0f62,9.22,17.44,52.34
94bc001e,47.14,89.15,109.8
5cac8d2b,17.14,32.41,81.09
8ce95272,29.79,56.34,70.89
5f50ebbd,2.93,5.54,21.86
adb06473,22.6,42.74,54.57
c2ebec05,31.61,59.78,101.58
67c1c829,20.29,38.37,52.13
286966dd,24.9,47.09,68.15
0055f406,11.22,21.22,39.44
e7fe1e4a,18.81,35.57,59.71
1c7554a6,36.72,69.44,110.07
b957862f,48.55,91.81,139.82
2a825420,24.5,46.33,91.48
5aa498b2,34.93,66.06,109.71
7d09346a,48.86,92.4,119.1
66ca1b2b,39.19,74.11,116.18
18494953,2.49,4.71,45.8
d61842c8,46.91,88.71,108.61
6f5cab1b,43.6,82.45,102.95
73101290,15.01,28.39,58.35
9b9593d1,10.71,20.25,68.79
ade6f876,45.16,85.4,99.72
ccb6d4db,35.06,66.3,115.84
b21fdf42,13.38,25.3,41.66
c1dbb587,36.27,68.59,98.01
fea290b8,30.81,58.26,80.42
454ea712,16.84,31.85,58.64
21cd736c,28.73,54.33,102.64
78462b61,27.31,51.65,86.92
857a610c,26.47,50.06,71.96
0308dc5a,26.83,50.74,85.88
82ac8916,2.02,3.82,31.91
64d2a203,14.89,28.16,75.89
98453d07,22.68,42.89,67.0
05eb19c1,8.11,15.34,48.72
53c0a6f7,37.96,71.79,115.77
65468d4b,42.65,80.66,129.01
13dc4431,41.25,78.01,119.98
eb450a17,24.06,45.5,92.92
7361f9d5,35.15,66.47,95.02
fec27259,5.69,10.76,51.34
171eada0,11.57,21.88,35.67
90bbfc1d,4.25,8.04,41.79
997eab95,48.34,91.42,101.96
b57ab2d4,29.57,55.92,76.32
f2d43a27,10.41,19.69,56.31
61f6d26a,35.96,68.0,84.86
6f277e73,25.48,48.19,66.2
415ee528,22.84,43.19,55.66
47014059,45.85,86.71,126.61
a81b5bc3,35.99,68.06,95.98
0d20c3b1,35.15,66.47,111.99
cc10677b,6.67,12.61,37.1
57d4add4,6.42,12.14,39.55
a704fcbb,33.89,64.09,93.89
481993c6,9.51,17.98,62.42
88ec7355,23.76,44.93,66.62
0026ed25,29.35,55.5,67.56
921adfb2,20.63,39.01,74.1
29cc87dd,6.09,11.52,54.55
5960e55c,37.68,71.26,103.51
87122314,44.48,84.12,106.94
94c28afe,9.76,18.46,53.68
37222d5e,43.0,81.32,130.96
af987719,39.86,75.38,108.34
d7f7b105,29.07,54.97,77.58
b2ccccc3,30.61,57.89,77.63
1089d474,33.28,62.94,112.87
6aa03e6c,27.19,51.42,95.44
34ead8a1,42.53,80.43,101.61
44dc6683,24.76,46.82,67.32
44ef06c3,28.26,53.44,95.59
766f04f6,3.76,7.11,56.8
b7c6a315,10.64,20.12,48.74
078d3e35,45.38,85.82,104.91
99bdbd6b,7.84,14.83,34.04
72d0dd48,45.39,85.84,127.73
7dc35c49,32.52,61.5,95.7
f61a657c,46.17,87.31,122.66
f6495505,41.09,77.71,95.48
5a0a9d0c,43.53,82.32,97.54
659f558b,27.17,51.38,61.81
aeba491c,41.61,78.69,125.3
d38978a6,24.11,45.59,69.79
3af23d86,4.12,7.79,48.11
d9e329d8,33.27,62.92,108.3
79a73324,36.97,69.91,103.85
bd67eed7,6.87,12.99,39.96
4ffbf9a2,41.16,77.84,89.39
f8e0bf07,5.61,10.61,34.1
d5a8faa8,23.2,43.87,66.74
a58dabd4,25.42,48.07,80.72
7a26ab2c,3.76,7.11,47.67
3bfa896d,5.16,9.76,48.2
e3faa167,23.63,44.69,89.49
8f981ac6,16.94,32.04,43.91
ceb6358e,41.16,77.84,112.04
6d1a02c7,21.87,41.36,58.92
1100f9c9,7.07,13.37,62.27
a44b4d80,9.58,18.12,44.48
15b7c5bc,34.33,64.92,99.87
2ef71bcb,47.6,90.02,114.08
5162e033,43.74,82.72,101.53
2bba0a76,8.22,15.54,53.06
f4f06431,2.79,5.28,52.85
6c74648f,3.27,6.18,18.56
dd56d59a,28.63,54.14,97.15
474c5474,25.32,47.88,71.54
975bcb42,2.64,4.99,19.83
388d035d,4.74,8.96,47.49
e9eb4ba7,49.99,94.54,107.84
195974d4,48.32,91.38,130.49
2f5763d0,8.08,15.28,42.71
729604ba,9.88,18.68,35.27
557b1cd5,45.21,85.5,101.79
e0c351d1,26.36,49.85,89.78
b74d079c,47.98,90.74,133.87
1fa3d775,26.98,51.02,88.45
c1aa6216,29.71,56.18,95.01
1108e63a,12.57,23.77,67.7
8d75f54a,44.05,83.3,110.44
485780f7,41.6,78.67,95.38
4b560c41,18.2,34.42,59.51
a1228925,31.39,59.36,108.53
7490a687,18.39,34.78,62.72
a7f3687e,24.27,45.9,92.86
940ca8bc,42.97,81.26,119.37
7124b81f,21.94,41.49,81.0
18a62b81,42.35,80.09,97.7
830f537e,48.09,90.94,115.69
4447a6e6,21.98,41.57,80.87
ce2b04ed,44.12,83.44,119.66
1fd2af91,16.59,31.37,75.87
e7796c28,2.14,4.05,22.45
9372dd6e,6.06,11.46,51.39
57a71a5b,37.38,70.69,82.27
c869ff12,6.81,12.88,34.87
d1be1948,47.08,89.03,124.25
21396599,43.6,82.45,131.65
911f3511,26.71,50.51,100.08
f2cb7b4c,29.91,56.56,84.13
4de3e302,35.33,66.81,107.4
59579f4b,37.11,70.18,104.2
43579931,25.58,48.37,86.73
c6573942,17.04,32.22,71.5
f7bb1d7e,45.69,86.4,118.29
9b2f47ae,4.24,8.02,50.58
e2e2666e,19.09,36.1,69.48
a640e4a6,33.99,64.28,78.3
c0aec8bc,44.77,84.66,134.23
d237e856,5.56,10.51,32.66
6c491f9e,33.63,63.6,112.17
98d31e26,25.38,48.0,69.7
38770cd2,34.95,66.09,110.22
893dc928,17.23,32.58,70.16
d8c13db8,36.11,68.29,92.56
278fef94,10.65,20.14,67.66
319dcc79,39.22,74.17,107.5
25f7bb41,37.97,71.81,115.0
2abf5208,47.45,89.73,131.61
92eb5c70,10.31,19.5,31.36
54204bc1,36.66,69.33,90.08
1f7a152b,17.49,33.08,61.97
d2c868c0,15.53,29.37,76.69
58c1bc33,21.28,40.24,52.74
9479b1fe,15.69,29.67,47.1
43341566,13.91,26.31,61.29
fbf4c8cc,38.88,73.53,109.64
02f95bc4,35.58,67.29,83.85
43f76b9d,7.25,13.71,61.64
a5125e33,28.89,54.63,71.7
56ddf27d,17.89,33.83,51.12
768f9f5a,48.61,91.93,127.35
3b9f4dee,22.4,42.36,69.22
fe48498d,3.95,7.47,18.51
538585d9,17.92,33.89,80.71
7714b4d4,17.01,32.17,45.18
da9627f7,2.27,4.29,20.54
b97955de,25.41,48.05,93.93
cac0141e,45.48,86.01,107.02
c7f0a6a0,40.51,76.61,119.32
33d2b3f3,34.86,65.92,82.75
c3b5ec74,18.49,34.97,46.9
475eb99a,13.13,24.83,44.22
40c96284,18.45,34.89,74.57
c961d979,7.91,14.96,51.46
22886770,6.78,12.82,35.24
09060085,29.58,55.94,91.28
68a94af4,41.07,77.67,114.27
80fad2b9,6.77,12.8,45.39
c1162498,18.09,34.21,81.63
5dc328d3,7.89,14.92,56.66
4e37bf1c,16.9,31.96,74.6
ea734968,41.85,79.14,106.18
99e0afe6,3.67,6.94,44.3
f627f7cb,33.07,62.54,79.87
00e97cee,4.87,9.21,31.05
0a6f40a8,22.47,42.49,72.59
cd88ac6c,24.75,46.8,89.45
73ccf1a4,21.27,40.22,63.7
370e4ef1,32.59,61.63,89.22
bd2fac37,48.74,92.17,140.46
62937e6b,14.83,28.05,49.41
13950b95,31.27,59.13,93.85
7287081b,19.04,36.01,50.03
bd732a50,49.98,94.52,120.99
6ca88ca2,47.65,90.11,113.31
435bd583,6.48,12.25,22.77
bea42e47,48.73,92.15,125.56
b595f1e5,37.44,70.8,94.06
921c1749,49.63,93.86,113.93
37a6a6cf,39.01,73.77,119.47
171b4e52,8.19,15.49,34.67
ced7e67c,38.02,71.9,98.12
77b10fb6,36.88,69.74,117.72
147fa85a,10.0,18.91,32.12
d222bc4e,38.15,72.15,119.69
2f54894a,34.39,65.04,90.65
d093c741,49.73,94.04,135.68
69b7db2d,31.7,59.95,84.19
fdd4fa24,21.9,41.42,68.04
0e5d464f,47.79,90.38,117.89
2cef0bf5,32.14,60.78,108.65
1f57bdf8,18.73,35.42,67.43
fbd71629,3.01,5.69,24.37
a2be3ae5,38.32,72.47,106.93
d41e4bb2,7.74,14.64,60.22
f48e9da1,46.34,87.63,106.21
912ab961,48.15,91.06,114.56
4d15d536,13.35,25.25,58.11
5a3a5caa,7.41,14.01,63.5
3407b2ce,30.58,57.83,86.44
836728a6,12.26,23.18,56.55
7df6f3c5,28.01,52.97,68.38
48e06dbd,21.88,41.38,81.71
edbb6530,40.02,75.68,94.47
5cdfd697,49.99,94.54,117.66
f2e4785b,23.93,45.25,83.63
00df4c4e,34.88,65.96,104.47
5cdd9004,18.41,34.82,57.57
a647f354,43.4,82.07,126.08
0106934f,3.77,7.13,48.92
436b9e90,25.69,48.58,83.21
e5599c44,10.49,19.84,36.99
31e88a7d,10.49,19.84,66.04
739f8052,27.58,52.16,83.26
c85954d2,16.77,31.71,56.77
20162d73,24.03,45.44,92.53
704d69e8,16.67,31.52,80.39
a4a0d4e4,23.84,45.08,83.77
6712b378,15.72,29.73,71.39
da161a34,40.57,76.72,96.59
a871bc1a,28.78,54.43,74.78
6b2de611,9.75,18.44,51.21
a7d2adac,2.41,4.56,53.89
5586cd75,2.84,5.37,45.1
eb8d1a82,22.24,42.06,81.9
7a75558e,17.08,32.3,52.6
cf086a71,14.58,27.57,54.36
8241475f,31.9,60.33,84.03
2e58f523,41.03,77.59,99.68
cd4d1854,5.04,9.53,48.77
1c79dd3b,7.28,13.77,27.76
e17960a2,19.7,37.25,53.87
65181771,23.19,43.85,70.34
8ea6f929,20.97,39.66,61.77
99004a01,32.65,61.74,107.87
e5267610,6.19,11.71,29.73
67ce58c2,25.75,48.7,68.65
04cad257,40.96,77.46,94.58
66d2c903,46.57,88.07,132.4
35f11a3a,28.9,54.65,72.73
d5584a7e,8.64,16.34,40.42
602a3054,36.92,69.82,106.59
ab5b94d2,40.22,76.06,89.17
47cf974e,11.42,21.6,64.27
dffbf912,34.52,65.28,103.53
6979d16e,46.66,88.24,108.68
7423cde4,36.5,69.03,94.7
f2290377,21.95,41.51,76.31
31522c20,23.25,43.97,91.83
571a6323,5.82,11.01,46.18
bbfa24c9,27.25,51.53,71.65
93b8eba4,40.53,76.65,105.95
9c2288b2,48.97,92.61,120.59
bcfcd7ae,21.17,40.03,71.33
88bf915d,22.9,43.31,74.07
a6d84cfc,4.63,8.76,33.32
448b5557,39.21,74.15,119.02
204f7729,36.4,68.84,92.04
268423c1,21.34,40.36,71.56
330a6206,36.05,68.17,88.6
f96f3b46,31.91,60.35,87.74
9846be5a,38.91,73.58,110.84
ee25a162,17.08,32.3,72.61
d7d67564,33.24,62.86,105.11
0f94c8ac,32.03,60.57,100.04
9215d437,6.34,11.99,40.66
9eeb70b6,15.49,29.29,40.79
616942b9,43.29,81.87,112.85
e82edf9a,9.49,17.95,30.16
170b8b43,20.22,38.24,86.9
a860dfde,12.81,24.23,49.35
ba815a50,8.73,16.51,46.66
e193256d,8.55,16.17,31.35
063f994e,18.7,35.36,85.19
7024c552,40.57,76.72,106.41
be3b64a9,48.38,91.49,113.42
35c37a61,29.45,55.69,73.41
04ace90c,32.49,61.44,97.44
4d2b9458,39.38,74.47,101.92
222e2259,33.77,63.86,86.55
570d62ae,42.72,80.79,91.18
06c4ef8f,44.43,84.02,95.48
6ad91ef7,32.13,60.76,98.5
6e2ff588,27.59,52.18,81.4
5e40f554,20.77,39.28,83.24
cc60e71b,24.16,45.69,85.83
39c2de0f,18.58,35.14,68.08
94dcac89,22.49,42.53,74.97
fc3cf070,45.19,85.46,125.27
49b81917,48.67,92.04,131.69
6f4b0133,19.35,36.59,59.97
0c93bcf8,12.59,23.81,38.02
f42a870f,5.75,10.87,51.74
4660ebef,42.17,79.75,98.67
3bf1cdb4,43.79,82.81,124.46
11b09e2d,23.62,44.67,79.39
326f4ab8,28.04,53.03,77.35
f1ea8eb3,37.51,70.94,115.03
bc98c3a0,20.04,37.9,75.55
c9ab2a7f,11.67,22.07,53.87
73bfdeb1,7.5,14.18,36.22
d7554457,13.29,25.13,74.58
f62a78e9,32.98,62.37,105.91
c6e555b3,18.69,35.34,50.8
e966cfd6,43.65,82.55,124.8
3f113b8d,6.2,11.72,26.53
2fcdd27d,21.99,41.59,61.5
3a016a3c,14.33,27.1,75.4
c43ee90d,44.61,84.36,129.16
201e9a39,40.7,76.97,111.21
c5ce12f2,49.25,93.14,131.11
def189e5,7.73,14.62,28.2
ff2fa88d,39.55,74.79,98.08
14f1c9ca,8.04,15.2,38.1
4522f26c,9.44,17.85,29.16
d857bcb3,3.88,7.34,45.5
ee5e95ab,24.31,45.97,68.27
b57ad389,8.04,15.2,50.52
42c6a0fb,18.72,35.4,46.49
1ad5047a,15.26,28.86,38.93
e36adf0a,48.87,92.42,109.22
b57d548e,33.6,63.54,101.66
d86b746b,21.7,41.04,75.21
e786be1c,44.17,83.53,101.57
ff57d446,5.06,9.57,40.5
9b352cc5,18.04,34.12,68.89
28072ee7,26.7,50.49,98.05
8e053f1e,4.59,8.68,49.18
40a13b49,9.0,17.02,32.45
111c8340,44.96,85.02,105.83
ecb8c0ea,10.62,20.08,46.22
2c3d57d6,46.24,87.44,101.65
71cd8bd6,6.61,12.5,44.71
54aeebff,44.63,84.4,130.68
aef3acd2,23.78,44.97,67.23
bb5c111d,29.52,55.83,105.22
9b44253b,15.52,29.35,49.32
1face030,15.12,28.59,57.48
b21eb8af,25.62,48.45,72.17
1eb4dd98,19.08,36.08,58.4
2c4c7c2c,5.73,10.84,35.95
973d9d20,18.98,35.89,47.19
a13ed3a1,14.23,26.91,58.19
d5051e15,42.78,80.9,120.56
c3511aff,42.25,79.9,124.45
98670447,8.79,16.62,39.59
b25c0c9c,37.04,70.05,102.07
464ed258,23.64,44.71,90.42
0d8cd61e,43.69,82.62,124.61
d84f5d2c,15.15,28.65,57.21
a0b4ddd0,6.23,11.78,28.37
bfaeef46,40.42,76.44,108.77
898cc26c,43.68,82.6,132.19
f02844da,42.34,80.07,120.37
5431c6ba,17.81,33.68,77.6
d9ab23b0,3.48,6.58,24.13
e7b258a5,8.7,16.45,62.61
66f4f680,46.13,87.24,97.8
1b745e64,19.48,36.84,81.33
9a9594bb,44.25,83.68,103.24
992ed10e,49.08,92.82,127.73
8b8fffc2,20.99,39.69,61.41
112279c6,39.27,74.26,89.67
5ba77bb9,10.12,19.14,39.02
61cf442a,20.42,38.62,67.54
ff94ab82,35.85,67.8,114.59
9b06ffad,11.94,22.58,48.14
ecf53282,17.35,32.81,45.04
072a30a4,29.06,54.96,65.91
a51458b1,35.18,66.53,84.92
3e100c99,19.13,36.18,48.26
dbfac5d6,20.09,37.99,62.84
838f0a4b,7.27,13.75,39.12
17880dae,49.23,93.1,141.99
2a8c8c06,31.39,59.36,81.61
3850b6e8,27.46,51.93,85.89
3259daeb,12.14,22.96,65.71
68e4d324,25.43,48.09,78.61
de290a30,23.47,44.38,82.24
4142e166,14.41,27.25,76.23
d548a5b3,23.42,44.29,67.26
f288291f,11.77,22.26,35.23
1a89807f,36.09,68.25,95.46
aedfb662,45.62,86.27,117.9
bbe76c98,2.12,4.01,37.21
3e471ff1,28.7,54.27,93.81
63f06ad2,37.15,70.25,116.17
2338dec4,45.55,86.14,116.15
8f1e10cb,19.2,36.31,52.05
01d729fb,45.54,86.12,112.26
a48011e4,41.63,78.73,94.94
1ecb2d37,27.21,51.46,68.75
9f3c1061,14.33,27.1,37.17
5c7994dd,33.34,63.05,110.24
9253ba24,14.51,27.44,67.25
0e7065c4,18.74,35.44,49.45
e6c1890d,24.42,46.18,92.98
a392d1cb,25.9,48.98,93.79
5b4a44db,11.08,20.95,67.35
eb2cb82c,35.3,66.76,80.65
85297969,49.61,93.82,107.02
47737a73,13.71,25.93,38.64
132e2f83,28.62,54.12,102.8
b037652b,23.83,45.07,81.49
3f908d53,16.77,31.71,48.83
d68ff8d9,22.15,41.89,89.06
c33ee6a3,37.17,70.29,98.02
c8bf61e3,21.91,41.43,82.85
d64fe61e,26.32,49.77,85.22
1fc5d4c5,24.91,47.11,83.1
74d66cbe,28.65,54.18,81.77
807f5826,15.98,30.22,56.02
3bca4ede,26.47,50.06,66.54
af76a830,8.47,16.02,28.85
616fc0b0,37.59,71.09,118.21
68a54192,7.32,13.84,61.3
286bc082,39.68,75.04,110.69
9503bb8b,41.63,78.73,104.25
9e418379,2.91,5.5,16.5
0ce67a44,41.88,79.2,107.11
c6ce1af1,33.11,62.61,98.97
951d1c36,6.65,12.58,34.59
d0a23cf8,49.9,94.37,118.07
6268946c,31.54,59.65,88.54
597091d6,21.24,40.17,69.97
9565be3a,44.49,84.14,123.85
ff7ca2d4,4.0,7.56,37.55
5ac2c492,36.43,68.89,112.7
8967e725,8.9,16.83,46.14
ba676fa8,28.52,53.93,65.21
0486aa95,6.61,12.5,28.16
7b255cd0,34.6,65.43,104.16
7b18deb7,24.32,45.99,74.06
565dd52f,2.32,4.39,32.84
95fcd00d,5.43,10.27,59.39
e8ede705,35.75,67.61,100.47
dcde41de,21.17,40.03,54.71
d3e87601,34.26,64.79,92.14
03ed825f,20.71,39.16,71.61
339a6ba4,19.36,36.61,48.11
9057de67,43.04,81.39,105.97
479eabf7,43.03,81.37,130.08
98cb4ed5,46.15,87.27,127.32
1d083e5c,41.51,78.5,103.39
d02d1b13,8.12,15.36,35.84
9195c8a3,5.19,9.81,31.14
d6140489,4.8,9.08,52.22
6ef6749e,49.05,92.76,118.83
3ccd0e2e,26.06,49.28,93.01
16af25ad,7.53,14.24,60.59
43453ba4,28.13,53.2,81.77
55dda70a,36.09,68.25,116.06
c91046aa,6.54,12.37,34.37
349ff7c5,18.63,35.23,55.63
a284ba6c,11.02,20.84,35.13
30c1a907,48.82,92.32,112.15
95dc2975,17.27,32.66,73.57
d8157d1e,35.14,66.45,92.6
d2ddd7f3,46.08,87.14,103.07
d7caa946,43.43,82.13,96.41
e6b4fba8,20.91,39.54,69.15
a0cb17c9,16.92,32.0,63.57
462762a1,40.84,77.23,119.01
d2c5d5a1,11.85,22.41,61.0
c673949b,36.43,68.89,85.57
6ce079cf,42.09,79.6,100.68
be52a478,42.76,80.86,118.61
f6bce11f,2.43,4.6,21.82
b96c9f97,25.99,49.15,91.28
75643baf,19.16,36.23,72.52
ad0edc87,48.99,92.65,124.1
32d0fa4a,28.12,53.18,88.95
378219c2,22.52,42.59,56.58
ff7857b5,13.73,25.96,57.88
4eff6b70,42.59,80.54,108.59
414926e1,17.33,32.77,63.29
54121d92,41.68,78.82,102.33
19823c2e,44.8,84.72,113.45
f5b79dbc,4.79,9.06,54.39
6933ca3b,26.48,50.08,73.87
69859322,22.18,41.94,53.74
bb2c1514,20.87,39.47,59.73
28c496c2,19.83,37.5,65.67
325731c9,27.54,52.08,83.42
cf398d59,8.25,15.6,42.69
c211c03f,43.82,82.87,125.93
e2836bce,28.78,54.43,101.04
63ea679e,18.66,35.29,64.76
23d46755,13.67,25.85,38.89
05f2eab0,31.6,59.76,86.6
c49a1061,39.76,75.19,92.44
b95dfa1a,23.16,43.8,65.14
7547295a,49.26,93.16,136.48
02440783,27.71,52.4,83.81
99874d97,48.99,92.65,135.79
a8979e20,48.2,91.15,140.58
e92fd3b5,30.79,58.23,90.04
07e0f7ff,29.9,56.54,103.03
c311a570,7.07,13.37,50.71
447e8c15,46.61,88.14,102.21
ed013212,40.55,76.68,103.4
be9ca542,26.02,49.21,85.57
a92e95f4,16.71,31.6,69.81
117b0efd,42.25,79.9,124.33
aaa8001e,15.99,30.24,65.73
65563be8,28.01,52.97,66.57
aa80b7c8,11.54,21.82,37.52
4dc77c60,40.62,76.82,99.95
6f9ae7f3,38.13,72.11,93.87
c83a483c,16.01,30.28,49.14
0179982b,7.63,14.43,49.12
c0154f5a,10.5,19.86,47.05
bd2ecfae,31.59,59.74,97.14
dede4d12,9.2,17.4,42.88
ae658ece,17.37,32.85,53.81
08a77f6b,42.28,79.96,111.98
c1f1fcb6,5.93,11.21,25.08
6362050f,29.9,56.54,106.09
f5156b5f,21.19,40.07,76.3
44e5cdeb,7.78,14.71,29.6
ee8d0bcb,26.45,50.02,84.92
459e36f3,26.8,50.68,63.66
2a19d2cb,20.15,38.11,68.36
60dce10e,4.66,8.81,30.44
7ff4071d,11.93,22.56,60.59
6a8c8fc1,21.43,40.53,70.01
6d00ea61,15.31,28.95,70.38
92d04da6,9.71,18.36,37.55
a452e386,25.37,47.98,84.23
5db0f068,21.08,39.86,77.37
0c97df9c,33.92,64.15,93.25
25b12406,28.9,54.65,98.98
4bd006fd,10.15,19.19,35.06
566837d1,35.01,66.21,106.55
afedc6a6,24.34,46.03,61.31
56ef67a7,7.45,14.09,30.37
4deb8aab,2.89,5.47,23.53
ea980429,32.07,60.65,97.09
db3d37a1,31.7,59.95,95.51
17ab92c2,41.38,78.25,106.09
abf7a0e2,38.6,73.0,95.58
789d46fc,44.12,83.44,117.95
361c19c6,16.04,30.33,46.1
fe2f3983,21.83,41.28,76.43
6c55c281,4.97,9.4,19.88
32ecf5fd,21.74,41.11,56.89
000e3d4e,12.55,23.73,62.05
1d04524a,40.66,76.89,121.85
01e732f6,33.5,63.35,76.37
3a29ab3e,39.52,74.74,110.29
cfc71c59,30.44,57.57,70.05
2fa2ee90,30.7,58.06,103.22
47e634f2,13.29,25.13,50.8
69b03de1,34.15,64.58,104.23
971b02bb,8.91,16.85,33.76
4253dd4e,15.24,28.82,73.27
b11f2416,10.64,20.12,47.29
a8c0356f,47.58,89.98,108.33
6199de0f,45.11,85.31,118.21
0c1fb02c,43.99,83.19,104.72
316d1f62,48.09,90.94,112.42
69608bfc,31.4,59.38,73.96
efa87c5f,44.95,85.01,103.57
3d809aaf,16.01,30.28,72.19
c24889d1,20.47,38.71,69.65
fe23d100,24.41,46.16,70.36
04f243f7,6.29,11.9,59.07
f678d368,41.59,78.65,120.55
30a90fcf,7.72,14.6,37.01
3042b4ab,40.38,76.36,90.79
e5f301c2,46.27,87.5,104.87
83cc4a73,29.26,55.33,92.34
4278ccc3,9.96,18.84,51.36
08237a2e,22.96,43.42,92.65
efaa10bc,8.66,16.38,26.92
6cefb324,7.71,14.58,59.65
c1285d32,38.29,72.41,82.98
c649f7f2,20.87,39.47,66.46
4530f6a4,2.01,3.8,50.46
6afd2629,4.33,8.19,44.53
5fec787b,41.25,78.01,111.34
d92b7d96,31.75,60.04,82.58
ba6fb7d3,42.54,80.45,129.1
261712b5,15.14,28.63,45.36
4e398cac,17.09,32.32,53.12
2eaa76be,31.61,59.78,87.9
48b6767a,33.93,64.17,79.22
f13a6847,3.27,6.18,33.12
493524a5,45.55,86.14,97.71
5b6fec5c,40.36,76.33,123.29
accb1170,8.33,15.75,38.64
54fb0572,2.5,4.73,40.08
93ae3cd4,38.92,73.6,118.42
98106b17,45.34,85.74,128.47
98c5b8f3,17.46,33.02,77.96
78980c4c,17.4,32.91,71.72
d1bc87a7,26.7,50.49,68.24
9b766905,34.38,65.02,89.68
6c131531,33.09,62.58,93.06
438df3f4,38.13,72.11,95.59
21099001,7.47,14.13,62.34
6fc6bcac,26.95,50.97,93.24
8cbaa2ac,26.3,49.74,91.7
5a52a891,47.59,90.0,114.44
15e6aa29,46.08,87.14,127.33
f2ade415,38.02,71.9,106.46
ae10c6c7,44.09,83.38,108.39
674092aa,37.79,71.46,93.79
59f3b1bd,36.58,69.18,110.73
37cc7ffa,12.35,23.36,57.23
cf39723a,31.63,59.82,71.3
631cef1f,45.97,86.93,97.8
b2f048e5,38.01,71.88,115.56
15026bb5,31.03,58.68,72.27
6cf02600,14.39,27.21,57.98
facd217b,34.57,65.38,99.73
ef5afd00,18.66,35.29,81.93
1afaba39,5.13,9.7,40.28
7259bdcf,13.49,25.51,43.27
ac2b25c3,20.68,39.11,59.54
420ee061,49.84,94.25,106.2
f1b7976b,38.49,72.79,91.67
f4c40a2f,15.42,29.16,71.77
be8b90f7,38.59,72.98,113.26
df0b8d5a,19.17,36.25,49.53
314a6b40,31.18,58.96,88.14
a86e7882,38.7,73.19,95.26
9b63c21d,37.56,71.03,107.03
264e6919,8.72,16.49,64.94
fd1a1744,41.63,78.73,113.96
bade9307,46.3,87.56,127.39
dd137c6f,13.2,24.96,50.89
ed0e9f0a,17.81,33.68,44.99
e696a6ca,47.03,88.94,115.66
133d4ee4,49.22,93.08,123.51
f285407f,23.77,44.95,74.66
5506d0c5,3.66,6.92,26.26
0d369dcf,46.78,88.47,117.47
2b3a45dd,3.22,6.09,44.81
482da42f,17.85,33.76,56.22
8e854caf,6.31,11.93,47.29
0001ff66,26.56,50.23,66.36
ba54b854,3.8,7.19,28.31
f8651d25,12.82,24.24,69.6
f0400f2b,24.02,45.42,80.48
0302083c,5.56,10.51,23.94
12a745f5,25.06,47.39,67.98
4ac0ca73,14.73,27.86,77.62
94b2da15,14.81,28.01,48.81
24a8c611,46.98,88.84,122.06
df0b8ff3,35.13,66.43,98.44
8773fcb6,46.62,88.16,114.25
09a5bc0c,29.63,56.03,67.38
3a738042,45.54,86.12,107.49
3630ef65,42.2,79.8,127.93
e4336cf5,49.9,94.37,105.14
77423e23,26.15,49.45,88.08
32ce6f29,35.41,66.96,112.67
b3279e1a,9.71,18.36,58.86
2b62a5a8,47.1,89.07,112.0
16175735,21.14,39.98,70.8
f6691a35,46.0,86.99,131.69
c314be39,6.83,12.92,61.94
63111ab4,26.73,50.55,64.43
867c9b3b,2.07,3.91,18.88
55946a50,21.97,41.55,89.78
0bd30919,5.99,11.33,56.23
6dd4f56c,23.56,44.55,62.99
a6068528,28.68,54.24,103.04
4ecb2d38,42.91,81.15,99.51
fdf8922b,16.18,30.6,44.14
cd020026,29.21,55.24,92.52
dc597d29,5.19,9.81,41.4
739c8632,45.85,86.71,106.3
49187245,23.68,44.78,91.91
84e0e4b2,14.12,26.7,52.87
23d47225,24.24,45.84,71.96
184d5f2a,25.11,47.49,82.76
a404e7f7,37.68,71.26,90.49
e1e71875,48.78,92.25,125.72
1fbbf351,10.93,20.67,45.23
d3433dd3,4.62,8.74,46.54
416f0d56,33.47,63.3,83.21
95df5263,44.46,84.08,101.5
dc1c3fdf,29.12,55.07,75.06
0bd1b342,5.83,11.03,58.47
11147463,22.25,42.08,86.05
7692adab,33.43,63.22,106.38
aa830b1e,17.75,33.57,74.8
674294e6,42.56,80.49,115.97
4534581a,12.79,24.19,38.13
99bcd8c3,19.5,36.88,59.87
7c7560f2,45.99,86.97,119.44
6a0aba26,29.53,55.84,70.07
96d8019b,2.3,4.35,15.55
f9bed7ed,13.71,25.93,39.67
a7397bb3,38.16,72.16,86.48
fb1e73ae,4.5,8.51,22.89
2457a04f,49.67,93.93,111.54
316715be,45.1,85.29,115.25
04f2b5be,12.74,24.09,45.51
e987de2b,44.98,85.06,129.47
9592feb6,35.57,67.27,112.32
fc995080,22.42,42.4,89.21
7cfc13d4,11.41,21.58,50.43
790aedbb,11.61,21.96,62.92
9c2a7f86,30.52,57.72,91.36
af854506,21.97,41.55,57.32
2117bbba,30.57,57.81,93.24
e57981ba,17.85,33.76,77.24
4533551d,13.04,24.66,48.58
c22bb7bb,42.15,79.71,119.58
68eac1a1,46.16,87.29,128.27
21efaf6a,35.85,67.8,103.54
dff535d1,9.76,18.46,63.79
599e2dbc,6.43,12.16,27.95
14750e60,27.88,52.72,96.46
6fbc2109,28.42,53.75,88.18
44689845,32.68,61.8,106.03
60339f30,45.5,86.05,117.36
e4c87164,33.05,62.5,85.62
721dc12e,45.98,86.95,132.84
95fafc52,7.65,14.47,59.57
8bfc95e3,36.04,68.16,88.87
48584bd5,46.52,87.97,127.73
850dbdb5,24.21,45.78,59.43
0871a8ae,48.44,91.61,105.05
d5230a14,28.52,53.93,84.39
bb3d9763,47.26,89.37,100.8
727023cf,37.93,71.73,99.08
f770a067,23.97,45.33,86.96
08a599b4,3.65,6.9,52.48
c8ba33e4,33.55,63.45,83.64
c31b4633,14.21,26.87,39.95
e2b9879c,15.86,29.99,65.22
9e513bc6,2.95,5.58,26.17
fcc06d2d,28.77,54.41,65.35
ed3808c8,15.89,30.05,45.3
9be61de2,49.15,92.95,140.48
5f591481,37.95,71.77,116.77
4783d3d6,19.16,36.23,79.41
3bc683fa,16.13,30.5,54.08
c66b3685,36.32,68.68,107.26
ceaca3da,14.2,26.85,75.13
954bf8b1,23.5,44.44,77.14
30e189c1,9.7,18.34,41.66
8f7f4ad1,14.2,26.85,68.82
1fb370cc,6.72,12.71,39.92
f6c76cf6,22.5,42.55,75.64
51f1b0f8,46.49,87.92,119.57
d2f50a83,6.84,12.94,31.64
346bc27a,22.99,43.48,53.51
4552d3c7,16.32,30.86,80.81
01fe4a60,19.42,36.73,63.4
635b2075,39.03,73.81,95.16
46e92db7,22.88,43.27,83.91
c48e5374,33.22,62.82,96.52
0d51b637,48.67,92.04,137.26
2ce720c8,31.59,59.74,100.98
1cad4e2c,18.19,34.4,55.67
fbac9d47,21.09,39.88,73.57
8605ec0b,35.4,66.95,97.06
f462bf4c,35.33,66.81,115.01
385a4d17,19.67,37.2,56.78
4f090ce6,36.77,69.54,90.89
b144fbab,28.43,53.76,100.58
61c5996c,49.06,92.78,121.09
5e43d1a4,45.59,86.22,114.51
c9e659ce,41.54,78.56,123.29
8769b304,3.65,6.9,28.74
58eaf6be,20.26,38.31,76.19
72eacf0d,29.52,55.83,94.69
d24dd481,27.04,51.14,78.84
7807bef9,38.65,73.09,96.45
cfd2b344,45.64,86.31,126.18
8fabf7aa,39.78,75.23,95.47
a15d7799,12.57,23.77,66.54
f033559e,25.31,47.86,74.52
bcda78fa,20.89,39.51,50.25
e7f70513,38.78,73.34,106.11
63b410fd,44.97,85.04,102.82
ae250ac7,15.77,29.82,58.48
af16ccb7,25.47,48.17,90.5
54f4bcd1,37.13,70.22,87.82
fb9b01d6,4.4,8.32,26.64
da6089b2,48.23,91.21,120.16
a214062e,40.4,76.4,105.46
6abc0d23,28.05,53.05,81.2
ced3bcd3,39.38,74.47,112.25
5f7eed1c,42.15,79.71,100.47
c092783d,25.7,48.6,69.02
654cf65c,23.12,43.72,54.61
a75d725a,42.21,79.82,105.09
b4d6b676,43.26,81.81,99.64
ebedc5fd,7.93,15.0,48.66
23d9889c,45.58,86.2,103.45
44de8049,15.29,28.92,74.7
37fa07f1,34.02,64.34,108.3
0c0845f4,36.05,68.17,108.78
6783e52c,15.43,29.18,71.52
0cbe2ecc,16.6,31.39,79.77
0e146958,35.9,67.89,90.68
d14fe139,10.4,19.67,68.86
b7e44286,43.2,81.7,127.32
d0120233,12.7,24.02,48.5
91431612,18.86,35.67,80.23
b0663e7a,14.8,27.99,73.88
600ac626,13.77,26.04,37.48
c1cc3ef5,48.99,92.65,137.69
d6e52a70,14.16,26.78,54.11
2cdfd289,29.76,56.28,98.73
28fea2e5,37.78,71.45,85.9
fdaf5836,4.01,7.58,24.47
6ec04a40,44.32,83.81,132.96
ee5a17f2,9.34,17.66,44.31
bbb0c1b9,30.23,57.17,99.11
9f4e8766,32.77,61.97,101.98
806fd5c1,32.22,60.93,102.37
310ac7aa,37.21,70.37,110.95
e761331f,46.7,88.31,134.87
dc816770,46.49,87.92,121.62
122ac0bf,29.75,56.26,83.28
278cb997,19.76,37.37,84.38
b34f6727,17.43,32.96,57.24
febfd84a,44.56,84.27,119.5
e5d01b42,42.95,81.22,125.43
1974d222,16.2,30.64,77.28
67aadf23,9.31,17.61,65.59
c908080e,43.33,81.94,118.34
be347a9f,31.2,59.0,97.81
10afdf74,17.03,32.21,62.11
0bddf585,31.31,59.21,80.61
942eff75,5.18,9.8,20.45
a43f85ec,11.13,21.05,39.93
2f14954f,28.2,53.33,102.53
30f15e3a,27.88,52.72,94.98
e96ba8ea,13.84,26.17,55.33
3b320fe1,49.14,92.93,116.67
95f6177e,21.8,41.23,53.8
62a5ad9a,36.01,68.1,78.51
06f486a6,14.41,27.25,67.45
b6cf061c,22.37,42.3,91.72
6a536fc4,41.9,79.24,99.39
186e1c7b,42.73,80.81,101.79
3d712a21,8.49,16.06,63.45
417574dd,19.02,35.97,70.05
778697fc,11.75,22.22,39.17
e0da7f77,44.73,84.59,96.42
46651610,38.19,72.22,104.76
2594c293,29.04,54.92,83.02
2f630b7e,33.2,62.78,90.06
eb6dd1d8,45.88,86.76,135.53
be7af701,16.56,31.32,51.84
86ef7bf6,2.66,5.03,34.55
d035eb54,3.27,6.18,24.71
748c8729,4.24,8.02,30.89
39a52a7d,8.17,15.45,56.09
c191336f,29.4,55.6,73.49
2b95094f,49.09,92.83,129.89
60a48a3f,22.16,41.91,57.1
96a42cb4,36.2,68.46,86.08
a6fd90a7,40.02,75.68,86.6
615732f6,40.47,76.53,111.75
20515914,23.28,44.02,93.63
1a76587d,28.4,53.71,89.97
070fa3fb,17.78,33.62,80.55
e5d45986,35.02,66.23,97.29
56e68cd3,20.38,38.54,75.75
3d404adf,16.93,32.02,79.04
9ab90ace,32.11,60.72,74.17
f9751c15,18.38,34.76,68.66
24e11164,21.58,40.81,73.83
321b9739,36.12,68.31,79.64
25e01b00,42.96,81.24,97.49
a6081acd,22.87,43.25,75.34
89c76386,27.07,51.19,81.1
1ffa445f,37.83,71.54,95.29
f630c9ee,12.8,24.21,62.12
39aff7cf,21.92,41.45,65.86
5ff80648,40.95,77.44,118.19
1dbc1fde,44.94,84.99,127.36
4d5e87e5,32.96,62.33,98.11
1d157e69,20.88,39.49,60.65
68e5e27e,31.08,58.78,100.89
280df064,10.58,20.01,40.08
cfe15a55,3.41,6.45,28.57
1247baf6,5.58,10.55,44.9
cf478608,7.19,13.6,51.16
6e354e92,12.83,24.26,49.11
956d924d,24.16,45.69,79.35
af27d6f5,13.15,24.87,44.79
3bf3c34f,30.08,56.88,98.67
01d49150,49.92,94.4,144.09
a51d6e49,25.91,49.0,86.93
33810885,38.33,72.49,95.26
0c238c31,16.04,30.33,54.28
da9dd194,48.22,91.19,102.41
5d685cd6,13.96,26.4,62.28
a401cf35,30.64,57.94,91.94
8fd39a32,49.2,93.04,141.22
c26dce2d,40.8,77.16,103.25
fdcef8ff,49.62,93.84,141.16
fd96323b,20.23,38.26,78.67
2a668899,5.73,10.84,32.36
7b2f3c19,13.69,25.89,36.55
577a6ba3,47.97,90.72,129.79
9ff5622a,19.79,37.42,67.27
fb7b232b,7.99,15.11,63.58
fe99f178,30.47,57.62,68.5
b165f3f3,26.02,49.21,80.09
9f081f73,5.0,9.46,51.01
e029005d,23.74,44.89,86.48
04bc9c05,32.38,61.23,98.11
e8079747,13.17,24.91,50.68
7fe76bfd,7.97,15.07,27.76
a66fafc6,43.51,82.28,104.35
9dd4ace9,32.02,60.55,96.6
a1da3c43,9.45,17.87,58.71
5d275724,32.2,60.89,103.59
b67e1afb,37.29,70.52,111.48
0c29a320,30.68,58.02,80.97
581b0a64,7.58,14.33,52.09
83fa49d3,7.99,15.11,63.87
f7d310c1,4.17,7.89,23.35
b57a9cf2,13.23,25.02,64.27
f86fd526,4.86,9.19,35.59
d4e5e1a3,40.65,76.87,95.87
79a7019f,2.74,5.18,27.98
4d67228e,29.89,56.53,73.19
8216269f,40.87,77.29,119.9
c7920141,44.95,85.01,110.51
88e30345,21.65,40.94,88.44
b85a3a58,31.8,60.14,108.8
f2d4b1aa,47.66,90.13,138.76
dbe6b115,34.24,64.75,80.98
16fe6f7e,45.25,85.57,109.43
5ffd503a,34.85,65.91,88.33
ebfd6a1b,5.26,9.95,56.86
66617bdf,11.45,21.65,35.11
12d2f99c,47.14,89.15,122.69
f50996ea,42.52,80.41,109.82
775e1e21,22.29,42.15,91.2
abe9e5de,9.73,18.4,66.93
1e6bd329,9.54,18.04,45.0
cd3c70f1,45.43,85.91,113.56
17241cf3,9.98,18.87,44.25
967d1217,20.54,38.84,80.41
db3768b9,45.24,85.55,99.56
d975b4d0,3.6,6.81,21.46
4fc22dd0,32.28,61.04,99.23
1d1835de,18.83,35.61,46.28
c31fc6cf,7.17,13.56,50.4
26efe933,29.24,55.3,70.45
8c1c268f,25.28,47.81,89.26
5ea95cb4,6.76,12.78,52.37
e106b87a,14.83,28.05,45.34
7e3a6180,37.54,70.99,111.27
dbc6ef59,38.28,72.39,114.0
99b8b7d4,30.74,58.13,105.15
78d5f4b4,7.3,13.81,52.79
cd2af96b,42.95,81.22,125.92
4f5edd6b,10.29,19.46,54.96
4ff9ef63,36.61,69.23,104.25
217b6391,4.04,7.64,44.65
d2ddcda9,17.93,33.91,60.16
45feeba3,24.96,47.2,66.34
23ff942e,3.34,6.32,32.85
e6c3c05b,10.23,19.35,53.09
acf532df,17.31,32.74,70.34
4956fec5,49.16,92.97,121.24
c7daa2c9,39.41,74.53,97.73
33fe2bbf,42.35,80.09,99.97
56b1f36c,34.04,64.37,81.7
13c2fa1e,16.03,30.31,59.36
f0fc5a64,36.05,68.17,106.43
f0eda08f,34.34,64.94,108.13
1236bed9,31.28,59.15,82.96
88d2e2c1,16.32,30.86,65.31
9b2a9249,14.63,27.67,56.78
f56e19ea,18.14,34.3,82.95
18746101,17.0,32.15,77.45
88dac1f9,5.74,10.85,56.14
dee9971b,40.51,76.61,109.78
7f108fe7,19.72,37.29,64.76
2ed896d8,35.92,67.93,104.0
513be316,15.44,29.2,45.59
ed29aef8,30.9,58.44,103.76
3a4d6347,3.66,6.92,27.77
99fa4371,7.09,13.41,56.49
450d4d4e,19.5,36.88,58.82
5721f064,14.9,28.18,59.06
9119dc6f,18.96,35.86,76.75
b0043387,46.67,88.26,114.01
e0e0ed8c,5.55,10.5,34.82
0d92930a,24.21,45.78,91.29
df83d796,11.52,21.79,34.55
738c600e,19.08,36.08,79.74
e1e39290,34.5,65.24,112.37
40ae7e5e,48.7,92.1,124.63
1b32abe8,35.35,66.85,104.69
d193211f,44.47,84.1,128.56
fe000c5d,9.07,17.15,44.57
a8a1da2a,10.71,20.25,65.4
f3b72b92,44.08,83.36,108.25
3d11e4f7,31.16,58.93,81.19
014b5b46,40.02,75.68,125.01
e49c6676,12.7,24.02,35.27
2b21f06f,18.73,35.42,58.2
64fad3de,5.89,11.14,39.48
4dda4237,44.99,85.08,107.52
3e4c6a8f,47.91,90.6,111.89
e02c662d,43.16,81.62,106.45
d097996d,22.98,43.46,69.38
25022677,18.37,34.74,47.6
cb6fcb2f,24.2,45.76,86.77
319553ef,32.61,61.67,78.4
78d89571,22.71,42.95,54.59
2f233bc7,22.24,42.06,75.68
531c864d,22.69,42.91,79.65
955acd59,37.74,71.37,111.78
700ce8be,39.77,75.21,88.72
5e7d1e15,43.79,82.81,99.68
03b87627,13.66,25.83,43.12
d03fa2e4,9.56,18.08,51.83
85120bff,18.57,35.12,80.71
6cb7b0ff,22.18,41.94,80.2
edd9706f,35.69,67.49,90.08
dabab3d2,38.38,72.58,116.71
981beaf2,49.24,93.12,129.91
51a1cc50,20.15,38.11,75.65
5ef45fdf,21.32,40.32,88.61
f814e752,28.02,52.99,101.0
9a5c7ad6,41.38,78.25,103.68
495f3160,33.72,63.77,99.2
c1dd9941,29.49,55.77,73.85
321de782,33.11,62.61,89.09
9049ef8a,24.29,45.93,66.87
675330fb,38.43,72.68,97.37
857b1f10,5.61,10.61,47.63
15b9949a,26.43,49.98,68.39
54533bbb,40.72,77.01,94.22
55752ce4,16.52,31.24,56.41
060ed2c2,42.48,80.33,94.26
fb5aa985,39.58,74.85,117.41
9e026cd9,29.87,56.49,104.83
386e4676,14.1,26.66,68.71
bf9cb0ed,43.33,81.94,113.2
b0b715cd,3.44,6.51,43.48
b2b526c5,30.44,57.57,99.79
71258038,39.56,74.81,87.54
47d9bd42,25.3,47.84,74.56
1dda0e09,6.94,13.12,28.87
370d6d43,42.03,79.48,93.11
e61ca4c9,45.64,86.31,126.67
afc20b1f,29.04,54.92,99.24
5b8d98f9,39.78,75.23,88.58
df68e464,31.31,59.21,76.36
0162c3c4,29.52,55.83,74.66
5c9158a0,8.28,15.66,59.94
71d48e4d,22.97,43.44,89.98
a8648061,34.58,65.39,105.99
b6d04da1,23.82,45.05,86.91
9d967d24,31.65,59.85,83.56
a85d75c1,44.95,85.01,111.34
c9d78d3a,19.58,37.03,58.25
4cd42780,41.77,78.99,127.33
e1499f3a,3.39,6.41,45.52
bc601bb9,42.93,81.19,104.84
58cbe304,7.12,13.46,28.89
66edff05,17.43,32.96,50.75
03282c19,26.65,50.4,68.56
33bafba9,33.2,62.78,97.37
f65bd24a,47.75,90.3,136.42
49985587,16.74,31.66,76.41
3bd0eeff,6.1,11.54,24.33
111e7289,24.02,45.42,83.78
813c4ba6,18.57,35.12,51.83
71c2b98d,30.81,58.26,80.67
11fca061,46.29,87.54,119.29
dee4699b,32.88,62.18,105.82
5c27d096,29.74,56.24,75.71
e3b5c525,13.81,26.12,71.07
6e27ba84,14.71,27.82,67.21
bf3d2647,22.93,43.36,80.33
833dc63a,44.78,84.68,100.0
f59e0df8,29.82,56.39,85.36
d94131eb,25.74,48.68,69.69
1db7085d,28.04,53.03,86.56
042a9ab9,42.02,79.46,116.4
e52413c7,34.54,65.32,77.93
b898b405,46.52,87.97,123.74
c95f8714,29.92,56.58,86.5
08289fef,11.41,21.58,65.13
2a94e26b,2.9,5.48,47.21
c3658a7d,17.22,32.56,59.08
3c2a677e,5.01,9.47,58.52
d6b3b2e4,21.54,40.73,74.21
f8333d3e,11.02,20.84,69.39
bb86f365,21.44,40.55,79.32
900bd7e8,21.16,40.02,66.32
1527009a,15.26,28.86,48.21
a7299963,33.34,63.05,91.67
98528c62,22.8,43.12,90.56
77f821e4,44.89,84.89,100.1
ec1f24d3,5.65,10.68,39.09
1687e088,21.71,41.06,64.94
503b2637,39.25,74.23,118.92
195394e3,25.74,48.68,90.84
31cec9bd,48.37,91.47,123.56
30eb3a69,10.39,19.65,46.25
0a4fd684,17.17,32.47,69.84
d3d7d1e6,7.58,14.33,62.45
31c793c6,13.84,26.17,40.22
4414fedb,34.28,64.83,110.78
f35db3d7,25.37,47.98,69.75
bc292a07,9.78,18.5,28.67
4a940a6a,24.79,46.88,86.52
cfe452c2,42.68,80.71,122.25
c86fb8fb,23.11,43.7,65.89
7338cb73,2.63,4.97,46.11
e04eb1b0,4.64,8.77,50.69
644161c3,23.03,43.55,80.56
8e79a346,30.48,57.64,69.19
61fd2fe0,44.55,84.25,120.95
b1a848f0,49.13,92.91,140.21
642d0476,49.06,92.78,127.59
f5274623,28.78,54.43,79.11
32241894,3.72,7.03,39.57
9b44fca0,12.25,23.17,72.9
a8a89b90,22.85,43.21,72.11
9f713266,44.22,83.62,127.28
9c8820ee,3.03,5.73,21.27
3aca430c,26.45,50.02,62.28
ed079efc,33.37,63.11,88.72
e5fee588,15.84,29.96,45.47
fca598b5,17.15,32.43,55.65
76715d5c,20.64,39.03,77.65
3ebf948d,15.18,28.71,56.53
227b13a8,22.99,43.48,66.33
5d2ac18d,9.59,18.14,63.8
8e619eae,11.57,21.88,32.26
e0b8656a,3.78,7.15,49.71
780f92bf,21.74,41.11,75.96
832f3aac,35.95,67.99,79.85
ebb5328e,26.3,49.74,61.11
15928dbd,27.47,51.95,68.83
3488d252,23.6,44.63,93.73
11836f85,30.07,56.87,70.3
18935de3,13.02,24.62,64.17
62683a9e,11.96,22.62,48.68
1f7ff12b,47.21,89.28,108.75
030e262a,23.62,44.67,77.67
e5c7d926,41.7,78.86,103.59
d63c18a8,46.01,87.01,109.42
f904e307,31.51,59.59,79.17
b8b38d73,16.34,30.9,59.21
84b5b75b,34.63,65.49,82.27
2df028a2,22.68,42.89,86.97
fcf67052,48.71,92.12,125.79
0591e059,40.94,77.42,89.94
3c079410,41.12,77.76,106.04
3c32b816,30.26,57.22,92.4
6be23b1e,2.4,4.54,49.0
b1b9364c,41.93,79.29,90.23
4b4a3247,3.22,6.09,34.34
ef4d5ecf,7.87,14.88,53.11
1a8a7333,42.26,79.92,97.77
0ab0bb35,12.5,23.64,42.49
2b07f5ef,42.37,80.13,109.72
18e29e8f,13.34,25.23,70.61
9cfcf32d,38.99,73.73,99.66
e47dbf27,28.02,52.99,82.37
262d0d72,34.21,64.69,100.12
adc003d6,42.23,79.86,102.29
bc90db81,49.23,93.1,137.78
193d9fb2,6.11,11.55,60.02
6d6953ab,34.9,66.0,102.01
95d69003,48.02,90.81,126.35
32941226,19.94,37.71,74.65
d43884d1,18.02,34.08,51.84
5f3be573,34.64,65.51,104.8
2dc8b78d,21.29,40.26,64.14
c9e397ff,12.29,23.24,72.97
ba498e8e,9.75,18.44,58.53
fc652702,11.25,21.27,54.62
f21df3db,35.81,67.72,114.21
863fb781,46.1,87.18,135.98
3e43155b,40.69,76.95,119.67
ab4d64cd,23.51,44.46,84.72
4322d7ef,27.37,51.76,64.19
a8c02310,31.77,60.08,98.32
3edb3c9c,29.84,56.43,79.86
19e594d7,48.49,91.7,138.9
777ef45d,44.56,84.27,118.74
7e52be66,4.09,7.73,32.56
c96bc5a5,42.12,79.65,103.21
177466a4,7.47,14.13,46.32
6046735b,35.13,66.43,96.09
ea670cf0,15.71,29.71,55.35
41145e94,39.12,73.98,92.32
1bc009a0,2.41,4.56,46.42
6df01dbb,20.35,38.48,65.82
d98440aa,3.03,5.73,19.69
f5e563f2,47.77,90.34,103.76
aa91647a,2.74,5.18,24.7
c087c820,9.45,17.87,49.96
07082caf,27.89,52.74,68.66
ba868b47,33.02,62.44,81.04
382c53d3,36.99,69.95,100.02
4198cd0a,13.85,26.19,44.9
baa17e88,16.45,31.11,75.43
0f437434,13.52,25.57,59.17
65f722ae,13.72,25.95,39.38
f39dbc4d,39.53,74.76,90.36
80215b25,47.5,89.83,107.64
05881649,30.6,57.87,93.07
6473bd35,9.56,18.08,32.31
972e4e12,5.14,9.72,21.45
18745359,13.48,25.49,64.63
09a21de0,10.53,19.91,49.04
8db5cd27,29.77,56.3,100.25
cc22bd4d,35.5,67.13,108.84
4d198f4b,2.22,4.2,25.14
0e8f527e,23.1,43.68,61.37
5c912f0a,31.9,60.33,90.98
c894a11a,11.26,21.29,34.49
2f6b0caf,45.25,85.57,120.88
2bc2c64e,28.35,53.61,64.1
bdd944ba,18.58,35.14,77.26
ac25ebb9,2.9,5.48,51.11
27f809fb,25.25,47.75,97.6
dd8a366b,18.13,34.29,58.05
f586db33,48.54,91.79,124.27
15889be5,20.18,38.16,82.68
077a6544,46.21,87.39,115.88
ba53f605,34.93,66.06,89.23
5ef89058,5.55,10.5,22.45
a4abc634,46.77,88.45,114.21
5673a286,10.09,19.08,32.24
e45f22ba,23.51,44.46,68.98
c9a15739,46.3,87.56,111.28
96eaa048,41.77,78.99,114.88
5bb0cbe0,25.4,48.03,72.67
19f32b68,11.93,22.56,47.93
1281f186,26.44,50.0,71.45
04953b4c,28.29,53.5,87.82
5f1cc474,49.85,94.27,119.84
e4594029,41.55,78.58,126.52
1df89434,43.34,81.96,127.64
641eea9e,49.34,93.31,112.79
041518fe,27.12,51.29,77.45
b21e7eb9,30.09,56.9,92.28
9d100841,23.81,45.03,55.68
ccf119d1,8.02,15.17,34.27
1195787b,27.21,51.46,72.86
fca27d1b,29.96,56.66,82.76
b323f9f5,13.39,25.32,70.89
36be9a0b,39.58,74.85,88.7
f0bc5ade,7.98,15.09,27.72
478d82a6,26.1,49.36,85.94
9305381c,33.81,63.94,88.52
9becb9c7,4.64,8.77,25.88
1efc7124,40.59,76.76,114.83
ed09ac90,16.6,31.39,51.11
2382167f,36.45,68.93,101.56
b819d2ac,7.19,13.6,39.95
a477c2fe,31.77,60.08,84.53
b6500393,28.75,54.37,93.22
c03aae2c,9.2,17.4,51.94
5b29541c,31.99,60.5,91.05
68103188,35.18,66.53,81.65
9747df74,25.93,49.04,82.47
324e3425,29.77,56.3,94.01
53c45012,44.6,84.34,126.93
c307544d,35.49,67.12,89.1
14f0faed,45.49,86.03,106.6
d79762e7,28.51,53.92,93.87
46d07e95,10.39,19.65,48.35
dca5df3d,13.82,26.14,52.37
207530c3,10.47,19.8,36.22
339ee2aa,18.09,34.21,61.58
64bbc887,24.92,47.13,86.18
fb5de899,14.28,27.0,55.02
ba17e16c,24.83,46.96,91.87
ffcb6e2a,19.49,36.86,47.03
d48eeb7e,28.66,54.2,71.4
969b2f05,22.57,42.68,77.26
17c80c4e,22.84,43.19,80.07
87ae4ed8,25.55,48.32,69.35
d7e9daa8,49.42,93.46,141.14
2c07cd1a,28.71,54.29,77.52
1e5f5c2c,36.72,69.44,95.89
38b90836,22.0,41.6,90.66
2e0a10f7,17.64,33.36,62.53
6e8b9a79,46.0,86.99,121.5
e5e30638,37.63,71.16,102.77
66f8c43e,29.96,56.66,73.76
adf0f2c0,18.15,34.32,83.98
d53a39b2,14.38,27.19,39.55
475fc726,14.1,26.66,76.0
4bc5711e,26.18,49.51,78.23
c130bb69,43.99,83.19,100.77
d058c548,44.29,83.76,100.44
2d01dbf7,37.76,71.41,107.63
9af3138d,28.04,53.03,91.46
77514421,13.28,25.11,71.06
da0fcb7b,24.98,47.24,66.7
990a629c,35.35,66.85,94.18
b7d9c58c,30.56,57.79,106.64
afe731e0,26.67,50.44,77.56
ce3ea748,22.55,42.64,71.02
d70fd211,38.12,72.09,93.63
9ab95c2b,42.43,80.24,125.08
8b77c30e,36.7,69.4,94.02
c8bcba4b,47.02,88.92,124.34
c01ef41e,39.43,74.57,91.87
6a88e86e,23.63,44.69,79.32
913944cd,31.6,59.76,107.12
33eb9d87,26.21,49.57,90.64
4d8ab1ac,28.22,53.37,66.08
27be54c2,44.99,85.08,120.44
75876b9e,16.44,31.09,63.44
4f75caa6,2.63,4.97,28.51
74834a88,35.39,66.93,110.64
08120f82,10.69,20.22,61.89
b7deae4f,9.4,17.78,53.72
1daa1922,49.64,93.87,133.64
bb7de7d9,14.81,28.01,45.74
d84e0269,11.78,22.28,69.09
e89d9429,11.17,21.12,57.84
e3f6d178,21.79,41.21,69.92
3df02115,21.65,40.94,58.66
efaed86d,32.36,61.2,98.51
2b8b1644,6.97,13.18,27.05
737d1f4b,32.5,61.46,84.25
8cb24488,23.77,44.95,77.9
fff2cb99,11.97,22.64,58.48
07904b8d,39.35,74.42,85.11
65e2d9c0,24.76,46.82,57.17
adf0b687,36.42,68.87,83.33
794ae7f6,46.19,87.35,128.08
39df49a3,18.96,35.86,68.54
ef068666,45.1,85.29,119.63
e58988e3,11.62,21.97,56.11
775ffdad,12.66,23.94,35.41
7901ac64,33.86,64.03,80.92
86a5012a,6.93,13.11,52.22
2ad34965,23.83,45.07,80.9
6cffe268,12.26,23.18,50.99
557f6929,29.4,55.6,66.42
47fae702,40.73,77.02,103.69
6e86143d,4.04,7.64,27.56
4804a73d,21.84,41.3,79.19
f6b6d6aa,37.07,70.1,113.09
ccdafa1f,18.43,34.85,65.0
7972e7cc,4.0,7.56,33.7
cb02d00a,30.39,57.47,78.39
0086ea54,7.77,14.69,28.39
0749c782,19.76,37.37,62.24
1bc7eb0b,49.55,93.7,130.82
3cecb4b5,21.1,39.9,76.54
b35b6f65,42.46,80.3,106.81
411db0ef,43.27,81.83,130.47
a169d7ad,14.62,27.65,75.25
8c295e95,30.58,57.83,102.86
b48232d2,47.48,89.79,117.22
9aa25d97,31.1,58.81,98.67
5b3518e6,41.04,77.61,124.77
c4c93b20,24.2,45.76,85.27
97589977,36.53,69.08,91.71
e78c55ec,3.05,5.77,18.49
ef46493a,39.8,75.27,123.59
908c18c3,34.25,64.77,114.47
c7989c26,19.22,36.35,74.1
d6fab59b,22.02,41.64,64.25
79bcd37c,17.68,33.43,78.03
badee158,27.17,51.38,99.52
fbb0b01c,7.22,13.65,43.91
ae098b0a,42.56,80.49,102.96
2a70e8ef,24.95,47.18,73.43
db5c1b5d,4.07,7.7,20.65
9a2688e9,28.54,53.97,86.6
5ad5362c,46.66,88.24,113.39
edeccefe,6.2,11.72,57.1
95ef4fbe,7.91,14.96,35.98
391c5712,20.58,38.92,49.25
f88b5713,37.31,70.56,110.05
490a8f06,31.02,58.66,68.96
e4a9d27a,23.98,45.35,77.19
439b5c9f,49.65,93.89,111.14
e0db57d5,10.92,20.65,55.07
c7d101ce,41.44,78.37,96.29
bed7f913,7.94,15.02,45.1
82f30cc6,10.62,20.08,43.48
c9747dc0,16.18,30.6,47.9
b6fcaad2,43.91,83.04,117.3
2159b63d,23.32,44.1,57.39
1a7be48f,21.0,39.71,87.36
ccad2349,25.55,48.32,89.45
f2390873,32.28,61.04,107.67
7cb88f45,22.33,42.23,53.93
f1302ca8,48.2,91.15,101.24
35c1ffc9,8.5,16.07,40.39
1a46b879,24.83,46.96,81.63
2e489794,21.94,41.49,61.27
32a686ba,35.25,66.66,98.63
ddf3ea50,48.23,91.21,125.45
19426587,15.84,29.96,46.03
a4a3eab0,47.86,90.51,131.26
dbfacf26,41.73,78.92,126.37
5eb0540a,40.9,77.35,112.96
049f6d69,5.51,10.42,58.33
36c6f4ad,47.15,89.17,109.02
d6116b1d,42.27,79.94,91.4
bf05feba,34.86,65.92,85.82
1f872890,8.14,15.39,51.31
2941e639,22.16,41.91,75.82
91f76c6a,42.33,80.05,100.75
f2ece364,23.0,43.5,69.82
19ccfb80,22.95,43.4,68.11
5ac2e389,14.97,28.31,76.33
a6348285,4.46,8.43,31.0
522ec439,26.62,50.34,68.06
5417dfa3,39.17,74.07,106.69
ab91ac39,9.01,17.04,32.03
f61ca713,44.9,84.91,115.22
7fe0f0a5,28.65,54.18,91.66
a265e849,40.99,77.52,125.25
648f501f,34.02,64.34,110.03
45cac6c6,8.48,16.04,59.69
0bfeb072,45.52,86.08,111.83
29c4d4fb,36.47,68.97,114.73
0df11f25,3.71,7.02,45.69
dc6b2c54,29.84,56.43,84.09
0b7557b1,25.05,47.37,79.93
47b88dd2,43.24,81.77,109.21
5a3d5a62,7.89,14.92,32.79
2b96a7d1,30.36,57.41,85.48
6a2b5f56,16.89,31.94,74.24
7786860a,13.79,26.08,46.74
cd5a6e53,3.08,5.82,41.43
f08db59b,17.95,33.95,66.08
dbcac538,21.01,39.73,86.53
93886e63,23.49,44.42,84.27
9531b3db,37.27,70.48,94.94
3feb666b,21.37,40.41,72.88
e18040f4,11.37,21.5,67.95
e4723ec3,21.11,39.92,58.98
1bd44100,5.34,10.1,39.08
263379e2,48.66,92.02,110.89
04f2d957,5.18,9.8,36.54
d9e724c8,11.69,22.11,34.44
00b0065c,22.55,42.64,87.68
e39987c8,46.8,88.5,137.63
35c3ac55,10.58,20.01,52.72
6d15a743,21.19,40.07,72.23
7fcd183f,49.49,93.59,141.82
acbde125,30.9,58.44,84.17
d08ae1e4,31.5,59.57,94.41
39c4d784,48.76,92.21,135.7
c7ac61ac,26.29,49.72,79.95
74df9880,2.12,4.01,22.87
579cd7cb,3.49,6.6,49.11
b2cc37a4,34.71,65.64,86.49
886a7bb3,12.15,22.98,66.73
2dcce047,24.97,47.22,95.0
d2e0806e,28.47,53.84,85.68
674073dd,34.03,64.35,76.32
01857f40,6.02,11.38,59.6
bd4e8a10,38.48,72.77,116.02
74eb5d1d,46.17,87.31,102.0
37b64510,14.28,27.0,62.18
b7e2744f,20.26,38.31,60.93
fa1aa9d5,37.7,71.29,94.5
c36d75ae,13.93,26.34,59.55
37597abe,28.03,53.01,91.49
5a780a63,33.68,63.69,74.14
8bbcc71f,44.21,83.61,99.72
d32c5b60,18.58,35.14,81.25
169f2daf,25.65,48.51,78.31
99dd7aa5,10.86,20.54,50.22
bbc2c3ac,16.77,31.71,75.32
f07fa730,6.56,12.41,27.58
cef4041c,11.49,21.73,60.28
886106b1,18.62,35.21,65.46
aff83439,22.37,42.3,81.96
bbb1d560,35.93,67.95,105.12
e4881f70,24.01,45.41,82.07
1c2e253b,4.35,8.23,52.47
e44ab4c2,38.28,72.39,104.42
1e88f49e,27.57,52.14,78.45
7967261f,47.09,89.05,106.99
52477ef2,32.49,61.44,85.2
adac27b7,27.63,52.25,97.05
8daa4864,16.13,30.5,54.0
c2a0f3ed,13.35,25.25,74.67
e3a19cc0,13.04,24.66,58.98
c977ea8c,21.54,40.73,83.33
fbb460fe,10.23,19.35,49.08
46bbce40,42.52,80.41,116.59
943118c1,40.65,76.87,126.45
ee5e62e7,36.98,69.93,99.94
ed1dd2c0,4.34,8.21,28.74
73462f9e,5.45,10.31,46.31
c3d4ed21,32.55,61.56,108.34
fcfb1700,37.95,71.77,82.46
903d2249,3.28,6.2,55.9
5dc7453c,15.94,30.14,61.92
f1d9844c,8.54,16.15,58.13
d540ea7a,13.1,24.77,39.5
c42984f2,26.88,50.83,72.49
b14a01ea,7.24,13.69,62.78
25aef75d,13.03,24.64,46.16
9d024449,29.12,55.07,81.56
fbace9a8,26.39,49.91,71.14
6ae0b779,43.16,81.62,110.36
8f76e702,9.23,17.45,33.81
886976c2,19.75,37.35,67.7
b503fd70,46.37,87.69,109.63
ea66a51f,40.2,76.02,118.63
a8900437,30.67,58.0,83.59
00d6b594,38.91,73.58,115.29
342159a4,23.52,44.48,80.15
b09ae1da,45.71,86.44,133.04
0a31fd25,30.78,58.21,100.63
2d8a5274,35.39,66.93,112.97
62e41c60,33.3,62.97,94.0
e4364468,34.29,64.85,111.39
b8f5a2bb,32.77,61.97,78.16
3ecf63e8,5.54,10.48,23.86
f4cad5a6,30.98,58.59,89.63
669bd7e2,39.6,74.89,117.93
6bc1013f,2.02,3.82,22.31
67cd02f3,44.8,84.72,133.46
dd8595c6,47.71,90.22,107.63
ed1d788f,8.15,15.41,53.76
ccec843e,27.68,52.35,98.95
21c615e6,7.31,13.82,62.43
941ca307,15.58,29.46,65.92
95be3dbe,31.83,60.19,93.16
d3869182,16.54,31.28,44.91
51623b99,19.55,36.97,47.76
cc7cc76f,37.81,71.5,120.93
d6e6ff85,29.6,55.98,76.95
e3aa2d84,26.87,50.81,63.7
fd32f445,17.56,33.21,64.75
06660b80,35.8,67.7,90.2
b764b62c,22.35,42.27,66.57
f53bbbd1,45.14,85.36,109.51
93a6ed5b,30.88,58.4,78.35
78e3cc2e,27.84,52.65,101.36
4f936ffa,40.55,76.68,97.29
8d2aca77,25.3,47.84,80.12
76b43b39,15.41,29.14,48.68
5dc00d9c,9.44,17.85,58.32
8fae8d0d,28.97,54.79,73.95
e9452093,22.39,42.34,76.93
6b8c8916,21.07,39.85,83.21
e96898c7,18.77,35.5,56.37
08fd47e8,34.24,64.75,106.88
a0fa8979,26.91,50.89,64.59
73276bce,27.79,52.55,67.21
b6bd0157,16.79,31.75,57.77
122ddcb8,31.46,59.49,85.77
c3fef115,21.37,40.41,71.07
78a1d7c0,38.94,73.64,84.59
2a1e9965,27.42,51.85,66.54
e640ec31,15.89,30.05,40.46
1e4c53ff,9.09,17.19,65.37
72acfa1d,35.6,67.32,89.85
0a4a798e,19.81,37.46,74.98
6bdf8a68,5.14,9.72,44.06
bd8fe645,45.92,86.84,125.83
da73742b,20.56,38.88,84.19
78418838,37.81,71.5,90.83
530135ae,24.03,45.44,72.47
dc47adee,44.76,84.65,107.79
db315f1e,3.4,6.43,19.73
125ac48f,14.45,27.33,38.61
d272ab12,28.2,53.33,93.92
07dda3f0,17.51,33.11,48.28
47da620c,37.65,71.2,81.81
b494e5a7,35.04,66.26,93.8
9f4afc21,3.23,6.11,29.0
40a99417,30.82,58.28,70.92
7f548e75,42.12,79.65,91.71
ab5c8e78,17.15,32.43,78.96
7cc00782,8.69,16.43,64.02
483ebee9,37.44,70.8,100.09
9646218d,45.22,85.52,129.45
dfe0254b,33.53,63.41,105.41
e79673da,42.61,80.58,113.75
195de26b,49.94,94.44,134.47
ea732418,25.97,49.11,96.33
58f92a18,46.89,88.67,121.32
4d7f6ead,18.53,35.04,65.51
a036220d,37.79,71.46,81.6
e4af1edd,45.27,85.61,117.3
4daaa2bf,27.0,51.06,93.76
69e154e7,32.07,60.65,101.13
b21de7bb,48.58,91.87,127.7
11f37340,14.06,26.59,37.57
1540d0c2,19.09,36.1,83.11
40fe693d,39.07,73.89,101.05
d950f942,18.37,34.74,67.6
1ff3c69e,26.04,49.24,75.15
3c4352f4,4.42,8.36,32.32
cbabc545,29.14,55.11,85.53
269f7b9e,32.09,60.69,90.48
92164cc1,5.97,11.29,35.55
2637dbab,13.71,25.93,68.08
b3f22686,22.79,43.1,55.12
038e1cf1,39.5,74.7,89.38
0479967c,3.04,5.75,19.05
4950d2bf,17.9,33.85,66.45
5b42ccb4,2.23,4.22,30.72
178a751a,27.02,51.1,79.18
208bc167,25.94,49.06,82.13
6a0606f8,38.26,72.35,95.31
0af86a1c,2.19,4.14,21.47
cb37986f,38.42,72.66,94.93
b8f71db7,44.78,84.68,134.44
e9bb03d4,17.24,32.6,80.71
4ac1a572,18.02,34.08,82.35
68d9bfe3,2.05,3.88,14.99
6adef19a,22.6,42.74,56.32
b0a9a390,31.42,59.42,71.25
3330db3d,7.89,14.92,57.54
cfdb6226,33.54,63.43,113.08
18081502,19.56,36.99,68.71
e663fda8,34.3,64.86,102.89
f0f27c27,14.05,26.57,50.66
0df11fc4,39.18,74.09,114.71
238938c0,28.34,53.59,89.83
90ddc6b7,27.59,52.18,94.22
0065277e,25.43,48.09,78.09
db8709c6,42.41,80.2,97.96
d0a73dcd,28.6,54.09,83.12
e29f3be4,9.66,18.27,40.75
f8d8798c,32.04,60.59,98.35
278e42c4,26.68,50.45,65.92
cab551eb,5.31,10.04,33.32
ff26ddf9,29.89,56.53,66.79
c199f36b,5.81,10.99,53.61
c972cd8b,36.79,69.57,95.84
145fbc9e,33.43,63.22,104.27
8e669638,25.68,48.56,62.46
f4d55d32,37.94,71.75,89.5
38fb623a,15.48,29.27,73.29
6c0c821c,23.43,44.31,78.13
31cd56c3,2.73,5.16,15.4
a5a0852d,49.44,93.5,139.71
c99182d6,4.7,8.89,58.23
4df056fe,7.01,13.26,49.71
0a4adcbe,25.75,48.7,87.81
ed965cba,20.04,37.9,53.24
2f763c50,27.55,52.1,92.75
fc368013,42.08,79.58,93.54
eb29c203,9.61,18.17,63.76
4c6e1dab,32.7,61.84,92.03
ace5c996,2.87,5.43,21.08
f03d22f2,39.92,75.49,89.04
eda47006,41.15,77.82,105.42
5824d248,20.21,38.22,48.43
63ed5b34,10.32,19.52,67.97
578edf5b,40.93,77.4,94.23
c3cedf41,45.64,86.31,113.09
541418e5,5.61,10.61,44.88
0c237885,29.83,56.41,93.4
4c9f28be,47.03,88.94,121.53
4dd64359,32.9,62.22,79.36
434a273b,41.38,78.25,107.12
9763e2c9,13.03,24.64,47.54
f7475436,6.91,13.07,26.65
043b5285,20.06,37.94,63.44
a7fbb94f,20.97,39.66,74.01
d06082c0,39.74,75.15,89.23
17908638,21.5,40.66,57.26
aaef5017,13.36,25.27,38.72
fe0676d3,44.54,84.23,94.27
d47c7f2e,39.57,74.83,122.29
adc7810f,34.03,64.35,107.88
ce82dbdd,11.94,22.58,41.84
ff77031f,11.83,22.37,55.48
474fdbc8,25.59,48.39,90.45
fd993ae8,27.48,51.97,76.63
ec7404c9,14.29,27.02,66.58
2c155137,7.92,14.98,59.73
f07339c0,19.43,36.74,66.69
fe969838,22.6,42.74,88.26
78ea50f6,4.52,8.55,26.95
4118151f,29.1,55.03,101.09
1e4607ea,2.1,3.97,46.19
a45544f0,9.26,17.51,61.11
a1387712,9.05,17.11,27.29
097555af,35.0,66.19,102.73
c4ee8ef1,25.32,47.88,73.91
333cda79,42.13,79.67,113.85
162c67ff,14.71,27.82,41.17
f6f0a4e8,12.11,22.9,42.36
3d84a59f,40.54,76.67,100.72
8720c6b4,23.32,44.1,82.84
a78777ed,15.16,28.67,60.79
92030595,22.08,41.76,52.35
932265b9,22.41,42.38,65.77
f942bd44,29.46,55.71,103.31
904bbc05,3.81,7.21,24.4
ce1b2197,13.9,26.29,45.76
49a796cc,24.41,46.16,68.46
2f971868,28.03,53.01,73.73
c6092280,9.62,18.19,33.06
9f926f04,11.29,21.35,43.86
475b1a72,36.92,69.82,101.4
f7e3c19b,39.71,75.1,112.11
6a571e9d,5.61,10.61,46.32
cfc3d3ae,49.52,93.65,110.16
17ac8c26,22.79,43.1,77.68
7e9a5ce5,30.12,56.96,81.29
ac2345a0,30.5,57.68,100.55
72cb6aa8,18.61,35.19,59.69
f1b62b2c,28.15,53.23,102.29
374fcfc5,30.0,56.73,91.32
6da74bfb,38.52,72.85,100.01
6a24632a,33.77,63.86,93.98
07a387ea,23.44,44.33,61.37
bfc70f39,11.18,21.14,58.35
33410d1d,3.21,6.07,54.59
15ffd832,33.29,62.95,93.55
de124fce,24.93,47.15,96.84
4bf9a738,48.35,91.43,107.45
431891a7,6.72,12.71,48.22
2a930fa2,5.49,10.38,47.5
b9b96d3e,10.7,20.23,42.7
5b07e859,20.09,37.99,62.05
39086ca7,10.41,19.69,67.51
b6f6f210,24.26,45.88,80.36
9ab80bad,18.31,34.63,75.89
f55c5be6,49.98,94.52,133.56
bf763395,48.4,91.53,125.97
0af73cb9,19.51,36.9,48.81
c4a2817f,40.02,75.68,112.19
e91ede2d,13.6,25.72,49.52
954f61bb,4.77,9.02,37.78
770acf51,3.94,7.45,51.51
359ed1ea,3.4,6.43,55.18
dc75dcea,37.32,70.58,108.35
da42ff90,18.43,34.85,54.13
1f3ae94c,41.54,78.56,101.27
920e364e,43.94,83.1,98.62
39776a47,16.66,31.51,64.74
866ae36b,15.88,30.03,77.23
1fcdfb40,16.78,31.73,74.17
58ef453a,24.82,46.94,78.69
97e1db2a,2.77,5.24,52.9
0f75f506,2.52,4.77,50.64
d2405eaa,37.3,70.54,94.98
38914d8d,40.79,77.14,109.13
eba9f304,11.8,22.32,44.16
30f64a92,30.51,57.7,68.05
fca901ba,12.37,23.39,51.44
f6c15502,37.24,70.42,110.42
c5c20175,22.18,41.94,77.31
49203302,41.49,78.46,125.53
53971914,47.53,89.88,127.31
c9e0d54b,28.66,54.2,69.85
96be38b1,45.23,85.53,106.2
3e50b203,3.62,6.85,21.86
27e1ad9c,24.21,45.78,87.57
52845dab,26.17,49.49,97.52
ab78e2d1,21.96,41.53,60.58
48d787c1,17.11,32.36,72.98
acfd420e,36.7,69.4,96.88
d127ad54,28.53,53.95,78.16
7ae39931,5.96,11.27,60.75
6969b21e,47.63,90.07,113.91
fe7204b8,44.6,84.34,120.78
0b034c83,18.97,35.87,74.38
6e6a2f1b,13.82,26.14,67.06
e005b897,32.17,60.84,105.32
8abf8c5e,4.08,7.72,40.37
499320c3,25.81,48.81,82.99
423fc9dc,34.29,64.85,103.3
d5c0bf2a,21.52,40.7,56.66
81d37c8c,48.67,92.04,110.04
cfdcd064,36.51,69.04,109.61
43954cb5,46.84,88.58,103.98
e9a1eb14,45.58,86.2,123.74
a319c9c4,8.32,15.73,27.03
49d31ec7,34.09,64.47,87.97
16a3253c,30.64,57.94,94.43
7f651068,4.63,8.76,47.03
b2d8e009,17.26,32.64,67.84
6996030d,27.66,52.31,79.97
2a1c38c2,28.31,53.54,73.73
5003fcb1,41.08,77.69,112.22
bb43a6ff,30.21,57.13,74.53
f4ab7ecc,24.39,46.12,58.53
f9b535a3,38.09,72.03,82.81
649559c9,29.4,55.6,76.31
b5f4a2eb,44.42,84.0,95.2
a8d8d329,45.46,85.97,105.94
b152668b,31.01,58.64,80.22
9b64f7a6,29.09,55.01,78.81
0bde3a36,35.66,67.44,105.98
5f3c3820,36.82,69.63,97.28
2bba6c21,36.9,69.78,119.19
f8fc4018,31.79,60.12,108.01
6928e675,38.62,73.03,122.29
317812d7,8.92,16.87,43.36
a34bd169,41.43,78.35,90.12
bd759c0c,16.9,31.96,76.37
0904e9c5,44.51,84.17,111.57
9c234ceb,8.33,15.75,51.4
036abaa9,2.17,4.1,47.84
8843dadb,2.75,5.2,39.49
9ce89a40,12.09,22.86,62.34
5e86d0e8,7.46,14.11,34.06
fc09b174,28.59,54.07,71.87
3f6a6956,23.52,44.48,76.69
db33dd7c,31.09,58.79,94.31
cfa80ef0,11.25,21.27,66.14
d53254a8,38.18,72.2,115.06
15439bf2,31.3,59.19,108.75
9112dfba,12.62,23.87,72.52
4a845a2c,21.15,40.0,74.94
5bc4d712,36.47,68.97,99.11
9cd11d6f,34.66,65.55,105.98
a1f388eb,28.99,54.82,75.27
856cd5c2,48.99,92.65,116.75
a41eba64,8.33,15.75,56.44
2e4f99fe,25.44,48.11,96.11
d116a839,31.95,60.42,106.23
b4be6413,49.71,94.01,106.92
20e97be4,28.04,53.03,72.31
cc4e011f,23.23,43.93,64.86
7097e74b,46.27,87.5,112.83
c4927586,26.31,49.76,62.59
539dcc8f,47.08,89.03,108.27
d00a88f4,38.02,71.9,110.55
6ac3c6e6,10.06,19.02,38.8
5f701f8c,10.04,18.99,66.69
8fd447cd,17.26,32.64,59.56
edfc3ac2,5.25,9.93,23.92
29d16320,28.04,53.03,96.74
789145e3,43.27,81.83,128.45
befdecbe,21.2,40.09,87.21
572f055a,33.12,62.63,92.39
d69fd5a4,49.11,92.87,139.69
52718db1,11.3,21.37,59.74
6f9a6215,19.19,36.29,54.11
7c1d6920,3.2,6.05,37.38
f40eb7f1,13.13,24.83,52.14
1274d510,39.41,74.53,102.57
3e31397e,33.52,63.39,89.92
be8b690f,39.62,74.93,91.94
854e909d,22.42,42.4,68.0
af3890e7,37.31,70.56,101.04
416cd958,30.78,58.21,79.64
4dc64cc6,17.76,33.59,50.66
95c90b7e,21.8,41.23,59.16
4b982fbe,27.98,52.91,70.63
801a322b,47.91,90.6,118.47
6c805ff3,46.71,88.33,106.69
e3c5ef1d,49.35,93.33,132.02
eedca3dc,2.79,5.28,28.71
cdc841a8,36.42,68.87,116.45
530a7ed8,44.94,84.99,97.5
948e1b82,37.49,70.9,93.3
1ea73531,21.99,41.59,81.12
3dbd643d,36.79,69.57,106.96
41fd811d,23.32,44.1,70.93
3139f125,36.28,68.61,113.42
b4638b08,39.46,74.62,87.47
b595b6f2,42.47,80.32,110.68
297da6d4,36.95,69.88,87.9
d5419cd0,9.68,18.31,43.27
9508d169,46.94,88.77,126.73
da87fe53,12.24,23.15,37.11
a7c86fc1,19.16,36.23,47.98
04c98485,22.6,42.74,69.57
07c2398b,36.2,68.46,89.32
b47988ce,35.66,67.44,106.26
889f6f12,48.16,91.08,103.7
38cfcdd0,11.05,20.9,69.56
875979db,23.64,44.71,79.54
66467cbe,11.78,22.28,52.33
4dd7bbe0,34.28,64.83,91.33
eefbf2d6,12.23,23.13,63.09
bd23fcc2,43.66,82.57,106.82
2998cb1d,49.17,92.99,134.07
66312612,17.21,32.55,70.98
25da9771,37.49,70.9,102.95
9d9e4f9d,27.57,52.14,97.69
e45f241e,19.25,36.4,60.24
512db9c5,11.18,21.14,33.45
2aad5b74,36.52,69.06,94.11
69849927,9.62,18.19,63.2
af2453eb,15.47,29.26,42.35
c75636b9,46.14,87.26,127.79
fc10e74f,26.4,49.93,92.94
8a35986b,43.0,81.32,108.44
000956f5,38.84,73.45,91.23
da38bff1,20.06,37.94,62.16
947a795f,12.47,23.58,49.52
ab6aa3d8,6.8,12.86,60.15
011bbec5,48.11,90.98,112.36
7434d34d,17.59,33.26,82.16
975b93d8,34.31,64.88,79.23
45604907,37.05,70.07,119.03
7ccbf7ed,11.49,21.73,40.66
71939519,35.3,66.76,83.47
379c6f7d,2.45,4.63,19.43
9fda534c,22.07,41.74,64.39
c6085917,18.82,35.59,70.25
a45bd3ac,46.78,88.47,125.12
6a502816,49.33,93.29,118.09
5615f895,15.82,29.92,49.15
20b1109b,31.28,59.15,108.95
c51d8f5a,37.77,71.43,92.25
31705a6b,11.17,21.12,46.25
b5eda40c,34.96,66.11,95.35
ac64d14d,14.37,27.18,66.76
47905d60,10.11,19.12,35.2
6154934a,42.83,81.0,101.65
e8e0265e,26.12,49.4,99.28
1364b650,16.25,30.73,73.74
9fb8697b,21.43,40.53,68.28
0a729c2c,21.83,41.28,55.63
2201d268,38.96,73.68,118.35
d6aad7d3,44.56,84.27,125.59
b4fd4f33,24.83,46.96,80.19
3b03e082,17.5,33.09,59.27
62a2b98e,36.91,69.8,117.22
74bc4c1d,45.45,85.95,107.78
4e70b47a,7.48,14.15,36.99
da1ab4fa,40.25,76.12,121.14
c94a2642,28.74,54.35,89.4
b4649eff,43.65,82.55,130.59
24cbc004,26.68,50.45,86.25
4f4ae971,43.4,82.07,93.39
d2a724ff,28.62,54.12,71.19
2cccb363,8.95,16.93,38.2
aaa08c87,2.24,4.24,48.93
290f88b0,31.76,60.06,103.29
1ed0c83e,30.42,57.53,99.14
cf3fb046,12.09,22.86,55.0
bb2e035d,42.83,81.0,96.56
899a152b,43.65,82.55,97.8
4eb855b2,40.6,76.78,91.82
f865d69e,46.96,88.81,132.99
91482b30,26.32,49.77,65.43
c9e586ca,35.71,67.53,109.87
95b1d2f4,45.41,85.88,129.67
c386bd0a,23.9,45.2,59.4
9b8ba0cd,31.68,59.91,105.99
4b049bbc,26.61,50.32,96.22
d615c065,49.2,93.04,128.57
70a63260,23.01,43.51,74.03
1e27532c,17.22,32.56,68.45
11769eb3,32.22,60.93,87.12
20552860,15.47,29.26,62.81
09825baf,43.16,81.62,130.4
4e647f27,44.83,84.78,99.31
a8fb0c5b,18.56,35.1,54.45
a764aa29,19.2,36.31,67.27
fe4cd892,6.16,11.65,31.99
f30349a2,14.28,27.0,76.71
a9dea3df,5.26,9.95,48.76
0d4742d7,38.35,72.52,99.88
70f9a2ec,10.66,20.16,66.27
a4849a91,5.79,10.95,26.73
319d6959,9.89,18.7,40.22
06b329d3,20.11,38.03,86.27
035f121f,22.28,42.13,74.41
96a096a5,45.13,85.35,132.18
5ccd015d,15.42,29.16,78.53
1d8eb376,36.45,68.93,93.34
833857a2,44.96,85.02,118.08
1284688e,43.12,81.54,125.41
3c7253e2,11.55,21.84,42.75
4d3675db,15.43,29.18,57.05
2fdecff5,4.61,8.72,24.85
f006f469,25.2,47.66,83.76
f03c7809,21.45,40.56,50.73
adb2dfc3,28.17,53.27,81.24
d112abb5,23.98,45.35,92.52
07aef55e,37.32,70.58,116.47
ab080361,34.15,64.58,106.73
2614e8ed,22.57,42.68,58.33
41543ad2,3.82,7.22,38.03
77c1d7ed,18.5,34.99,73.76
8ce94ca9,17.56,33.21,47.26
08b196e0,6.29,11.9,27.78
272e0fc3,16.6,31.39,42.99
e8da9706,49.39,93.4,116.32
f2a96fa7,41.42,78.33,123.42
8b727b32,40.48,76.55,106.85
3b1bc560,42.48,80.33,124.46
26bd110e,43.52,82.3,95.65
ed950057,17.62,33.32,45.56
3315d0a6,17.47,33.04,75.2
9f6316b7,18.15,34.32,64.23
b492d652,41.29,78.08,106.92
c1bc0433,40.27,76.15,105.18
2e6e5eaf,2.81,5.31,30.55
51ef4edf,47.56,89.94,135.4
879c82f5,15.71,29.71,60.55
5a721823,32.05,60.61,109.57
22846762,32.72,61.88,105.74
b3bded82,7.44,14.07,53.57
daff5a89,35.4,66.95,102.4
4a77b1ef,27.61,52.21,95.62
3a32c8dd,31.32,59.23,104.5
bff9ec0b,23.45,44.35,59.68
89a78124,40.61,76.8,101.19
8d7ae6c3,32.49,61.44,103.66
3ebd3888,11.26,21.29,40.14
b4640589,38.13,72.11,105.56
5a86a663,26.12,49.4,90.62
62f20d78,3.79,7.17,26.13
e6fffc5a,20.95,39.62,65.7
1d5cc826,21.28,40.24,86.84
5b498f0d,40.47,76.53,100.77
ce80fc6a,13.23,25.02,59.21
40dc5693,23.72,44.86,72.21
60c3a65b,4.61,8.72,53.8
a8035c8b,44.31,83.79,110.76
8d175b16,23.3,44.06,68.43
bfac6680,43.12,81.54,98.47
e37879cb,34.51,65.26,89.23
b7cb927b,17.35,32.81,69.59
1b938fff,36.21,68.48,85.51
75f426d6,24.5,46.33,84.54
cc058eab,18.38,34.76,45.19
8f399614,34.06,64.41,89.09
d2b886a7,39.17,74.07,102.71
c2c23359,35.05,66.28,80.12
d6b3bfa2,24.22,45.8,83.16
2baecf86,14.45,27.33,41.44
6fe4c84d,40.9,77.35,90.95
05bfc61e,18.64,35.25,59.97
5a54f6eb,31.42,59.42,98.95
592ff13b,7.54,14.26,62.81
01b7683a,37.53,70.97,112.01
828647a5,47.74,90.28,118.92
f67df431,23.57,44.57,65.47
1bc94507,28.32,53.56,75.62
654cfffc,45.18,85.44,106.79
7ac15a6f,40.17,75.97,97.1
ab71c15d,48.19,91.13,103.89
e78be983,14.77,27.93,46.75
4c6575d0,24.56,46.45,60.77
476f607e,23.87,45.14,55.43
8bc752c7,24.71,46.73,68.15
20e381cb,45.83,86.67,110.76
a0553ce5,11.86,22.43,69.53
aaf06467,44.96,85.02,134.81
c643e99b,29.41,55.62,88.8
1c774272,27.77,52.52,98.56
8c1d3f56,21.99,41.59,76.32
e9bbb22c,27.9,52.76,82.66
dba8a0a2,40.56,76.7,88.41
88fe6eec,25.63,48.47,60.25
c37142e0,39.25,74.23,85.46
f3df8f03,22.0,41.6,57.6
6253d077,10.78,20.39,33.47
f6d18a43,21.9,41.42,59.21
0445f6f8,36.72,69.44,100.21
1a7bf686,42.88,81.09,111.22
d84f0a7b,39.04,73.83,97.6
09d616d7,19.97,37.77,74.41
30f6652e,29.8,56.35,82.03
04ec43e3,19.3,36.5,55.31
878ca495,35.82,67.74,105.43
183684a1,22.95,43.4,92.61
bd2b93b5,38.71,73.2,115.63
8e00f236,2.61,4.94,31.5
64b6b9cc,18.33,34.66,59.69
a30465af,44.15,83.49,95.04
ffde8ba7,17.53,33.15,69.43
17597fdf,20.95,39.62,58.52
19805350,39.96,75.57,112.91
ca452763,6.54,12.37,52.78
0860303b,16.97,32.09,77.28
38aaed85,39.17,74.07,106.0
e2b8ff86,47.94,90.66,133.86
964c77cc,39.58,74.85,113.78
868ddd48,10.28,19.44,43.56
8981a6d9,42.08,79.58,93.84
3f15b3f7,24.84,46.98,66.67
bdbfebd7,39.58,74.85,118.63
0069b0a9,13.49,25.51,56.89
6a2967af,18.37,34.74,71.36
fbe2a184,45.28,85.63,127.87
9e9bdc45,45.72,86.46,123.14
55efe1b5,15.69,29.67,73.91
bf778d57,6.01,11.37,24.82
7c501088,46.59,88.11,134.26
3bd83938,16.42,31.05,73.55
ad4cfaf5,7.77,14.69,60.81
12793bc3,18.71,35.38,74.61
cd6cb233,15.54,29.39,50.37
94dd92cd,5.87,11.1,25.66
5d0fd69d,49.22,93.08,108.27
179d3b7c,16.1,30.45,60.41
227e97aa,15.07,28.5,54.14
d50b38d4,22.16,41.91,78.08
8b0f37f5,21.91,41.43,71.56
0205ecd9,22.82,43.16,58.17
6d511965,45.52,86.08,96.17
ffcc3e17,4.89,9.25,24.38
55bb69a2,47.2,89.26,105.13
24a11aa5,33.96,64.22,103.02
336937e8,35.48,67.1,88.51
37ac512e,9.58,18.12,31.87
b183683c,17.8,33.66,73.88
4f4bce6b,4.51,8.53,56.15
54ace5cf,33.35,63.07,77.09
da07bc43,18.31,34.63,83.15
726f5dd9,28.46,53.82,101.83
f91f1cfb,38.13,72.11,103.03
074ce09a,28.57,54.03,75.86
5bc916eb,5.43,10.27,25.79
dc278786,4.96,9.38,52.33
2a58c13e,43.62,82.49,116.68
ea1d0a43,14.58,27.57,63.62
e6b602e8,19.39,36.67,81.11
43dad8da,12.48,23.6,51.36
07d3480e,35.55,67.23,91.95
8ddbdae6,20.53,38.82,79.31
15fa0fcd,23.9,45.2,67.09
e974007a,34.37,65.0,88.12
4a7a7421,31.91,60.35,85.59
7548d60f,39.17,74.07,118.32
e0b2a914,37.94,71.75,112.91
c8c85d8e,23.11,43.7,65.36
1238afd0,11.21,21.2,36.94
02bc2ace,12.71,24.04,49.75
a2167dcb,35.92,67.93,102.91
b2b12bf6,14.54,27.5,64.55
a28cd7dd,23.14,43.76,61.78
b23cfdd2,7.18,13.58,33.56
4987b2d4,7.87,14.88,62.08
24b7de91,14.0,26.48,51.88
1097a58a,6.07,11.48,34.05
063cecb1,15.18,28.71,66.54
e4d90afe,29.27,55.35,84.07
af57cf81,37.75,71.39,91.26
24ccb5d2,3.57,6.75,33.12
2f36ecb3,30.83,58.3,74.07
5dcfc0f1,19.43,36.74,57.92
e05a1750,12.88,24.36,51.1
00d8ff2d,3.53,6.68,37.4
ffe33c6d,17.64,33.36,73.03
da7e63e0,39.9,75.46,100.86
4864b055,27.44,51.89,83.72
39c5b4d8,39.23,74.19,122.23
0b668a8d,21.79,41.21,83.94
585c6cdc,42.48,80.33,99.81
35979067,9.22,17.44,35.98
8edae601,41.36,78.22,114.73
4721a223,24.85,46.99,80.8
260ec991,37.81,71.5,103.37
86257c48,13.54,25.61,41.78
a81097b4,25.34,47.92,72.42
2e7ae471,37.17,70.29,110.66
2d3f83b3,25.22,47.69,86.63
888bd570,23.99,45.37,61.98
1bcff52f,40.91,77.37,104.44
ed1bbd12,9.79,18.51,46.22
5834a1cb,24.8,46.9,77.24
f222fa77,41.47,78.42,106.87
4945ec97,42.57,80.5,110.57
96ef82d4,7.68,14.52,57.05
2eeb45e8,42.81,80.96,106.54
050d0d60,2.58,4.88,36.96
377be1ce,43.07,81.45,115.72
6fc9f1e3,14.71,27.82,75.51
3b33f4c1,29.75,56.26,92.45
4dc5bcd2,2.46,4.65,19.88
5bce0936,37.11,70.18,103.48
0f115be9,22.71,42.95,79.43
fb6def6d,42.6,80.56,90.94
e61ec11d,28.66,54.2,67.21
f637ec81,42.06,79.54,90.3
0a96eac0,31.36,59.31,71.24
5eeebd42,37.8,71.48,85.07
03a362b8,37.9,71.67,119.98
74477f38,13.84,26.17,44.44
9cda3d90,29.71,56.18,74.36
3e81ca05,43.95,83.11,127.41
3b97fdd5,44.19,83.57,123.68
2840d4d7,20.47,38.71,75.74
d588a9f0,17.59,33.26,60.13
221e0e43,33.39,63.14,74.39
161348ce,39.37,74.45,117.51
dee7dbf6,3.7,7.0,51.43
30c72312,6.48,12.25,41.52
a4e6fb6a,39.38,74.47,110.27
fc26ab36,22.97,43.44,72.55
ae1c81b8,34.05,64.39,86.24
f997c0f8,41.38,78.25,109.86
da5b363e,38.33,72.49,110.03
ec0c2c64,40.87,77.29,93.47
dc61fa0a,26.67,50.44,81.67
713cf2b0,9.57,18.1,59.14
f44b18c1,24.73,46.77,75.79
8057bff1,48.24,91.23,107.51
a8e8e6d3,16.66,31.51,76.3
06e86cbd,22.13,41.85,78.8
562d2751,38.74,73.26,108.56
5bbd4028,5.65,10.68,46.75
052acbec,38.34,72.51,92.31
d93d0dac,15.16,28.67,58.36
04e44b60,14.83,28.05,51.09
b4b1174e,29.96,56.66,100.0
c5d16e14,14.25,26.95,60.5
d652db3a,32.78,61.99,100.68
52fa658a,45.62,86.27,122.68
4894beb3,21.42,40.51,69.86
5470bba2,47.29,89.43,131.62
eb32a220,47.23,89.32,123.93
7d8a8733,11.96,22.62,41.69
79bf7906,22.73,42.98,64.61
f7c86860,49.53,93.67,136.75
baf6cddc,8.17,15.45,63.1
87e87fe9,24.82,46.94,78.86
7ecfc8e7,22.73,42.98,68.4
a9bee7ed,40.88,77.31,112.31
7d8a393c,9.78,18.5,47.84
3fe19357,12.63,23.88,67.55
cc549d48,10.43,19.72,63.04
f00982ea,10.0,18.91,47.16
894688b5,14.37,27.18,69.36
d1939fee,27.35,51.72,69.44
d99c27fb,35.93,67.95,92.91
8e798971,20.25,38.29,51.47
5a510379,23.42,44.29,86.6
e2b00876,40.03,75.7,124.71
93a4d364,27.21,51.46,84.53
2e49b886,30.31,57.32,97.98
a5b2bdca,26.86,50.8,76.86
9dfd1f2f,39.91,75.47,107.93
ddcd2bce,10.81,20.44,44.33
d3dbfc19,49.1,92.85,130.72
f43333c2,44.21,83.61,103.46
e96cee2e,21.21,40.11,56.24
70e332e3,21.92,41.45,87.39
684dab99,42.75,80.84,125.41
b12f4cfd,23.39,44.23,87.63
4cf971e4,26.39,49.91,92.77
f11a91cd,37.81,71.5,110.68
a2d13261,20.62,38.99,83.98
495b67cc,23.79,44.99,63.4
5b8e5708,3.78,7.15,51.97
eca35323,8.39,15.87,62.58
1e26dda8,24.02,45.42,84.06
bf4830f0,4.19,7.92,41.89
c227ad14,16.74,31.66,51.1
7432ede2,22.99,43.48,88.13
fd954fc1,6.88,13.01,46.08
0854e97d,5.14,9.72,44.15
4bf89df0,2.78,5.26,39.52
1444c396,25.3,47.84,92.51
a992b4a5,9.05,17.11,32.59
c4a7458d,35.05,66.28,78.75
37d3055d,25.66,48.53,67.49
912f5f5d,2.91,5.5,35.17
06256ddf,4.83,9.13,37.91
28e5d046,46.05,87.09,117.57
d15adaec,7.97,15.07,29.64
44fce8f2,38.35,72.52,114.24
c148a25c,13.82,26.14,48.22
217cfef2,17.44,32.98,79.51
51276c5d,3.19,6.03,49.63
c35dd74d,28.7,54.27,66.81
c598c2c3,24.42,46.18,58.32
1e77b0d6,37.76,71.41,106.57
5623ed49,45.47,85.99,99.08
98da0fec,28.29,53.5,86.37
9d0782f9,47.71,90.22,103.39
8fec2d05,9.11,17.23,46.4
c65e39d3,18.54,35.06,61.82
af9b7bb3,41.83,79.1,112.74
c9dca83b,28.56,54.01,78.26
49a232b3,28.25,53.42,69.02
46a20a4a,24.1,45.58,89.26
b50d0bc9,2.9,5.48,27.45
6796554f,5.86,11.08,23.78
84dfe2b0,6.3,11.91,41.93
3a1f8c24,11.09,20.97,66.08
4a22adda,6.53,12.35,33.58
d9aea5f2,7.12,13.46,41.49
fd5829e1,32.57,61.59,87.69
dae83616,7.68,14.52,26.46
d1322e2c,24.32,45.99,90.72
dc19a61b,5.03,9.51,49.87
61823d39,14.93,28.23,42.06
266729b8,46.37,87.69,102.98
64533ba9,3.49,6.6,17.02
f2d823aa,44.09,83.38,132.81
816ae24d,38.46,72.73,99.38
a6030799,46.2,87.37,134.59
c3ddd81c,39.77,75.21,102.02
9e605a19,41.66,78.78,92.93
b22d0557,7.17,13.56,37.29
c8a7e77b,42.11,79.63,106.36
0b3a88cb,24.9,47.09,64.15
9ac50f49,18.88,35.7,47.84
a3e7efff,9.39,17.76,40.42
b8418b68,2.03,3.84,35.41
929992de,32.85,62.12,82.33
ad4c758b,36.85,69.69,118.04
5dab7e54,20.63,39.01,68.27
7d65377a,9.88,18.68,33.89
898ddcb7,8.94,16.91,43.45
09abe97a,10.08,19.06,57.37
bcf25eca,4.7,8.89,38.38
a980f799,19.26,36.42,59.67
65a4c51f,31.58,59.72,73.97
7aa0218b,23.46,44.37,72.75
2590bd40,8.02,15.17,29.07
2bbb60f5,41.18,77.88,102.72
504a15af,15.78,29.84,44.49
d723b135,30.93,58.49,95.54
62cc9f36,13.79,26.08,66.98
7c17382b,30.56,57.79,77.53
73c1904e,8.22,15.54,28.53
bb49b988,33.46,63.28,87.16
3b6e496e,29.51,55.81,88.23
38dccc7e,26.93,50.93,91.65
ca342b12,12.42,23.49,49.61
a808bc51,27.4,51.82,76.46
155a612e,45.06,85.21,131.54
bee452f0,8.01,15.15,43.14
60864281,35.78,67.66,95.55
497b0bdc,7.46,14.11,40.51
8967e994,18.23,34.47,59.0
f933ff1a,34.82,65.85,104.99
b958a6ca,28.89,54.63,75.9
a1058188,34.56,65.36,90.51
aef03810,48.24,91.23,112.52
b0fdc66c,48.54,91.79,124.6
83c39224,45.91,86.82,135.24
e4457701,25.75,48.7,74.31
da4632e4,18.37,34.74,83.47
8187d16d,15.42,29.16,65.43
10d8b3ba,29.63,56.03,97.85
98724663,23.77,44.95,68.27
aa7f1e17,49.74,94.06,113.04
3af6586c,27.71,52.4,85.47
c7a9478c,17.79,33.64,83.27
1207d2ed,32.53,61.52,99.93
cbf8cdca,4.1,7.75,45.01
a0a2af52,7.32,13.84,41.84
52c93a01,33.86,64.03,109.21
96b8d28f,7.92,14.98,52.86
9dc17a1d,38.26,72.35,109.35
ce0cc321,4.97,9.4,31.1
023f217e,30.51,57.7,106.01
454d558e,34.57,65.38,85.4
45f26378,39.42,74.55,105.5
8f06108b,44.51,84.17,107.75
39a873a4,16.99,32.13,49.36
4cb85cd6,36.52,69.06,84.82
b7bb1f30,5.88,11.12,32.84
d965d787,41.83,79.1,116.66
faceff92,44.73,84.59,133.58
de015220,37.94,71.75,115.88
d9382ca4,15.5,29.31,48.03
a4513694,4.99,9.44,22.58
932abd81,22.24,42.06,79.53
37144f80,14.99,28.35,39.55
6b54aa2c,27.45,51.91,96.27
041dfaf0,20.91,39.54,82.56
8945188d,8.53,16.13,57.88
a81fd16c,42.16,79.73,111.83
0137d3f6,43.5,82.26,131.2
9bc56c5d,41.03,77.59,105.92
5dc5a509,12.1,22.88,72.34
05b44e6b,22.57,42.68,87.95
014cb53c,10.23,19.35,34.41
d1b5ef1a,33.93,64.17,109.97
8ddd2953,40.64,76.85,99.04
958aadc5,29.91,56.56,97.29
a29e8ae8,28.21,53.35,63.36
4a412af8,36.32,68.68,89.71
157fd9d3,7.45,14.09,54.43
aaf3bb1f,13.89,26.27,75.16
f9010a8a,17.06,32.26,49.1
a29c60fd,27.56,52.12,80.5
fff69e23,48.85,92.38,125.87
415cfa00,43.42,82.11,130.21
870d2176,13.86,26.21,54.34
14d90f5c,13.18,24.92,72.26
db9b65be,22.91,43.33,92.46
dd788e4d,48.78,92.25,139.92
bb70011f,9.32,17.63,57.58
98fc183e,47.93,90.64,105.69
4e41eb23,11.14,21.07,55.17
43c8826b,44.55,84.25,124.39
e1d57e45,41.85,79.14,127.34
2f4a9b09,44.35,83.87,124.99
c9f32901,44.8,84.72,116.28
a8062873,12.47,23.58,41.79
0939f36e,39.38,74.47,102.75
b36c74c4,34.74,65.7,101.23
da6001e2,44.19,83.57,106.55
ed263fe7,25.54,48.3,76.56
87e908e0,21.85,41.32,52.01
8131b63d,36.86,69.71,114.87
aee75693,14.95,28.27,39.66
bda1e5f5,41.36,78.22,104.59
e1a775e4,15.73,29.75,60.19
e93eff29,4.07,7.7,56.6
7b91a81b,28.47,53.84,101.25
117f56e2,42.13,79.67,115.52
39862c52,35.14,66.45,99.81
ca569e34,49.49,93.59,118.25
191c52b9,8.75,16.55,28.19
b576f10a,18.54,35.06,55.77
6e950b60,20.24,38.28,82.19
5ea54915,4.79,9.06,44.99
5dd14eec,4.06,7.68,50.26
c44f61bf,3.41,6.45,49.93
8c6f23c2,21.63,40.9,53.39
b2b1b342,42.55,80.47,103.96
1923a0a5,36.06,68.19,105.23
a6b65f5c,23.44,44.33,88.45
52c411fb,14.67,27.74,69.8
0b625e24,2.75,5.2,32.09
877b545a,10.42,19.71,66.99
34fee34f,20.59,38.94,60.97
57a9a232,19.78,37.41,62.44
ea4c117a,14.45,27.33,44.59
68ab2dc7,49.86,94.29,113.37
49b29c17,23.47,44.38,54.73
d1739ad8,14.86,28.1,50.44
da7f991d,21.54,40.73,62.99
78e1391c,15.41,29.14,41.83
f41d46c7,18.9,35.74,59.36
5e49e3c6,8.04,15.2,37.26
91a8f410,2.04,3.86,45.82
a158b583,25.6,48.41,64.66
ccf2833c,25.48,48.19,87.19
6bdadc01,9.53,18.02,33.22
0d131242,41.97,79.37,109.22
a26fdcd9,11.21,21.2,60.66
6b0f4c32,38.97,73.7,107.96
d6e3360e,11.13,21.05,56.89
6c744d10,15.5,29.31,47.56
09114211,14.95,28.27,71.37
44c47cc9,13.02,24.62,72.7
6dde0006,47.72,90.24,106.41
43c8a06d,14.65,27.7,73.23
4e3a2e27,25.28,47.81,73.72
aaaf5aa9,37.29,70.52,108.47
907338ef,17.32,32.75,63.02
a49e0667,2.56,4.84,46.57
e88f221a,38.56,72.92,84.73
2f391a86,15.63,29.56,52.51
d60a2fe7,43.91,83.04,94.94
44fed79d,25.58,48.37,96.04
9fc6dccd,31.97,60.46,77.27
f44101df,47.65,90.11,117.09
73b03cf5,43.76,82.75,118.41
9c9884ce,40.05,75.74,104.2
b1b5bce8,27.48,51.97,83.43
5b7e7b96,10.13,19.16,37.32
9a4c51b7,42.37,80.13,92.81
e2d7ff83,6.51,12.31,32.61
3710becb,44.6,84.34,107.03
4825de28,38.78,73.34,99.97
a046c4df,40.57,76.72,98.56
594cc6c3,20.11,38.03,49.46
3606bae6,6.08,11.5,25.28
b62e8c26,36.89,69.76,106.71
632462a5,48.95,92.57,105.1
715c74e6,43.2,81.7,93.55
1f74d27d,42.39,80.16,122.63
e5324c9f,32.35,61.18,72.83
64bf400f,7.58,14.33,27.08
6a1a591a,43.44,82.15,114.13
006b650b,12.66,23.94,51.65
0ad3431e,14.7,27.8,76.38
048e7951,38.28,72.39,119.86
90595392,36.41,68.86,105.27
64e1b444,5.48,10.36,23.23
f3e1da6a,14.09,26.65,56.78
1ff7f6d8,41.25,78.01,89.81
9adead7f,47.58,89.98,136.3
1bb1ca08,14.78,27.95,64.35
a6935d2f,38.51,72.83,105.79
b14367d2,26.27,49.68,76.8
784eb9b0,20.24,38.28,68.67
e676f8d8,45.11,85.31,111.32
c39c5d74,28.31,53.54,67.52
21fa0455,35.2,66.57,103.01
00ce324f,30.44,57.57,107.43
3746f388,32.89,62.2,76.7
06a05028,26.83,50.74,100.51
0535be31,27.61,52.21,98.19
0f92acce,42.9,81.13,126.9
ea54def2,16.53,31.26,74.51
0c5f93b1,37.35,70.63,117.57
3af3af10,14.89,28.16,48.02
4caf1bf1,5.4,10.21,37.7
84067cb6,45.36,85.78,114.97
f958c16f,21.71,41.06,53.78
e54d5e75,34.79,65.79,115.03
f81f68a4,38.38,72.58,110.16
cdd2a8cf,40.26,76.14,104.2
0deda351,12.86,24.32,74.01
f20484f4,33.47,63.3,84.19
9572effd,38.49,72.79,96.27
25fbf270,7.75,14.66,32.29
01d7d66e,8.78,16.6,34.06
515f1482,19.47,36.82,54.36
0e273a73,16.48,31.17,65.6
79fe1ac0,40.27,76.15,97.92
cd392b72,32.85,62.12,110.19
22350f71,25.9,48.98,91.65
a57acc4d,7.11,13.45,29.9
07439a3f,7.4,13.99,57.35
ca9e03bc,26.82,50.72,74.55
17163ba7,44.38,83.93,103.04
e88ad666,39.2,74.13,115.41
73f07bcc,44.32,83.81,128.09
ac3dfd8f,29.13,55.09,103.51
f224058e,12.63,23.88,50.69
4c6f35ff,3.53,6.68,39.16
6afe38ce,47.13,89.13,123.73
5020fe6d,24.81,46.92,82.03
8379d381,43.23,81.75,107.84
4b29949b,37.18,70.31,86.4
8ae0106d,41.94,79.31,92.13
91528c62,12.11,22.9,69.14
cc30b2b0,34.61,65.45,90.11
db6da20d,36.69,69.38,86.61
33127fde,28.53,53.95,103.29
5e852468,42.09,79.6,121.72
335459ee,49.43,93.48,142.73
f2a9ed5a,2.51,4.75,25.9
7aaf0949,23.84,45.08,73.61
7350a2ce,38.19,72.22,114.57
9825aef1,36.83,69.65,101.73
68b8876b,24.46,46.26,70.46
d5113fae,42.42,80.22,96.56
7e406770,34.4,65.05,97.52
9d4eb4a2,28.32,53.56,87.5
12245ec4,15.1,28.56,67.39
f3af699b,19.63,37.12,78.74
70c887ee,49.47,93.55,108.27
c84eff4d,45.49,86.03,121.15
c45e1edf,35.39,66.93,108.19
1e22cf9f,43.23,81.75,107.31
5e7ee800,8.53,16.13,37.15
741937b7,14.84,28.06,57.25
bdb70450,44.49,84.14,106.54
ab12eed3,24.6,46.52,76.91
f8181341,30.37,57.43,79.77
db5cd21e,44.42,84.0,110.91
efd300d4,21.39,40.45,87.06
7ff02701,25.13,47.52,94.18
a7054543,7.38,13.96,63.65
29b9bd30,49.59,93.78,123.22
1576325a,48.72,92.13,108.85
1c32f1a3,16.23,30.69,76.25
8bdabef0,42.92,81.17,115.04
df5ae6b3,37.38,70.69,110.6
b48d6969,9.04,17.1,33.6
07a37e6d,3.15,5.96,28.75
1bfd6e45,2.68,5.07,26.08
d797712f,5.15,9.74,42.13
8d722a00,32.11,60.72,110.61
0de91b9c,25.62,48.45,82.94
a88bd5b7,49.84,94.25,127.16
85f73965,15.75,29.78,70.14
1400c5f8,36.83,69.65,92.8
aa1e21f6,20.58,38.92,59.05
14cf430f,6.72,12.71,56.23
08a95ae7,44.1,83.4,131.82
d1f767d5,21.2,40.09,66.95
7381cf94,46.01,87.01,98.66
95b370ec,46.97,88.83,106.0
1d14a94b,41.37,78.24,122.52
91f3571a,3.33,6.3,21.17
e73b7072,48.37,91.47,131.99
a5219ebd,7.96,15.05,49.86
4fa31c34,46.7,88.31,127.38
af503dc7,31.11,58.83,79.09
2a6162a7,20.12,38.05,48.78
cfca7b9f,36.62,69.25,80.84
366c9a2b,26.33,49.79,88.78
9ec65b0e,40.14,75.91,110.45
d7e8c84c,26.66,50.42,94.04
855c5074,19.71,37.27,63.24
f0a5ad55,19.32,36.54,68.76
49048291,19.0,35.93,77.27
7f3ba318,24.7,46.71,76.58
290debf9,7.29,13.79,63.52
af999dda,33.76,63.84,103.56
8a85b41a,18.39,34.78,72.11
4a682b1b,28.95,54.75,96.81
24a35275,27.27,51.57,92.66
798b8a7e,43.14,81.58,100.37
55a8aa44,43.36,82.0,100.42
375b74d9,49.48,93.57,127.81
050e753d,13.6,25.72,53.16
600c1450,3.65,6.9,51.76
5cd4fc91,22.4,42.36,63.96
2189ce43,45.04,85.18,108.41
e6c7455d,30.81,58.26,74.91
748cdd15,19.93,37.69,86.96
3332a0e8,39.06,73.87,88.51
602eefd4,36.19,68.44,117.76
f43f6b4c,36.25,68.55,106.81
fa33b8b3,26.7,50.49,64.06
1df49468,27.46,51.93,68.01
deeea773,28.68,54.24,77.32
6edcb027,28.53,53.95,74.36
71e60235,11.9,22.5,71.43
0710aa0a,13.8,26.1,60.63
7eca810e,19.95,37.73,50.71
4b751289,43.06,81.43,112.45
8f23cc06,24.19,45.75,91.64
7831d43f,46.46,87.86,114.51
2de1757f,40.08,75.8,112.45
c3de0a9d,43.35,81.98,122.91
6023ee1b,8.44,15.96,33.36
949f8b14,9.14,17.28,61.5
957df1c3,13.36,25.27,53.22
2491aed3,33.81,63.94,76.21
5c756233,24.86,47.01,92.17
a5f8bfa3,10.15,19.19,51.76
0d223964,37.8,71.48,89.41
209f8efd,26.84,50.76,73.46
7ce97249,37.09,70.14,102.91
e7acfb9d,45.65,86.33,111.3
8b3bd9d3,45.91,86.82,106.16
088131e1,16.45,31.11,60.28
cc2059a2,9.61,18.17,35.57
e5637ddc,22.82,43.16,62.98
1e1c300b,6.03,11.4,54.47
8cc5a117,4.11,7.77,26.91
89850769,48.95,92.57,130.38
77218441,48.65,92.0,112.02
f2bd380a,18.89,35.72,54.22
9f25a819,41.39,78.27,98.32
d89cad31,12.72,24.05,52.78
ff7994fd,22.03,41.66,57.51
244f6b1b,36.87,69.73,83.99
07b9e062,28.43,53.76,94.03
53f81d42,41.41,78.31,89.24
2b9687b1,49.04,92.74,118.16
e501d30a,2.43,4.6,30.44
53139e3a,46.38,87.71,133.43
cbecffe8,21.85,41.32,82.3
6a8428c9,21.58,40.81,71.24
89524532,2.03,3.84,33.03
d004ff79,42.05,79.52,112.14
23b08921,38.43,72.68,96.99
6a50c22e,44.91,84.93,122.96
112afad4,10.03,18.97,56.41
0ff6a5a2,12.33,23.32,56.31
ab1bc1b3,16.57,31.34,43.65
79263691,27.45,51.91,66.98
c5c305a5,18.57,35.12,46.69
40b7d477,16.39,31.0,69.74
923754c7,10.77,20.37,49.47
fb033f97,9.64,18.23,66.43
dc112817,24.7,46.71,94.8
3e5f987f,23.4,44.25,86.18
63e140ae,39.69,75.06,102.78
79e20f50,41.54,78.56,101.21
c1c73035,35.63,67.38,85.42
65157c3a,41.9,79.24,98.54
e6e1b416,7.22,13.65,63.26
46dafdd1,23.97,45.33,76.54
94f7b444,15.75,29.78,40.27
68ebe228,14.09,26.65,38.42
4bc68a29,36.21,68.48,96.83
b9567370,41.9,79.24,106.98
aee44013,7.51,14.2,40.42
32ddca70,7.96,15.05,57.99
e91886c7,32.69,61.82,99.95
b45ef590,8.93,16.89,31.19
1ee7c7cf,38.88,73.53,98.04
ce363148,41.78,79.01,112.88
6e80777c,27.1,51.25,76.55
b32e2bc3,45.6,86.23,104.56
280c4623,2.98,5.64,40.76
0ec95136,12.87,24.34,58.43
c6cbaf26,39.1,73.94,122.92
36b7f9c6,47.95,90.68,123.12
905f8fb6,48.11,90.98,135.95
9757a03b,2.02,3.82,51.79
557879ee,32.33,61.14,88.53
fa8bd9d1,3.31,6.26,18.38
89ed6d5b,35.62,67.36,83.1
1d2879e8,38.87,73.51,103.67
37a4a63a,43.17,81.64,127.36
c60b510c,27.41,51.84,88.01
3103d9d8,42.81,80.96,99.02
f083a219,46.34,87.63,125.67
4c583659,27.59,52.18,97.95
090b1305,27.16,51.36,62.57
629b85ab,26.28,49.7,69.41
5cdf5f63,26.22,49.58,65.71
b802f377,39.18,74.09,115.45
36dbbe52,5.23,9.89,55.55
62c6dd5a,23.72,44.86,77.04
ddd8fd9c,27.15,51.34,95.27
09688cbe,12.29,23.24,59.52
2a4ec454,27.98,52.91,89.18
e0e4d07c,23.87,45.14,78.33
b8fe38df,37.4,70.73,82.73
b054470f,18.96,35.86,83.34
13d2c072,47.59,90.0,114.23
eae11132,21.86,41.34,83.44
5108210e,32.28,61.04,103.44
ce4fd332,12.64,23.9,72.53
7b865059,35.06,66.3,89.37
19288e8f,26.66,50.42,100.32
1545ff09,18.43,34.85,56.87
a4f57630,18.7,35.36,63.41
d49e5e02,20.02,37.86,76.11
308c7620,23.0,43.5,59.7
25eb221f,13.89,26.27,46.92
74602f7b,15.32,28.97,68.09
8448a425,48.0,90.77,139.75
e3426a9e,16.46,31.13,70.44
c091aa31,32.09,60.69,105.18
ee374a26,18.58,35.14,46.64
107fa38b,40.92,77.38,110.46
d9f1611a,35.41,66.96,113.52
effe9c78,17.75,33.57,70.87
42b23bd6,36.4,68.84,105.9
dfa01543,38.32,72.47,90.59
27f7b22b,8.64,16.34,60.79
ca7c6aad,29.75,56.26,100.86
4e2409bf,40.77,77.1,111.66
8a264170,4.42,8.36,35.42
becc2671,26.38,49.89,92.86
6d56d99e,42.31,80.01,108.61
1417d0a8,47.73,90.26,133.16
18bf0be1,33.49,63.33,92.73
8ab24472,17.73,33.53,66.72
e111284b,31.03,58.68,98.6
ead030e6,3.31,6.26,26.86
a6ecc41a,23.88,45.16,65.03
bc358327,36.91,69.8,106.51
f94647c3,3.74,7.07,55.23
eb3ddbb6,30.96,58.55,86.39
58f38c82,30.24,57.19,103.12
25a3a2bd,11.1,20.99,51.72
60c2cf0a,29.32,55.45,104.41
a9b66d1a,21.65,40.94,82.62
deec260b,24.98,47.24,91.62
adaf7b82,17.62,33.32,70.5
e843868e,40.9,77.35,122.09
568bdc89,19.55,36.97,70.68
d6277ab8,39.96,75.57,108.26
4b8fc8ff,5.68,10.74,55.69
856fa6ea,15.37,29.07,39.67
0a19dde8,21.33,40.34,69.49
72a6a1c8,21.42,40.51,85.31
c55d7ab6,23.18,43.84,61.69
41f605bf,33.31,62.99,111.31
bf601cac,29.55,55.88,95.5
ba97946d,27.01,51.08,91.58
d39ba12b,42.21,79.82,116.44
56a4cfc3,11.42,21.6,49.5
89295c02,43.29,81.87,110.31
d6b1a9da,40.95,77.44,121.0
8f1e2f41,11.39,21.54,37.11
890bee7a,31.96,60.44,91.32
3515ae00,12.72,24.05,46.45
ffa11cb0,47.26,89.37,138.74
6b921161,25.66,48.53,58.68
890accff,11.78,22.28,34.83
a3d0f587,32.53,61.52,110.22
6b52ec60,35.95,67.99,99.74
6a52f71b,31.04,58.7,74.24
0655051e,13.6,25.72,53.67
3cf7228c,37.29,70.52,93.43
daf5ce33,46.62,88.16,134.61
d03da41b,47.7,90.21,127.71
88714046,34.62,65.47,80.69
cf00743f,42.33,80.05,111.51
8a7d70b4,48.97,92.61,107.99
8292346a,4.08,7.72,44.33
89fbb16c,24.9,47.09,86.18
6d68708f,15.99,30.24,62.73
4cebddb7,24.79,46.88,95.52
4faf5e73,46.01,87.01,134.78
d49e3f65,49.2,93.04,111.28
3e23d210,45.44,85.93,95.94
992e0f40,11.46,21.67,58.18
fd5d0430,40.54,76.67,105.7
2e348d49,41.25,78.01,101.4
e252cd1c,29.81,56.37,103.05
22e7a4d6,36.31,68.67,117.81
6f9781ca,45.46,85.97,133.19
8ae3e1e9,49.72,94.03,124.04
c5808f8d,3.92,7.41,45.54
431bdcbc,14.34,27.12,43.98
ce53f7b1,46.86,88.62,136.65
c33e3b91,17.8,33.66,55.01
daac4ec9,7.11,13.45,31.16
013a9a6c,17.04,32.22,44.63
82dcb1de,26.89,50.85,82.86
b80f13bc,20.53,38.82,86.76
bcdfb81e,39.84,75.34,90.76
8f888261,31.33,59.25,74.08
2172d5b0,22.88,43.27,64.17
5cb59680,49.87,94.31,130.93
4ea9092d,44.53,84.21,116.12
5ea110ca,43.39,82.06,95.91
b4fa63b6,29.23,55.28,82.97
5786eeff,39.44,74.59,87.27
9adce521,18.12,34.27,78.35
d7c2b499,17.83,33.72,48.0
07da8103,44.82,84.76,113.61
f92c62c8,30.65,57.96,88.38
8c1b73fc,18.49,34.97,66.18
5d802913,42.58,80.52,114.89
91b50fd6,23.24,43.95,82.01
c8a21ce8,21.2,40.09,50.26
c2907f13,3.26,6.17,17.41
85dc465c,34.59,65.41,99.87
08b5ed7e,27.57,52.14,69.43
a4c3b8c1,16.97,32.09,75.36
087be02e,8.69,16.43,51.53
a559d056,10.76,20.35,69.57
c87eeb95,12.79,24.19,63.31
3bebc929,43.53,82.32,95.95
d3cd4c69,25.07,47.41,64.25
afe93790,35.38,66.91,78.77
b5b91954,24.14,45.65,85.3
1b26aa81,24.74,46.79,61.86
d2ce3a42,41.46,78.41,114.96
f14e783f,39.02,73.79,106.01
781394e8,13.14,24.85,60.18
261afd50,32.03,60.57,90.92
44b65603,34.65,65.53,76.05
b98338c5,21.43,40.53,60.66
953f0c36,5.28,9.99,55.39
2cc049b0,19.83,37.5,84.67
4791cc4a,19.2,36.31,50.2
7a1f4cdd,35.15,66.47,114.58
7f3ff209,40.86,77.27,114.09
8b714ea4,21.01,39.73,86.63
e517707a,32.99,62.39,88.44
69eaf888,32.86,62.14,76.21
387b7875,33.11,62.61,84.71
0f29d9ad,28.61,54.1,91.69
286d85de,32.2,60.89,102.7
5020dfab,43.65,82.55,94.55
fb5d5eba,46.25,87.46,116.94
b4a02f51,6.41,12.12,24.69
69942cb0,2.56,4.84,49.38
19e9a024,26.91,50.89,79.94
f5852307,21.81,41.25,87.84
cac70ca6,23.66,44.74,57.88
ed556c5d,24.01,45.41,68.63
8d41cf58,44.97,85.04,122.1
460780e6,32.56,61.57,83.31
a2fe4ff2,23.23,43.93,87.59
9ff66304,23.83,45.07,94.54
115d7fd1,42.54,80.45,101.7
6d5e4a4b,12.42,23.49,47.93
478edbfb,2.71,5.12,53.81
c3927948,24.95,47.18,71.5
7fcbc547,48.1,90.96,123.2
39089455,41.09,77.71,118.48
c8b36588,21.6,40.85,68.38
9275982e,10.4,19.67,44.57
481325fb,29.37,55.54,85.36
5ad93cef,44.23,83.64,124.82
10f1dbc5,36.43,68.89,91.38
04402263,27.93,52.82,76.85
4dae6bd3,37.27,70.48,88.05
f501ceb6,48.3,91.34,129.4
fd6a99e7,28.53,53.95,99.93
89fbbde2,28.66,54.2,71.63
2ec40bae,24.97,47.22,58.6
722ab735,29.2,55.22,80.47
40836c06,32.49,61.44,87.85
2ab48213,11.81,22.33,58.16
299d4ba6,29.27,55.35,68.77
dc1fd8d2,2.65,5.01,47.87
fe97b4dc,47.02,88.92,121.88
bb9385bf,3.82,7.22,39.06
ff64ab82,47.99,90.75,113.4
60f96f55,48.51,91.74,116.35
83c4d7ad,27.29,51.61,63.83
8559cc93,17.96,33.96,74.11
f8cb4a51,10.88,20.58,54.77
9b35e359,9.78,18.5,67.56
8d4414ca,13.42,25.38,49.52
594e2171,24.86,47.01,83.66
e88c9d96,37.66,71.22,118.0
7ac50138,21.14,39.98,78.45
f8f785cc,39.49,74.68,86.29
914851c3,29.1,55.03,90.32
0134d636,2.93,5.54,37.36
601a9642,8.33,15.75,45.72
7130da27,29.47,55.73,87.85
6570448e,9.74,18.42,46.84
58a62e84,31.2,59.0,96.67
1adb7178,23.37,44.2,54.8
e36adfac,35.12,66.42,83.96
6490018f,15.99,30.24,54.86
8163c668,41.44,78.37,106.48
a9b5998e,20.67,39.09,54.31
f0dfe269,40.24,76.1,118.91
058ebec2,2.93,5.54,52.72
e55fdb7e,20.87,39.47,79.52
315a7040,12.57,23.77,70.92
ea9d337e,23.3,44.06,83.79
0ac89f58,47.45,89.73,117.37
0bd3e23b,9.63,18.21,43.94
0a999bf8,6.22,11.76,28.42
c674bdca,4.81,9.1,22.56
ad452641,7.92,14.98,33.76
5f9ac0a8,4.97,9.4,40.69
a0b42356,34.87,65.94,81.34
94dc2240,7.64,14.45,62.5
5642c723,11.48,21.71,40.45
b9a0423c,32.99,62.39,105.74
7af3c8df,23.42,44.29,87.04
716c3ec9,4.62,8.74,24.39
5ab15012,48.59,91.89,130.32
9460ff9f,30.8,58.25,101.21
07d8bfe7,31.46,59.49,104.86
57b4f327,42.92,81.17,129.33
886d60e9,45.64,86.31,133.51
cffdefd5,4.74,8.96,31.41
8bc17825,5.28,9.99,30.7
c31b4631,39.27,74.26,100.16
81b4e4f5,35.4,66.95,95.55
f4050bfc,12.41,23.47,42.83
a3991e2a,17.42,32.94,46.38
a768ff2a,31.33,59.25,95.51
1dcd940c,39.87,75.4,92.37
f8ad3ce9,30.95,58.53,105.13
57105121,40.01,75.66,97.17
5b078050,12.97,24.53,42.44
873b4824,17.89,33.83,51.6
dfc81f2a,6.88,13.01,34.59
f1d1281a,49.27,93.17,127.66
2f4d3c62,40.83,77.21,126.34
557bde7b,36.36,68.76,98.21
257e7341,11.35,21.46,55.45
2300fcfc,35.54,67.21,110.91
4e7d0f3e,43.4,82.07,105.43
8aedb6f1,40.9,77.35,94.55
5163622e,38.22,72.28,99.63
6f7aefc2,20.58,38.92,61.67
25a33d46,38.81,73.39,118.04
9abaf18b,25.26,47.77,96.89
1fd1e17d,21.42,40.51,78.04
d1b741b8,48.31,91.36,127.51
05f91656,9.04,17.1,55.67
d6b44375,43.51,82.28,110.99
ed39794c,17.46,33.02,68.17
88c3b682,26.79,50.66,63.51
3e86fb9a,19.42,36.73,66.47
57146a6e,26.15,49.45,72.74
0e62ac2d,41.28,78.06,90.19
1dd63d39,10.78,20.39,52.18
dc919e54,38.23,72.3,96.71
8cba3e80,23.4,44.25,77.87
bd98a547,46.88,88.66,119.19
fc0c81b6,28.26,53.44,74.49
a4351de8,3.99,7.55,39.15
47243588,45.69,86.4,111.55
0083183c,46.38,87.71,134.55
3b5d43a3,10.64,20.12,45.15
15de4927,48.69,92.08,103.69
9c2bba31,23.4,44.25,84.79
50d1be28,45.89,86.78,135.33
e6fd6841,19.48,36.84,53.62
eaa2c781,3.09,5.84,54.75
11307b33,40.16,75.95,110.64
17f694aa,44.52,84.19,128.09
897d69d0,9.81,18.55,47.47
46afb238,28.59,54.07,88.97
74ebaaaf,41.91,79.26,122.9
86c64808,24.15,45.67,94.98
8d6ce514,39.84,75.34,92.73
70dd1cf7,32.63,61.71,107.66
cf735ad5,36.6,69.21,105.9
b4b73bb3,46.1,87.18,135.05
9f85ffc8,22.01,41.62,64.34
9db260c5,39.01,73.77,93.47
c00e4d39,36.21,68.48,93.1
a3627f60,23.07,43.63,89.01
84fa2235,20.3,38.39,66.78
f3ad966e,44.31,83.79,131.85
46bc6798,11.83,22.37,42.06
ac9cc41b,17.29,32.7,51.52
3bba087c,48.78,92.25,129.39
5e3742ed,15.31,28.95,50.62
601aa513,43.88,82.98,98.15
dfc8f32a,19.83,37.5,62.54
833f82b1,28.46,53.82,74.47
a11e2282,21.12,39.94,66.46
81d984b4,12.62,23.87,41.33
222b9144,35.17,66.51,114.79
3e77a4a4,48.4,91.53,133.6
f69e6129,44.85,84.82,128.46
178d856d,49.29,93.21,115.12
9ce997ed,35.17,66.51,110.78
011c2275,3.65,6.9,40.53
2532bbcb,28.6,54.09,66.36
a786639c,31.88,60.29,76.42
6ac10e86,7.77,14.69,42.53
8087b3a6,41.76,78.97,104.72
beb46d3f,37.04,70.05,111.86
c698bb30,23.52,44.48,89.43
e3482535,16.02,30.3,74.9
986a1e40,12.65,23.92,48.93
2d64f8f3,48.29,91.32,126.75
19b30cdd,40.5,76.59,106.47
5ed60c27,35.28,66.72,112.28
467d6e86,47.52,89.87,135.43
c256cadc,11.77,22.26,34.41
7c3b52f0,43.17,81.64,114.53
f373ec89,30.01,56.75,86.89
a6453884,46.79,88.48,129.3
2a1103ba,33.71,63.75,81.58
95a0fd21,37.59,71.09,108.89
4734fb70,12.67,23.96,63.5
2c9a61ba,18.56,35.1,46.17
12b44909,16.51,31.22,58.47
8ff6983c,35.32,66.79,115.95
2fd70870,21.74,41.11,63.13
928e5732,43.28,81.85,127.23
25efa760,12.2,23.07,56.55
0bb9597f,40.19,76.0,97.86
7c8715d7,41.04,77.61,121.05
66d53190,32.14,60.78,110.41
cb4af267,9.12,17.25,56.93
6404a290,17.68,33.43,45.88
1bb63dc6,21.09,39.88,51.98
d07d84b6,24.34,46.03,75.69
f8a6cb4e,37.36,70.65,80.89
e1ac3a0f,18.24,34.49,71.53
1e01fa46,2.87,5.43,16.08
d5684044,43.57,82.4,131.32
7122bcf3,22.75,43.02,88.25
4fea4c96,15.58,29.46,72.08
d30e6b00,41.32,78.14,120.64
1187d3d1,44.18,83.55,126.93
d046885d,37.09,70.14,97.51
01503b50,19.01,35.95,77.62
bf958c4a,13.09,24.75,49.44
ef5360cf,36.21,68.48,112.42
960305e9,4.76,9.0,43.72
8903bff2,20.77,39.28,63.61
9a1b729a,38.42,72.66,112.48
f1a192b4,30.08,56.88,76.59
5b159244,37.22,70.39,118.98
5ccf087b,29.5,55.79,92.38
60f2ba4d,13.5,25.53,51.58
b7d444db,25.19,47.64,79.67
364539be,39.11,73.96,113.46
81148dc9,13.06,24.7,66.59
0c6cf0dd,48.22,91.19,140.19
138bd976,11.74,22.2,40.56
cc78b6cf,2.68,5.07,35.25
5dddccf1,39.35,74.42,88.08
a60214b5,46.56,88.05,101.34
d6a986ad,13.84,26.17,40.34
0a095d2e,9.44,17.85,38.23
f5476558,12.75,24.11,61.96
5af7f023,32.14,60.78,105.23
4e2ad903,29.79,56.34,83.78
0a33fb2d,31.82,60.18,92.39
1608c029,2.37,4.48,22.73
1fb15d8c,9.54,18.04,59.68
9a2a6867,13.68,25.87,71.4
1f1b6af3,35.46,67.06,96.48
c5d8fc17,31.22,59.04,75.47
01abd6d6,31.95,60.42,70.62
dbe840f5,29.39,55.58,87.04
06fa8aa0,37.74,71.37,101.28
aa908ce2,47.2,89.26,136.29
a68d278b,34.33,64.92,76.38
54fe1ce2,37.76,71.41,87.37
11201fdd,31.19,58.98,76.89
185367e4,40.29,76.19,108.07
09540d87,47.26,89.37,110.76
f6f7b2f3,31.04,58.7,76.93
9bf89c33,10.69,20.22,50.8
47f8ae5d,38.97,73.7,85.33
17c31e95,33.24,62.86,111.87
32dd9f50,46.81,88.52,132.96
77cb25a2,15.06,28.48,49.36
af2a5c5c,48.56,91.83,115.28
9208880a,28.49,53.88,73.72
4448934b,48.27,91.28,138.42
024ed9f6,39.63,74.94,111.07
118ac352,43.57,82.4,113.25
7d4ff42f,17.54,33.17,63.51
84973944,12.53,23.7,40.34
71190e40,31.96,60.44,108.95
f2dfb7d5,19.97,37.77,84.35
f510e60f,49.32,93.27,141.37
01ef8e09,25.78,48.75,70.39
b2c665eb,7.3,13.81,42.88
40e2db6d,25.94,49.06,79.82
92fbe0ad,27.68,52.35,81.94
87863180,2.23,4.22,14.99
e1c465f5,13.78,26.06,69.39
f6cb6cb3,2.06,3.9,43.76
821eec45,28.93,54.71,83.7
990c4d0f,16.02,30.3,51.0
36d185ab,10.31,19.5,54.9
73956823,42.25,79.9,95.43
f2a2b011,3.44,6.51,56.4
99d15d9e,35.2,66.57,81.58
1655b9fb,29.5,55.79,68.13
27aef1b6,39.03,73.81,108.31
a0fb8c46,8.35,15.79,44.33
369c12ce,43.84,82.91,121.67
20c0f3ca,17.44,32.98,48.1
69884e92,2.41,4.56,29.11
1061dc63,33.52,63.39,93.43
c4603093,43.25,81.79,109.67
8629aba4,18.98,35.89,69.21
0ff4e875,27.32,51.67,65.74
904dee42,21.79,41.21,71.36
9793d396,4.04,7.64,39.83
18f0ec59,38.15,72.15,117.39
57bb3755,47.19,89.24,122.08
23592f54,22.16,41.91,73.8
61c1e881,8.93,16.89,59.37
e44ee962,26.24,49.62,62.22
5435b9e9,45.43,85.91,121.83
43536a05,31.08,58.78,101.25
bfcb8aa6,12.19,23.05,36.83
1b463de8,28.55,53.99,96.45
ffd803b6,17.69,33.45,74.94
235d03c1,3.13,5.92,15.96
67fee793,45.85,86.71,106.56
d34062ff,40.13,75.89,91.94
f028cb17,46.36,87.67,118.12
b2cc1605,34.77,65.75,112.31
34539dfc,23.59,44.61,78.72
a3f80892,25.67,48.54,82.61
9eeaa036,11.82,22.35,37.26
55f80b6b,20.54,38.84,75.5
dd3aba65,9.86,18.65,64.18
c619dfe0,24.73,46.77,73.94
ad2437e3,33.0,62.41,99.68
f471d135,14.32,27.08,48.88
540995c6,47.3,89.45,110.21
c1cb9f59,33.05,62.5,79.9
fa5ff71b,12.56,23.75,43.41
2cc7fd51,10.02,18.95,42.66
dfb8ec41,10.16,19.21,51.88
47e6b616,48.75,92.19,133.42
17152abe,13.36,25.27,46.85
9d575286,10.08,19.06,35.78
d8da2b1e,9.87,18.67,46.66
e6e0a7d4,18.53,35.04,76.62
afbf086e,31.54,59.65,85.22
1a72b79f,5.8,10.97,57.5
24e167d3,9.65,18.25,38.17
9563934c,48.87,92.42,132.75
5d7397c1,31.65,59.85,88.56
8889be75,8.7,16.45,30.74
af60c13d,28.4,53.71,74.95
37121612,13.57,25.66,69.99
ee672abd,48.73,92.15,102.39
24c0d919,20.66,39.07,79.32
46329a4b,8.83,16.7,59.16
b10dba47,31.42,59.42,74.21
4d672e4c,8.59,16.24,64.73
b69fe468,26.87,50.81,95.7
c8989a6b,42.91,81.15,98.29
4429b7f2,18.6,35.17,54.83
71597a2e,24.92,47.13,89.87
2cc6081d,7.2,13.62,45.47
ea43b70b,33.02,62.44,109.34
cad4cde0,7.38,13.96,63.13
9a93240c,17.69,33.45,57.19
db3f076f,42.38,80.15,94.03
3ea6c9ab,9.2,17.4,55.54
f399145e,42.33,80.05,126.97
31d373bc,32.27,61.03,77.63
c848cb56,8.77,16.59,66.01
b5f0a58b,10.09,19.08,36.91
2d40cbf4,33.83,63.98,77.43
aed62703,37.0,69.97,99.8
b29b6eae,33.48,63.31,105.53
8ea6eec8,36.27,68.59,92.77
a35ce63f,19.36,36.61,59.88
a22be538,2.07,3.91,21.79
10f29a5f,27.39,51.8,101.24
bfce164d,30.54,57.75,81.42
b8e61db2,35.01,66.21,102.87
862ab2ef,13.1,24.77,40.07
9b3f48c5,10.17,19.23,47.22
664618f3,41.85,79.14,120.97
ef5b05e4,42.38,80.15,128.96
d4641d3c,49.41,93.44,110.53
066b6f0a,18.31,34.63,48.42
8c835639,4.83,9.13,58.63
2882e528,24.84,46.98,79.15
05059b0e,25.03,47.33,71.15
8f455741,3.75,7.09,55.5
e002c950,29.6,55.98,81.59
429aab5f,14.52,27.46,46.74
47b6bb22,7.72,14.6,56.74
04abbb05,31.03,58.68,81.24
795ba4d8,15.55,29.41,52.29
0a328c46,28.96,54.77,82.57
e29a0a29,2.73,5.16,42.88
716379d5,19.58,37.03,80.7
79ff799c,43.54,82.34,101.39
3e90d303,33.21,62.8,87.3
ba2e16c9,43.64,82.53,112.38
debe03f8,37.54,70.99,82.01
f5fbd544,36.55,69.12,107.0
3af3f4c4,43.76,82.75,115.39
3c1ece36,2.94,5.56,20.9
87a87b44,22.16,41.91,57.12
160418b6,48.1,90.96,136.77
3187dcb1,10.5,19.86,57.19
3aaa2ac9,33.38,63.13,88.65
3e3d0189,39.93,75.51,99.03
c322e0e4,46.81,88.52,111.19
04f7d453,43.85,82.93,119.12
8cbd01dd,34.48,65.21,82.36
f40dd294,36.14,68.34,117.84
66c4c557,18.47,34.93,72.41
4a5735ff,12.75,24.11,39.19
586a1a57,48.01,90.79,106.31
c367db4d,48.83,92.34,128.27
c3287cdb,22.38,42.32,67.65
789cfe53,21.72,41.07,77.47
a502869f,23.68,44.78,83.68
47a4b467,24.15,45.67,77.19
4ef9770c,42.42,80.22,100.48
62bfdd01,22.67,42.87,74.92
08213ce0,44.35,83.87,110.74
2496ac2f,35.37,66.89,112.5
e32ba217,48.34,91.42,131.03
38aeb962,34.38,65.02,99.78
cc62c9a6,21.78,41.19,52.78
37582ed0,46.06,87.1,136.71
38a36bb6,13.03,24.64,57.29
276ba398,48.32,91.38,111.74
597369e9,4.08,7.72,41.38
a24c87ad,32.77,61.97,104.69
47f88031,2.88,5.45,36.99
ef8c1613,11.79,22.3,63.38
632ed283,24.27,45.9,72.42
0011c1da,9.6,18.15,51.75
c1f824a6,49.46,93.53,120.42
74a50c22,39.1,73.94,105.05
83c3e71e,42.84,81.01,97.71
f8c553f2,49.0,92.66,126.61
b42b39cf,34.39,65.04,114.2
22ce871c,14.8,27.99,68.58
41907cd1,38.33,72.49,95.29
35f28ec3,30.05,56.83,101.38
a3f886d4,14.84,28.06,73.89
e7a46eed,19.63,37.12,54.19
6cfae0fb,31.18,58.96,71.09
75cc06bf,20.98,39.68,72.58
659ba6de,13.29,25.13,54.17
3d741f0f,22.64,42.81,81.4
6a2bc096,13.21,24.98,46.7
06156734,44.01,83.23,108.44
b3ea0264,35.32,66.79,87.34
b8423650,20.07,37.95,59.64
dca01b1e,47.38,89.6,99.97
a597930d,20.67,39.09,69.52
b64c133f,29.57,55.92,84.85
6b34b3e4,26.57,50.25,74.48
38ceb2f0,7.85,14.85,46.46
0b2fe18c,22.34,42.25,67.92
7f8a26e6,5.72,10.82,38.12
66634182,10.19,19.27,29.35
771bba55,39.8,75.27,87.92
9ba95be8,16.53,31.26,47.29
e319e304,6.27,11.86,29.22
7173494a,36.51,69.04,97.13
101d758a,40.52,76.63,121.63
81fc3855,29.75,56.26,82.5
34876450,45.95,86.9,121.99
fc41d1d3,42.77,80.88,91.91
242a6b2e,28.53,53.95,98.14
55e9a3fd,37.38,70.69,85.22
18dce94a,17.8,33.66,55.03
fccd8382,32.54,61.54,104.21
f4e48bb0,48.89,92.46,113.06
a96f76b2,40.39,76.38,96.7
c8ab58ff,19.98,37.78,71.9
2e6e5c63,46.75,88.41,134.54
8ee48f89,41.61,78.69,97.24
410a8568,3.79,7.17,42.0
03e26edc,37.81,71.5,105.51
56c7d838,48.87,92.42,128.8
9fa0de54,17.25,32.62,80.49
affb169a,15.22,28.78,45.42
f908f0f9,32.72,61.88,98.05
8e0d0904,7.29,13.79,31.09
9ad9f302,34.4,65.05,87.62
a51d63f2,12.88,24.36,49.96
ca505d0a,23.67,44.76,88.18
06b7d7ba,44.81,84.74,96.89
82a4d2e4,40.25,76.12,115.47
3101349e,7.18,13.58,60.08
fb2cb942,38.55,72.9,86.07
9a2d9682,21.76,41.15,82.78
189031c8,49.73,94.04,108.35
4146c04c,16.39,31.0,79.51
cd0789c3,24.59,46.5,89.11
4896fa11,18.38,34.76,72.56
bd80603e,30.14,57.0,89.0
d3b78e9c,14.76,27.91,74.74
23ca246a,45.81,86.63,101.39
853b61f3,31.62,59.8,74.67
9743fe04,47.25,89.35,132.25
26dd59ee,34.66,65.55,94.84
ecf60244,10.92,20.65,64.45
b979b94f,2.74,5.18,30.81
ec291e4a,21.56,40.77,68.84
08855169,49.69,93.97,117.25
033d908d,44.09,83.38,131.41
e2652404,42.65,80.66,109.26
2d9836f1,29.3,55.41,95.61
93c5f5ec,6.55,12.39,50.23
a391bf7b,2.73,5.16,24.56
34a8095a,42.25,79.9,126.46
0057779b,10.51,19.88,51.67
cee7e001,5.68,10.74,54.97
8ca8b4fc,36.07,68.21,111.5
0d912487,2.06,3.9,16.25
f1e20ad3,37.56,71.03,105.82
2dbeba54,11.23,21.24,62.8
f9130207,17.43,32.96,79.22
c1297b3a,10.24,19.36,49.61
76fac0f9,39.3,74.32,114.35
a9079a69,25.27,47.79,96.58
69c0a5ba,9.96,18.84,61.95
b606436b,3.85,7.28,51.46
8a0df4ae,49.36,93.35,119.64
593f1218,36.29,68.63,82.3
15a836a7,34.64,65.51,114.15
b54c5778,26.13,49.41,87.24
77cdf40f,22.88,43.27,60.12
3834c313,40.21,76.04,124.99
0d3ebb68,41.68,78.82,117.45
286e48b6,4.93,9.32,22.93
2ba60e25,43.25,81.79,98.62
5f718c64,38.55,72.9,117.52
39b873ce,25.34,47.92,96.07
cb0a05a5,24.86,47.01,71.6
9828aeea,42.07,79.56,106.09
c663ee1a,40.09,75.81,101.63
4628403a,8.66,16.38,59.79
900522aa,28.36,53.63,81.76
fcd202a9,48.53,91.78,116.79
03e6b06a,37.3,70.54,105.41
33ac4111,48.7,92.1,121.72
07e2a253,39.25,74.23,105.57
40920790,27.18,51.4,77.68
682b272f,31.04,58.7,87.12
a57ac1cc,36.05,68.17,79.61
99cd208e,36.98,69.93,116.96
af059ea1,37.88,71.64,82.86
9fc20020,46.65,88.22,129.13
b614d49a,16.84,31.85,53.78
9236ffeb,41.81,79.07,93.56
725e02ee,29.34,55.49,89.88
a9842d49,44.5,84.15,122.43
e128966a,32.29,61.06,96.27
00f4a2e5,46.89,88.67,121.71
92252001,22.35,42.27,73.72
988dc62d,6.77,12.8,44.44
dac7f4b4,32.95,62.31,106.93
6fd7e10c,39.18,74.09,87.7
516d34af,35.19,66.55,82.84
cbb3a6d0,36.8,69.59,112.1
c1d40432,3.39,6.41,28.53
d6c7efe2,48.32,91.38,132.24
a0c4c428,14.68,27.76,51.87
de3c80a9,21.87,41.36,88.38
9bc12fa9,22.08,41.76,63.01
abed9c39,45.52,86.08,113.16
68d96da5,37.7,71.29,87.64
b0b8ea56,31.77,60.08,96.75
60bb7dad,7.76,14.67,40.79
3a187629,17.52,33.13,80.78
041df7e9,25.61,48.43,59.06
ba09400a,7.52,14.22,39.73
97745431,29.42,55.64,66.59
6657223f,12.29,23.24,46.4
4469faba,41.58,78.63,103.84
3368a35d,41.79,79.03,99.36
175238c1,30.75,58.15,78.37
abfbb502,19.26,36.42,56.82
0026a29e,4.14,7.83,28.48
2b98f010,32.19,60.87,82.16
0188eadc,39.66,75.0,119.05
0b956af4,39.94,75.53,87.09
9a130094,25.25,47.75,97.31
1210b6df,8.74,16.53,37.79
b918a65d,5.11,9.66,20.78
51316f46,4.68,8.85,25.86
17932ae5,13.97,26.42,74.09
1a66ed59,8.79,16.62,66.52
9e84bb34,10.11,19.12,38.99
99776c62,35.55,67.23,86.25
1eaf29ca,10.62,20.08,63.52
80f15a1d,35.23,66.62,113.19
260ee006,18.88,35.7,71.71
43d75d46,39.19,74.11,121.54
55bf12df,9.63,18.21,66.21
64881931,3.12,5.9,46.29
1bd7166a,6.28,11.88,35.83
b7977d84,48.38,91.49,107.47
16c4dafe,27.82,52.61,83.32
b1f20bce,31.14,58.89,80.47
d94ef431,48.42,91.57,106.31
7f26752f,39.25,74.23,99.99
0cde3b6a,7.41,14.01,43.2
08f4f194,22.25,42.08,78.56
2657265c,41.43,78.35,97.2
c806ab2c,33.92,64.15,108.89
4e08cba1,12.36,23.37,40.79
2b984cdc,40.67,76.91,126.8
9f2a0c87,28.82,54.5,86.78
19dcadf6,39.84,75.34,91.21
fcd016ea,32.07,60.65,104.03
a9895bb9,24.22,45.8,65.95
abbc4e97,36.97,69.91,87.44
9b2e0f33,43.55,82.36,97.75
f2c4f0a8,24.35,46.05,78.09
1fb97d04,3.43,6.49,51.66
feae67ad,30.47,57.62,103.5
3544d776,6.34,11.99,53.41
3e55e03a,17.58,33.25,66.51
df8644b4,28.39,53.69,84.89
896635c1,18.57,35.12,60.07
d2dab18b,15.48,29.27,41.03
3931c5fa,2.97,5.62,49.08
704bacea,14.92,28.22,78.2
b489ee94,20.47,38.71,85.54
f397208b,15.93,30.13,77.45
933f1ad0,32.16,60.82,84.15
e8deedd1,33.96,64.22,78.19
9fa46a4d,39.44,74.59,119.45
d6dffcc2,10.92,20.65,61.2
a2000067,31.71,59.97,85.58
56456a1b,22.64,42.81,86.15
96174225,17.5,33.09,48.64
d7f8ef36,25.17,47.6,83.64
0125f3b5,25.1,47.47,95.61
ae1262cd,32.69,61.82,108.24
fb8a90e3,28.84,54.54,94.97
58f21eb5,32.3,61.08,81.74
48d615c1,49.06,92.78,106.88
e6b46c79,40.9,77.35,100.34
1e14206e,16.02,30.3,64.99
b894a899,27.61,52.21,74.87
a43c6833,13.01,24.6,51.12
d20db376,26.91,50.89,77.03
e7825982,36.18,68.42,91.85
228dc156,5.16,9.76,56.7
b03c4840,8.6,16.26,39.06
b367fb70,2.35,4.44,54.18
ededf911,20.18,38.16,56.53
31102179,38.83,73.43,118.34
b8b2c0e6,23.58,44.59,83.88
7e7627b6,29.4,55.6,92.35
c4bc5f17,30.31,57.32,85.13
669cb64f,6.3,11.91,54.57
ad7ac2e8,10.37,19.61,49.3
9e98bd8f,45.93,86.86,102.28
70f46898,24.02,45.42,66.64
be79a429,22.09,41.77,59.07
b5ef5e02,38.05,71.96,104.74
0ff54226,4.17,7.89,44.11
9a9f9838,42.36,80.11,103.55
c5dfa236,34.18,64.64,76.22
a683dd0b,8.96,16.94,53.29
c6f7672a,5.12,9.68,22.16
08920fef,2.14,4.05,52.68
d82d5e80,16.12,30.48,75.97
990082d8,17.59,33.26,76.5
90f98976,10.49,19.84,44.54
52892bca,15.78,29.84,69.64
c9e9dae8,28.98,54.8,66.63
98535bb1,7.42,14.03,27.62
89730244,11.65,22.03,51.81
e11503a3,28.98,54.8,88.27
c499cc1e,35.81,67.72,108.4
cea873c0,46.7,88.31,110.22
16d79a1a,26.51,50.13,81.83
9b4f8b0c,7.43,14.05,26.55
85108bd1,30.39,57.47,86.3
f9f6f7c7,49.78,94.14,130.99
ac887611,44.39,83.95,133.54
495ca376,39.45,74.6,115.32
fae6f4df,37.26,70.46,120.28
d886fdb6,38.27,72.37,102.29
42a11c39,6.35,12.01,39.33
2d7d81bc,26.97,51.0,94.37
af12e243,35.1,66.38,94.88
e7307116,5.49,10.38,50.63
f4952115,45.91,86.82,136.6
f400f423,8.13,15.37,54.35
b3ca581e,6.23,11.78,22.35
a391ea41,7.93,15.0,32.21
241c5847,22.32,42.21,63.26
2c4b25e4,28.07,53.08,95.97
109897b3,6.55,12.39,59.68
0395e57a,39.73,75.13,111.12
abecabbf,11.61,21.96,35.48
aaf9e381,28.9,54.65,84.63
09b691d8,25.57,48.36,92.72
f567ea78,45.47,85.99,110.48
dd83638c,44.88,84.87,97.48
d32dd6f3,13.44,25.42,66.6
7f9e7e1b,27.84,52.65,88.93
de09426d,49.3,93.23,121.91
015eb87c,17.93,33.91,77.9
e44194d2,5.54,10.48,54.47
b6d55c45,36.47,68.97,107.01
1f1c00d5,26.15,49.45,97.14
f9f56905,47.1,89.07,117.23
41411448,29.61,56.0,95.16
2af2eec5,26.55,50.21,93.44
64461ba7,45.91,86.82,122.24
9d5f9ec1,20.26,38.31,70.43
34f25450,30.68,58.02,97.3
c585715d,42.59,80.54,104.72
03b3a1b3,30.68,58.02,82.68
e6246edb,16.29,30.81,79.87
641f4f06,28.8,54.46,69.21
652d9acf,22.74,43.0,86.68
5bab2a6c,49.27,93.17,134.72
27ec9f51,4.45,8.42,20.59
4b12ccaa,38.86,73.49,111.63
9b971d15,3.15,5.96,19.72
b711d5c9,30.99,58.61,77.03
e24ae335,22.68,42.89,91.22
9bda4ff5,45.7,86.42,110.91
ec7ffc37,27.89,52.74,65.01
f7b76c97,41.71,78.88,109.73
96f0a44e,34.26,64.79,83.05
fdfb88bb,23.46,44.37,71.42
1a2847c2,18.21,34.44,48.51
a30f33a2,7.62,14.41,28.25
4e4d5ff8,2.65,5.01,35.18
aeeaf219,2.07,3.91,27.35
2b9b8960,12.84,24.28,40.49
3df5094c,28.92,54.69,87.9
02689085,48.82,92.32,104.81
076ab985,35.85,67.8,107.91
42a240ae,5.39,10.19,22.24
c08f86a7,32.97,62.35,111.16
ad8c1c15,25.3,47.84,87.26
aa3dd357,32.54,61.54,107.43
72ac77b9,31.91,60.35,87.95
e82f8790,8.91,16.85,29.17
bcdf51af,46.13,87.24,106.42
09b09d39,28.62,54.12,102.96
9d27dd67,35.64,67.4,102.16
ace104cc,20.58,38.92,58.03
7d50227e,7.87,14.88,44.19
d3a83c86,35.16,66.49,89.19
1c79786d,47.24,89.34,118.93
06ba5cd2,29.89,56.53,99.99
d8c8023d,11.54,21.82,40.72
77da38e7,31.92,60.36,86.32
7edca25d,22.59,42.72,70.56
7e7b0a6e,21.15,40.0,73.48
b79bf291,45.85,86.71,99.82
6fb3acd8,37.38,70.69,88.97
177eadd3,26.42,49.96,75.87
1e20be59,22.04,41.68,84.05
ff56e578,13.66,25.83,43.3
60fdf8c5,18.49,34.97,80.23
4c43baa9,27.95,52.86,76.43
d1f1d5c6,4.32,8.17,28.32
04827180,19.16,36.23,62.61
ae5dfb72,25.72,48.64,80.79
8ce285c4,31.2,59.0,98.36
8dcf6b08,37.67,71.24,100.32
ae59033d,2.66,5.03,47.75
4ab6f0d9,16.15,30.54,73.29
7504f60e,14.53,27.48,37.55
2c00cb3f,27.02,51.1,92.76
8fef5b85,24.37,46.09,73.8
23ca53be,5.84,11.04,59.72
3a9878c7,38.54,72.88,115.69
faeb9380,34.99,66.17,91.53
29ed3054,41.41,78.31,113.7
a3daf1a6,7.33,13.86,31.63
f80f23c0,26.3,49.74,71.35
1abe3b7c,30.98,58.59,76.67
4e71f1b2,4.35,8.23,48.28
f5b6ce77,48.05,90.87,101.2
c13df10a,40.13,75.89,102.18
47c7fc44,13.7,25.91,69.41
52cbd436,32.18,60.86,99.22
264ad6fd,8.88,16.79,43.66
869e7927,43.91,83.04,118.36
f29787e7,6.72,12.71,39.98
7f5256ad,45.4,85.86,129.62
27bbb8ec,41.74,78.93,111.83
86860e42,24.95,47.18,82.48
8e2ef7fd,33.32,63.01,112.55
c451b906,13.8,26.1,66.9
fa4ce5b2,20.45,38.67,60.11
2fdb41f4,12.44,23.53,64.45
e46ae0de,27.33,51.68,98.82
5afb8718,17.3,32.72,54.52
97a1ea07,18.87,35.69,78.38
595c684e,23.25,43.97,63.48
4ee53e21,43.88,82.98,110.34
8ebedf60,28.33,53.58,91.19
2ac53af9,40.72,77.01,96.75
213b9978,42.73,80.81,98.3
6318b9d7,13.78,26.06,54.56
b12c20fa,39.33,74.38,115.71
2e154790,33.14,62.67,96.5
599bdafb,26.36,49.85,87.9
af8a2f4e,6.26,11.84,49.41
cb7d357a,29.47,55.73,87.51
8eeaf8ec,9.46,17.89,40.51
d197644c,41.18,77.88,104.75
3b964071,46.86,88.62,113.84
da6c52e5,24.95,47.18,60.34
5796e68a,23.15,43.78,89.72
d3e1ea2c,25.46,48.15,83.82
9311dd80,5.22,9.87,54.16
dcfe008b,13.38,25.3,66.34
70324a4e,47.15,89.17,101.9
e4a1af5e,18.56,35.1,53.75
33d9e800,30.39,57.47,105.5
48f182fb,33.16,62.71,91.19
6bd7bdfc,44.1,83.4,125.88
1f0a11cb,13.43,25.4,58.42
4daea63d,44.73,84.59,127.53
4ab1d7b3,20.8,39.34,78.72
1f919894,46.25,87.46,108.65
87ea5676,21.74,41.11,90.76
6b765c06,6.99,13.22,42.84
5784b689,4.5,8.51,41.91
9db4fcf7,48.43,91.59,123.21
b191b435,7.82,14.79,60.2
70ad2227,27.98,52.91,74.11
a7346a5c,27.3,51.63,64.1
2817fd01,21.27,40.22,67.34
7ed87a95,22.07,41.74,88.47
7bf0d6dd,24.83,46.96,74.53
067c394c,6.78,12.82,33.92
d0bc3f9b,39.96,75.57,110.31
aac7392e,20.1,38.01,77.51
e707575b,13.74,25.98,54.49
7867e45a,17.28,32.68,57.88
b7e88a9f,31.37,59.32,83.9
1e9ac701,39.21,74.15,101.0
0fe427f1,9.36,17.7,61.41
6646dd57,30.44,57.57,86.87
50908c53,22.28,42.13,64.7
b4c1c81c,43.37,82.02,99.31
5293f342,47.57,89.96,111.26
e08c2273,34.57,65.38,93.89
e423df60,30.31,57.32,89.23
c72d30d9,39.46,74.62,109.48
7549e33e,25.8,48.79,61.65
bc58e29f,4.66,8.81,43.34
36d02168,35.65,67.42,91.5
1c9acbdb,29.86,56.47,76.75
bed7b8f2,9.27,17.53,40.77
624447cd,12.22,23.11,64.49
04915941,13.07,24.72,66.85
1496075a,37.16,70.27,84.42
8836f36f,26.88,50.83,80.62
fa5e362d,4.3,8.13,39.31
90c67121,42.22,79.84,91.05
7c1f4973,32.96,62.33,101.01
726ba67f,37.19,70.33,95.0
cb1ff619,47.0,88.88,115.6
716fba08,14.49,27.4,61.8
8ef38eee,30.3,57.3,86.06
109b0bc5,38.49,72.79,112.71
5c11e676,26.61,50.32,84.15
5a45c47b,25.33,47.9,66.94
cc5ca1e2,46.58,88.09,132.91
98a9fd38,13.69,25.89,44.52
fa5bd510,33.34,63.05,101.59
2305a80c,48.57,91.85,133.54
fd693f84,12.56,23.75,61.28
77a34166,24.2,45.76,72.63
d4af5ed9,48.82,92.32,137.44
6b647833,3.72,7.03,30.14
214359d2,32.23,60.95,98.43
709b86c2,21.42,40.51,85.62
60947993,39.01,73.77,89.99
0e70164f,17.52,33.13,69.24
4525845c,19.9,37.63,83.67
992df951,26.75,50.59,64.71
a30a7405,18.6,35.17,51.0
f432f682,14.46,27.35,52.48
f482ecf9,19.06,36.04,85.81
2e7d77af,45.58,86.2,105.16
9fcfff33,18.45,34.89,57.88
a445716d,45.17,85.42,128.82
7ae54d71,11.84,22.39,37.62
191e53e8,34.26,64.79,114.64
857acbb7,37.76,71.41,110.96
a1d3571a,7.35,13.9,62.27
564bb574,28.11,53.16,68.94
75fd533e,2.63,4.97,24.27
071c15c9,46.55,88.03,112.86
37c14611,27.16,51.36,63.4
b8fa8a32,3.76,7.11,19.54
7e7e2029,34.79,65.79,111.94
2d98a828,44.51,84.17,95.88
d55588ee,37.4,70.73,110.73
0c599931,8.42,15.92,54.63
56631a9f,27.91,52.78,65.69
c760df46,37.19,70.33,87.84
cc39009c,40.43,76.46,104.65
f1c35b28,2.77,5.24,40.91
1344ba0e,15.62,29.54,75.37
d97de0ba,44.46,84.08,115.15
ee4b71dd,14.4,27.23,74.68
cf2d7bd5,24.68,46.67,64.28
ec43c692,35.44,67.02,101.93
8fb80172,49.31,93.25,137.04
d78aaa5e,22.44,42.44,61.77
b146f2a0,26.18,49.51,91.05
1afeb325,28.81,54.48,80.49
6a947291,13.24,25.04,75.02
f788f0c7,19.7,37.25,50.91
c84be8ff,22.85,43.21,75.34
31f5c2a9,2.93,5.54,46.86
2f25b9ad,2.37,4.48,41.53
dacfbcef,12.77,24.15,54.37
c3975393,26.59,50.28,80.8
3b97f28e,47.87,90.53,116.75
4da0cfb8,48.69,92.08,115.77
0de08f90,33.06,62.52,96.27
2f844e63,41.7,78.86,118.79
7e92aa4a,45.23,85.53,106.7
515db3fb,42.28,79.96,127.82
6fe23cbb,28.1,53.14,77.73
3fddd283,35.8,67.7,95.06
e21644e2,2.17,4.1,30.55
15a47e09,33.11,62.61,77.06
1be51b72,22.44,42.44,57.08
dd5c1496,32.95,62.31,104.12
def17208,35.33,66.81,92.06
012f0a16,6.7,12.67,31.31
b7ccddcd,43.98,83.17,121.48
e0855073,10.44,19.74,68.13
d7c66691,2.5,4.73,52.2
152631ff,22.63,42.8,81.74
8872a668,6.3,11.91,29.57
686805ca,47.89,90.57,106.73
aab90ddb,15.62,29.54,74.38
7593dda5,12.73,24.07,72.58
09d5e30e,14.58,27.57,62.46
6808707a,15.6,29.5,75.55
b8d5e5eb,5.0,9.46,52.06
53171add,27.92,52.8,68.96
5d892942,2.86,5.41,24.33
f5c38dac,37.84,71.56,84.27
b70f1297,38.85,73.47,102.43
0cf1e155,21.19,40.07,63.03
e09a1ddc,48.6,91.91,118.95
cedd5460,39.53,74.76,85.11
290df533,7.91,14.96,53.81
03ee8cc0,49.03,92.72,110.74
2b223b14,42.57,80.5,105.23
d7629b7d,35.79,67.68,93.78
09be3c6f,33.37,63.11,75.76
ee3ec439,31.03,58.68,83.3
bef2ea65,49.53,93.67,139.66
cd8c5b54,24.97,47.22,92.95
d2d35ddb,9.96,18.84,29.82
40f4e173,16.13,30.5,41.69
55163238,20.01,37.84,71.6
b0f553f2,17.19,32.51,50.7
21d00732,3.46,6.54,52.48
f8934dfa,5.54,10.48,39.79
5694a540,2.24,4.24,27.27
c2b9e769,34.6,65.43,113.56
a0c23c08,33.9,64.11,86.83
33ccdb62,5.27,9.97,32.8
dad13d9f,17.13,32.39,47.71
9693f68b,15.58,29.46,48.35
565d2bc4,23.77,44.95,85.37
7f162243,19.22,36.35,76.74
3faf6487,41.38,78.25,103.71
79a8c2ef,44.37,83.91,107.89
849f4b40,11.89,22.49,49.23
64f3d1f2,7.81,14.77,36.8
99380d00,42.29,79.97,114.28
4aef1e64,26.07,49.3,92.76
461def14,17.57,33.23,43.6
713bb435,4.47,8.45,55.89
45e8a714,31.09,58.79,73.51
cdf1528c,11.97,22.64,68.63
280e3cbd,3.81,7.21,26.55
02d321c6,23.35,44.16,90.84
17d70ea4,30.66,57.98,99.47
57a2a105,10.23,19.35,40.12
ff5e2b8b,33.27,62.92,74.05
cee9edf0,11.07,20.93,59.56
7d35500b,3.0,5.67,48.54
c59da0fa,9.15,17.3,54.49
90b6a646,30.18,57.07,82.34
bb7ce176,32.49,61.44,76.54
8d14e454,43.51,82.28,106.16
ce2b64c0,4.99,9.44,30.18
004d84e5,47.74,90.28,129.2
e153273f,27.05,51.15,67.52
c3ce8118,13.79,26.08,68.86
71fb011a,19.54,36.95,71.43
f73b4a8a,4.67,8.83,38.13
d3343b9e,7.28,13.77,38.18
89a1a1cd,44.36,83.89,114.19
ad1e79fa,7.08,13.39,45.0
16f1e349,4.68,8.85,28.33
7df5b2b7,30.72,58.09,107.64
948e141d,20.37,38.52,84.9
d8e0712c,21.48,40.62,66.25
fddd74aa,7.77,14.69,34.85
41a233fd,4.12,7.79,30.07
9b5bab21,43.56,82.38,131.59
3321ad16,20.7,39.15,65.43
b49dd3a0,7.29,13.79,60.27
37a79f03,11.61,21.96,34.32
1c770b42,6.94,13.12,54.19
ab57bc67,24.95,47.18,87.67
a215086f,40.57,76.72,112.76
940e28d8,20.89,39.51,54.35
1b1f4e0e,31.76,60.06,109.32
43c7b748,34.42,65.09,83.6
ab284d55,36.18,68.42,106.81
14e6c135,31.07,58.76,98.82
2365abfd,28.6,54.09,94.49
389e9a0e,24.96,47.2,90.24
d64eb9f4,24.73,46.77,96.33
3e1a9b3d,17.98,34.0,47.84
ff2f7a6e,26.22,49.58,78.47
b81a4cfc,24.99,47.26,96.25
1b10202e,17.33,32.77,78.05
c36a51fc,16.46,31.13,80.75
aa811a39,23.41,44.27,77.57
46255a3b,40.55,76.68,113.59
2c24333c,13.89,26.27,46.82
3984ced2,42.58,80.52,108.85
be4e08f2,36.75,69.5,80.34
4f3a92cc,14.57,27.55,66.34
7ee2aead,2.66,5.03,52.07
f81af166,5.69,10.76,25.25
e86098bb,44.38,83.93,112.11
08c82bc3,40.73,77.02,111.95
7c183fb8,20.22,38.24,73.53
febf17cb,4.96,9.38,31.64
de8b1416,40.93,77.4,88.19
27b9a0ec,14.25,26.95,72.46
38613715,47.75,90.3,103.97
b94d127f,27.1,51.25,68.36
3e826a0d,36.33,68.7,117.21
e47979ef,24.17,45.71,75.72
2e17cb9a,3.33,6.3,51.26
7cb89e77,5.03,9.51,55.39
d74c491e,48.85,92.38,141.96
571ef6b7,21.79,41.21,52.84
3a3f2f77,10.79,20.41,32.53
0b30ff36,36.57,69.16,86.79
6f4d580d,44.35,83.87,120.13
bfcc36ec,14.82,28.03,48.51
1bcf57ec,29.41,55.62,85.44
5ebbc09f,13.78,26.06,67.51
8b05532c,41.48,78.44,95.87
5ea7f548,6.17,11.67,33.11
87808946,19.88,37.6,76.7
7333473d,20.24,38.28,48.59
1703365e,32.57,61.59,101.89
e605c16a,10.55,19.95,57.0
59ffb2fe,24.8,46.9,62.08
bbd3507c,28.5,53.9,73.65
9725db2e,44.76,84.65,95.27
da53639f,27.28,51.59,84.85
1287751b,8.33,15.75,41.63
cca1ed1d,6.86,12.97,39.91
6a5458e6,46.36,87.67,101.8
7e099d97,49.02,92.7,116.79
3fa9fbb7,10.02,18.95,65.71
b509f309,38.06,71.98,84.57
5056d7e5,14.03,26.53,75.53
a3f2ff48,41.98,79.39,123.31
d78bbdf3,6.64,12.56,30.68
aaeaf395,22.98,43.46,81.68
d7512544,30.61,57.89,71.53
1d1154b6,42.92,81.17,97.56
4335a276,43.12,81.54,111.06
fc6fcdb1,10.85,20.52,46.54
bdd35f26,48.42,91.57,134.17
40797b87,32.65,61.74,109.31
85e8c910,33.62,63.58,111.29
4517150e,44.67,84.48,100.36
9153d60e,17.37,32.85,70.3
f2134614,21.93,41.47,74.3
2498b6f2,49.28,93.19,118.0
50021476,2.79,5.28,55.07
fd6aa2b6,43.62,82.49,110.73
7cbace46,42.44,80.26,116.87
e4780705,14.6,27.61,57.72
a48a2a27,41.44,78.37,92.49
52c1f63f,17.85,33.76,49.4
afacbf8f,32.19,60.87,100.88
fccc8d06,23.45,44.35,86.42
e12fd5f1,6.86,12.97,37.52
89f9c06e,44.98,85.06,97.74
def869b8,28.17,53.27,101.55
5d2f9a37,25.13,47.52,77.4
f367569f,44.22,83.62,98.99
5bfa3439,17.74,33.55,51.49
fb83d0fc,29.38,55.56,67.37
a4a5f186,44.35,83.87,122.26
d740d1ad,18.46,34.91,73.07
154cadef,40.09,75.81,109.91
2c358dd0,26.69,50.47,82.32
1bf69259,9.57,18.1,43.36
631322a6,3.95,7.47,55.5
2fafeaae,36.88,69.74,111.76
cb9cf8df,14.57,27.55,73.85
72d1a6f8,41.15,77.82,100.29
a0550ed1,11.07,20.93,70.06
5fd7e938,29.26,55.33,71.94
581b4f34,6.49,12.27,24.52
2f5b257a,37.32,70.58,93.37
01c52c1b,38.75,73.28,91.33
e2c084b3,45.99,86.97,117.67
4cffee50,28.95,54.75,78.76
7d30216d,7.11,13.45,30.32
30cc7518,41.73,78.92,122.69
a9ad3809,17.07,32.28,62.6
369e8df9,45.18,85.44,99.82
1c4dd68b,48.94,92.55,105.56
eb9e340d,8.36,15.81,41.14
3b9c7c35,5.98,11.31,57.63
3dbbcb43,45.08,85.25,115.57
933819c3,45.15,85.38,100.95
7120769b,30.09,56.9,76.77
eb47ba07,44.63,84.4,96.38
16da4b21,46.67,88.26,131.53
1701e99d,28.66,54.2,102.04
0d76317b,34.95,66.09,79.2
9706890f,31.45,59.48,76.4
14ec4f19,10.38,19.63,36.47
d622e257,22.94,43.38,85.53
d6867b7b,34.71,65.64,109.21
69703357,31.29,59.17,85.94
cf17cb82,12.32,23.3,72.07
de7ab8cc,45.67,86.37,106.75
a028f699,39.64,74.96,105.96
a990bf3e,5.29,10.0,59.85
993759b7,18.52,35.02,78.1
ece75046,49.79,94.16,123.65
302552a8,20.71,39.16,53.5
e8553125,33.84,64.0,110.17
421b7c9c,6.83,12.92,44.61
f443838b,16.92,32.0,54.33
937fcce5,44.34,83.85,111.9
ea017e76,26.51,50.13,72.57
919cd81a,41.61,78.69,110.73
d0053074,2.37,4.48,25.4
a9ebbf03,33.97,64.24,92.08
51d70b61,16.4,31.01,58.06
fc34766b,43.32,81.92,116.56
4ed42d1a,47.31,89.47,100.04
f9d142f7,35.01,66.21,100.16
ac706afd,9.01,17.04,50.76
5d4e1c1a,24.47,46.28,71.97
dffb9cc2,24.3,45.95,65.83
2e92b100,41.85,79.14,122.71
64cc91a3,24.11,45.59,69.38
c98cbac6,17.97,33.98,56.45
a617e920,31.34,59.27,87.8
f3526097,33.06,62.52,83.64
126287bb,40.88,77.31,120.54
1a3b1863,45.22,85.52,118.12
b9dd194d,44.72,84.57,124.75
6d444491,32.08,60.67,100.49
f48f4a22,27.17,51.38,92.91
5eb84e3a,40.46,76.51,121.28
f0d495b8,16.73,31.64,78.42
7b0d7dc7,38.38,72.58,97.92
76f17af8,26.29,49.72,77.47
92bbcc95,7.94,15.02,27.02
2fb91f75,38.14,72.13,119.16
eb33c867,33.13,62.65,96.14
d880e28a,5.96,11.27,49.76
964c244c,23.62,44.67,72.11
b10f60b8,25.35,47.94,76.89
3a8fed3a,33.37,63.11,94.84
fc1ea58b,34.57,65.38,107.19
49ba1475,11.15,21.09,55.61
99e42544,3.62,6.85,49.3
7b599ac1,40.12,75.87,94.54
84c8f3e2,49.12,92.89,111.12
2cc37869,47.15,89.17,107.44
7890ac81,26.04,49.24,59.43
4846a85c,27.39,51.8,68.96
50e933d9,46.67,88.26,103.01
a4daea00,28.12,53.18,81.33
2b4a6178,15.33,28.99,44.08
841f4189,34.52,65.28,91.91
13f8eb13,24.91,47.11,97.09
fdcde67e,39.68,75.04,105.17
36ab9a16,39.6,74.89,121.88
3dfde585,46.93,88.75,126.83
e7f9c26f,8.62,16.3,62.07
bc925c30,27.02,51.1,86.12
d9aa434c,39.72,75.11,117.51
171368fb,22.87,43.25,65.36
a1ad9d2b,32.09,60.69,85.57
ced7d735,41.22,77.95,126.36
e6feb94f,24.72,46.75,67.45
c5c647a0,21.6,40.85,67.7
9210df3d,10.67,20.18,56.23
bd2bd713,41.58,78.63,104.33
fe6055aa,40.2,76.02,86.86
a3ee15a1,37.67,71.24,112.93
c6eb5463,20.88,39.49,62.92
42f10b4a,29.99,56.71,75.82
3087881d,7.95,15.03,45.25
57685477,17.34,32.79,43.13
63dff51c,22.91,43.33,87.89
3d3a3c9b,4.09,7.73,28.18
ef138e3b,6.97,13.18,60.09
4b179b7c,41.83,79.1,116.21
8976496e,48.62,91.95,123.9
265761e5,17.46,33.02,75.27
254b7a76,7.12,13.46,63.19
ce23a231,46.9,88.69,108.74
9d1669f6,45.89,86.78,110.98
68a257d8,33.42,63.2,92.58
458fa50b,18.25,34.51,66.09
b2858242,7.4,13.99,46.11
2f142466,47.1,89.07,121.03
ece1823b,46.18,87.33,130.46
b8fb4591,37.67,71.24,97.42
7ed0c89e,46.83,88.56,99.0
d7496e52,8.71,16.47,61.5
7abce11e,7.24,13.69,50.18
2fdbcec2,11.22,21.22,38.8
b25087a8,12.34,23.34,34.52
6a32bb62,41.7,78.86,101.49
6c76927c,46.24,87.44,102.42
479b0a79,12.35,23.36,69.23
ebf220cf,24.21,45.78,66.89
9b7b172f,23.82,45.05,83.28
1068e0f0,10.54,19.93,56.25
bdb02043,42.96,81.24,119.8
4187dac2,27.08,51.21,82.41
380a06fa,29.18,55.18,94.37
26c29442,14.4,27.23,57.73
6238da9b,28.84,54.54,79.64
f9237bed,40.04,75.72,120.06
b06eff7d,16.64,31.47,59.82
62e6ddd6,7.44,14.07,46.79
86115787,30.03,56.79,85.39
63a8a72f,32.52,61.5,102.52
82f3b118,11.7,22.13,53.72
4a26caa0,13.92,26.32,55.15
dec62779,9.35,17.68,37.99
91173e46,46.23,87.43,133.89
032cb101,12.22,23.11,67.64
5814c29d,2.51,4.75,32.01
930516ed,42.33,80.05,116.44
a8e79b51,40.55,76.68,107.0
f352c729,23.91,45.22,62.27
16b7f56e,40.26,76.14,101.18
8903c2e5,23.58,44.59,88.72
1ecf85b2,12.78,24.17,66.07
a6134eb3,22.45,42.46,56.56
631f7f9e,25.37,47.98,60.99
b0f4c845,2.43,4.6,48.74
d14819fd,7.44,14.07,60.04
d430a977,43.99,83.19,104.96
7fa43b30,20.84,39.41,63.38
407898e3,17.91,33.87,57.3
0dbb706b,44.64,84.42,99.5
365de916,9.42,17.81,57.61
ccf8bc39,12.42,23.49,48.29
58167a60,41.74,78.93,122.38
3668a97d,15.42,29.16,74.3
a5c59d58,32.4,61.27,107.78
077dd3fc,37.5,70.92,113.64
9f719e25,12.69,24.0,65.56
1f9b815c,14.16,26.78,54.76
4b3d1b36,26.78,50.64,61.72
2b4b64d1,40.03,75.7,90.18
0e65a681,28.61,54.1,85.34
30db47ce,5.23,9.89,34.29
369ca670,18.84,35.63,78.79
34f834b7,17.87,33.79,66.32
fd7c112b,40.76,77.08,91.03
03e6a4ce,15.9,30.07,59.21
9260b214,45.26,85.59,128.47
f70ca22a,18.08,34.19,78.71
3a5f1c34,11.32,21.41,38.05
a13a8b39,27.92,52.8,66.81
12c0aa47,20.55,38.86,64.34
eab9122e,33.08,62.56,75.18
7fed2ac7,45.95,86.9,125.95
ca483d61,47.16,89.18,117.08
1173df76,12.91,24.41,42.34
ba27f96f,9.79,18.51,32.61
18deff19,47.12,89.11,136.2
7c8249c6,41.0,77.54,89.26
2c459233,14.56,27.53,41.45
238fb0d5,40.64,76.85,96.22
0e04a94d,37.57,71.05,84.84
7bc6171f,14.17,26.8,62.57
19aa2835,45.48,86.01,104.74
c2de68b4,17.45,33.0,62.2
6210bec1,25.05,47.37,91.78
b0dd512e,31.24,59.08,102.07
ec18dc22,11.18,21.14,36.99
92c3c437,31.34,59.27,72.82
de68786f,35.9,67.89,104.46
018a95ba,6.87,12.99,31.4
9acc7dbe,20.21,38.22,79.48
d495ab41,31.38,59.34,86.72
5f6fc53f,46.46,87.86,104.04
654a4d2e,44.77,84.66,133.63
ab2de9be,10.14,19.18,31.4
b474f11b,31.3,59.19,74.16
a7f10fcf,6.7,12.67,55.15
f6d84d51,16.11,30.47,58.58
82794654,30.67,58.0,105.52
cff6896a,5.91,11.18,25.7
f0d42948,44.67,84.48,100.76
9e0ea644,41.79,79.03,89.1
16cfcbd8,24.72,46.75,65.43
ea2ceedb,25.6,48.41,84.7
e1f8ada8,44.31,83.79,122.72
8fa59bac,4.42,8.36,35.56
16c2bdea,8.91,16.85,37.14
79334372,16.78,31.73,70.38
1b9f205f,19.49,36.86,53.76
20682af7,49.4,93.42,134.1
ce8ee162,9.08,17.17,58.63
5bed4840,16.55,31.3,58.94
fe0435a7,41.74,78.93,96.67
ed3faabe,39.65,74.98,110.17
4d00200d,33.43,63.22,107.36
ed8afb55,17.77,33.6,64.78
4b395af0,7.65,14.47,42.91
2310200a,49.21,93.06,142.23
7bac1ea6,14.07,26.61,58.11
f7d819d7,42.54,80.45,91.82
23dfcba3,44.96,85.02,115.1
03224b02,23.16,43.8,71.61
3afe306c,42.84,81.01,102.69
0c63314e,15.39,29.1,51.79
c53dfc13,44.72,84.57,131.8
d0b993bc,32.53,61.52,76.86
a65c6d9d,11.33,21.43,61.99
83a56788,39.75,75.17,121.27
de209bcd,45.86,86.73,107.11
20abffde,29.38,55.56,68.23
1c8bea1e,38.5,72.81,95.1
4d76e987,40.15,75.93,103.25
20e2fdb3,39.8,75.27,123.33
c7848a42,23.81,45.03,72.24
21f6ebd1,37.52,70.95,84.63
631a60d6,28.33,53.58,69.46
0ed93ea4,21.9,41.42,65.53
a9e22fde,9.96,18.84,36.21
91f5dced,45.63,86.29,98.71
e3436475,21.92,41.45,58.46
950b3a56,13.5,25.53,39.75
7b4df7da,13.63,25.78,43.89
cbad2d24,13.62,25.76,75.62
df3aee97,2.12,4.01,31.83
3f0c316c,23.03,43.55,79.89
3f13ae34,44.75,84.63,101.24
c3b4698a,3.21,6.07,50.04
07912d1a,47.92,90.62,111.3
350a7db9,10.6,20.05,69.35
58971b7e,36.51,69.04,112.51
679f5cf8,39.7,75.08,123.11
619ffb25,37.29,70.52,107.25
c5fc3a15,18.28,34.57,70.89
4c0891d3,35.78,67.66,111.3
655bdd30,24.7,46.71,85.32
5738fd07,9.31,17.61,51.86
dea844df,11.64,22.01,46.34
5aa24647,3.25,6.15,25.06
e8a04447,17.93,33.91,75.2
80fc980c,36.94,69.86,95.3
61ace40b,48.51,91.74,104.19
e5151cf0,8.41,15.9,45.08
58114d17,18.96,35.86,72.16
1ec3b29e,10.71,20.25,31.17
99a89dba,38.52,72.85,111.05
091614d1,46.14,87.26,106.25
dfeb58fc,7.47,14.13,33.02
21fe140e,45.37,85.8,118.32
4944ac4d,15.03,28.42,51.91
76ea9001,12.71,24.04,52.06
9275722a,4.72,8.93,39.45
90487346,5.86,11.08,57.92
be074304,5.32,10.06,28.26
a18c7b47,23.43,44.31,72.88
62052753,33.61,63.56,105.0
33b5051f,10.85,20.52,38.73
7d17c45f,12.45,23.54,36.84
c5e97f4a,10.3,19.48,30.19
7a259173,40.71,76.99,91.14
6293461c,8.58,16.23,37.21
97b27a42,5.52,10.44,36.81
a6f87da9,3.76,7.11,40.86
134840ee,3.93,7.43,25.43
b142884c,28.24,53.4,74.19
f45036fc,6.51,12.31,50.27
a4cb14e0,12.68,23.98,70.34
9f97b8c1,41.97,79.37,94.79
6d931d49,48.47,91.66,120.56
51923eb7,43.32,81.92,103.74
2479afa6,48.06,90.89,122.01
74a5f658,34.18,64.64,79.41
a97806fd,49.39,93.4,114.24
292253ed,25.82,48.83,87.18
313d610b,40.15,75.93,118.7
8440ac02,48.64,91.98,126.85
b4d49c1d,36.05,68.17,115.95
2681cf4b,47.92,90.62,126.74
c001c3e4,14.17,26.8,66.66
1da8257d,16.41,31.03,55.33
b8115b09,21.07,39.85,56.64
b75224b8,24.3,45.95,82.27
b866d115,45.08,85.25,132.01
120d4bc6,44.62,84.38,133.66
5b4668d9,33.58,63.5,91.5
b1e1bffd,13.15,24.87,56.46
7e666e2f,13.54,25.61,48.06
5737df58,32.32,61.12,98.02
b3dd0f73,26.16,49.47,90.08
9579f2c6,14.41,27.25,38.9
ca9623d2,10.08,19.06,62.93
0cedc9de,36.69,69.38,99.93
a0f41f58,41.04,77.61,110.8
fee4c81f,14.54,27.5,45.75
2e4617ec,22.4,42.36,52.77
716b60d7,36.25,68.55,116.64
7c1f38fb,24.52,46.37,93.51
d03892d7,48.14,91.04,132.01
9d342ef0,8.22,15.54,44.48
fca5a437,43.01,81.34,104.04
8a9ac85d,16.69,31.56,47.8
bc7b83bc,34.98,66.15,79.39
a26ad6ac,14.18,26.82,55.11
40285e96,48.39,91.51,133.2
fe75202f,4.41,8.34,47.38
db052dd4,26.65,50.4,90.64
808e1895,45.7,86.42,101.17
97bd0454,24.55,46.43,90.94
df510b3f,42.34,80.07,122.23
dd24f316,47.59,90.0,103.76
75469526,5.26,9.95,34.21
72e1b7bc,25.46,48.15,73.16
0108b165,34.95,66.09,105.49
1a636f3b,41.94,79.31,123.73
8cd1e11d,9.83,18.59,43.62
457ecb80,29.21,55.24,70.47
8f3fb171,9.82,18.57,31.87
114f9e0e,38.26,72.35,107.9
80512921,15.66,29.61,59.53
843b6829,14.9,28.18,74.26
fbc1c6fa,38.95,73.66,121.8
b07b9118,42.42,80.22,126.14
0f12d794,18.48,34.95,47.98
b4b8fe63,26.05,49.26,70.63
82f511c9,35.29,66.74,86.29
4d14a557,37.77,71.43,84.18
57c0580c,38.97,73.7,120.43
e0b23ef8,20.74,39.22,85.01
47694042,27.74,52.46,78.09
c4ebe58f,7.26,13.73,62.08
e6bd6573,47.53,89.88,122.41
873d099c,35.67,67.46,94.82
27bff662,20.03,37.88,69.87
0f4a04c6,20.7,39.15,66.03
0f0e8f3d,6.34,11.99,33.67
8d342f28,23.93,45.25,62.49
d11e1a02,34.31,64.88,93.31
015424d1,47.72,90.24,121.47
6b3ef808,33.08,62.56,105.42
8e897513,33.23,62.84,91.78
5f89c9ad,39.75,75.17,118.35
86be6238,26.47,50.06,98.25
979909c1,3.54,6.69,45.55
25f03e8d,44.71,84.55,99.34
b209bd20,21.32,40.32,68.77
2205b7ef,49.26,93.16,137.43
c8358cad,21.51,40.68,70.35
45a68cba,34.08,64.45,106.88
a7aafab8,24.07,45.52,86.56
9bbc43ae,13.16,24.89,41.28
bbecdbf1,46.68,88.28,111.46
93813f4e,32.11,60.72,101.28
994079b2,23.63,44.69,61.06
9347bb40,8.92,16.87,43.78
89c239a8,49.96,94.48,109.97
2105d42a,44.97,85.04,104.47
37a03d67,22.29,42.15,63.57
e85a39bd,10.23,19.35,50.56
0f91e003,3.42,6.47,52.95
536cc5df,9.29,17.57,42.99
64aa26d3,27.65,52.29,96.29
555197de,41.16,77.84,115.65
2835a9b2,19.45,36.78,78.0
d5b3f284,22.83,43.17,83.66
cf4436df,24.72,46.75,68.83
5070026e,2.84,5.37,24.82
72dc53ae,10.5,19.86,68.96
43b55303,26.04,49.24,88.75
64ad2a82,15.41,29.14,53.77
6763ec26,27.12,51.29,83.47
888d371b,7.19,13.6,54.63
0a97171e,40.54,76.67,88.9
7e05e5b1,39.62,74.93,88.89
04baa1a2,34.15,64.58,75.58
08f9416f,27.51,52.02,68.58
b2f2e29c,20.71,39.16,53.93
6752df7d,34.77,65.75,94.27
ba749548,39.53,74.76,96.25
b8203b2e,40.81,77.18,89.0
b6e5616b,18.68,35.33,63.31
4d24839f,11.31,21.39,54.53
bff25c05,18.41,34.82,59.63
d4ee38dc,2.37,4.48,24.89
fd7db935,22.31,42.19,67.81
0309018b,15.13,28.61,59.41
ffedd60a,39.92,75.49,102.93
086985d0,34.39,65.04,78.77
d41b3a38,3.25,6.15,34.42
03489cc8,8.93,16.89,55.7
cf0d1de7,28.03,53.01,95.81
0dbe8fcc,31.67,59.89,87.47
e0246e3d,38.91,73.58,123.33
28854eb5,48.48,91.68,135.39
4f71ad7f,35.69,67.49,86.11
1a0dd92d,28.16,53.25,81.52
16665e9f,21.89,41.4,63.22
f8bf7cb9,37.43,70.78,102.79
534a2b28,46.87,88.64,107.6
1a099350,22.3,42.17,53.58
6be3884a,30.06,56.85,103.03
8a31f89e,11.94,22.58,53.37
8722105d,43.16,81.62,128.22
70a0a786,36.25,68.55,83.28
2c9dc89d,19.03,35.99,52.05
74f64305,43.95,83.11,102.17
3bce271d,48.6,91.91,120.19
ef1d5b3a,15.85,29.97,75.17
d1b5115e,10.96,20.73,56.75
d8e6543a,41.93,79.29,91.49
ae0aa648,29.96,56.66,82.95
d9d1c1c7,44.45,84.06,122.99
5adb7d8a,18.68,35.33,58.23
12f8b01b,29.9,56.54,86.24
6042f952,29.71,56.18,94.64
eba34aeb,11.04,20.88,69.48
f3843491,49.61,93.82,117.15
03a0dad2,33.87,64.05,103.83
6058d373,33.88,64.07,103.97
bf7e21cf,16.25,30.73,62.44
d0030ac5,33.22,62.82,105.35
204e7629,41.98,79.39,110.83
1a2859f9,41.05,77.63,112.63
fe2503be,46.15,87.27,130.76
254d4f5a,9.14,17.28,46.33
fa0300a0,10.78,20.39,49.51
e59741d8,36.09,68.25,101.89
2beaa9c2,40.77,77.1,119.27
4b3baf33,34.37,65.0,80.09
51936d38,8.86,16.76,57.61
cc897752,30.56,57.79,79.58
85520218,37.92,71.71,84.55
d3bbeb12,8.58,16.23,57.92
75f81c47,4.68,8.85,24.66
ed99710f,14.23,26.91,45.44
9477ef3b,6.36,12.03,50.28
460a6f42,9.13,17.27,49.85
2cb09004,11.76,22.24,69.06
d17b73bc,27.47,51.95,100.12
511e8b28,9.48,17.93,40.49
a225267b,31.02,58.66,81.63
e7524657,15.95,30.16,48.55
0750f168,16.91,31.98,62.68
44dd994b,48.44,91.61,116.73
86afa726,40.65,76.87,87.46
4307e834,22.36,42.29,68.09
ef8338e5,23.48,44.4,56.87
997e9db0,7.51,14.2,56.16
8667296a,42.54,80.45,127.61
6c81625f,2.19,4.14,25.97
4a7e03da,8.94,16.91,52.94
c09f4f79,27.64,52.27,65.81
c465c09b,11.04,20.88,45.42
2214823e,32.37,61.22,94.26
7fc4faaf,2.17,4.1,18.27
5245ef70,6.72,12.71,37.8
15fb5509,38.7,73.19,121.4
9d26d0e1,29.67,56.11,72.75
a471c936,2.93,5.54,40.35
0b18467e,11.88,22.47,65.8
613c1f53,13.47,25.47,66.32
aec15f2c,42.75,80.84,121.7
fa69791a,29.96,56.66,69.02
6297c971,27.99,52.93,101.87
5bd10d52,6.16,11.65,50.74
d5f4bbda,33.53,63.41,111.58
2fbc4d39,9.48,17.93,67.1
e3fbc9b6,27.04,51.14,75.42
86aba22d,30.45,57.58,89.32
1ffe34d5,42.41,80.2,119.38
ec44cfde,40.71,76.99,120.95
f9b9e77f,11.13,21.05,69.89
10e6946d,45.98,86.95,135.93
fba2e3cc,2.13,4.03,27.14
13a646e4,17.85,33.76,70.98
155f5269,5.19,9.81,25.69
d2ebd038,36.61,69.23,111.65
b50ac6fa,26.01,49.19,65.57
a8b32618,10.4,19.67,65.3
a5c083c3,6.09,11.52,60.68
54a1d77c,12.85,24.3,37.75
b16826ee,46.2,87.37,117.86
210fc734,34.53,65.3,85.89
87f81525,13.63,25.78,54.58
1658c37c,44.9,84.91,106.66
0bc5488a,8.55,16.17,28.8
d5a41b94,35.05,66.28,92.05
d89aed73,22.39,42.34,60.52
1a59cf00,14.88,28.14,60.11
e9ea16ea,14.59,27.59,64.81
d171171b,26.04,49.24,75.45
7a9f9301,46.71,88.33,106.48
10b3c6c0,37.63,71.16,88.83
907ea0ed,33.78,63.88,73.98
f3a9d71e,44.03,83.27,121.37
907b3c4a,29.38,55.56,75.69
d560cb74,11.21,21.2,70.03
27db4d8a,48.9,92.48,132.36
1dcda0a2,27.67,52.33,74.15
84c55091,17.13,32.39,48.75
b26a3aa0,39.35,74.42,109.39
597a306a,24.27,45.9,90.48
24cb4976,2.6,4.92,38.29
2e61d7b2,17.36,32.83,43.27
b4807b72,23.95,45.29,86.74
3d312f4f,19.89,37.61,86.18
83405601,28.48,53.86,65.76
d9f4f7c4,10.8,20.42,62.79
4035110a,29.48,55.75,94.51
70aab60f,49.35,93.33,119.23
afcb83e4,38.18,72.2,107.56
25b74b8f,34.86,65.92,82.27
8a27dc4d,11.63,21.99,60.79
994c7667,29.93,56.6,89.85
6e79d155,41.34,78.18,91.64
24cb61f3,13.55,25.62,70.35
9490b7ac,6.17,11.67,26.8
fca410a2,33.76,63.84,91.37
38262eb4,34.33,64.92,80.17
a01ffde7,40.61,76.8,112.64
629942b4,32.22,60.93,100.44
a8b2ee94,42.71,80.77,128.66
4c19a77c,14.77,27.93,48.03
c179f392,3.69,6.98,31.63
4f1d5799,37.17,70.29,95.76
f025ce35,20.53,38.82,52.7
71460452,12.06,22.81,65.13
7e926425,4.48,8.47,21.78
f8b4d45f,38.26,72.35,95.89
c1bc14e3,41.66,78.78,96.4
063827b9,20.67,39.09,75.67
a8705681,44.48,84.12,130.34
7a2d079e,21.95,41.51,81.37
38829f26,47.67,90.15,131.13
4113310b,49.19,93.02,106.16
d74899eb,41.25,78.01,117.57
0bd73541,14.3,27.04,39.54
4602756e,19.58,37.03,66.4
a87387a8,27.57,52.14,89.82
817fa7cd,17.78,33.62,53.81
be58078e,41.31,78.12,115.42
1995a968,46.52,87.97,133.19
2279b955,49.32,93.27,138.39
69c179f3,18.14,34.3,51.98
2bc23fb3,14.97,28.31,49.29
f9fb7d59,9.73,18.4,55.04
eea0e360,4.28,8.09,51.74
91480d71,10.5,19.86,48.07
848e6c9f,15.66,29.61,76.5
d26215c2,20.77,39.28,72.26
421ab70a,7.27,13.75,34.23
ff6d5613,41.37,78.24,89.04
e14c9f4a,31.71,59.97,102.26
09ca1a49,29.01,54.86,68.57
b2352d4a,28.17,53.27,66.41
2b361320,15.92,30.11,71.2
f0b6fea5,47.0,88.88,100.15
b18c88a5,13.12,24.81,68.52
19a29299,34.1,64.49,98.44
822f8733,14.15,26.76,62.22
427864c9,49.5,93.61,141.13
1b526172,45.76,86.54,131.21
5154fbe3,14.7,27.8,40.84
abc064ca,49.4,93.42,137.54
0fc58d87,32.05,60.61,97.3
1d45a226,36.97,69.91,92.58
09785997,15.58,29.46,73.59
c9944332,12.37,23.39,34.32
aad049e3,43.19,81.68,125.18
0d4662a7,15.21,28.76,63.57
cf62ca6c,46.04,87.07,107.52
508108cd,19.6,37.07,47.31
73570139,2.44,4.61,35.46
6e4b15d4,30.42,57.53,84.42
ea562514,18.97,35.87,80.37
43ba12f5,48.85,92.38,133.9
6dfc9850,20.56,38.88,72.47
2f4e8784,17.09,32.32,48.35
b94e8486,29.19,55.2,94.24
746c8768,37.03,70.03,103.77
0f9b2935,48.39,91.51,102.41
75fccc62,5.34,10.1,50.57
a74e1675,22.14,41.87,85.14
d136ea03,33.86,64.03,105.01
f304457d,2.24,4.24,21.29
41a21c3d,25.47,48.17,78.27
0c9dc8a3,40.71,76.99,108.08
f8112d23,4.44,8.4,55.77
a8414f4c,18.35,34.7,81.72
9788c482,21.24,40.17,52.66
ab58ffdd,36.38,68.8,118.77
e936ec4e,16.19,30.62,72.09
3c27fb33,13.82,26.14,51.16
b89c4631,7.54,14.26,53.99
a76fb3a0,49.8,94.18,119.25
46cc6b72,24.64,46.6,94.05
f934b796,4.31,8.15,33.27
53a40b8d,5.67,10.72,51.36
a78a4f9e,8.14,15.39,31.6
b878242d,12.16,23.0,67.09
4a50d64f,37.54,70.99,105.81
60882c18,28.82,54.5,96.8
75bff202,39.28,74.28,101.0
ccc6d7a1,2.95,5.58,29.43
a07345a1,14.73,27.86,59.16
158cc0c7,21.47,40.6,66.13
28cf299c,22.59,42.72,73.29
5c9315bf,4.57,8.64,35.87
cb134a2b,26.55,50.21,68.08
9312c38d,15.76,29.8,78.87
68e94818,11.19,21.16,31.8
75ea9e56,34.22,64.71,111.74
7540d675,6.02,11.38,54.48
34b244c6,43.62,82.49,109.33
2b3572d1,45.19,85.46,108.34
4d284fcc,17.63,33.34,49.93
d989b299,49.37,93.36,108.68
f3055473,21.26,40.2,72.24
c61ed648,48.19,91.13,105.35
6e209645,49.37,93.36,122.42
a8068d1d,41.69,78.84,121.43
9055025c,7.99,15.11,55.39
189d7ae7,30.05,56.83,72.13
2be06ff1,37.13,70.22,118.66
1c6d1347,5.72,10.82,32.27
92e3352b,44.89,84.89,123.12
88ee4918,42.89,81.11,103.13
5468751a,46.83,88.56,123.26
bf54be7f,26.69,50.47,83.37
190bf428,17.57,33.23,50.36
f5df88f8,26.3,49.74,85.84
5975950b,37.01,69.99,93.03
13428e20,21.98,41.57,76.02
ada4da9d,18.88,35.7,67.36
8c6fac42,5.7,10.78,54.49
3c4df576,23.47,44.38,62.92
8813b0cd,20.86,39.45,55.51
88f38637,33.84,64.0,108.2
308fc1a0,23.06,43.61,71.39
2cb9136b,2.19,4.14,45.41
f0a38495,25.25,47.75,96.13
564ab83b,39.14,74.02,105.79
5c35643d,47.37,89.58,111.61
709f3347,11.26,21.29,63.06
e0f1b428,22.28,42.13,89.37
e854b9db,42.68,80.71,100.52
bc17b366,4.06,7.68,45.21
ab969f5a,18.79,35.53,76.75
731471ce,30.37,57.43,68.49
56075873,18.44,34.87,68.56
58cdff0f,25.49,48.2,83.53
024cb52b,47.08,89.03,124.49
f3cad715,3.15,5.96,19.32
3164b9f5,5.74,10.85,21.72
74204ec7,11.45,21.65,43.4
eeccdf26,20.48,38.73,63.04
760bc242,24.6,46.52,62.3
add8bdf3,3.76,7.11,37.49
6c55e79f,44.36,83.89,102.99
c96fa23a,38.41,72.64,96.14
f39050ff,14.86,28.1,49.81
f4c4e5bf,14.32,27.08,67.96
eed7e1f8,3.23,6.11,51.19
0bd82438,21.16,40.02,61.96
7421d035,14.22,26.89,51.96
3696203e,31.68,59.91,102.52
4973344c,28.3,53.52,93.88
30582796,47.94,90.66,129.01
1d933f4e,40.17,75.97,114.28
862ffeb6,5.88,11.12,33.01
de1128f2,35.81,67.72,115.18
116ad0a2,7.14,13.5,55.87
77e10091,17.51,33.11,51.59
ddd5568b,28.64,54.16,90.65
ca33ab06,25.79,48.77,64.97
63b02624,35.28,66.72,99.83
9c692a61,40.88,77.31,98.87
79587d30,41.81,79.07,93.28
cf1c8d5c,4.8,9.08,43.21
ae4694be,32.8,62.03,107.4
8fae9686,48.15,91.06,106.69
9beb9f1d,38.24,72.32,118.28
4a4a753a,26.96,50.98,66.09
9b93fde3,49.93,94.42,134.1
dda9f097,4.11,7.77,57.35
88c9afcb,6.23,11.78,25.53
405f02e9,38.87,73.51,92.02
63230173,28.39,53.69,82.23
1dbe3267,7.97,15.07,54.57
6471bbf2,20.02,37.86,83.78
33e9143f,5.09,9.63,48.79
7b7c6733,27.27,51.57,92.42
08f09b42,7.0,13.24,41.33
d7f9b039,2.33,4.41,28.64
78f5f161,17.48,33.06,63.37
8f902fd4,13.23,25.02,61.0
cb37f27b,19.38,36.65,66.74
1f697e0c,18.82,35.59,77.2
e1a4e912,32.24,60.97,77.25
158eb827,34.64,65.51,91.36
8e154b0f,8.11,15.34,28.0
6a15c505,25.46,48.15,85.01
051c4f1a,44.68,84.49,124.77
efa15cbc,9.12,17.25,53.95
ca7eac13,48.41,91.55,139.76
1e32b52e,2.93,5.54,52.83
53e3532c,6.79,12.84,33.66
5e0c67a0,10.52,19.89,39.62
f75fd3bb,24.55,46.43,57.44
357ec0f6,16.36,30.94,61.04
0bbf777b,22.07,41.74,86.18
af8b49b6,47.16,89.18,105.48
f5d98707,18.39,34.78,68.52
6fd9f90b,42.71,80.77,119.58
895ed04e,5.49,10.38,35.09
34623fd0,40.97,77.48,115.6
55fdb903,45.27,85.61,129.1
bb53e309,15.68,29.65,40.07
4142c423,28.26,53.44,92.85
c2473459,10.98,20.76,54.75
7129cc55,6.36,12.03,55.82
0071422a,38.98,73.72,89.26
a8ba8ce8,32.23,60.95,103.23
3549ce07,38.11,72.07,87.72
6dc243f1,23.1,43.68,77.08
24651233,13.98,26.44,47.28
0a621028,22.49,42.53,62.13
3646be38,5.11,9.66,39.61
acec4664,15.61,29.52,69.81
f707db05,16.28,30.79,66.6
06e59ca8,36.3,68.65,118.19
96e8c255,4.55,8.6,23.36
7131950e,13.77,26.04,64.91
57f02a08,15.28,28.9,41.12
e8b064de,28.47,53.84,78.14
d88d236d,13.75,26.0,49.74
cfa98c40,8.36,15.81,36.06
2075e613,14.38,27.19,58.49
5a7127a1,22.25,42.08,61.83
5f593172,27.22,51.48,76.18
91ce2fb5,3.76,7.11,51.49
d971530a,16.87,31.9,54.85
4fb0db66,38.68,73.15,122.59
ec0a6f04,30.69,58.04,79.08
f97671cb,23.89,45.18,91.3
e50cd531,23.74,44.89,72.14
f02015e5,19.71,37.27,83.57
e221bda4,18.42,34.83,61.9
5cb891bc,21.23,40.15,80.96
51d8d9ca,43.72,82.68,108.68
b6e19ea3,24.5,46.33,81.17
7b6071ce,34.13,64.54,76.6
515f7ad7,40.78,77.12,111.08
ca4e2c7c,22.73,42.98,65.62
efabcef8,42.28,79.96,129.81
ac852e66,49.65,93.89,136.31
94d4c60d,26.2,49.55,62.73
29e8c115,21.33,40.34,58.27
8d0d0fa7,40.68,76.93,111.57
fbbbd006,33.16,62.71,84.73
98df7aa6,31.43,59.44,77.96
e44ac1e2,44.53,84.21,108.44
87537fc8,33.17,62.73,76.98
1ea81e4b,32.8,62.03,94.21
296f6146,11.93,22.56,43.88
552b691b,35.03,66.25,110.93
443b3b3a,45.82,86.65,97.96
21e887b6,29.66,56.09,80.13
0bf2b004,45.36,85.78,117.76
f403e520,18.3,34.61,54.02
4e71bcc5,4.04,7.64,19.93
d0cebefe,23.37,44.2,57.1
83a6e02b,2.19,4.14,20.51
920c4ab7,9.43,17.83,38.71
c53acf0e,11.15,21.09,59.32
c24c3ebb,27.62,52.23,81.22
4579b730,47.6,90.02,101.34
c17a856d,2.95,5.58,21.78
d5f27d95,13.36,25.27,49.99
ad97a477,48.53,91.78,118.57
68d86ad3,44.32,83.81,96.34
3dd3b033,42.07,79.56,94.4
47d05c8a,6.41,12.12,32.61
8c9a4945,32.92,62.26,105.73
7ffbd3c4,11.75,22.22,40.59
fc2dcf7e,33.25,62.88,81.95
b326f955,22.52,42.59,72.37
86459647,32.51,61.48,107.14
5f8319f8,22.59,42.72,73.85
0c726316,45.57,86.18,99.35
721e4fda,3.21,6.07,23.53
be393165,11.2,21.18,65.41
23a5de57,41.98,79.39,124.46
0d18416b,37.36,70.65,112.47
e50c2693,10.94,20.69,52.36
ec56d2b7,7.83,14.81,42.38
1ce9f87e,16.94,32.04,52.77
f339eded,25.13,47.52,79.43
4c4cd177,4.25,8.04,45.35
d0d72557,42.59,80.54,114.51
170d4779,27.01,51.08,70.1
0334737e,46.14,87.26,133.38
1b1a044e,17.63,33.34,58.96
8424d016,4.34,8.21,53.61
1d92df06,43.83,82.89,108.79
4132ab0b,9.18,17.36,28.9
e21d27dc,18.11,34.25,73.77
e778adcd,24.29,45.93,92.74
31321286,25.61,48.43,68.62
ed21a1d9,3.13,5.92,37.62
9bae3c7c,27.28,51.59,93.89
44ee85db,5.7,10.78,33.62
0fbb7bdc,17.69,33.45,54.9
15a9f7f5,48.82,92.32,118.76
00d4927a,15.46,29.24,61.26
3d12cd56,41.02,77.57,109.67
415edec8,26.5,50.11,79.56
42c059f0,11.72,22.16,64.97
08e62db8,36.65,69.31,85.43
d182ce7e,28.65,54.18,67.59
1afe7f1f,27.59,52.18,68.92
c2754e48,3.44,6.51,44.67
962e71f0,18.02,34.08,49.89
3ee60ff5,37.27,70.48,93.39
6ee25939,40.21,76.04,121.23
35606ff1,41.11,77.74,93.35
af04f4d4,3.79,7.17,38.3
a07a83cf,9.81,18.55,48.79
d73a19b6,49.31,93.25,104.61
478edc4b,9.46,17.89,32.51
2742f30c,12.22,23.11,71.13
f84e86fa,40.53,76.65,125.09
4353e46f,20.89,39.51,84.5
425c306d,7.58,14.33,41.6
1499e98a,8.0,15.13,48.85
ecead5cd,6.02,11.38,54.35
3aef1230,10.67,20.18,57.23
81bf200c,25.86,48.9,94.71
d20fba1e,2.72,5.14,27.77
7f73df7c,7.62,14.41,49.38
d0d80647,45.54,86.12,118.8
b1857d09,44.08,83.36,132.74
4cecaa39,41.99,79.41,124.53
5c6fcb8d,35.9,67.89,84.5
fe85f61c,33.75,63.82,76.18
d2793ea1,15.22,28.78,56.64
506929d4,18.08,34.19,66.01
2ce9ef7e,13.32,25.19,66.78
7d8a535a,49.06,92.78,109.17
82f1786e,32.45,61.37,108.17
5d74b653,48.36,91.45,124.31
d0ab29a4,15.05,28.46,72.17
61fd6bdd,31.82,60.18,103.64
659bb501,38.43,72.68,120.75
1bce1557,6.55,12.39,48.74
f99880fb,34.01,64.32,105.67
0c5f66a4,10.12,19.14,61.96
0c5b79a8,17.75,33.57,62.29
f2cd5925,36.38,68.8,96.09
39677ebf,23.12,43.72,91.58
0d7dc080,46.22,87.41,100.09
8a1e0ae7,13.58,25.68,73.8
9d4cad63,9.38,17.74,50.88
ed1557ea,18.18,34.38,56.17
e29df3c6,42.89,81.11,113.4
6e357756,42.68,80.71,116.22
87d6b723,19.73,37.31,51.74
1946393f,40.87,77.29,114.09
267e9af9,5.73,10.84,56.94
ce9626d6,2.36,4.46,53.31
734a37c1,43.51,82.28,116.27
5b1eaf71,43.96,83.13,106.21
1e7bccd2,8.88,16.79,49.33
ba9e9cbd,16.29,30.81,40.92
a3198850,42.83,81.0,127.77
8574235d,6.02,11.38,52.77
0199b56a,43.43,82.13,98.79
a4d63301,29.58,55.94,90.31
3edfca04,33.55,63.45,74.27
b86c3b8c,30.55,57.77,76.41
f2de35a2,29.96,56.66,73.46
cd3a96de,10.88,20.58,36.83
57e73463,13.33,25.21,57.29
b92f5ee0,29.84,56.43,105.01
a7169f35,21.27,40.22,55.43
55de2225,27.98,52.91,97.82
239d5b14,14.16,26.78,40.07
e489a9cf,24.26,45.88,59.19
898542af,8.88,16.79,51.91
1644b5a4,3.84,7.26,40.24
1923cac7,47.65,90.11,113.88
68fdde7a,36.71,69.42,100.76
0516185e,25.91,49.0,89.2
eed9c275,28.45,53.8,94.73
8ef13cdf,26.54,50.19,60.67
70a0e2de,45.14,85.36,98.48
dce79f3a,39.13,74.0,84.14
f6c34d8f,17.61,33.3,43.93
012d451d,12.47,23.58,67.17
38957387,5.19,9.81,23.15
5c45b08e,9.09,17.19,55.63
3d664d97,25.52,48.26,97.46
76985b76,11.72,22.16,65.0
aecdc85f,16.99,32.13,44.79
31656f1f,8.4,15.89,61.65
ed62c86f,46.3,87.56,135.89
d8811ce7,3.62,6.85,45.1
62832a9a,18.89,35.72,70.37
d7c6e8b3,14.39,27.21,61.28
c9b733db,2.4,4.54,47.35
b50e15b0,46.57,88.07,120.21
caaf4ef2,17.05,32.24,55.59
9ad06b99,26.11,49.38,98.2
8201e6c7,29.97,56.68,68.62
1103306a,31.3,59.19,95.8
14016514,24.09,45.56,78.99
feceed8e,30.5,57.68,93.25
2d0c12ff,38.08,72.01,107.7
fb525ef0,47.7,90.21,105.15
7b10c8f9,33.54,63.43,78.77
5c34ff14,24.19,45.75,58.44
1c761a34,23.34,44.14,91.68
0902cd2d,36.07,68.21,102.61
29e8846a,32.1,60.7,73.78
4d1acf02,22.18,41.94,69.29
226bf97b,18.12,34.27,58.64
95df6ee6,49.67,93.93,109.86
019ef2d4,38.81,73.39,116.27
b5546c71,11.93,22.56,63.58
b7f1f301,16.02,30.3,58.86
4bdeb777,44.9,84.91,115.81
a7be20c0,33.72,63.77,91.23
0afd24f0,16.92,32.0,64.04
dd8f22fd,19.48,36.84,76.14
b68390e6,20.19,38.18,83.22
d07d99a5,10.94,20.69,54.38
3afab6b4,26.54,50.19,65.22
562e2fc5,38.75,73.28,114.16
a7ae5f7b,29.07,54.97,79.86
fa3a43c8,33.49,63.33,98.53
2cdb2442,30.58,57.83,75.77
7179474c,4.83,9.13,25.67
f99b0f2d,11.03,20.86,32.97
1c3e66a9,18.82,35.59,58.17
1f4ed0f8,44.68,84.49,118.38
8093cfe2,18.74,35.44,58.19
991aaa09,17.7,33.47,53.11
9756e4c5,5.87,11.1,60.89
2d6c953b,48.66,92.02,141.97
d349921e,39.37,74.45,108.65
023b55c0,38.76,73.3,96.24
5a528913,20.42,38.62,83.09
1ea92365,5.76,10.89,50.36
26a53db9,14.65,27.7,62.34
c7a7911f,42.94,81.2,127.53
76c0e436,10.65,20.14,47.95
ec6fdebd,44.92,84.95,105.17
816e2b3a,27.72,52.42,101.1
184fcf6e,36.3,68.65,113.06
a23fe33d,23.77,44.95,91.43
b3b471b0,46.75,88.41,135.14
525a3ebd,13.5,25.53,50.83
ee79b3a9,29.48,55.75,100.18
204f9f37,5.32,10.06,55.63
c68abce0,25.06,47.39,79.29
4e63c497,48.69,92.08,127.09
87ed0f20,6.23,11.78,44.88
39d5d9d4,26.32,49.77,60.41
639985ff,30.91,58.45,89.87
55bb0aed,46.72,88.35,99.86
047f8c7b,16.28,30.79,58.83
6f12923c,26.14,49.43,61.26
7230511a,49.39,93.4,121.61
0812907c,38.91,73.58,95.77
0d6c475f,40.9,77.35,118.31
6704051f,39.46,74.62,103.78
93629354,26.73,50.55,81.03
2d216441,22.85,43.21,89.36
0caa4d57,14.23,26.91,56.2
064f9ca3,24.37,46.09,62.34
6b96d596,2.98,5.64,20.14
d135e10e,6.66,12.59,34.82
57913d80,15.79,29.86,50.48
cfe992d6,18.01,34.06,76.8
3dd83f9a,35.96,68.0,108.36
1b0d66f9,10.24,19.36,31.7
455828cd,40.2,76.02,94.06
ec95dc35,40.44,76.48,104.43
171516f4,30.18,57.07,70.56
694d8988,25.59,48.39,65.04
5db3876d,24.44,46.22,92.56
dd3ba293,22.19,41.96,73.61
f29b7178,6.25,11.82,53.69
fee45a69,33.46,63.28,86.5
730044f7,29.71,56.18,81.17
93fbe776,2.76,5.22,49.55
515a3242,11.73,22.18,58.47
de9388b4,22.94,43.38,80.52
3397a8bc,45.26,85.59,121.15
6ced94be,49.53,93.67,125.32
dbbfb1f8,38.06,71.98,121.63
d953ad30,37.97,71.81,117.58
4d39cede,21.93,41.47,79.91
3141755c,29.41,55.62,92.75
be1584f0,13.18,24.92,38.29
d50d6fe0,37.43,70.78,100.19
322b14c4,4.87,9.21,39.05
e19c471f,22.03,41.66,53.74
2b0e1865,41.91,79.26,119.48
6c9d3b6f,49.03,92.72,102.8
c7f14342,35.43,67.0,94.01
de44861c,11.47,21.69,67.82
225e5cee,29.41,55.62,79.23
1aa0b934,28.9,54.65,87.96
f7769083,48.36,91.45,113.77
987a8313,42.33,80.05,97.21
355c14b2,4.35,8.23,47.43
7d8dcddc,12.56,23.75,41.93
386a16ae,42.41,80.2,93.09
448e73c9,48.68,92.06,119.47
d3b451bb,16.14,30.52,68.88
75b62427,35.15,66.47,99.67
ab343462,16.77,31.71,51.49
9a7e2c30,3.97,7.51,50.22
222108ae,41.82,79.09,92.97
13322ff3,37.46,70.84,107.65
7b25dc1b,4.56,8.62,42.89
5121e0f3,8.98,16.98,62.94
4dfc3131,49.98,94.52,125.6
e0f46825,33.24,62.86,105.62
a1069899,40.42,76.44,95.05
dd5b058e,20.65,39.05,70.86
85422c44,26.88,50.83,82.14
d1644b54,31.75,60.04,81.85
1bf279b8,40.69,76.95,87.15
7631cf1d,18.27,34.55,74.32
c880c84a,34.27,64.81,90.68
5756392b,39.23,74.19,96.19
9c502124,40.65,76.87,94.63
7dd42331,25.96,49.09,93.16
91f69568,24.72,46.75,70.11
d277fdea,7.02,13.28,31.44
caf6e2d4,25.89,48.96,79.9
8fe2212f,35.69,67.49,108.76
e02c857c,46.19,87.35,121.45
6dd8d3a6,8.01,15.15,63.56
32b86243,48.51,91.74,140.01
70a47e60,13.24,25.04,71.13
b0e6c3f0,10.44,19.74,52.35
426051cb,7.5,14.18,54.91
5759ebc0,49.53,93.67,115.21
881d1d8a,28.93,54.71,87.72
9628f677,14.99,28.35,41.01
06a5e9e3,17.24,32.6,53.14
29bc92ba,47.61,90.04,113.05
ca647b54,45.2,85.48,109.93
6773a3b6,18.8,35.55,51.99
fbc89bc5,5.05,9.55,22.88
f11c57b3,42.01,79.45,112.58
9a126526,45.89,86.78,116.43
715ef001,42.2,79.8,113.18
1199e949,45.82,86.65,101.82
84f80e95,29.64,56.05,103.96
45794fe4,42.3,79.99,106.52
a7534368,47.31,89.47,117.45
4bd042e3,44.72,84.57,116.45
a34a8516,30.18,57.07,94.68
f779876d,37.83,71.54,96.93
2bb1f907,36.62,69.25,84.98
f730513f,40.54,76.67,117.99
733dfce4,12.98,24.55,44.97
23bda711,2.1,3.97,31.68
0ffd73ea,26.48,50.08,85.37
7b21a1fa,38.75,73.28,121.89
e3aa82de,8.01,15.15,26.49
5523cfb0,27.57,52.14,82.89
ef328b01,17.09,32.32,79.76
db97d575,42.24,79.88,100.09
f193d630,6.81,12.88,27.37
14d69af2,42.7,80.75,114.62
b4ab0a4a,31.32,59.23,75.32
3eae0001,46.13,87.24,132.39
4828df71,46.91,88.71,127.64
527354e5,40.83,77.21,92.05
eb247fdc,27.45,51.91,85.01
7d99cbd7,8.84,16.72,27.8
cf67c23c,12.82,24.24,68.05
74647b5b,22.05,41.7,59.92
4f6dd0b9,36.99,69.95,109.22
d274abe9,28.15,53.23,67.48
19cbc7aa,23.04,43.57,72.47
03f55b69,24.92,47.13,94.3
d0bbf8fa,37.59,71.09,84.07
df3fc09e,3.65,6.9,28.71
edc89e76,23.25,43.97,85.28
1e6c071f,29.49,55.77,84.3
7b9604b8,30.26,57.22,93.23
1f97f6be,31.7,59.95,102.43
ee375c86,4.57,8.64,50.0
d8857a51,28.78,54.43,80.24
0c2b70f3,28.43,53.76,80.98
80c38d95,43.03,81.37,114.21
4b5ae955,38.48,72.77,87.68
ddc316a7,3.5,6.62,51.4
e4f6c08d,28.68,54.24,67.98
20a6f771,35.17,66.51,83.9
7c0e6974,29.85,56.45,104.24
82715ae2,34.47,65.19,86.46
f78cc139,7.6,14.37,34.14
594c4296,10.12,19.14,46.15
951c4cf5,29.97,56.68,95.65
b126ba36,40.43,76.46,101.11
9e405ca3,3.25,6.15,51.14
7dfb6ef8,22.94,43.38,59.35
dbd69f47,49.62,93.84,108.56
d829171a,38.76,73.3,86.4
f69bf799,23.61,44.65,66.58
51325eba,6.71,12.69,30.67
0f1639fb,19.24,36.38,64.83
438ad1ec,9.41,17.8,67.63
62c68eee,46.2,87.37,132.11
c51f3482,34.91,66.02,111.82
3930e9f1,43.07,81.45,124.68
dca0f860,45.08,85.25,106.12
670a1f12,31.13,58.87,77.92
c3736cbe,2.32,4.39,43.67
9755f51e,28.69,54.26,88.22
6a9c5ec8,40.52,76.63,94.87
d075dc81,17.1,32.34,81.03
23602ac6,46.53,87.99,114.96
2b8e231a,49.85,94.27,136.85
0d3d762f,28.36,53.63,66.58
dd1ac3de,27.5,52.01,63.42
757c886a,33.45,63.26,91.49
d2111a9a,29.18,55.18,69.96
9276bb2e,9.7,18.34,67.51
386e79b5,15.01,28.39,70.87
db1d9f5e,11.69,22.11,50.27
0c7c947c,5.46,10.33,59.51
1d1dc66a,8.74,16.53,36.06
ca0ba736,48.67,92.04,129.2
bc38930b,28.64,54.16,64.86
acffdc06,8.04,15.2,40.09
30cb8520,36.23,68.51,81.68
288c2a3f,24.89,47.07,71.76
24862c0b,12.78,24.17,49.39
320f25dd,47.29,89.43,114.44
5dd0f292,12.78,24.17,50.75
1da9cb43,6.68,12.63,47.3
25410158,11.88,22.47,40.05
3123d71c,45.77,86.56,105.94
56abc93f,43.17,81.64,117.46
3e8c9ce9,44.93,84.97,113.62
e90f27b6,45.98,86.95,103.43
7182f920,5.72,10.82,52.31
8a3a4aa2,36.14,68.34,115.58
ff056720,33.9,64.11,92.72
7e166b08,49.66,93.91,128.47
9d5bdb6f,36.3,68.65,111.26
01a5bfb9,40.02,75.68,124.23
5432f75d,36.32,68.68,117.45
19c47b80,31.79,60.12,107.03
c8a1a534,28.55,53.99,96.63
51d308b8,48.52,91.76,118.79
9f111030,46.94,88.77,125.56
ac2ad663,23.02,43.53,84.07
2faa72ec,15.64,29.58,43.26
5e083597,26.44,50.0,64.65
257a367d,37.81,71.5,109.72
b67fff3e,21.25,40.19,76.87
b937e600,27.79,52.55,94.7
9e49e4f9,16.34,30.9,48.28
280dc1ec,22.53,42.61,90.08
dd4054a4,47.95,90.68,110.21
c9f15e91,12.31,23.28,38.68
d8f32d5c,49.46,93.53,116.5
f276ab86,12.35,23.36,65.7
fe9371ff,17.32,32.75,43.88
cb183e9b,6.18,11.69,30.76
6772d688,38.1,72.05,120.27
2ca3b3e6,2.85,5.39,16.07
6d56f0e4,39.82,75.3,96.43
72853a04,29.7,56.17,79.2
d44ed302,37.94,71.75,118.71
4cc74733,39.59,74.87,118.92
b8a8205e,7.97,15.07,43.47
6fa0aa90,3.03,5.73,28.43
1753472f,10.1,19.1,66.88
92895646,20.44,38.65,56.18
ef532d4b,5.52,10.44,39.51
057dfff1,23.92,45.24,71.98
35a14d08,15.68,29.65,77.06
b13f703c,19.46,36.8,77.03
cec84003,47.14,89.15,117.69
eb3feae8,36.76,69.52,103.8
a438c092,33.59,63.52,109.82
0f239966,33.37,63.11,106.36
ca0b6eb5,28.66,54.2,88.82
3bf4dcd7,26.62,50.34,96.95
92e2cd6d,44.34,83.85,109.06
80e52ecd,5.6,10.59,49.92
69081367,15.85,29.97,40.61
6ed877e3,7.0,13.24,46.56
43914004,2.53,4.78,20.26
b811d1c9,2.67,5.05,36.02
6aacd2c6,3.15,5.96,25.82
bde10dbb,34.72,65.66,90.89
98c8d0d4,7.35,13.9,55.59
7eb6f223,11.72,22.16,34.5
c78fc7f0,22.11,41.81,73.31
bc1addc8,14.92,28.22,44.01
4bec8a6b,41.2,77.91,110.84
d50c0f7e,31.93,60.38,95.72
f2c24fac,18.0,34.04,51.32
b5eaa2b8,17.25,32.62,42.86
f26a5ed5,34.82,65.85,79.27
20390941,10.19,19.27,56.85
165cc044,15.47,29.26,54.46
b4845bd4,18.96,35.86,60.78
8192ee35,23.82,45.05,82.73
fa213d0b,11.15,21.09,50.98
57c79a3a,9.55,18.06,53.54
49bd13b0,49.52,93.65,140.42
1a0ab609,45.83,86.67,116.94
3f067dbe,27.13,51.31,86.83
638398d9,38.75,73.28,108.87
807bb99d,34.35,64.96,96.35
bf2ba087,5.61,10.61,47.19
0fd77f7c,26.86,50.8,94.17
14a4ff2f,10.83,20.48,62.79
b5ef908a,30.03,56.79,69.08
9355ad2b,4.97,9.4,57.47
dff9dc7f,9.82,18.57,62.46
a8fdaafb,39.52,74.74,123.56
b663f1aa,42.48,80.33,98.09
6661dc52,45.56,86.16,117.62
2de52583,45.04,85.18,112.78
f92745a5,45.54,86.12,111.2
86fbc0e3,6.55,12.39,38.65
efdb06d5,33.66,63.65,109.79
13c3bd6f,35.65,67.42,105.36
bd6fad2c,14.87,28.12,51.11
8fca716c,49.66,93.91,119.07
f30f50ab,15.72,29.73,58.47
1c93f1a8,29.59,55.96,80.64
8a08a42a,43.87,82.96,101.36
9f0076a1,15.88,30.03,57.44
3559dea4,31.11,58.83,72.01
db8d11dd,36.56,69.14,113.32
b9986c9e,32.08,60.67,103.66
7b7a45f2,21.49,40.64,86.32
08102734,47.35,89.54,117.38
3682d9ad,31.39,59.36,95.41
fc0385b9,12.77,24.15,66.55
43eec985,40.69,76.95,99.54
a74fbb8c,33.48,63.31,98.65
e37d4b37,7.26,13.73,41.26
ad112e20,15.35,29.03,53.98
15c7376d,9.59,18.14,62.52
8c68faac,5.49,10.38,45.34
baedc4e1,13.05,24.68,59.62
09551d34,15.35,29.03,45.3
be0b0969,24.39,46.12,70.0
7d583beb,48.52,91.76,135.41
798c4c78,47.28,89.41,107.95
a7e8bbe6,38.18,72.2,121.02
13a84d86,33.03,62.46,105.74
0ec97833,47.47,89.77,110.47
ba9c75bf,8.84,16.72,31.05
a81a1e1f,17.86,33.78,50.56
1b571c01,28.56,54.01,73.7
fe2d2d99,41.07,77.67,97.18
0fe13681,31.94,60.4,71.05
de959ee5,40.83,77.21,115.82
bae8e8ab,9.35,17.68,66.76
c3357eac,11.25,21.27,42.73
a321606c,37.55,71.01,81.66
b2beb7f7,18.72,35.4,82.13
32e76b43,22.93,43.36,61.61
2a187099,40.0,75.64,85.93
8479a603,5.36,10.14,29.1
32d69659,10.06,19.02,33.18
351849da,16.2,30.64,69.68
c3f2c135,44.41,83.98,94.05
056da8f9,21.43,40.53,68.18
dbb6a850,14.1,26.66,56.34
e22fabfe,34.56,65.36,106.73
d4dd18bc,3.45,6.52,37.41
7d542275,39.21,74.15,89.14
413d1518,35.5,67.13,94.19
0e5b95b0,4.64,8.77,56.15
9ccd4e1a,25.91,49.0,68.47
655141da,21.4,40.47,62.45
286566fa,9.59,18.14,63.07
55455fbd,9.39,17.76,59.2
e915deeb,9.69,18.32,40.14
d39284de,30.78,58.21,96.54
31967b00,10.21,19.31,32.71
17a0f416,4.86,9.19,40.91
e65e51cd,47.96,90.7,135.54
00ede20a,3.88,7.34,51.04
37e821aa,33.87,64.05,82.16
fdfb9e59,46.93,88.75,120.08
19c7f81a,3.82,7.22,33.16
20befe40,48.36,91.45,123.88
5773eb18,26.11,49.38,62.38
73c9ccce,39.68,75.04,124.29
791875bb,32.01,60.53,93.07
a90cb414,31.61,59.78,74.55
a49a3db5,39.86,75.38,111.07
15347810,5.14,9.72,20.03
02297664,20.83,39.39,49.65
6a9022c2,48.54,91.79,108.96
208a275a,4.62,8.74,29.58
f654d900,14.61,27.63,48.16
7c0c307a,34.26,64.79,92.52
5f52358c,6.82,12.9,43.43
d05a6515,27.76,52.5,79.39
f55ea82f,36.24,68.53,93.49
24d5ee2d,38.36,72.54,109.35
85bfa54d,28.94,54.73,74.66
c9bc9a24,26.03,49.23,84.34
03b98819,36.27,68.59,116.86
b5134dc0,8.96,16.94,45.81
cc7bba46,34.66,65.55,96.0
11bf5b4f,46.12,87.22,126.35
6a318281,34.77,65.75,96.05
f1fde0e9,4.23,8.0,23.76
b80b2f8f,26.29,49.72,84.15
69750d89,36.86,69.71,100.06
4f27befe,4.08,7.72,55.78
40f12942,38.59,72.98,86.7
fe295e55,15.52,29.35,60.81
3bfeff26,30.26,57.22,91.9
eefe8675,48.38,91.49,126.29
3d4eca36,49.76,94.1,106.49
f40129ec,32.45,61.37,84.48
05edb79c,25.59,48.39,68.89
1e3cf413,10.53,19.91,57.11
0c8a33b9,12.0,22.69,62.11
e6f2d2b6,22.6,42.74,61.11
79c77c27,35.71,67.53,110.57
e1065898,38.93,73.62,103.02
188b1451,12.65,23.92,44.44
f1ad7701,27.7,52.38,74.37
a7e92c34,30.4,57.49,78.03
701c0a09,44.87,84.85,119.03
91fdc355,44.07,83.34,114.42
7f1fba07,41.23,77.97,125.52
4434ec3b,26.8,50.68,71.63
79858a03,5.12,9.68,32.45
8ce7e1ff,18.05,34.13,44.39
69b81275,31.84,60.21,82.14
d94b7b2d,32.61,61.67,81.71
75ba85d3,42.76,80.86,106.94
9c65a5d2,20.21,38.22,68.05
7faa4156,46.96,88.81,125.62
89f207e4,9.84,18.61,36.29
cde4948d,4.39,8.3,40.56
6d4f8a65,10.48,19.82,58.97
22f67a61,24.19,45.75,65.4
7f750603,41.5,78.48,102.53
f266afbd,9.38,17.74,35.94
f16921a6,28.31,53.54,67.98
26a5cbb5,39.28,74.28,114.53
d7c90448,3.67,6.94,26.54
08234b27,3.99,7.55,32.25
2502e5e2,25.55,48.32,68.23
65bf4971,10.77,20.37,32.12
b3bab58d,23.63,44.69,83.85
6a3e1255,4.11,7.77,43.5
03102ba2,48.89,92.46,121.51
9ccb5ea3,33.4,63.16,100.13
1aa4a4d7,34.96,66.11,109.97
0f99336b,26.47,50.06,84.8
13f3a6b2,41.6,78.67,124.94
fc1bb7e0,42.0,79.43,97.49
49848f60,9.64,18.23,63.56
87659cbf,38.88,73.53,105.19
28029acf,29.2,55.22,98.89
eae07f98,38.59,72.98,112.73
58201452,46.1,87.18,99.49
4d5d2f07,18.08,34.19,77.7
965f4583,29.4,55.6,79.09
6d82378f,39.8,75.27,102.2
9595b6d4,49.36,93.35,103.79
ed374540,31.4,59.38,99.73
7865bcf9,36.62,69.25,97.93
1c9e6c1a,42.62,80.6,128.18
25ad7ecf,38.06,71.98,93.22
ae14184a,47.23,89.32,119.16
c3f2bec1,13.03,24.64,51.09
30a83449,45.57,86.18,127.86
8216a72d,11.94,22.58,54.01
ab7a491c,29.13,55.09,83.49
7eabc498,27.1,51.25,99.12
681231f1,41.9,79.24,104.36
563b9bca,21.13,39.96,69.56
9cc0c8c9,8.87,16.77,48.94
bc082fa5,35.93,67.95,80.1
b77cce0b,31.12,58.85,89.91
f0d9d436,41.7,78.86,102.29
1e215341,38.41,72.64,108.65
d8a8b42f,44.95,85.01,120.75
094cf0a5,42.28,79.96,118.41
f4045201,34.93,66.06,92.03
283267f7,24.35,46.05,60.24
d8570642,2.98,5.64,33.21
6c54cce1,16.76,31.69,63.78
79c6202c,36.92,69.82,80.81
1081bb27,4.86,9.19,41.08
60ce757b,38.32,72.47,98.44
fec2f311,26.79,50.66,79.8
3a4f34a2,43.65,82.55,104.68
46d06398,33.67,63.67,93.36
79126b6f,40.33,76.27,121.54
9a7a43a5,10.23,19.35,60.86
291988d6,10.3,19.48,54.12
71530646,12.13,22.94,58.0
f03e499d,18.0,34.04,79.86
b998c942,45.41,85.88,115.07
1ca39279,39.17,74.07,105.64
695f9a83,19.5,36.88,81.29
870e3be0,46.09,87.16,127.35
d77fbfc8,39.39,74.49,101.81
543b6999,33.49,63.33,85.54
16a0078f,22.96,43.42,74.13
ce5cdf23,33.28,62.94,77.76
e375250b,30.47,57.62,94.84
8c82d455,39.53,74.76,103.34
d261233d,12.83,24.26,58.06
f5f65db7,44.51,84.17,128.02
2d09454a,30.41,57.51,81.76
32cf1381,40.72,77.01,106.9
b33f8e7c,18.67,35.31,67.54
a6ed0fee,20.81,39.35,60.56
42b50cc7,46.99,88.86,109.85
daec8894,31.85,60.23,91.28
120b7c1d,17.25,32.62,52.91
7f70e080,5.94,11.23,55.68
f900d6f5,22.85,43.21,93.01
87397a6a,42.76,80.86,99.29
2c10b43a,14.07,26.61,59.62
2d9eebb2,43.29,81.87,97.69
588f2a46,9.76,18.46,35.88
1df37235,8.24,15.58,56.22
4afd286d,31.07,58.76,76.75
d215fd31,40.62,76.82,116.78
e1f4f1e3,39.44,74.59,100.75
55163899,28.09,53.12,82.3
9a0e0498,32.66,61.76,82.14
1410d7cb,14.39,27.21,59.17
db87a76d,28.46,53.82,77.08
21126700,11.97,22.64,39.62
37ab28d7,46.56,88.05,103.61
7a56aef0,34.55,65.34,115.33
98d05dff,29.1,55.03,78.86
9c1cbd28,13.86,26.21,68.41
2a6c6803,21.63,40.9,64.56
7859b993,39.45,74.6,109.52
0196e209,13.49,25.51,69.16
9f2c29db,8.19,15.49,53.33
85209535,16.75,31.68,44.44
3325c42d,40.13,75.89,93.6
868591b2,44.39,83.95,128.89
31856195,21.89,41.4,70.25
c44566ed,39.5,74.7,108.64
94e886fa,17.95,33.95,44.93
210387a9,26.42,49.96,79.45
62908b79,2.97,5.62,32.85
2904ec19,36.18,68.42,105.87
0865a9be,36.5,69.03,90.01
355d5506,6.81,12.88,52.64
8a6e4ad0,19.22,36.35,73.19
fbca894b,25.21,47.67,78.06
72178c68,39.16,74.06,99.09
0cc2df8e,41.53,78.54,100.62
e6341a6b,36.52,69.06,100.46
adeed30b,12.36,23.37,56.44
493c5fad,19.1,36.12,64.05
79bb6a69,13.87,26.23,49.05
eaa7dfbe,32.58,61.61,106.81
b953f385,33.07,62.54,84.95
83115da3,2.78,5.26,42.15
d82be0c5,37.12,70.2,116.39
2dde8623,13.02,24.62,60.49
96fa9a85,40.47,76.53,101.17
d5050215,41.98,79.39,101.28
ce0e14b1,40.25,76.12,120.26
f56dcd3f,21.59,40.83,70.43
d4d73621,18.72,35.4,69.13
ebf74406,22.89,43.29,77.14
f25fd606,27.31,51.65,83.0
f68711ba,14.0,26.48,73.73
d1013f92,46.72,88.35,135.59
8f39dd0e,26.2,49.55,61.17
3de9b7cf,5.51,10.42,40.65
c693d65e,49.87,94.31,126.93
38305170,25.24,47.73,94.75
a625c229,47.46,89.75,102.54
654d3c8d,20.73,39.2,80.76
645b06ff,12.79,24.19,59.89
e7ee9bc2,37.37,70.67,109.97
d6e78ef0,22.76,43.04,64.71
e83caecb,44.31,83.79,123.65
e4433b79,24.3,45.95,67.26
1727ce1a,18.24,34.49,71.52
ed41c7ce,48.4,91.53,133.01
076d12ff,41.86,79.16,120.49
5d7464ed,11.87,22.45,54.22
3b4d98b6,25.47,48.17,74.71
fe05a03c,7.44,14.07,33.81
07766ea0,7.17,13.56,24.9
6c0fa46e,42.96,81.24,93.2
168a4cb2,46.73,88.37,115.11
b0655056,37.46,70.84,84.64
89eb015b,49.48,93.57,108.05
b4c275ac,4.17,7.89,25.68
e94de2ce,17.91,33.87,63.12
6d394021,8.34,15.77,49.44
80ba133c,39.54,74.77,112.54
e1adae8a,44.74,84.61,114.06
87b740bd,23.46,44.37,80.96
1c4212a4,41.8,79.05,123.53
789a98f8,42.69,80.73,105.7
fb90c94b,8.71,16.47,54.0
75aaf569,20.1,38.01,74.35
27bf586b,11.03,20.86,56.32
3bcc7f34,34.16,64.6,97.94
c7c99030,20.59,38.94,77.99
d3b28baa,34.05,64.39,107.13
5e3b21dd,44.04,83.28,108.97
0d83aa68,21.81,41.25,77.44
8a43beff,48.65,92.0,111.94
3546ea1f,21.61,40.87,81.11
939385d2,12.26,23.18,68.4
92f3408b,27.41,51.84,92.3
e711f62e,21.15,40.0,69.64
bfe4596a,8.0,15.13,30.47
4ab16b6a,3.11,5.88,50.8
c26d22a9,37.71,71.31,113.89
4afe977b,46.78,88.47,126.39
a2f6d6a2,23.14,43.76,87.82
a5c3ee83,5.14,9.72,41.04
ece0f523,37.55,71.01,120.64
99bfabe0,43.62,82.49,125.97
c5bf5f92,17.54,33.17,49.71
e05a1b3c,12.66,23.94,50.03
38860708,18.18,34.38,51.19
2589ec3e,45.6,86.23,105.2
9bcf8239,22.06,41.72,71.76
25b3d766,33.4,63.16,87.62
80ff3b43,5.57,10.53,56.92
d04f9743,15.51,29.33,39.33
fff0d53f,12.95,24.49,34.9
f473eb4f,5.01,9.47,56.28
1b2f05cc,7.79,14.73,34.29
2fff5f2d,22.0,41.6,51.7
fa0118b9,28.78,54.43,81.93
3bc68d0d,16.97,32.09,49.92
23727ef0,22.14,41.87,54.0
b911e12e,38.46,72.73,103.95
73bc21be,13.86,26.21,41.82
c0966fb1,3.64,6.88,50.36
10b8aa91,14.34,27.12,49.21
6f059eba,46.23,87.43,106.3
25a0b641,2.87,5.43,45.02
003e37f4,8.19,15.49,59.44
0e258a3a,5.12,9.68,23.4
8d9cfcf6,20.09,37.99,54.05
cee4a197,33.09,62.58,91.56
a71395e7,45.7,86.42,120.03
6767fd75,40.12,75.87,89.2
069c62c8,14.03,26.53,51.53
5f94b11b,32.47,61.4,107.3
63cdae0c,33.86,64.03,109.07
7a5cfb78,6.34,11.99,34.44
294badf7,22.5,42.55,61.65
f2e13c70,16.94,32.04,65.35
8f5c87bc,9.54,18.04,31.88
f47b0843,4.82,9.12,28.45
c828978c,3.3,6.24,22.91
a5ad36c5,43.22,81.73,100.04
6de93e8c,17.87,33.79,52.38
c6b83524,25.67,48.54,83.64
9e05d947,16.0,30.26,59.78
65de3c7a,9.96,18.84,63.33
208a4763,14.54,27.5,66.92
a5757d26,10.16,19.21,49.16
0f9339dc,38.38,72.58,94.88
016515b5,45.56,86.16,129.44
b20c6a20,22.86,43.23,56.41
30f3d6cd,41.5,78.48,115.72
52e8386b,22.44,42.44,56.96
1610844a,23.45,44.35,75.66
2d0bb42c,25.29,47.83,93.89
b4779296,41.37,78.24,97.76
0575b11a,46.94,88.77,101.91
75790d26,37.73,71.35,94.93
b3d46a70,44.65,84.44,113.57
e190dbd9,32.85,62.12,101.11
1b2a4a90,42.28,79.96,91.15
497948d2,28.73,54.33,69.57
fdaf6c19,39.09,73.92,100.35
eac4f14c,35.85,67.8,81.6
79dc3756,37.96,71.79,120.03
566385f2,13.25,25.06,55.5
57042c4a,9.38,17.74,42.82
bbc5bdfe,33.35,63.07,112.26
967068d0,25.18,47.62,83.46
2a4214f0,38.7,73.19,103.82
2dca5033,9.03,17.08,36.73
27d35ea0,47.49,89.81,109.93
2a3a2c8c,35.79,67.68,92.17
a43d905b,3.1,5.86,45.89
c412f063,29.67,56.11,98.75
d5ce14b6,17.01,32.17,49.85
9e6b4c65,15.18,28.71,71.41
4e16bcb8,45.3,85.67,108.91
7833efe5,42.13,79.67,97.68
f00c951a,2.46,4.65,22.44
b2bd7a44,10.72,20.27,48.81
3968802d,36.54,69.1,109.79
6cf92d35,42.71,80.77,113.6
d7f30478,36.44,68.91,97.5
88ba3a81,27.21,51.46,62.18
8576ed72,49.26,93.16,125.7
0ed31b7b,40.27,76.15,113.14
c5fefee7,24.46,46.26,60.18
a257b3da,30.01,56.75,105.0
138abc7b,4.15,7.85,21.51
ed469352,48.31,91.36,128.99
27be924b,19.41,36.71,67.69
0a4bddfa,33.75,63.82,109.19
6d50ede9,34.01,64.32,90.88
c67b4e65,4.73,8.94,39.28
c4a82ee0,14.76,27.91,60.03
1dc60d3a,33.5,63.35,108.34
61c13e3f,45.78,86.57,128.56
1f4c31c9,39.37,74.45,95.65
97cdfbc9,29.85,56.45,104.66
09e45352,13.16,24.89,65.01
f8c6dea1,47.54,89.9,100.38
24fd4e0f,21.38,40.43,57.78
9fabc11a,9.2,17.4,61.63
0a938d7e,3.04,5.75,41.58
5e18908d,47.61,90.04,110.37
73a1d7c0,39.34,74.4,91.26
5b6b84b4,12.39,23.43,39.3
9d9f304e,8.81,16.66,39.38
5200a58f,48.05,90.87,136.81
1cb6bfe2,13.56,25.64,49.72
28d4daad,24.17,45.71,82.14
769c5d3e,31.32,59.23,73.69
8e65f3d6,4.99,9.44,40.7
c6d3cfc9,18.53,35.04,58.75
5218cedd,47.29,89.43,105.85
5f14c215,35.62,67.36,109.27
c7f07103,19.65,37.16,79.78
75822be1,40.0,75.64,97.89
021d1a63,42.18,79.77,115.92
79916e68,9.29,17.57,43.33
9d4a5e01,30.16,57.04,68.82
6e1a7a42,19.6,37.07,64.18
c23f4eb7,26.33,49.79,82.82
d536cbcb,24.52,46.37,68.33
30c054e7,26.18,49.51,97.47
1d13a10e,27.05,51.15,83.47
c876c43b,5.32,10.06,34.92
4bd3027a,10.53,19.91,59.31
24cf4f39,29.18,55.18,78.82
6726d581,46.93,88.75,99.74
d69a7d87,37.83,71.54,81.87
b9b2e6fe,13.45,25.44,47.52
a16c402b,19.36,36.61,52.85
1ccfc35e,18.1,34.23,58.33
46843edb,38.94,73.64,114.43
4f560bfb,48.67,92.04,114.4
8f1dcfad,19.06,36.04,68.43
585cb702,2.71,5.12,51.91
336d3e67,46.97,88.83,126.76
93078835,38.15,72.15,104.62
8d1e03f3,42.05,79.52,124.2
f76e7d5c,12.02,22.73,45.96
8cc6fee7,32.99,62.39,80.3
d4d27afc,13.17,24.91,64.8
fb96258f,2.56,4.84,17.19
1e56940b,9.54,18.04,45.01
e6cd6e38,46.29,87.54,109.02
6b2a1c7f,12.34,23.34,72.19
5e401016,30.09,56.9,81.98
4907150d,48.46,91.64,128.18
b397f0e2,5.63,10.65,31.39
baf85048,40.78,77.12,126.45
35c52ccf,30.68,58.02,75.24
04a3b5e4,17.52,33.13,79.4
7310a5a1,19.48,36.84,64.65
f49e52a9,3.3,6.24,33.33
d2bd652b,14.28,27.0,65.05
9a85b0e7,22.32,42.21,55.94
5f7b6644,36.41,68.86,100.73
dc310124,15.19,28.73,47.53
c23bfa63,29.85,56.45,72.73
d70d13ea,37.12,70.2,115.3
42a2ec2e,35.53,67.19,117.08
23fb19ad,30.33,57.36,106.21
bfc098a3,29.85,56.45,99.3
153a542d,36.62,69.25,116.05
5460dbad,18.1,34.23,81.2
7445e33c,23.61,44.65,61.7
b156b80c,48.38,91.49,104.92
4c8cb2f0,34.09,64.47,79.54
5719a84e,26.95,50.97,67.47
00734468,29.76,56.28,99.18
575026a1,7.01,13.26,60.91
6623e156,30.42,57.53,81.6
b18be763,42.15,79.71,91.08
f411234d,27.13,51.31,73.61
f405329e,10.49,19.84,58.09
88243e13,23.51,44.46,92.18
f5648a8b,15.35,29.03,57.02
1b710566,19.27,36.44,59.88
e8d19013,12.8,24.21,60.34
a2ea9b2f,18.03,34.1,52.55
bcba2bce,41.44,78.37,119.0
fb64bb35,38.37,72.56,99.12
241e34c3,25.55,48.32,97.41
97d8975a,39.56,74.81,122.17
854da528,48.83,92.34,128.95
e3ec3ff2,21.49,40.64,76.56
e8c9b17a,49.04,92.74,107.67
45dbb40c,13.8,26.1,47.34
e69d871d,47.82,90.43,134.91
e1e1aadf,43.49,82.24,106.76
6883a976,11.56,21.86,48.83
0761fbf2,18.79,35.53,79.12
aa2db34e,35.98,68.04,95.12
e7975338,11.2,21.18,65.18
1cc070b4,30.35,57.4,70.18
3e2920f3,27.67,52.33,89.97
42562a7f,16.01,30.28,42.8
e9d7a812,16.43,31.07,72.67
3a9f0353,26.78,50.64,82.73
e2e78c75,16.39,31.0,63.23
8e43f6c4,10.65,20.14,45.21
65c449b0,39.12,73.98,120.11
c48a361a,29.92,56.58,86.94
74f09726,23.01,43.51,63.93
acd3b27f,10.7,20.23,63.2
b92688c3,30.53,57.74,105.67
ab2d2bd5,32.17,60.84,80.53
6a8c30a5,25.03,47.33,81.54
7aa89d94,19.89,37.61,71.15
0364015a,43.63,82.51,116.89
4c18a0eb,35.83,67.76,100.33
22283c64,19.1,36.12,50.13
7a58fd29,30.47,57.62,84.12
7a981a72,13.22,25.0,74.43
591950db,2.55,4.82,18.35
b7fede78,43.7,82.64,119.43
bf4b99cb,41.31,78.12,123.89
bedc804e,32.69,61.82,79.85
c8d25eeb,40.94,77.42,119.52
934a1da1,39.48,74.66,94.33
9a9ac54d,43.29,81.87,93.09
ca5d7d94,44.81,84.74,115.59
b36f87ab,41.3,78.1,116.53
9b1b52f2,42.88,81.09,98.97
b1e6903e,26.08,49.32,62.14
ed442660,35.98,68.04,100.18
c3bbe025,18.0,34.04,49.95
5b733c87,43.33,81.94,99.31
1c651ebb,43.21,81.71,119.85
9b2e66b1,5.17,9.78,44.26
8221fd47,18.66,35.29,83.17
06772c53,10.23,19.35,42.29
9df2b079,8.52,16.11,34.69
e6573638,21.91,41.43,77.66
9e9b1a04,32.03,60.57,109.45
a3c2eba5,18.5,34.99,67.13
9fa3a133,16.84,31.85,53.6
762c93c3,6.53,12.35,58.77
6dc6fbfb,20.38,38.54,72.96
23135001,24.61,46.54,65.05
a9fca9d3,21.14,39.98,87.96
5afcd93a,34.64,65.51,86.43
5aaba644,15.83,29.94,75.88
fdb0e75a,36.37,68.78,103.36
48e30638,44.37,83.91,114.02
6293f40b,30.38,57.45,80.75
00cdb42f,20.66,39.07,53.82
a27bcf68,10.63,20.1,39.89
6c22b466,46.76,88.43,111.67
e0c765ba,38.09,72.03,93.58
dde6d335,13.83,26.15,39.08
99df73e5,9.23,17.45,50.64
ac5befda,4.37,8.26,37.27
4081de34,11.15,21.09,35.35
bc873455,37.15,70.25,98.8
c1122dbd,32.22,60.93,74.09
66fd633f,48.44,91.61,138.87
62fb9bee,17.45,33.0,53.36
b404cad7,39.76,75.19,114.18
babd9099,7.78,14.71,34.76
6be8639f,29.0,54.84,83.82
9a8c8766,24.41,46.16,93.49
5dbb45be,42.23,79.86,124.73
3f42adcb,35.68,67.47,108.63
fc1342dc,11.33,21.43,63.04
00463efe,49.23,93.1,136.04
18f79f45,41.51,78.5,118.21
97a6028c,19.02,35.97,81.84
5fee734c,41.65,78.76,102.77
162e5c05,47.93,90.64,121.69
d242510f,44.73,84.59,120.45
8f825733,28.7,54.27,72.18
c022590e,29.7,56.17,86.3
77888a67,7.12,13.46,28.42
be519f22,9.91,18.74,53.21
bd5ef742,49.17,92.99,106.89
882313c8,38.95,73.66,103.79
7ca63aa3,3.22,6.09,34.56
88f61220,28.28,53.48,67.95
41ae8675,18.57,35.12,62.69
76915ec0,16.95,32.05,69.16
e389a126,28.72,54.31,88.1
c1dc9905,17.37,32.85,61.17
ecf67d56,14.07,26.61,51.21
8969155e,47.02,88.92,101.22
d73a303b,3.91,7.39,55.63
8902a1e9,22.94,43.38,69.49
05192cc5,26.54,50.19,76.85
264abc22,23.12,43.72,58.85
6973e46d,33.55,63.45,94.76
baa620ee,3.23,6.11,55.28
17ce1f20,44.48,84.12,104.24
9d837c1f,26.01,49.19,71.72
a8327d1a,28.58,54.05,73.5
9fd3169f,24.21,45.78,90.44
4fc10392,23.34,44.14,73.15
c2b591b4,10.96,20.73,63.67
c1324445,26.21,49.57,93.57
0e7df03c,22.22,42.02,81.98
dadd71fb,24.47,46.28,66.72
0d088359,2.66,5.03,16.44
199bb314,8.28,15.66,31.39
ebc68af2,38.63,73.05,110.93
256caf4e,22.12,41.83,81.45
d0fdc85e,37.66,71.22,111.88
cea59bf8,10.21,19.31,39.07
ed4209d0,35.51,67.15,83.27
1b8151ac,15.88,30.03,76.95
60fe4ffe,35.85,67.8,104.37
59e24075,6.17,11.67,51.35
7785187c,18.01,34.06,47.82
1cfdc964,7.73,14.62,41.12
8548dfcb,32.22,60.93,73.46
494972a1,20.84,39.41,75.72
b1eadb28,5.57,10.53,40.1
3c255a9f,27.27,51.57,79.63
b76404e3,3.2,6.05,52.17
454936bd,41.29,78.08,117.68
65b73e58,47.04,88.96,137.53
d929e78a,40.88,77.31,89.16
ea077b95,47.67,90.15,124.78
620e2c44,45.06,85.21,120.42
06e9c32e,44.96,85.02,96.08
e701a4ad,13.78,26.06,67.54
460e80e0,13.1,24.77,40.91
07b0b577,40.85,77.25,115.3
2556f0da,25.59,48.39,59.9
26ae8f5f,47.23,89.32,123.87
b4ffd3fe,45.07,85.23,116.06
2d7bb63e,44.87,84.85,114.18
c6fe988f,17.65,33.38,58.05
39c1e43a,8.38,15.85,42.66
6cf19780,34.54,65.32,94.4
028c4c43,23.15,43.78,65.69
b15d01ea,46.83,88.56,135.97
19e45789,42.99,81.3,129.9
872ef4c1,46.58,88.09,110.09
363b82ea,29.26,55.33,96.48
ff5dedb4,27.26,51.55,91.61
bdcd3e24,42.66,80.67,125.69
4e4378f1,26.57,50.25,60.4
429797ae,45.2,85.48,109.0
5134d6df,3.65,6.9,22.7
1718bd96,19.22,36.35,61.98
74a4c9b9,42.07,79.56,112.59
29cead4c,12.08,22.84,69.19
e0e81956,21.15,40.0,83.58
dedf6cfe,2.48,4.69,34.65
54f61b70,16.48,31.17,42.11
21670714,17.29,32.7,54.74
13d1bf32,37.16,70.27,84.53
2ae69896,34.51,65.26,101.29
f84e8b7a,23.36,44.18,82.0
b48d9528,36.97,69.91,105.86
ad596495,22.56,42.66,63.65
eae24e81,22.86,43.23,90.01
145287a9,32.99,62.39,95.93
6c0aabbd,36.7,69.4,103.29
e55f5961,42.65,80.66,123.28
b4e15f71,38.07,71.99,84.76
49b3f6e8,34.18,64.64,83.02
9275b118,28.95,54.75,88.33
e1536098,16.79,31.75,66.17
162ad2f7,14.53,27.48,56.15
34bfe977,42.48,80.33,121.53
7c78e5ac,36.43,68.89,92.71
ca2da77b,33.94,64.18,74.63
8e4cdbd9,14.42,27.27,50.87
eced844e,48.55,91.81,140.45
643eeb3e,5.9,11.16,52.32
f70eb9b1,42.24,79.88,102.61
9f396c9c,12.12,22.92,41.82
91baa676,20.83,39.39,81.8
8ccad279,22.54,42.63,60.63
34bf539c,33.81,63.94,97.15
f91a513c,28.24,53.4,83.72
0ae14e43,10.93,20.67,47.58
c9f2f520,3.44,6.51,33.55
e89738e0,36.43,68.89,106.98
f8a80d10,26.24,49.62,63.73
36d716be,19.37,36.63,62.44
b00e2af1,15.66,29.61,78.35
20e3b46b,41.51,78.5,119.63
aeb89234,40.19,76.0,86.84
d258b07f,41.65,78.76,106.64
4c1fac59,12.52,23.68,38.37
485e05b9,42.89,81.11,110.5
74542277,49.31,93.25,107.39
6a683334,30.76,58.17,83.74
54fdad08,4.26,8.06,39.86
686c50e0,35.71,67.53,92.22
fb714f3c,27.83,52.63,85.77
5f3a178b,36.18,68.42,117.82
d4b5ed39,11.04,20.88,40.71
11c816e9,31.08,58.78,91.36
b3c5eab5,27.88,52.72,81.57
025d8a42,30.92,58.47,100.84
0d3865bb,36.93,69.84,92.44
1463266f,28.12,53.18,88.7
e60e3bd7,17.45,33.0,70.72
4a6140eb,16.83,31.83,80.86
dd6b1ece,35.36,66.87,82.92
b5267ce5,33.86,64.03,113.96
65af1bcc,22.26,42.1,80.95
4c6c33a7,18.97,35.87,64.12
f06352e6,31.77,60.08,80.62
8d79ff39,16.98,32.11,67.26
50bb3ea0,48.24,91.23,106.9
117a317e,30.63,57.92,105.79
212d6b52,30.41,57.51,74.89
7a6391ce,8.54,16.15,57.12
0531288b,31.26,59.12,82.93
2e08b326,16.16,30.56,49.19
530816d7,23.69,44.8,87.15
9abaa5bd,27.83,52.63,98.14
31677eea,24.94,47.16,57.38
485bfdeb,40.85,77.25,126.22
2750ab1a,6.77,12.8,39.68
2146cc16,10.03,18.97,32.81
3883bd2d,9.54,18.04,46.17
1d487965,41.21,77.93,92.67
354cea67,7.67,14.5,34.85
e3cc08a6,48.63,91.96,124.26
d7fc22a4,48.52,91.76,116.13
d9bfbf8d,49.61,93.82,112.93
40b93e70,49.03,92.72,110.58
cd8ac64d,9.15,17.3,52.76
64429997,33.56,63.47,109.86
7020c4bd,21.19,40.07,52.33
7048814d,37.13,70.22,89.99
453eef54,21.48,40.62,77.24
15935371,20.4,38.58,88.07
5151842e,45.39,85.84,123.09
e2936897,25.74,48.68,60.78
6c3cbf89,37.51,70.94,88.09
431d322a,33.2,62.78,86.69
884fbb06,33.57,63.48,79.78
68ae5cd5,18.76,35.48,52.77
ed911a4e,14.12,26.7,47.65
bc51990a,44.5,84.15,109.06
f613b510,3.18,6.01,31.68
646a0623,10.3,19.48,49.46
f2a6a420,8.37,15.83,62.96
235e81e6,47.57,89.96,139.69
e27bd03a,2.24,4.24,15.03
817a08e1,2.39,4.52,34.27
30fef937,12.88,24.36,64.44
9529dba4,15.4,29.12,42.05
34cd4f20,28.87,54.6,102.25
b40a0c33,48.14,91.04,138.55
4fb5688c,24.32,45.99,64.33
9c30964b,15.86,29.99,71.42
28a1dad2,41.22,77.95,111.21
fdca7a8c,20.52,38.81,50.17
8b6ba5db,8.8,16.64,38.53
ace92c0c,40.14,75.91,96.45
9b66c68c,2.12,4.01,49.2
fe9b7d04,11.85,22.41,68.31
4ec82501,32.49,61.44,72.82
01d0be27,6.92,13.09,52.75
cc3c3ac7,14.28,27.0,41.79
4d3610ae,20.88,39.49,81.13
0d12064e,21.03,39.77,83.59
5075e970,48.69,92.08,104.45
75f699ac,34.43,65.11,88.16
7e94393c,3.78,7.15,32.34
bcdd47d0,12.62,23.87,72.08
d132be75,31.59,59.74,84.58
97139fc9,36.24,68.53,88.77
bfe5b23b,20.27,38.33,73.12
386b42d2,43.12,81.54,97.9
47ed55ca,47.28,89.41,124.41
dd2187d3,31.47,59.51,87.85
7c3b11a3,28.99,54.82,94.08
4466936f,38.04,71.94,105.09
c4a3cc1e,39.54,74.77,91.83
1115bad9,12.34,23.34,70.84
c109126a,25.21,47.67,75.62
5688b135,23.48,44.4,84.18
9fecfd83,47.19,89.24,120.52
27c8b0f0,7.36,13.92,58.53
576af065,47.29,89.43,112.91
23d45307,29.48,55.75,91.3
8e252679,15.83,29.94,43.12
e041159a,43.73,82.7,95.81
9ce5d826,4.42,8.36,52.1
bf9f9a1e,17.31,32.74,75.48
a63e5eca,38.12,72.09,96.46
5f9e5fa4,41.73,78.92,115.96
b288a0c2,10.04,18.99,62.15
d67d9b43,47.2,89.26,105.01
f6dacc44,4.58,8.66,58.05
faa4346f,22.81,43.14,88.57
321a6a25,6.68,12.63,50.27
ed6eb232,6.69,12.65,44.38
6a1397da,45.87,86.75,132.55
8057ea51,45.39,85.84,125.41
d34bf850,31.53,59.63,93.02
3bbd3554,48.38,91.49,137.15
aec073a8,25.57,48.36,66.78
a70746c0,39.58,74.85,94.62
0aaa984e,6.67,12.61,59.81
48a752c1,20.99,39.69,52.37
85f0e3ce,26.72,50.53,62.38
57eff261,39.35,74.42,116.1
fa855d56,18.06,34.15,60.71
a2fc654d,49.06,92.78,139.43
eb64f2a9,37.27,70.48,92.51
3ab0fb50,27.58,52.16,73.65
8b7ff1d3,17.88,33.81,82.1
6552e37c,32.82,62.07,94.22
14e5d698,34.31,64.88,99.43
5b6650fb,34.6,65.43,111.35
776e8b74,30.14,57.0,82.23
ebfc7a1e,21.22,40.13,60.04
fe07300d,41.2,77.91,110.75
d72882f7,14.4,27.23,53.63
1998e05a,32.02,60.55,77.09
be7039af,24.64,46.6,61.34
aec484d8,44.86,84.84,123.86
856dcd49,30.35,57.4,68.77
e60487d8,43.07,81.45,112.55
1efb8475,47.76,90.32,113.51
bbf77ac2,8.1,15.32,31.36
feda259c,28.65,54.18,99.81
3579f330,44.43,84.02,123.64
89af711e,43.86,82.94,123.86
2bd64aac,11.4,21.56,49.0
96af6e83,25.11,47.49,83.42
82f1fe5b,12.71,24.04,37.66
b075c683,45.05,85.19,100.76
91288f74,2.16,4.08,26.98
92a141a8,12.48,23.6,51.91
d574b2f0,21.63,40.9,54.65
a3cbe9c2,12.61,23.85,56.45
423c12f4,48.73,92.15,111.74
c8adcb12,13.71,25.93,66.91
81abda86,19.39,36.67,46.69
aaa1f0e3,10.36,19.59,64.23
b8b88a99,46.48,87.9,127.2
2663c264,21.74,41.11,72.96
6883310b,14.57,27.55,67.05
535ea004,13.81,26.12,50.7
cf75521b,30.11,56.94,73.44
a53c54c5,48.93,92.53,102.89
d96f4d14,48.76,92.21,124.15
f809154a,49.12,92.89,114.57
28e2ddc7,20.56,38.88,57.39
b7d693f6,45.89,86.78,131.46
24be1d43,23.33,44.12,83.13
c62d4a31,26.51,50.13,99.74
40cb5ef9,26.96,50.98,87.44
50b20f12,5.05,9.55,55.36
c68e6304,10.5,19.86,34.59
857e6393,44.53,84.21,123.12
46ee4f97,45.03,85.16,98.61
31362206,11.7,22.13,35.91
b79362fe,16.53,31.26,75.57
04850c7b,41.83,79.1,103.5
39f3ca98,11.8,22.32,44.98
177f268c,44.28,83.74,101.09
efba1c11,41.51,78.5,107.9
a0fe4df9,40.76,77.08,95.22
144ebc65,44.8,84.72,116.23
e8dbee49,44.57,84.29,120.71
06548d7c,46.03,87.05,123.25
75c3b392,44.22,83.62,108.21
b0946b29,31.13,58.87,97.03
64df4e91,9.57,18.1,38.74
99a2c6ef,31.24,59.08,101.39
3d4aa68c,47.23,89.32,99.32
b475f94b,48.45,91.62,140.28
e52f6c48,36.97,69.91,97.25
1fe19a56,35.3,66.76,90.12
40aeb02a,47.04,88.96,123.94
25f0a807,15.98,30.22,75.38
d10fdd35,9.25,17.49,41.59
16c58fb2,15.92,30.11,42.91
ead6af2f,47.55,89.92,114.07
30ffe44a,12.19,23.05,33.25
f8bcf255,12.79,24.19,41.59
4489de38,11.26,21.29,33.37
928dd0f0,25.27,47.79,73.29
3bcf2118,40.23,76.08,88.47
270a63ce,20.33,38.45,87.81
486b051d,6.81,12.88,54.16
b70a85ff,37.53,70.97,97.75
9c1527d6,31.27,59.13,100.75
f046c07c,25.0,47.28,73.97
4359c483,48.28,91.3,127.18
17b21a92,24.58,46.48,89.34
723ebfd5,37.16,70.27,107.65
816e57f2,9.61,18.17,31.55
04c6306a,21.99,41.59,53.33
24d7333d,12.19,23.05,55.85
c951128a,18.71,35.38,53.24
91289328,25.03,47.33,96.69
dab53b3b,10.38,19.63,30.28
b816529b,40.55,76.68,116.62
d98034b1,20.05,37.92,49.62
00bb02a4,45.04,85.18,119.61
16ff76fc,34.38,65.02,91.82
dec48b79,10.48,19.82,55.13
db33c26e,32.81,62.05,102.53
454ffe9d,3.12,5.9,17.23
b2574092,40.75,77.06,107.91
b8648943,48.76,92.21,139.9
6a62a9cb,34.53,65.3,84.01
70742774,46.47,87.88,100.98
24eff20e,16.15,30.54,71.38
94e283c6,22.33,42.23,81.89
501e1d48,22.38,42.32,67.93
9006372c,7.38,13.96,57.17
f9c2e929,40.23,76.08,107.84
9737937f,25.76,48.71,77.72
a76d16fe,25.54,48.3,91.17
51b13c65,34.09,64.47,78.4
921aaab4,10.21,19.31,38.27
ed78d5a0,40.89,77.33,105.1
5c4917ad,19.56,36.99,50.41
92058012,5.82,11.01,60.84
1b7834ad,11.14,21.07,43.61
911e5cbe,14.14,26.74,74.65
0f01dc85,10.54,19.93,48.91
7c4a14bc,13.63,25.78,72.76
0d860da7,49.8,94.18,121.78
7d7e72fb,27.81,52.59,95.18
2352e61d,30.94,58.51,98.55
f6fd4ad0,9.97,18.85,66.73
bae45615,4.11,7.77,43.27
6af58bd5,16.9,31.96,51.04
ae2b5df7,38.95,73.66,105.34
39f5a895,28.82,54.5,70.33
494a98af,2.52,4.77,28.16
6efb094e,39.86,75.38,116.95
597ab58d,6.99,13.22,23.78
61dda2cd,23.14,43.76,78.59
4af64340,49.97,94.5,132.22
89c2eb46,7.83,14.81,60.8
0ed45922,41.12,77.76,118.02
bf373a0e,40.36,76.33,102.44
86180dae,23.36,44.18,84.8
7afcff7c,49.44,93.5,128.52
eac9fa8b,16.78,31.73,65.2
f6ae5ce3,17.16,32.45,45.4
e66e745e,9.31,17.61,49.2
9e50650f,19.75,37.35,82.03
06b7116d,16.23,30.69,58.16
85c74624,31.02,58.66,96.83
ed26f8e2,3.96,7.49,53.64
5951a18a,16.89,31.94,63.31
de19bdf1,2.23,4.22,17.74
79d7ba9c,2.3,4.35,16.52
f9edb1a2,41.37,78.24,120.15
b624986d,37.99,71.84,83.15
354810a5,37.72,71.33,121.29
58f7b20d,18.97,35.87,50.97
d673d3f3,35.56,67.25,108.26
09f214e5,14.31,27.06,71.77
528d4e45,16.85,31.87,54.13
f8b67b6d,29.0,54.84,86.5
4a87348e,35.58,67.29,115.39
85ba0005,14.75,27.89,76.1
95044a2f,34.61,65.45,112.65
71f888aa,48.2,91.15,112.15
2ee67524,25.7,48.6,60.98
34dc3a82,21.54,40.73,54.84
935ae608,13.16,24.89,40.57
ffad7f01,19.1,36.12,72.99
843a80b7,27.38,51.78,93.88
2b2b3f48,47.32,89.49,101.5
3f1becae,14.52,27.46,73.08
4040f9cc,13.11,24.79,64.68
43ca98c3,48.11,90.98,122.19
3711c1ed,31.08,58.78,108.38
65a3d2fe,37.29,70.52,91.13
21b415fc,41.83,79.1,97.82
92184c2a,5.93,11.21,34.6
cd1acc91,25.27,47.79,78.85
eb47d555,8.72,16.49,41.96
f63c013d,31.97,60.46,103.64
4b10a6ec,47.78,90.36,136.14
c495c220,4.7,8.89,57.56
56c5ef7c,15.16,28.67,71.4
002225ee,49.98,94.52,128.84
6f89384c,2.26,4.27,38.81
40b03ad6,8.7,16.45,33.91
da0a666a,5.88,11.12,31.65
cd9976d3,38.68,73.15,123.04
7914ae4a,38.04,71.94,92.39
79784df2,39.32,74.36,103.03
168991dc,39.19,74.11,99.52
b5232a83,42.09,79.6,117.13
1b57cc5f,39.1,73.94,97.36
ae0c6afd,25.21,47.67,84.99
15ddf740,37.78,71.45,119.88
b6c450c1,30.69,58.04,78.14
b07017d6,19.59,37.05,61.88
8ee31034,42.16,79.73,103.42
ca5b1df0,39.83,75.32,97.33
8b6f3bdc,10.33,19.54,40.35
61fadb6e,3.17,5.99,41.19
ee1699f5,17.17,32.47,64.39
bc2af4ca,21.38,40.43,70.78
e8f43449,10.37,19.61,61.63
31dc05a6,43.05,81.41,97.27
60b236a3,3.61,6.83,23.62
b9cd4779,25.21,47.67,78.19
8e98ddfc,4.66,8.81,32.96
a2b39fdc,27.76,52.5,69.45
d27ec7ed,24.26,45.88,83.51
b792efb1,39.45,74.6,104.44
4f1a49d2,35.1,66.38,84.47
439da0da,42.51,80.39,100.97
79656881,28.13,53.2,92.12
70491bee,41.48,78.44,101.54
00e8dec1,36.52,69.06,87.24
5f45a3bd,39.42,74.55,123.17
7d51f308,30.83,58.3,71.82
a7c1f9bb,36.54,69.1,84.98
9e566c53,21.28,40.24,78.93
be0041c0,6.08,11.5,38.53
4535a667,22.0,41.6,81.72
159f62ce,10.32,19.52,51.63
4764ed0a,32.21,60.91,72.52
3e67dac8,14.64,27.69,65.06
a9fe37be,47.99,90.75,132.98
4c5d2ae9,15.02,28.4,60.51
956682ae,6.71,12.69,34.99
2cdeddc5,44.27,83.72,94.34
af6744b0,21.89,41.4,87.67
4e3f9048,19.08,36.08,74.36
f0e2dd33,44.5,84.15,95.94
e365af34,33.37,63.11,106.73
ef89c467,27.54,52.08,64.2
a998fb61,17.7,33.47,71.93
5a625d89,16.04,30.33,68.09
b4f6998b,29.82,56.39,103.04
6e2c0a82,26.07,49.3,65.92
9c965a35,15.25,28.84,61.53
c14531ec,10.83,20.48,52.27
ec436d15,41.26,78.03,89.43
7ca7e251,35.01,66.21,101.74
9684c20f,49.68,93.95,114.11
21f5127f,26.76,50.61,73.91
ab77f530,49.73,94.04,113.69
32480211,24.12,45.61,57.85
deb39527,27.68,52.35,69.02
e537f4fa,12.04,22.77,41.06
878968f6,9.18,17.36,50.45
587ecc52,47.13,89.13,104.53
b1bae87c,49.1,92.85,139.68
34678cab,28.28,53.48,72.75
ccd1ce07,15.07,28.5,64.57
7125daeb,47.67,90.15,106.45
2c2e6178,40.24,76.1,117.91
ee26529e,10.63,20.1,32.96
2099c242,16.32,30.86,70.36
68f9c1d4,2.2,4.16,29.89
e7fc77d2,29.94,56.62,85.24
074a1c96,27.27,51.57,76.22
9a5e5f74,9.87,18.67,44.75
0238fc77,18.29,34.59,44.8
dd15669e,47.08,89.03,100.08
811d8e90,33.15,62.69,104.45
c3cbd04a,43.42,82.11,100.65
38eb301c,42.24,79.88,114.17
f4663120,46.19,87.35,123.48
d6657685,3.99,7.55,45.47
884bb02f,14.6,27.61,61.5
cbb895c6,21.95,41.51,76.66
35febd52,32.72,61.88,95.14
94f5133e,31.19,58.98,106.11
8a268156,13.81,26.12,62.7
e16b56df,11.25,21.27,45.39
33171520,23.0,43.5,67.77
f24de2e9,14.03,26.53,39.71
9ee2aabe,48.33,91.4,141.07
3979f88d,48.34,91.42,137.05
1569880b,7.44,14.07,25.79
ff5db81d,35.84,67.78,112.25
f9cd4335,12.95,24.49,40.03
e31e5b0c,36.44,68.91,88.47
1d4e5b49,38.82,73.41,110.64
dd2b48bc,4.31,8.15,47.36
6460807d,35.38,66.91,97.14
8f114b53,45.05,85.19,133.9
73a6ae90,12.38,23.41,52.99
af2a5fa0,7.55,14.28,34.61
95974e46,29.21,55.24,65.6
a2a63a31,26.84,50.76,95.45
4f4478d1,44.52,84.19,110.0
349ac73f,23.65,44.72,86.02
4747b5fb,21.85,41.32,82.27
c8978e0a,36.27,68.59,80.33
d2b933ae,5.72,10.82,53.68
8a27f8d3,4.74,8.96,30.53
e60ad1d0,26.24,49.62,93.27
f509c5ad,6.27,11.86,41.55
c95dd3d2,47.08,89.03,122.69
3f623caa,33.4,63.16,77.21
1f41cc5f,38.18,72.2,97.37
398e7bf2,12.99,24.57,73.41
4f9f4820,25.71,48.62,95.66
0f59c41e,8.42,15.92,65.69
c09b8e14,11.75,22.22,52.63
85121d0b,29.27,55.35,98.08
16a6dbcc,15.44,29.2,57.4
400ae105,46.02,87.03,134.69
211324ba,49.77,94.12,143.56
d5885f0c,2.19,4.14,49.25
69110be5,38.44,72.69,107.54
ed716128,7.54,14.26,63.82
865ffea9,29.58,55.94,105.29
b615b193,12.97,24.53,53.53
70c07a59,48.31,91.36,113.51
768c6fc3,44.04,83.28,100.78
c3d10197,30.58,57.83,94.91
4966280d,10.45,19.76,31.15
58e14a25,39.57,74.83,115.38
0352b51f,26.97,51.0,63.05
f3eb3ab3,31.36,59.31,79.92
58050b35,36.46,68.95,98.87
f2ee8dfb,21.98,41.57,55.47
b78f9b0b,2.37,4.48,15.93
4677ac69,19.48,36.84,66.03
35df2cce,21.85,41.32,86.79
f4009fb9,19.61,37.08,63.41
c8975f99,41.89,79.22,97.23
09d8d7a8,17.95,33.95,60.28
f27a7325,21.98,41.57,80.48
198bc289,4.96,9.38,21.03
4c3aac40,36.41,68.86,80.09
b1ad8946,12.34,23.34,51.85
b5bb4ef7,13.28,25.11,62.18
7ccbdd31,30.17,57.05,91.6
0a4fdd36,49.21,93.06,128.57
f6a30405,21.69,41.02,57.65
b22c535a,17.7,33.47,65.02
80bc30a5,3.74,7.07,32.19
07ce5ea4,39.79,75.25,89.67
50e1a49b,14.54,27.5,42.62
c6514df7,38.9,73.56,109.37
219fede1,15.55,29.41,77.7
d0993131,3.43,6.49,20.74
2c07cbcb,25.91,49.0,78.8
b128384c,45.49,86.03,105.95
ec471525,12.11,22.9,44.16
746229a3,9.39,17.76,36.74
01590ac4,10.87,20.56,52.39
404894ae,35.13,66.43,78.7
e9974b5e,19.64,37.14,76.84
ccf2acb2,14.29,27.02,61.29
611dae58,18.21,34.44,59.83
f9d3aeaa,16.84,31.85,50.56
8b5c4983,28.1,53.14,84.59
eef843c5,8.4,15.89,64.1
3616bf50,26.42,49.96,88.28
130bf252,16.96,32.07,53.24
5836b1b0,46.77,88.45,128.17
8ffbef01,22.25,42.08,72.24
3c3a50d5,6.8,12.86,24.78
3074a888,46.81,88.52,123.22
a869afdd,47.0,88.88,108.24
f9cb7728,10.42,19.71,46.1
18c2d8a7,41.19,77.89,107.03
6757c4d5,43.37,82.02,123.99
7ba77083,19.07,36.06,69.26
115a7ffb,9.66,18.27,41.87
da72b6e2,40.33,76.27,112.56
aa4f3eff,3.36,6.35,24.03
ab627c49,31.73,60.0,102.91
d2c55788,18.41,34.82,52.88
9c759845,30.61,57.89,90.23
d2963bb6,39.86,75.38,93.59
290717f5,41.78,79.01,102.03
5a98d79d,49.93,94.42,121.32
3779b2cc,32.73,61.9,86.6
d65e2b62,12.73,24.07,71.42
7078dace,15.25,28.84,47.78
7a03838d,22.93,43.36,60.57
b4d8186d,42.73,80.81,111.51
ee812101,19.61,37.08,85.04
76193305,35.04,66.26,96.39
f62909d9,4.16,7.87,56.24
7e578aa0,22.64,42.81,60.42
e2d293a0,10.02,18.95,29.36
27847c7d,47.05,88.98,111.1
d1b6ebcd,39.99,75.63,111.16
a18da14f,8.66,16.38,50.06
b86ba243,21.29,40.26,59.93
c52d1c30,5.87,11.1,47.56
aa2797b3,37.83,71.54,114.75
eb641999,11.19,21.16,58.65
28ee4aee,40.61,76.8,115.91
2a3ba552,5.55,10.5,32.8
ae4f717c,29.5,55.79,86.96
078e099f,31.19,58.98,70.69
1e4552e9,18.05,34.13,58.49
c56616aa,9.88,18.68,61.31
c5065cc2,17.54,33.17,74.77
53de3062,25.78,48.75,96.38
11b7a732,48.52,91.76,140.51
8ac048c8,23.45,44.35,93.26
85915248,11.09,20.97,37.27
f5f6faae,3.24,6.13,20.96
950ac370,2.4,4.54,49.54
57d34760,22.0,41.6,66.93
cdaf1e7a,16.22,30.67,54.96
5cc7026c,7.52,14.22,45.57
a55f4beb,10.26,19.4,47.46
b05effc9,18.8,35.55,54.47
1d3f0536,34.96,66.11,109.89
445537d9,31.26,59.12,105.49
3a572bcc,5.84,11.04,50.94
b38e0e3e,8.87,16.77,28.69
66add838,45.6,86.23,100.95
2bf279ce,5.41,10.23,34.07
83599715,11.55,21.84,54.11
71c88701,17.26,32.64,67.02
9eff67d5,13.05,24.68,38.68
1edb21c3,15.96,30.18,78.59
3ebf647f,36.93,69.84,101.02
be34a6f4,6.56,12.41,39.68
27c301c3,18.91,35.76,53.4
bd026469,31.36,59.31,107.34
5a6bd18d,4.34,8.21,36.11
71234b44,4.13,7.81,22.52
fb5e60f6,25.93,49.04,83.61
dd78d5e9,45.19,85.46,109.47
0ddc41c6,23.35,44.16,86.48
b1f0df7f,21.52,40.7,72.52
0090645a,2.49,4.71,18.94
0961c040,37.17,70.29,110.31
048ef876,9.88,18.68,40.87
3086f53e,35.53,67.19,93.52
03103042,18.73,35.42,76.45
50829327,4.16,7.87,22.13
f411a5d8,17.74,33.55,82.66
6fc54cf1,33.66,63.65,101.73
22da6ea9,38.88,73.53,91.23
46ce44ae,32.51,61.48,73.81
6d2667a9,36.13,68.33,100.11
c95eb947,13.32,25.19,50.36
04d6a2d7,48.33,91.4,102.58
1bb90cd0,12.89,24.38,58.75
082fbf7c,10.16,19.21,41.56
db4591ba,13.99,26.46,49.34
16c0932f,48.66,92.02,108.51
9aa5b017,5.12,9.68,25.3
36cc698e,39.13,74.0,89.77
408ad52d,7.05,13.33,58.77
e4e225cc,39.12,73.98,105.3
b66f2cee,15.3,28.93,57.71
4316ee56,36.88,69.74,107.92
e76d4769,4.35,8.23,31.02
b80f5621,18.06,34.15,77.04
f20e8e10,24.3,45.95,63.84
a038c9c2,2.99,5.65,47.76
87011a7e,10.68,20.2,32.44
ba026673,10.1,19.1,35.37
0bcbba9d,25.11,47.49,93.2
e7961ce4,8.39,15.87,30.23
88015c99,48.9,92.48,112.3
44b20208,44.57,84.29,96.0
ac5e8a2a,12.77,24.15,58.1
e8ee8345,13.24,25.04,48.15
3b6691ee,47.48,89.79,125.13
5d791ee5,16.38,30.98,44.41
69b956bf,22.32,42.21,68.01
7e3a91a2,35.67,67.46,92.33
d5572d82,18.51,35.0,66.47
580edeba,45.32,85.7,107.5
d07ef37e,30.27,57.24,106.63
905d333d,29.23,55.28,77.92
c0dd6f12,28.61,54.1,91.95
916327e3,7.38,13.96,38.61
b945376d,39.94,75.53,106.88
5799d855,29.46,55.71,74.78
91522ebc,4.57,8.64,25.55
c268d1ac,42.82,80.98,129.88
d5ec7260,37.01,69.99,101.63
c2e4ae01,15.87,30.01,58.44
846715cc,15.73,29.75,65.41
c181a8ec,26.23,49.6,68.54
14644fe9,2.35,4.44,47.32
4bd1efde,40.86,77.27,97.2
2eb7d987,47.22,89.3,121.0
11103019,23.44,44.33,59.42
ea2d311c,27.76,52.5,85.48
4b984589,40.87,77.29,106.61
d29d4531,15.32,28.97,50.2
dbeb6a55,25.6,48.41,70.71
dffc7f35,7.33,13.86,24.25
908d2508,35.69,67.49,78.58
e8ade24d,40.06,75.76,109.79
feb18c17,5.21,9.85,48.59
222f0182,44.36,83.89,115.77
a318a698,19.98,37.78,51.06
d42df1a8,46.27,87.5,135.13
9f4a6f8b,45.21,85.5,124.04
586a907a,39.96,75.57,95.06
05e56be7,41.85,79.14,116.0
735a3098,15.89,30.05,44.51
4efc9dba,19.63,37.12,78.3
6972ac13,13.52,25.57,54.81
59e66d21,19.02,35.97,62.34
dc70acd6,28.97,54.79,65.16
c2549b77,43.47,82.21,118.31
37cc1bd1,28.26,53.44,96.6
c27e0eb8,35.44,67.02,88.55
8630527d,8.52,16.11,26.58
94e576f6,47.1,89.07,130.08
744c2128,29.99,56.71,92.14
e14353f2,39.24,74.21,115.29
3a82c276,49.93,94.42,125.95
2272bee4,43.27,81.83,110.27
69fb787f,26.21,49.57,68.34
e72c2a5c,43.67,82.58,95.73
eec66f69,33.63,63.6,92.46
bfc47991,37.04,70.05,114.79
c2eefcb1,32.59,61.63,74.0
699cab75,15.81,29.9,79.46
2b682304,18.05,34.13,82.01
f2ce94aa,28.8,54.46,90.09
275d9854,43.96,83.13,129.7
a539698e,23.72,44.86,77.0
fc90bf36,27.95,52.86,79.04
aa7d7a52,19.72,37.29,70.16
c6a4f14f,2.87,5.43,50.49
70ffd718,32.89,62.2,110.5
712c60cc,29.16,55.14,98.66
d3cf6eb9,48.96,92.59,109.78
4bd0c760,26.38,49.89,83.56
ed40fdb2,27.68,52.35,80.14
f7e47f4d,15.55,29.41,58.66
effee494,6.78,12.82,39.95
f9c7ee34,35.96,68.0,80.7
7334d029,40.8,77.16,121.0
594a5c9c,43.75,82.74,131.87
0dc51c8c,21.41,40.49,58.88
bb84c791,35.77,67.64,102.52
00292fe8,14.61,27.63,59.09
c804b3dc,14.13,26.72,72.58
bab4789e,49.79,94.16,132.32
0630f8de,42.77,80.88,120.87
642f22ab,14.3,27.04,75.12
0e9ed0ff,22.8,43.12,79.66
d83be4fa,29.12,55.07,83.21
778d9e4f,2.62,4.95,17.03
5c4c5936,48.05,90.87,137.12
ed10d081,7.22,13.65,47.24
62eaeac3,41.23,77.97,115.26
0bfdc361,48.84,92.36,122.57
e5004618,35.8,67.7,93.44
58716557,48.4,91.53,121.69
bbcffcfb,2.95,5.58,17.52
d154127f,19.02,35.97,77.89
2cb12751,24.87,47.03,63.35
e66950a3,39.58,74.85,98.16
282114e0,33.42,63.2,76.68
7a57dbe1,37.33,70.6,113.4
d2048d42,8.94,16.91,33.64
23f933b6,42.55,80.47,106.43
72b5e00c,41.47,78.42,105.04
8f560c4e,38.91,73.58,96.24
8767fad7,41.26,78.03,122.44
03ec9802,12.25,23.17,64.04
2917d1e3,8.73,16.51,56.26
0b48c376,44.96,85.02,104.02
03675848,47.94,90.66,108.24
6a3683ed,22.36,42.29,62.15
7dcce189,23.46,44.37,69.82
9dfbf347,37.57,71.05,100.2
16783486,25.76,48.71,68.72
7aaa59ad,17.05,32.24,60.55
fe1ed58b,11.12,21.03,38.41
8f3c4d77,3.09,5.84,26.6
17765e49,30.21,57.13,77.56
10fe8da0,8.82,16.68,55.76
dcb1e277,43.2,81.7,110.04
bc224cdc,49.18,93.0,127.61
55bf228d,23.97,45.33,82.1
cd805df2,7.55,14.28,27.02
c98de02c,29.98,56.7,98.49
cac59e4e,29.55,55.88,77.24
37b9dd3b,8.4,15.89,46.28
47aff21d,33.05,62.5,86.04
011895d4,17.17,32.47,73.41
e6678a13,42.58,80.52,99.65
a4161600,30.22,57.15,105.7
9c344927,22.78,43.08,69.08
b8f28f79,48.24,91.23,129.7
9aba1713,25.58,48.37,84.03
86ad6bca,44.59,84.32,124.02
5fdb2905,14.69,27.78,59.82
c17b5272,23.21,43.89,69.24
c70a073f,6.03,11.4,28.58
4423f929,22.29,42.15,72.93
0cf06313,44.94,84.99,97.42
600da3ff,41.81,79.07,91.42
bda1f764,48.83,92.34,126.88
c6e8dbc0,37.99,71.84,101.06
79eaa79d,15.03,28.42,58.66
2928085d,9.72,18.38,41.13
a5ae445c,10.62,20.08,61.7
8024268e,33.75,63.82,81.87
39bb25a4,20.35,38.48,71.93
698894fd,21.87,41.36,85.78
1d0114f9,43.31,81.9,125.26
d96b7853,36.88,69.74,80.89
0d130dc4,12.05,22.79,43.95
4244f345,10.21,19.31,57.9
d0af7ca6,41.45,78.39,118.02
895b8eef,47.77,90.34,119.65
4adce2cf,10.89,20.59,38.69
391e3ceb,47.68,90.17,111.33
2e51ed58,22.63,42.8,84.84
2bcc4b18,45.47,85.99,103.68
38c4629a,38.04,71.94,119.63
83fb1506,45.45,85.95,115.98
f25bf893,32.97,62.35,83.69
fc05ddcf,9.54,18.04,43.62
28eb2a25,4.9,9.27,29.53
c5600202,32.1,60.7,86.07
effc16aa,4.8,9.08,24.31
0d9616d4,13.33,25.21,68.14
5140d690,11.9,22.5,71.05
84e66623,22.5,42.55,78.92
620f74f5,30.67,58.0,100.34
ee3a5c59,45.74,86.5,105.62
7a7d3f83,46.94,88.77,101.28
c9e1a3a1,49.15,92.95,128.03
32ae99fd,38.66,73.11,115.81
ce2215ec,46.22,87.41,130.78
b9dfa3ed,39.95,75.55,106.86
069ee96a,45.71,86.44,121.32
086439c9,7.0,13.24,37.97
d82579aa,48.16,91.08,134.31
267a5a2a,13.26,25.08,62.98
fd8d0068,29.29,55.39,72.82
a12315a2,26.81,50.7,71.88
0cbffcd6,29.09,55.01,71.08
714d3264,35.7,67.51,97.74
3523dbf4,27.9,52.76,70.85
0e5af885,35.06,66.3,82.65
8e2bd9fc,27.65,52.29,68.71
869bb406,2.58,4.88,25.51
fea751d1,32.11,60.72,103.08
c35cfc9b,28.65,54.18,101.71
dbff504e,30.12,56.96,106.79
20654816,2.07,3.91,15.52
069777a5,24.5,46.33,79.09
dde89137,44.0,83.21,103.87
5c304d2e,17.96,33.96,83.52
ce621981,23.35,44.16,93.53
a9ed3ea3,7.88,14.9,62.26
30d481e4,23.61,44.65,55.22
bae3952b,21.0,39.71,55.89
0e98e825,44.39,83.95,116.05
6b77f3e5,3.7,7.0,24.49
bf8c040d,47.66,90.13,134.32
addc324d,29.67,56.11,94.1
6fa87344,27.42,51.85,69.21
e70641bf,44.54,84.23,126.97
faabba23,11.17,21.12,51.05
f9d057ea,12.03,22.75,61.14
3b8c673f,43.97,83.15,98.74
c8025cc7,46.61,88.14,118.85
db1a7767,42.21,79.82,120.87
19394d20,3.98,7.53,31.35
a2204325,33.3,62.97,80.44
192b75c4,23.65,44.72,80.3
fb823b53,40.78,77.12,112.88
b4b32efe,9.59,18.14,36.31
489ac780,46.18,87.33,100.1
e74ee75e,18.1,34.23,50.89
462f0e4c,17.52,33.13,54.15
f0e19a6e,10.56,19.97,31.42
2ac3d73b,2.33,4.41,51.32
4d964aee,17.01,32.17,51.39
7237ebd2,9.12,17.25,56.81
5dda23cf,37.43,70.78,97.37
1b77242c,38.32,72.47,102.55
def7a2e7,41.74,78.93,110.41
bd6cf234,2.26,4.27,45.18
39ab34dd,18.87,35.69,77.21
7ca29d9a,2.28,4.31,19.96
a64d918e,26.37,49.87,72.0
e88a671f,45.63,86.29,119.21
afecb1af,21.58,40.81,64.03
d7e07a90,43.94,83.1,98.41
267e72ee,47.48,89.79,116.13
4ee76d88,13.42,25.38,44.12
dca4dbc5,2.49,4.71,20.45
d249fa6b,37.5,70.92,93.08
e7c8e1fd,29.79,56.34,78.33
765c657e,18.66,35.29,49.18
17ee9f4c,19.64,37.14,70.5
6b1847fe,5.89,11.14,33.71
82111c08,43.81,82.85,99.78
5609e10a,13.62,25.76,68.5
1209722d,6.66,12.59,22.69
3cc10578,39.42,74.55,102.72
dcbfdf05,25.28,47.81,75.21
aff55081,38.62,73.03,109.88
98e6a09d,45.29,85.65,111.23
34a9b0d0,20.34,38.47,68.98
61bdfa9c,4.61,8.72,55.06
c0678391,14.16,26.78,43.51
2b4bbbc0,4.45,8.42,22.64
9b10cf2d,9.16,17.32,57.19
840ea631,42.75,80.84,120.56
83b0b2ef,47.19,89.24,136.03
6c670133,34.49,65.22,114.55
14c93777,37.13,70.22,95.6
da402420,37.11,70.18,95.28
0c53c039,7.92,14.98,61.17
035f5955,4.26,8.06,52.49
e0cb1f53,35.52,67.17,92.19
4c609854,3.8,7.19,20.24
0a5719c3,40.96,77.46,110.71
9486777d,30.37,57.43,78.18
e701aacd,7.45,14.09,60.43
91638d93,33.65,63.64,105.88
5b9348b9,31.1,58.81,104.85
1cbf5d0e,20.06,37.94,51.18
b81d4974,41.25,78.01,122.59
c303dd8f,16.62,31.43,65.15
3149a490,20.14,38.09,56.71
c2c0a473,35.44,67.02,89.07
4c4431d0,38.1,72.05,100.32
d805a501,15.13,28.61,63.72
7b72ad79,2.81,5.31,24.62
c40a7ea8,10.46,19.78,38.06
97215d57,14.63,27.67,73.36
d4809660,45.44,85.93,129.74
d8d4c3bd,44.89,84.89,125.56
62d6e7b5,33.71,63.75,104.19
87ed1a56,36.05,68.17,108.81
f743bc70,31.82,60.18,107.14
b3108525,39.4,74.51,118.26
da0caa29,18.86,35.67,61.21
8ebaec47,28.24,53.4,82.25
01da1aec,34.19,64.66,98.84
4a3ce183,24.48,46.29,75.31
8b81eb93,39.09,73.92,95.8
10ce288d,46.76,88.43,132.88
26a25a02,33.86,64.03,106.17
5fe8a5b6,5.58,10.55,36.14
9f787705,31.29,59.17,73.76
5189e8a0,35.42,66.98,77.17
3c639d79,15.6,29.5,43.2
bc3e3ef8,17.44,32.98,49.17
5cb57dcd,30.58,57.83,94.14
dd17bd31,35.94,67.97,86.75
8b8dfcc4,43.83,82.89,118.28
db936be9,38.6,73.0,96.13
2b50d1db,8.43,15.94,61.74
1c1b82c0,18.71,35.38,64.14
7b9e85d9,9.14,17.28,54.19
1b464a0e,38.33,72.49,100.93
f8b87e24,14.79,27.97,74.47
cabe0263,7.93,15.0,52.5
fdf688a9,6.62,12.52,48.21
fa5ce91e,7.5,14.18,47.87
f897269e,13.86,26.21,75.75
4eb4e8ec,39.55,74.79,112.18
22901d42,13.41,25.36,65.53
ef1ec94e,15.51,29.33,42.6
5e10df30,44.27,83.72,126.29
26ed1d41,23.23,43.93,77.8
dc8680b0,26.42,49.96,73.43
aa8926a8,2.13,4.03,37.3
6dbe8e62,5.94,11.23,46.25
c55a4093,37.55,71.01,91.42
438115d1,18.01,34.06,61.54
27ce7ee8,9.18,17.36,56.21
21eef5e7,22.58,42.7,61.73
fe6d65d2,4.16,7.87,51.32
dcc10a75,36.05,68.17,81.27
0586b4c9,5.85,11.06,44.31
4d92a4f0,4.63,8.76,33.95
8c5935eb,22.15,41.89,54.02
0a1da881,30.18,57.07,98.05
3fd2c81b,38.67,73.13,104.99
c14739d2,5.41,10.23,48.84
dca14348,18.07,34.17,59.37
0e5e0c64,14.89,28.16,72.54
d366c3a6,37.7,71.29,84.64
584f3762,19.73,37.31,56.64
bfbe2389,32.14,60.78,102.56
d8e35d57,25.49,48.2,96.39
0deb6010,29.34,55.49,99.35
e7956ea6,19.55,36.97,56.2
0d773301,13.48,25.49,49.43
e338f96a,4.87,9.21,49.83
88c1f374,10.33,19.54,67.39
15658067,10.28,19.44,41.01
c0f6f6b2,46.87,88.64,114.09
9c812237,46.99,88.86,99.77
3bbefa76,14.28,27.0,57.18
46b3f01f,7.07,13.37,26.9
67e94ed6,15.52,29.35,42.77
4456901d,40.23,76.08,116.53
fca68ced,43.8,82.83,106.59
4c1c80ca,26.05,49.26,96.69
a8644db9,27.93,52.82,91.46
fa2cb43f,24.02,45.42,67.21
000ae65d,10.77,20.37,57.65
8a9a7f59,4.39,8.3,52.92
56a156ae,31.83,60.19,87.63
a4ea6d55,40.34,76.29,108.76
412fbddd,37.97,71.81,90.51
644d481a,45.21,85.5,111.59
5fc13466,41.06,77.65,110.81
d3b731c7,15.8,29.88,64.5
7b966bb3,7.61,14.39,53.19
964d56a2,22.68,42.89,91.18
e2a71958,18.72,35.4,78.94
c7de8dcb,36.97,69.91,113.97
965a48b2,5.26,9.95,42.25
01db40ce,47.26,89.37,105.14
2e58840e,47.94,90.66,126.08
cbce0e02,6.24,11.8,38.05
4ab38058,22.83,43.17,54.44
590c4c4c,45.16,85.4,103.19
bf7fee93,10.99,20.78,61.14
865ee060,35.23,66.62,101.86
7717296f,36.14,68.34,117.48
0e1d08ad,13.21,24.98,71.92
3af95768,2.3,4.35,38.12
d1df82eb,33.89,64.09,80.29
796d5e31,31.63,59.82,83.27
2ff911fe,33.19,62.77,82.09
337c4a62,9.51,17.98,46.8
b54aba7d,30.98,58.59,100.61
c819c2ce,28.0,52.95,95.82
26ed9ce3,23.72,44.86,61.98
a1ae13ae,39.29,74.3,106.26
292ea56e,20.64,39.03,76.1
8782a8da,18.96,35.86,61.73
d109682f,27.97,52.89,99.11
8a77986e,47.32,89.49,113.85
6130e6be,18.52,35.02,64.63
d7d68e41,23.38,44.21,77.68
0af27ae0,14.78,27.95,55.04
6c76e05b,34.62,65.47,114.02
79121e6f,19.48,36.84,77.26
2a916ff0,35.25,66.66,109.82
021c9f40,8.99,17.0,57.11
3b9e8dbd,14.66,27.72,61.24
574d9900,11.9,22.5,33.63
eefd2f74,39.32,74.36,114.95
3face82e,6.3,11.91,46.42
2ea47dc4,14.09,26.65,39.88
06251924,26.35,49.83,64.57
34f150e1,6.22,11.76,41.01
5e26428d,2.53,4.78,48.89
9100d8b7,35.17,66.51,98.66
2620fbb2,31.45,59.48,106.26
0ad9590b,2.4,4.54,47.17
b6ba7257,4.33,8.19,43.42
ecdad716,12.53,23.7,46.23
25d2d882,45.5,86.05,130.16
83ea98f6,33.33,63.03,99.4
2bc187dc,40.64,76.85,108.96
3f5cbb17,38.45,72.71,102.73
de13bbe2,49.19,93.02,111.53
75e6a2ed,47.61,90.04,100.67
19cd735f,5.23,9.89,48.55
75c7d543,3.09,5.84,52.62
b22ef3a6,25.86,48.9,66.25
1c44cdfd,15.04,28.44,75.83
4e222aed,26.22,49.58,62.46
264621fe,6.35,12.01,44.11
07780e24,45.63,86.29,100.91
5ca76d9b,39.16,74.06,119.62
1aa08f51,28.5,53.9,68.03
c8afe6e5,24.32,45.99,66.03
ced1f966,24.49,46.31,88.55
ec6025f9,31.59,59.74,97.28
70db03d3,28.18,53.29,78.82
9614ca7b,25.15,47.56,91.03
34ec6320,34.6,65.43,100.86
87a3aac1,38.72,73.22,93.61
1b0418f5,32.86,62.14,101.75
818e16ae,20.79,39.32,62.64
49996e21,21.89,41.4,84.03
12fa408d,6.73,12.73,53.99
f941af29,21.9,41.42,63.76
0077a582,39.72,75.11,89.26
e4ac0b19,5.19,9.81,52.64
cc98a235,10.42,19.71,44.29
42a48d82,42.45,80.28,103.29
f8174f56,29.26,55.33,66.06
f60a7ea4,34.22,64.71,103.74
57f7d45d,17.43,32.96,53.92
5d102bda,25.46,48.15,75.58
4f5de734,38.56,72.92,118.91
b4ba72cc,44.05,83.3,98.31
6bc9c98a,48.76,92.21,103.73
3653f8b5,42.85,81.03,113.45
8973f293,5.24,9.91,47.9
6cee6fbe,18.48,34.95,66.08
7ff00ff2,37.95,71.77,95.35
4f1e7f11,22.06,41.72,66.18
0cdaffa6,22.95,43.4,59.39
1b29d487,40.13,75.89,98.36
6f80ca61,42.0,79.43,119.79
e21ca6b4,39.99,75.63,105.6
5fc5927d,19.02,35.97,81.6
2807ba7c,12.94,24.47,41.19
fdc72a4f,19.22,36.35,64.05
ed7eaaa4,35.67,67.46,105.52
1328922d,19.51,36.9,57.79
66e77eea,4.66,8.81,29.48
a3eaa77e,40.44,76.48,90.7
eed18c8b,5.04,9.53,55.25
fdcb70b7,49.81,94.2,111.1
efd20b1b,43.36,82.0,130.81
2ffc3878,47.9,90.58,118.53
4e3ebc7b,42.0,79.43,128.7
06f28d12,6.85,12.95,24.56
19c7f8cf,22.1,41.79,74.47
4807131c,45.58,86.2,123.83
9c764f5b,6.36,12.03,42.68
9a790fdc,16.65,31.49,64.29
2e7fe801,24.42,46.18,77.72
372f86e6,23.6,44.63,60.61
d9543415,47.31,89.47,120.75
16e1f4cb,20.97,39.66,71.33
d99ec18d,13.47,25.47,49.69
8651aa58,23.36,44.18,78.48
c264256d,21.01,39.73,66.21
bb56caf6,31.92,60.36,100.57
07106f5a,49.72,94.03,105.56
3d775f8c,28.47,53.84,64.24
6b3414ff,24.19,45.75,76.71
18855f91,30.5,57.68,107.25
c0c3e562,49.03,92.72,120.54
9e5e9c0d,31.99,60.5,70.98
38679ea0,7.9,14.94,37.62
4d782f23,45.81,86.63,115.32
27163698,30.36,57.41,103.46
29efd22a,9.59,18.14,32.99
79337113,13.06,24.7,71.68
c6a0bc77,7.79,14.73,62.34
ce07a203,48.12,91.0,126.64
8ecf2287,5.4,10.21,29.22
b8de506f,38.69,73.17,104.64
0cad70b5,18.21,34.44,77.11
1079cb7f,5.89,11.14,35.46
8174dd65,22.82,43.16,89.37
2ea0ef34,2.01,3.8,17.28
729a1a18,41.23,77.97,100.26
3abfa3ab,28.01,52.97,102.7
66d3d5c8,23.68,44.78,78.13
cacf7c15,41.8,79.05,112.66
4fc24979,26.93,50.93,70.52
34dbe43a,30.57,57.81,102.11
dc5392fb,41.11,77.74,104.9
677a8ce7,36.59,69.2,110.94
abb4f714,33.63,63.6,106.03
16a869a8,35.8,67.7,84.69
92afbe63,14.62,27.65,57.72
2af03d71,7.63,14.43,39.79
b282e76b,31.89,60.31,76.5
982566a9,12.75,24.11,39.05
4bde6db2,4.29,8.11,19.94
d3b99c60,14.21,26.87,64.95
116e6e0d,36.57,69.16,110.45
ac2407a4,36.0,68.08,96.94
6829207e,45.36,85.78,118.34
d06a652d,34.41,65.07,85.55
ac80490b,23.11,43.7,82.29
33c51435,14.5,27.42,60.78
e034887b,38.4,72.62,117.91
b9c7999c,21.77,41.17,81.02
04a29a63,41.14,77.8,88.56
e2bd0f7e,42.88,81.09,123.48
6ff9eaf0,18.88,35.7,46.79
811cdff5,18.5,34.99,77.54
9e906aff,45.85,86.71,136.2
ab9f8b96,21.07,39.85,69.09
dde2c10d,35.93,67.95,87.03
eeb5424a,20.14,38.09,48.47
4a609993,37.1,70.16,86.17
213294fd,10.33,19.54,49.69
87b92779,42.12,79.65,121.91
1b6a5026,49.19,93.02,137.88
7d4a31c5,38.76,73.3,110.64
1603a675,19.24,36.38,49.85
af0b5e1b,28.65,54.18,103.83
b681f6f4,34.14,64.56,104.44
bfea3edc,11.26,21.29,48.35
3dd5b7d0,15.58,29.46,72.01
71c3ead0,40.48,76.55,110.09
78556eb2,47.37,89.58,123.69
597c5404,15.07,28.5,77.35
6f1e00b2,9.08,17.17,59.22
ce6712b7,49.12,92.89,113.38
2dacdb99,17.36,32.83,49.84
fda33bf5,39.37,74.45,91.34
2e3c6048,20.19,38.18,66.36
db9f0adb,47.56,89.94,115.48
fea639b5,30.78,58.21,86.32
cc9e2da0,21.93,41.47,53.98
c1e5bed0,10.56,19.97,38.05
be88a1f7,14.27,26.99,68.89
a0ae14a4,43.13,81.56,121.86
431c5334,4.73,8.94,34.67
db1fd6e5,9.53,18.02,43.64
dd6476f2,11.25,21.27,66.62
b2de65cd,5.39,10.19,27.47
2d5b8eda,34.91,66.02,90.31
a27b517d,49.1,92.85,133.39
24637026,8.68,16.41,49.39
cb60bc82,40.35,76.31,88.72
e6080952,10.47,19.8,30.27
0357ccd0,48.74,92.17,102.94
45c30abf,26.34,49.81,86.05
6d0309f0,42.68,80.71,115.61
a434745c,10.19,19.27,31.05
5c475d21,44.49,84.14,99.42
703bba63,5.92,11.2,50.1
87f03638,3.1,5.86,28.24
b55e96a9,36.03,68.14,117.81
0c31cf53,7.11,13.45,35.95
beeb15ce,43.56,82.38,105.81
98ede5c3,31.82,60.18,86.96
8443f24e,17.89,33.83,76.94
dca4c5da,15.31,28.95,61.24
fedc6f07,5.93,11.21,55.5
cdaa5dcd,34.96,66.11,93.2
de50549a,46.02,87.03,121.36
e88ba2e1,38.33,72.49,82.67
e80515e2,31.73,60.0,93.02
8b8df5e3,7.7,14.56,27.78
0a5f85f5,41.73,78.92,96.64
d0b32888,48.34,91.42,141.32
9cdd90c6,14.62,27.65,63.14
b37c99fb,22.18,41.94,86.71
63244a8b,2.67,5.05,17.34
c04d6355,41.93,79.29,104.67
b5621e37,3.0,5.67,50.17
1a70c33e,25.35,47.94,74.37
be47a0ac,29.67,56.11,76.26
e1e0739f,4.67,8.83,38.07
944ed49e,10.43,19.72,48.56
9caff63e,39.96,75.57,125.2
7a0a2ee1,14.12,26.7,50.88
2c656618,36.79,69.57,117.86
68722249,37.96,71.79,118.27
db3e1a12,21.55,40.75,68.73
b4806982,5.06,9.57,57.37
50b4d80b,2.52,4.77,43.93
11214bad,25.64,48.49,93.89
d0f7fb6e,5.43,10.27,55.94
6c1c7825,36.87,69.73,83.15
f2760df9,20.28,38.35,84.22
9bfc8cec,34.8,65.81,95.39
c4059444,21.59,40.83,76.31
9d609407,32.16,60.82,82.84
82807bdb,41.98,79.39,115.21
84bb39fd,44.45,84.06,95.14
b4a5cb53,2.81,5.31,30.16
06e5735a,32.98,62.37,97.51
6c2e5dda,29.08,54.99,72.86
f3b01b69,32.58,61.61,98.51
9d5ed536,4.79,9.06,52.22
beff9c5d,5.36,10.14,21.63
a0d6c451,25.86,48.9,83.06
1ca1d492,4.74,8.96,42.19
27ff86ef,39.27,74.26,115.54
d12d0c59,39.08,73.9,111.8
035ec568,7.63,14.43,42.61
ec458725,23.84,45.08,69.26
4d6f084b,30.56,57.79,107.22
c574f5ff,43.25,81.79,111.86
aa6b366c,49.44,93.5,119.82
6fd03438,2.83,5.35,55.07
e2370ebb,24.86,47.01,64.23
e96794f6,40.56,76.7,94.15
af8451ee,40.2,76.02,125.08
359ec268,28.01,52.97,89.28
5179ecbb,10.75,20.33,51.12
318b9c31,28.84,54.54,67.25
d6ccf20f,20.79,39.32,63.55
3d5ce948,21.64,40.92,68.25
7eb971b9,17.78,33.62,64.08
7dc7c2c5,8.94,16.91,44.37
9c829214,37.44,70.8,98.32
1d48611d,36.01,68.1,117.89
db3a5574,28.06,53.06,102.02
19f6c18c,19.03,35.99,49.44
1929c7c9,41.49,78.46,95.2
16e3cd04,9.68,18.31,65.97
e0dd8f6a,22.86,43.23,65.99
83f2a867,33.37,63.11,97.57
feed1b23,41.43,78.35,120.26
98628fe1,33.18,62.75,91.58
5c404b56,7.65,14.47,25.13
d7f38b15,6.86,12.97,56.09
aca91d36,4.42,8.36,48.61
efbf9f4d,28.88,54.62,66.28
2d65cd35,13.66,25.83,71.72
781a10cd,9.66,18.27,62.55
e966ae5f,6.08,11.5,32.5
2074e349,32.81,62.05,75.26
02b8cf42,38.16,72.16,98.29
5225d2ec,43.17,81.64,126.64
67f5f01e,30.58,57.83,87.13
4971237c,19.0,35.93,57.19
cbe9c816,24.58,46.48,65.75
00d60a7b,32.54,61.54,85.74
5b0f567a,36.22,68.5,118.26
e9be70ce,32.95,62.31,107.45
28c0723b,48.17,91.09,122.97
d2a79fff,38.01,71.88,114.22
80c5b8c3,38.03,71.92,94.57
ee619452,41.35,78.2,112.81
551394ea,24.1,45.58,90.49
96426971,14.67,27.74,52.45
569560bf,41.18,77.88,119.9
c823046c,24.28,45.92,80.49
1c899f87,31.14,58.89,93.5
27755be7,22.62,42.78,54.42
f0067054,21.01,39.73,85.7
9d234a78,34.22,64.71,105.76
b7ddf398,33.94,64.18,75.64
c3c8cf90,16.83,31.83,66.26
90c8eea5,11.07,20.93,60.77
284fb6dd,8.3,15.7,57.5
67c8b9e0,7.46,14.11,27.65
f9c86afd,41.25,78.01,113.61
4bbc5d0c,15.74,29.77,49.09
c551dbf3,34.57,65.38,93.44
0a9ca531,15.8,29.88,60.94
dc0baadd,34.0,64.3,75.39
529eb9ec,49.24,93.12,115.1
9307d5be,5.17,9.78,51.68
9c3adc1b,33.38,63.13,106.82
72ec57fa,15.56,29.43,52.63
5f613793,5.98,11.31,38.98
ec513033,5.79,10.95,54.2
5c12314d,19.84,37.52,55.55
fd684008,27.95,52.86,92.1
c04bb18d,33.07,62.54,88.83
6e6f48bd,29.24,55.3,104.78
b4021421,45.1,85.29,119.36
1299578b,9.37,17.72,33.64
31278f07,41.79,79.03,95.9
c1b36e44,27.35,51.72,62.81
6b1d50b3,43.31,81.9,120.49
e9ccfadc,22.48,42.51,70.24
f28ffe02,25.13,47.52,57.96
14d133f5,22.27,42.11,56.17
dfa596ec,6.63,12.54,34.12
017307be,8.96,16.94,43.9
3e9d17ca,26.84,50.76,98.3
3df20a14,27.59,52.18,83.83
e60e2223,24.45,46.24,92.01
6fc3a9c9,2.62,4.95,24.97
de40c3d6,26.27,49.68,72.97
e43df5f6,8.42,15.92,61.15
e5b5eb29,29.19,55.2,84.85
a89b5e0a,15.84,29.96,63.57
83db6221,49.59,93.78,126.75
833d9fba,19.24,36.38,72.2
38500244,41.4,78.29,111.85
3f8d6f65,13.79,26.08,63.85
3445050f,11.1,20.99,36.88
b24cad92,12.61,23.85,62.28
2e5296ee,17.99,34.02,50.04
36f0261b,42.75,80.84,104.46
9917d2da,38.67,73.13,116.38
05cf8d88,22.9,43.31,77.62
fe1477dc,11.03,20.86,69.55
60abe8b3,4.34,8.21,28.3
c0b8c943,31.69,59.93,106.76
35b8e3ab,35.92,67.93,103.61
b69c3f69,31.09,58.79,83.56
d5eee05b,26.06,49.28,90.75
edfd9188,48.7,92.1,140.29
254b6acb,3.18,6.01,47.19
350d353a,49.44,93.5,103.76
9916efa3,15.26,28.86,39.27
0b82db92,20.39,38.56,53.61
0d0832e5,38.12,72.09,116.12
606303f6,12.9,24.4,64.41
2a478429,36.07,68.21,103.8
916122a9,17.96,33.96,71.74
3040a05a,47.15,89.17,123.96
b9dcea91,10.24,19.36,43.28
4704fd97,46.73,88.37,127.19
0b264fa7,39.97,75.59,122.99
09381cc1,10.17,19.23,59.22
91d16ad9,20.61,38.98,83.67
15574db4,7.01,13.26,32.75
04bccfd4,30.79,58.23,82.2
ef1b3405,48.11,90.98,121.29
e96e7a2a,5.8,10.97,39.83
8bfa448b,14.39,27.21,55.85
2f56d728,38.26,72.35,107.97
fdb12f8b,24.0,45.39,89.61
86a18120,18.27,34.55,80.04
d0c28010,30.86,58.36,74.38
e4bd3595,16.11,30.47,44.08
b7655395,17.79,33.64,56.09
defe6db5,40.69,76.95,116.44
18af892e,20.8,39.34,81.08
fe4281cc,35.63,67.38,92.71
23e9a188,9.24,17.47,39.89
1cb89c2a,21.14,39.98,55.2
422bc66e,28.49,53.88,73.41
f355f0bc,14.83,28.05,42.08
bec45e3b,22.24,42.06,64.21
15c3b9e3,38.47,72.75,109.79
6acefa62,9.75,18.44,33.6
9d45fcc5,26.04,49.24,72.09
8bef45f9,14.57,27.55,58.7
d21801c0,21.69,41.02,64.1
c97394c8,20.02,37.86,65.44
e07fd923,33.46,63.28,93.15
4acf7cd9,38.82,73.41,114.41
21a33f55,25.99,49.15,92.87
93d46262,10.0,18.91,36.61
76211926,43.69,82.62,107.39
c488a405,10.94,20.69,53.7
824cf368,29.77,56.3,86.28
53269d39,27.31,51.65,64.87
be644783,15.76,29.8,53.6
f62e7e45,47.74,90.28,109.38
cdd3d094,34.48,65.21,91.9
a31db32e,24.56,46.45,69.97
1a16f164,23.29,44.04,81.86
c194f67e,6.44,12.18,38.24
2daafe13,39.47,74.64,94.3
70476951,6.01,11.37,46.16
cef73862,11.63,21.99,61.07
cfe8c394,9.9,18.72,33.05
58958d9e,5.27,9.97,30.02
e68611f7,41.82,79.09,97.44
f2fbb3c4,45.5,86.05,104.09
17ff4600,32.02,60.55,106.63
ff6a4b21,44.13,83.45,98.49
6a7281b2,34.4,65.05,109.9
2a23082f,34.88,65.96,91.72
6b12b4b8,44.69,84.51,120.14
1b10236c,6.41,12.12,39.76
8151d2e2,4.63,8.76,42.71
43ac1f81,4.57,8.64,40.71
83cef210,22.06,41.72,69.04
215a9940,47.43,89.7,110.7
f3379322,43.76,82.75,129.98
473dc9a7,39.53,74.76,121.4
82d079f2,21.39,40.45,53.29
e2698d56,41.56,78.59,97.53
2aff02c7,12.49,23.62,56.58
496aad9b,30.1,56.92,106.14
a26547f2,37.8,71.48,110.58
3afe8663,6.44,12.18,54.91
a979daf4,43.96,83.13,105.7
97d7a1e2,36.91,69.8,88.56
64a51ed0,27.6,52.19,71.23
7049684f,5.0,9.46,38.79
16f1f478,35.34,66.83,111.17
14b167df,23.47,44.38,63.03
e9781307,37.36,70.65,103.46
ceecbebb,3.75,7.09,49.44
ea4dfdc5,29.59,55.96,85.97
3df57f7a,23.46,44.37,71.05
57a460d5,22.63,42.8,66.66
d0039d99,26.84,50.76,84.78
6e31d2c4,7.94,15.02,57.73
5140df3b,46.9,88.69,138.54
fa50217b,35.83,67.76,112.53
14be369e,6.07,11.48,39.59
92cd4b5e,5.81,10.99,24.16
228003e9,12.11,22.9,37.72
2eef943c,13.51,25.55,36.72
9ba8554e,25.62,48.45,72.96
c3058342,27.75,52.48,81.74
acf53c96,9.0,17.02,59.84
bf18c487,48.73,92.15,105.58
c9bd0909,41.59,78.65,97.77
e90cb928,32.41,61.29,91.72
2f22a957,15.34,29.01,73.0
ce1606fd,45.7,86.42,99.93
f22407e2,17.13,32.39,52.13
762f9003,17.32,32.75,64.51
7b4f8a8f,18.94,35.82,58.79
2dac74ee,4.3,8.13,57.83
3397551c,4.97,9.4,37.49
8f028230,24.84,46.98,93.43
865b8151,44.32,83.81,131.45
d1f4d8db,47.23,89.32,109.7
8f86a9db,39.23,74.19,97.25
8db4a589,21.41,40.49,63.46
5ab01166,16.9,31.96,59.41
f76928e2,12.35,23.36,35.89
cacb6b53,27.85,52.67,94.96
07e77f4a,25.16,47.58,62.81
b3d27871,24.41,46.16,91.91
a5897067,17.18,32.49,65.55
7ac9e782,29.93,56.6,85.86
aa80d41c,31.18,58.96,95.39
06f443e0,44.01,83.23,130.55
d5351462,38.55,72.9,94.77
ccacd0ac,17.83,33.72,54.53
71bc709a,20.22,38.24,63.04
ff18b4d4,13.5,25.53,55.0
b0ccbdc0,10.2,19.29,32.32
5deabc6f,7.23,13.67,50.87
2986c00f,3.64,6.88,37.72
f92e0aea,22.05,41.7,73.3
9d93b516,48.04,90.85,110.84
c6786604,27.82,52.61,96.23
721bbf1a,37.62,71.14,97.06
813153ab,21.09,39.88,75.97
6b45ce4e,20.45,38.67,58.27
473bc134,8.01,15.15,57.8
74abb329,16.39,31.0,52.99
b4eb07e2,46.58,88.09,134.96
6b784160,25.53,48.28,76.47
2c210a4a,11.81,22.33,38.14
35735c11,33.86,64.03,98.48
ec46b737,21.46,40.58,72.85
68f0dfe7,41.71,78.88,105.74
286bd61b,6.46,12.22,55.01
566ccc50,27.05,51.15,78.0
9b86f048,40.46,76.51,91.96
e612619a,42.98,81.28,92.42
27df88ae,21.02,39.75,85.44
792077b1,37.57,71.05,99.72
5c19dc89,48.35,91.43,123.95
9a961739,31.85,60.23,74.82
5e724f31,40.96,77.46,107.04
51bf4a9f,29.54,55.86,87.19
a24e2874,39.93,75.51,104.12
d12d3536,47.15,89.17,137.33
e8df3ab5,36.15,68.36,101.22
ed462a44,9.41,17.8,66.78
ed1a9487,5.93,11.21,27.34
95475639,40.98,77.5,124.07
18626b06,14.4,27.23,59.35
c5301be6,44.01,83.23,105.08
fce3f369,11.42,21.6,61.43
a2f22f2b,45.73,86.48,118.73
19b39d1a,40.65,76.87,109.9
24837a3a,44.3,83.78,100.66
85c0b807,13.17,24.91,62.11
ba6f648c,44.17,83.53,105.3
93e6e2c8,30.2,57.11,81.34
7345773f,6.03,11.4,57.66
f5798c08,46.69,88.3,105.48
d31688ed,11.34,21.45,66.92
81f16ffc,12.25,23.17,53.19
0540eb97,35.79,67.68,84.82
d4ca4bd0,29.99,56.71,99.17
a7e5d29c,45.34,85.74,121.84
fb88f4cb,16.73,31.64,55.51
fd3650c2,4.0,7.56,29.59
4a05df14,49.76,94.1,120.94
e98da29e,17.01,32.17,47.62
51a9a734,9.77,18.48,60.85
21237cf3,49.25,93.14,114.29
ac2a54c8,29.02,54.88,97.95
40ba812f,9.15,17.3,56.55
7d117862,42.12,79.65,127.32
c1fdb9f2,47.38,89.6,103.57
75f93909,44.3,83.78,107.75
e7b6d092,11.53,21.8,56.76
1d2cf4a3,4.53,8.57,52.91
484e7170,19.82,37.48,53.71
48afb945,19.03,35.99,80.45
1dcdbd8b,21.48,40.62,53.3
f0490e7d,40.35,76.31,105.28
da40ac98,2.46,4.65,18.03
1ce33468,34.39,65.04,81.03
e3e53204,49.29,93.21,134.21
21abd49f,21.16,40.02,50.77
144c9291,25.28,47.81,80.02
40b64be4,32.14,60.78,74.71
9a3a938c,15.71,29.71,72.16
e4b10d18,36.49,69.01,111.34
aa747318,11.74,22.2,60.31
b44de8b8,5.11,9.66,49.9
5f1b23e8,40.46,76.51,110.14
1e51dbf5,10.47,19.8,49.22
7173fa06,37.11,70.18,96.59
80a000ef,43.82,82.87,119.32
bbe80927,4.2,7.94,33.25
ca3b3f43,35.92,67.93,78.04
ede68dfd,33.02,62.44,76.47
f766ee65,31.95,60.42,96.49
09ee5d29,16.18,30.6,55.2
6824a1e3,4.19,7.92,57.5
5046c8a3,6.73,12.73,36.89
8604f54b,15.1,28.56,42.9
84a23da1,21.5,40.66,63.8
877eb8de,46.07,87.12,124.59
35df3268,34.84,65.89,97.02
3c96aaf0,3.25,6.15,40.56
921675bd,46.15,87.27,101.72
89642d92,36.58,69.18,112.26
da87448c,25.64,48.49,94.59
f0b6e11d,24.22,45.8,61.61
e4fd331b,46.79,88.48,123.53
29895367,28.4,53.71,72.9
c0e22d37,26.13,49.41,66.7
6f4ab309,39.18,74.09,92.27
3e6736e0,30.47,57.62,88.47
b4daf1fd,13.95,26.38,71.82
f0937367,49.95,94.46,137.2
bf6c2bb5,15.48,29.27,45.01
75ca821b,34.79,65.79,96.19
c0c6483d,25.51,48.24,64.28
ce2f9bb4,7.85,14.85,42.37
6b8e8ca1,48.03,90.83,123.33
9733dc84,18.12,34.27,76.73
c4709b32,33.54,63.43,107.88
57a6835c,37.41,70.75,81.86
fb5a52af,20.95,39.62,77.19
