Order_ID,Order_Date,Delivery_Date,Delivery_Status,City,Carrier_ID,Delivery_Zone
01603720,2023-06-13,2023-06-17,Delivered,Pune,C006,Central
8d1d2ed2,2023-01-29,2023-02-02,Cancelled,Ahmedabad,C004,East
132104b2,2023-01-07,2023-01-09,Delayed,Hyderabad,C004,East
ff04d8fb,2023-03-12,2023-03-14,Delivered,Delhi,C007,North
7efd5d10,2023-03-04,2023-03-09,Delivered,Chennai,C003,North
6e37769f,2023-02-27,2023-03-01,Delivered,Ahmedabad,C003,West
c169fe8b,2023-02-05,2023-02-09,Delivered,Kolkata,C006,Central
b4d15cc9,2023-01-27,2023-01-31,Delayed,Bangalore,C009,Central
ff06e279,2023-06-23,2023-06-25,Delivered,Bangalore,C001,West
d6c9a234,2023-05-20,2023-05-25,Delayed,Bangalore,C005,Central
94608062,2023-01-23,2023-01-28,Delivered,Pune,C001,Central
c30e523e,2023-06-01,2023-06-02,Cancelled,Kolkata,C001,East
462b5473,2023-04-19,2023-04-21,Delayed,Mumbai,C003,Central
18e791e3,2023-01-09,2023-01-13,Delivered,Kolkata,C003,North
70888691,2023-01-08,2023-01-12,Delivered,Mumbai,C004,East
a26d9ed9,2023-01-24,2023-01-25,Delivered,Bangalore,C003,North
104e8c5d,2023-02-25,2023-02-27,Delivered,Hyderabad,C006,North
5aafbcea,2023-03-01,2023-03-06,Delivered,Hyderabad,C004,West
3c4e89e9,2023-05-10,2023-05-13,Delivered,Ahmedabad,C008,Central
3ce163b4,2023-06-04,2023-06-05,Delivered,Mumbai,C001,Central
8a4e0777,2023-01-07,2023-01-12,Delivered,Bangalore,C008,Central
6d9066d3,2023-05-24,2023-05-28,Delivered,Kolkata,C001,Central
3ccd418d,2023-02-20,2023-02-21,Delivered,Hyderabad,C001,East
5e5e8b2f,2023-06-16,2023-06-17,Delivered,Mumbai,C007,South
6a1015d0,2023-06-29,2023-07-02,Delivered,Ahmedabad,C001,North
b79e6de8,2023-05-20,2023-05-25,Delayed,Kolkata,C009,South
56cf556d,2023-04-18,2023-04-21,Delivered,Bangalore,C008,South
aee94c62,2023-02-26,2023-02-27,Delivered,Delhi,C001,South
7f32ef61,2023-04-25,2023-04-30,Delivered,Bangalore,C002,East
f061ff97,2023-05-31,2023-06-02,Delivered,Pune,C002,South
bb31ef49,2023-03-13,2023-03-14,Delivered,Bangalore,C002,East
8270dd0e,2023-01-02,2023-01-05,Delivered,Ahmedabad,C006,West
2ff5c436,2023-02-10,2023-02-13,Delivered,Kolkata,C004,West
30da66ea,2023-06-28,2023-07-01,Delayed,Ahmedabad,C008,West
dfcf5e84,2023-04-19,2023-04-22,Cancelled,Kolkata,C001,East
8d070714,2023-03-29,2023-04-01,Delayed,Chennai,C010,East
62ee4c28,2023-03-13,2023-03-17,Delivered,Chennai,C004,North
f726832b,2023-02-09,2023-02-10,Delivered,Kolkata,C010,South
253b0189,2023-02-25,2023-02-27,Delayed,Kolkata,C005,Central
2e7aa26a,2023-03-28,2023-03-30,Delivered,Delhi,C009,Central
180834dd,2023-01-27,2023-02-01,Delivered,Delhi,C005,South
5774ce3b,2023-01-24,2023-01-28,Delivered,Bangalore,C003,Central
8d7e9774,2023-04-08,2023-04-09,Delivered,Ahmedabad,C004,Central
368fe3b4,2023-01-25,2023-01-28,Delayed,Pune,C010,Central
8efc9180,2023-04-02,2023-04-05,Delivered,Ahmedabad,C007,East
946b5588,2023-03-30,2023-04-01,Delivered,Hyderabad,C001,East
bcb91102,2023-06-04,2023-06-06,Delivered,Ahmedabad,C006,East
74d55afc,2023-03-09,2023-03-13,Delivered,Pune,C008,South
8639ceac,2023-01-12,2023-01-13,Delivered,Delhi,C001,West
7e685417,2023-04-28,2023-04-29,Delivered,Bangalore,C008,Central
72d48101,2023-05-18,2023-05-23,Cancelled,Pune,C007,North
8c327441,2023-02-01,2023-02-04,Delayed,Ahmedabad,C001,East
f19fddb0,2023-04-07,2023-04-08,Delayed,Mumbai,C009,North
4ef201dc,2023-01-21,2023-01-22,Delayed,Chennai,C003,Central
58c5139d,2023-05-22,2023-05-26,Delivered,Pune,C002,West
a2c7b2ce,2023-03-17,2023-03-21,Delayed,Hyderabad,C007,North
30838426,2023-06-10,2023-06-15,Delivered,Bangalore,C003,Central
dc8350c0,2023-06-08,2023-06-11,Delivered,Pune,C001,Central
cf8fde3d,2023-04-03,2023-04-08,Delivered,Kolkata,C010,East
0d7bda88,2023-05-28,2023-06-01,Delivered,Ahmedabad,C003,West
2a60d134,2023-02-19,2023-02-22,Delivered,Mumbai,C006,Central
bad78cd3,2023-06-30,2023-07-04,Delivered,Chennai,C003,West
efa27d96,2023-01-18,2023-01-22,Delayed,Mumbai,C005,East
41282643,2023-01-12,2023-01-17,Delivered,Bangalore,C009,North
0209fe59,2023-06-19,2023-06-21,Delivered,Ahmedabad,C007,South
3b818707,2023-02-28,2023-03-02,Delivered,Delhi,C002,South
9f4652df,2023-03-16,2023-03-21,Delivered,Chennai,C001,South
ff2aef31,2023-01-21,2023-01-25,Delayed,Ahmedabad,C007,West
3060a960,2023-03-01,2023-03-05,Delivered,Mumbai,C004,South
2390c7e5,2023-01-26,2023-01-30,Cancelled,Delhi,C007,North
16275530,2023-04-08,2023-04-10,Delayed,Hyderabad,C006,Central
1e6adb92,2023-03-13,2023-03-16,Delivered,Bangalore,C007,West
8ed2ee1a,2023-04-27,2023-04-28,Delivered,Bangalore,C004,North
ae797607,2023-06-12,2023-06-17,Delayed,Chennai,C003,West
0e3c8056,2023-04-04,2023-04-09,Delayed,Mumbai,C005,West
a08ec068,2023-02-11,2023-02-15,Delayed,Hyderabad,C003,West
26b2161c,2023-04-05,2023-04-09,Delayed,Kolkata,C003,East
21695cc6,2023-04-01,2023-04-03,Delivered,Chennai,C004,Central
53a46f68,2023-02-23,2023-02-27,Delivered,Ahmedabad,C008,South
af83302f,2023-06-21,2023-06-24,Delivered,Kolkata,C002,East
b144331c,2023-03-10,2023-03-15,Delayed,Chennai,C004,Central
4cce08d8,2023-06-29,2023-06-30,Delivered,Mumbai,C003,South
c9152e9c,2023-06-24,2023-06-28,Delivered,Hyderabad,C007,East
d70161df,2023-06-15,2023-06-18,Delivered,Mumbai,C002,East
73f9d03c,2023-01-19,2023-01-20,Delivered,Bangalore,C001,North
6b7501de,2023-06-05,2023-06-07,Delivered,Kolkata,C010,East
ffb95a69,2023-06-12,2023-06-13,Delayed,Delhi,C001,West
40e7b6df,2023-02-13,2023-02-18,Delivered,Pune,C006,East
de298fd9,2023-05-17,2023-05-20,Delayed,Ahmedabad,C003,West
f158e0b2,2023-03-04,2023-03-09,Delivered,Bangalore,C007,Central
71bfcbed,2023-02-11,2023-02-12,Delivered,Bangalore,C008,Central
ee7537df,2023-04-29,2023-05-04,Delayed,Kolkata,C005,West
9ce9c32c,2023-04-08,2023-04-09,Delayed,Ahmedabad,C005,North
41e90207,2023-03-11,2023-03-13,Delivered,Chennai,C002,North
a2be88d8,2023-06-13,2023-06-18,Delayed,Bangalore,C008,Central
e7ff14c6,2023-06-26,2023-07-01,Delivered,Pune,C010,East
fc900642,2023-05-23,2023-05-28,Delivered,Hyderabad,C001,Central
d0fca803,2023-02-26,2023-02-27,Delivered,Bangalore,C010,Central
8a9412e0,2023-06-25,2023-06-30,Delivered,Hyderabad,C009,West
e0208654,2023-03-25,2023-03-30,Delivered,Mumbai,C001,North
8ea30fd4,2023-01-15,2023-01-17,Delivered,Ahmedabad,C001,West
f46ce500,2023-02-28,2023-03-04,Delivered,Chennai,C001,Central
ae3f6869,2023-01-09,2023-01-14,Delivered,Hyderabad,C007,South
93bb1bd8,2023-03-22,2023-03-23,Delivered,Bangalore,C004,East
95b37a6d,2023-04-13,2023-04-14,Delayed,Chennai,C007,Central
a8b340d8,2023-03-10,2023-03-15,Delivered,Pune,C005,West
7a89112f,2023-01-17,2023-01-19,Delivered,Chennai,C007,South
83e8c8b2,2023-02-24,2023-02-25,Delayed,Hyderabad,C010,South
cb9b8c70,2023-05-26,2023-05-29,Delivered,Ahmedabad,C007,Central
c7b2aee5,2023-03-22,2023-03-24,Delivered,Hyderabad,C004,North
ba6f7a4d,2023-02-24,2023-02-26,Delivered,Delhi,C002,South
ab2c1990,2023-06-17,2023-06-22,Delivered,Delhi,C008,East
3a112627,2023-05-08,2023-05-12,Delayed,Chennai,C002,West
808c1eb0,2023-04-12,2023-04-13,Delayed,Kolkata,C009,West
afdf4fd3,2023-06-14,2023-06-19,Delivered,Ahmedabad,C005,West
30f5355a,2023-04-28,2023-05-03,Delayed,Kolkata,C009,Central
d24f4a20,2023-02-06,2023-02-09,Delayed,Delhi,C009,West
72c6a0e7,2023-03-09,2023-03-13,Delivered,Bangalore,C008,West
12ed1979,2023-02-05,2023-02-10,Delayed,Mumbai,C008,East
674b4289,2023-03-05,2023-03-06,Delivered,Chennai,C004,North
60139710,2023-05-24,2023-05-28,Delayed,Mumbai,C004,Central
3f07db23,2023-05-18,2023-05-19,Delayed,Delhi,C002,Central
6b74140b,2023-03-09,2023-03-12,Delivered,Hyderabad,C004,West
b27d5559,2023-05-30,2023-06-03,Delivered,Pune,C004,East
5cf63dc5,2023-04-20,2023-04-22,Delivered,Chennai,C006,South
a23539c0,2023-05-30,2023-06-03,Delivered,Delhi,C003,West
88a4d67a,2023-04-13,2023-04-14,Delayed,Ahmedabad,C002,West
4ffd8353,2023-04-03,2023-04-08,Delayed,Bangalore,C008,Central
40550bc0,2023-02-26,2023-03-01,Delivered,Pune,C002,Central
fb06a9e0,2023-02-05,2023-02-09,Delivered,Chennai,C008,West
548b8c79,2023-05-11,2023-05-14,Delivered,Chennai,C007,Central
3a1368f7,2023-05-07,2023-05-08,Delivered,Ahmedabad,C003,East
73f9f068,2023-01-24,2023-01-25,Delivered,Kolkata,C006,South
ed77e342,2023-01-13,2023-01-14,Delivered,Hyderabad,C006,South
ca5f13f8,2023-01-29,2023-02-03,Delayed,Chennai,C010,South
8f3d3c16,2023-02-09,2023-02-11,Delivered,Hyderabad,C005,West
642308dd,2023-06-10,2023-06-13,Delivered,Delhi,C008,West
214b77ae,2023-02-10,2023-02-12,Delayed,Bangalore,C005,West
ef82e3f4,2023-06-24,2023-06-26,Delivered,Pune,C007,East
03839c43,2023-04-19,2023-04-22,Cancelled,Pune,C006,South
09d94aa5,2023-06-02,2023-06-03,Cancelled,Bangalore,C007,Central
d2e0b242,2023-01-17,2023-01-19,Delivered,Chennai,C009,Central
8a706f16,2023-04-09,2023-04-12,Delivered,Chennai,C003,North
3172644f,2023-04-08,2023-04-12,Delivered,Delhi,C010,North
c3c0ed0b,2023-06-02,2023-06-04,Delivered,Kolkata,C007,Central
daebda53,2023-04-30,2023-05-01,Delivered,Kolkata,C010,South
ff09b9ef,2023-05-16,2023-05-21,Delivered,Kolkata,C003,West
3c30a67e,2023-03-06,2023-03-09,Delivered,Hyderabad,C002,Central
23402849,2023-05-22,2023-05-24,Delivered,Kolkata,C007,Central
3f5fa548,2023-01-03,2023-01-04,Delivered,Bangalore,C004,North
45bef694,2023-06-24,2023-06-25,Delayed,Pune,C001,South
6c5f7944,2023-01-30,2023-02-02,Delivered,Pune,C006,Central
5c7cdfdf,2023-06-24,2023-06-28,Delivered,Hyderabad,C006,West
bee39637,2023-05-18,2023-05-19,Delivered,Delhi,C006,West
5f1f5d18,2023-03-10,2023-03-13,Cancelled,Bangalore,C002,East
0c133945,2023-06-14,2023-06-16,Delivered,Pune,C001,West
64d1dbc1,2023-03-29,2023-04-02,Delivered,Bangalore,C003,Central
d38c2a99,2023-01-29,2023-02-01,Delayed,Pune,C002,Central
9eed9f56,2023-03-17,2023-03-20,Delivered,Mumbai,C006,West
5f506b8f,2023-04-22,2023-04-26,Delayed,Delhi,C006,North
2313f411,2023-02-10,2023-02-11,Delivered,Delhi,C005,South
fae273a9,2023-04-27,2023-04-28,Delivered,Ahmedabad,C010,Central
1e9577f0,2023-01-01,2023-01-03,Delivered,Mumbai,C010,West
f2a138ee,2023-03-09,2023-03-11,Delivered,Hyderabad,C005,West
bfb4556b,2023-05-09,2023-05-14,Delivered,Pune,C009,Central
94a75bc5,2023-02-15,2023-02-20,Delayed,Ahmedabad,C005,East
d7e8f4b8,2023-05-10,2023-05-12,Delivered,Pune,C010,South
00bc1727,2023-01-28,2023-02-01,Delivered,Pune,C006,Central
f773df7c,2023-06-10,2023-06-15,Delivered,Kolkata,C004,West
2c889f21,2023-03-18,2023-03-23,Delivered,Kolkata,C010,East
22291dd4,2023-06-13,2023-06-17,Delivered,Kolkata,C001,Central
33d02441,2023-05-10,2023-05-11,Delivered,Kolkata,C004,South
f25b0418,2023-06-05,2023-06-08,Delivered,Kolkata,C002,East
78c06c21,2023-02-20,2023-02-21,Delivered,Mumbai,C010,West
56d3b020,2023-02-09,2023-02-12,Delivered,Delhi,C003,North
6af06f72,2023-04-06,2023-04-10,Delivered,Hyderabad,C007,South
aebaad6d,2023-02-11,2023-02-16,Delayed,Bangalore,C007,East
dd52d032,2023-05-19,2023-05-23,Delivered,Kolkata,C001,Central
54f76f22,2023-05-16,2023-05-17,Delayed,Mumbai,C008,Central
ea0394d9,2023-01-01,2023-01-05,Delivered,Ahmedabad,C007,East
9ce49347,2023-06-03,2023-06-04,Delivered,Ahmedabad,C001,Central
fb010378,2023-03-24,2023-03-28,Delivered,Pune,C008,East
0e6c9a19,2023-05-06,2023-05-08,Delayed,Hyderabad,C002,South
4264846e,2023-01-05,2023-01-06,Delayed,Ahmedabad,C008,Central
335d0744,2023-01-29,2023-02-01,Delivered,Hyderabad,C003,South
9ca26652,2023-04-03,2023-04-08,Delivered,Hyderabad,C010,West
ae9e0b01,2023-03-20,2023-03-25,Delayed,Mumbai,C007,West
2e3f7add,2023-03-03,2023-03-04,Delivered,Bangalore,C006,West
b5fbc0d5,2023-01-15,2023-01-17,Delivered,Kolkata,C005,West
b83ee46f,2023-03-03,2023-03-08,Delivered,Hyderabad,C010,Central
e563684c,2023-05-26,2023-05-28,Delivered,Mumbai,C002,East
3c590cb2,2023-01-21,2023-01-24,Delayed,Pune,C002,Central
80ac5a0d,2023-01-22,2023-01-27,Delayed,Delhi,C001,Central
d8e995c9,2023-05-05,2023-05-09,Delivered,Pune,C009,South
1a6a329d,2023-01-18,2023-01-22,Delivered,Mumbai,C008,East
c8494c7a,2023-05-17,2023-05-18,Delivered,Mumbai,C008,North
ccccc6f7,2023-02-02,2023-02-07,Delayed,Mumbai,C001,North
ab82a1e6,2023-02-02,2023-02-04,Delayed,Hyderabad,C005,East
e0cb176d,2023-06-18,2023-06-20,Delayed,Mumbai,C006,North
e8a640e4,2023-05-02,2023-05-05,Delayed,Delhi,C002,East
0d0c6153,2023-05-21,2023-05-26,Delivered,Hyderabad,C010,South
788e97c7,2023-02-12,2023-02-14,Delivered,Pune,C005,South
97b63e6a,2023-03-09,2023-03-11,Delivered,Delhi,C006,Central
2a6fdd2b,2023-05-16,2023-05-21,Delayed,Ahmedabad,C009,North
72cb2fa4,2023-06-05,2023-06-09,Delivered,Chennai,C010,East
08c6df2d,2023-04-19,2023-04-24,Delivered,Pune,C001,South
5c1a9e03,2023-02-24,2023-02-28,Delivered,Mumbai,C010,Central
5cf01ad3,2023-05-19,2023-05-20,Delivered,Kolkata,C003,North
f8571df7,2023-06-26,2023-06-27,Delivered,Kolkata,C009,North
f2650c1a,2023-02-21,2023-02-25,Delivered,Hyderabad,C001,North
89bf73cb,2023-03-21,2023-03-26,Delivered,Kolkata,C001,South
93b334c5,2023-04-13,2023-04-16,Delayed,Pune,C001,South
538f0549,2023-06-21,2023-06-23,Delivered,Hyderabad,C007,North
ccf8d62f,2023-06-16,2023-06-17,Delivered,Pune,C005,South
616d8a4b,2023-04-06,2023-04-07,Delayed,Mumbai,C006,North
552f84d6,2023-04-23,2023-04-27,Delivered,Bangalore,C008,West
24d0ef9c,2023-05-13,2023-05-16,Delivered,Bangalore,C002,South
b79233bd,2023-04-26,2023-05-01,Delayed,Delhi,C002,East
e0459556,2023-01-31,2023-02-03,Delivered,Mumbai,C003,South
9e8ad5e5,2023-03-05,2023-03-09,Delayed,Kolkata,C003,North
8361755e,2023-02-27,2023-03-02,Delivered,Mumbai,C003,East
09f099a8,2023-01-17,2023-01-19,Delivered,Chennai,C004,Central
80f273c0,2023-03-28,2023-04-02,Delivered,Bangalore,C003,East
bcbe5c59,2023-01-06,2023-01-11,Delivered,Kolkata,C002,East
fdc8b752,2023-05-31,2023-06-03,Delivered,Pune,C009,South
207b41a6,2023-05-22,2023-05-23,Delivered,Pune,C006,East
e690961c,2023-02-28,2023-03-02,Cancelled,Bangalore,C003,East
ea8a4464,2023-05-31,2023-06-05,Delivered,Mumbai,C009,North
4d0a4642,2023-02-26,2023-03-03,Delayed,Kolkata,C004,South
3ed38b80,2023-01-02,2023-01-03,Delivered,Delhi,C004,North
def23089,2023-01-19,2023-01-22,Delayed,Pune,C008,South
1a8c02cf,2023-06-11,2023-06-12,Delivered,Mumbai,C007,Central
62b3e3b3,2023-01-16,2023-01-20,Delivered,Delhi,C007,East
9065e167,2023-02-28,2023-03-01,Delivered,Ahmedabad,C010,South
2508d5dd,2023-01-18,2023-01-20,Delivered,Kolkata,C007,East
1c755b08,2023-01-09,2023-01-14,Delayed,Bangalore,C010,East
a0b93c5a,2023-03-26,2023-03-29,Delivered,Ahmedabad,C005,West
e853f4ac,2023-01-19,2023-01-23,Delivered,Chennai,C007,North
14692c4f,2023-05-12,2023-05-14,Delivered,Ahmedabad,C004,South
53fb6e15,2023-03-02,2023-03-07,Delivered,Hyderabad,C008,Central
7079d63d,2023-03-13,2023-03-18,Delayed,Bangalore,C009,West
72f9ed07,2023-06-21,2023-06-24,Cancelled,Delhi,C003,North
079df295,2023-05-05,2023-05-08,Delayed,Mumbai,C007,Central
d93e6061,2023-02-24,2023-02-27,Delivered,Ahmedabad,C010,Central
1f8bd6ca,2023-05-19,2023-05-23,Delivered,Pune,C009,East
9a1299b9,2023-02-03,2023-02-06,Delayed,Kolkata,C001,North
b6f41eb7,2023-05-27,2023-05-29,Delivered,Ahmedabad,C002,West
0b601fb1,2023-05-28,2023-05-31,Cancelled,Bangalore,C007,South
af9154de,2023-05-02,2023-05-05,Cancelled,Pune,C002,South
d189e7fe,2023-03-04,2023-03-06,Delayed,Pune,C007,West
d18a8934,2023-05-02,2023-05-06,Delivered,Chennai,C001,East
cadd5b50,2023-04-15,2023-04-20,Delivered,Kolkata,C003,East
e346ddcb,2023-02-18,2023-02-21,Delayed,Ahmedabad,C005,Central
84bf2e8a,2023-01-25,2023-01-26,Delivered,Delhi,C006,North
a42bda3f,2023-01-25,2023-01-27,Delivered,Kolkata,C009,Central
f34dbf0f,2023-06-18,2023-06-19,Delivered,Ahmedabad,C009,South
677bf8e7,2023-04-21,2023-04-26,Delayed,Kolkata,C003,West
656d4577,2023-04-01,2023-04-05,Delayed,Mumbai,C008,North
6bc082ba,2023-04-19,2023-04-20,Delivered,Hyderabad,C004,West
e60736ca,2023-04-16,2023-04-17,Delivered,Ahmedabad,C007,North
3687a91f,2023-04-30,2023-05-02,Delivered,Pune,C006,South
4a937553,2023-01-14,2023-01-18,Cancelled,Delhi,C008,South
6e292b9e,2023-06-22,2023-06-27,Delivered,Ahmedabad,C006,North
f2432862,2023-06-17,2023-06-21,Delivered,Ahmedabad,C004,East
7a34b7f1,2023-06-15,2023-06-19,Delayed,Mumbai,C002,North
0079a9e2,2023-01-26,2023-01-31,Delayed,Pune,C007,South
017a7058,2023-01-16,2023-01-17,Delayed,Hyderabad,C004,West
9345b260,2023-04-14,2023-04-15,Delayed,Mumbai,C009,Central
7ccb8f3e,2023-03-28,2023-04-02,Delivered,Hyderabad,C009,West
bd9e5009,2023-01-28,2023-01-29,Delivered,Hyderabad,C007,South
70fd5c64,2023-03-05,2023-03-09,Delayed,Hyderabad,C005,West
7dbac90d,2023-02-19,2023-02-20,Delayed,Mumbai,C003,East
7280b5df,2023-02-18,2023-02-21,Delayed,Kolkata,C003,East
d3cb4d3e,2023-05-18,2023-05-22,Delayed,Ahmedabad,C009,North
018464bf,2023-04-25,2023-04-30,Delivered,Hyderabad,C009,West
4a33f0cb,2023-02-05,2023-02-08,Delivered,Kolkata,C004,West
fa027598,2023-04-19,2023-04-23,Delayed,Ahmedabad,C001,South
3d91e145,2023-02-16,2023-02-18,Delivered,Pune,C010,North
4acbb0ba,2023-03-13,2023-03-14,Delayed,Ahmedabad,C005,North
00fb8fb0,2023-04-29,2023-04-30,Delayed,Pune,C008,West
7ed60820,2023-03-05,2023-03-09,Delayed,Delhi,C010,Central
32260de0,2023-01-20,2023-01-23,Delivered,Chennai,C004,West
44330e06,2023-04-24,2023-04-26,Delivered,Kolkata,C010,West
1f2b5bd8,2023-05-21,2023-05-25,Delivered,Ahmedabad,C010,West
04abe679,2023-01-26,2023-01-27,Delivered,Pune,C004,East
3894d05a,2023-01-13,2023-01-15,Delivered,Chennai,C009,North
5cf780ca,2023-06-16,2023-06-17,Delivered,Hyderabad,C009,East
fadca7d1,2023-05-19,2023-05-22,Delivered,Chennai,C007,Central
7fc6834d,2023-01-04,2023-01-07,Delivered,Chennai,C010,South
1dec7a95,2023-01-24,2023-01-26,Delivered,Hyderabad,C008,Central
bed33972,2023-03-02,2023-03-03,Delivered,Kolkata,C004,North
b48dc091,2023-02-12,2023-02-17,Delivered,Ahmedabad,C008,South
ba343faa,2023-04-15,2023-04-18,Delayed,Hyderabad,C006,Central
3f9a7ac2,2023-05-05,2023-05-07,Delivered,Delhi,C003,North
203557ad,2023-05-04,2023-05-06,Delivered,Bangalore,C007,Central
59aa1d28,2023-02-24,2023-02-28,Delivered,Ahmedabad,C003,South
fa64d05b,2023-04-13,2023-04-16,Delayed,Mumbai,C007,South
6432e9fb,2023-01-16,2023-01-17,Delivered,Hyderabad,C005,Central
86535143,2023-02-12,2023-02-15,Delivered,Hyderabad,C004,East
345c7dad,2023-04-08,2023-04-12,Delivered,Chennai,C003,Central
83aeabfa,2023-01-01,2023-01-06,Delivered,Delhi,C008,Central
4cd78c5f,2023-04-10,2023-04-12,Delivered,Pune,C004,Central
0285abce,2023-03-09,2023-03-10,Delivered,Pune,C008,East
3020ab71,2023-04-27,2023-04-29,Delivered,Chennai,C010,West
99090244,2023-03-15,2023-03-19,Delayed,Kolkata,C003,South
393010b7,2023-04-19,2023-04-20,Cancelled,Ahmedabad,C010,North
441c971e,2023-06-28,2023-07-01,Delivered,Hyderabad,C009,South
cc4847a2,2023-05-23,2023-05-28,Delivered,Ahmedabad,C006,South
fe5678d6,2023-06-19,2023-06-24,Delayed,Ahmedabad,C005,West
c9ec1369,2023-05-05,2023-05-09,Delivered,Hyderabad,C005,South
7631ee71,2023-02-09,2023-02-11,Delivered,Chennai,C003,South
750f8950,2023-02-18,2023-02-23,Delivered,Ahmedabad,C002,East
8d2d9e76,2023-03-17,2023-03-19,Delivered,Hyderabad,C006,East
9fa8e2d8,2023-02-25,2023-03-02,Cancelled,Kolkata,C001,East
7321cf93,2023-01-15,2023-01-20,Delayed,Ahmedabad,C007,East
dac5e4ab,2023-05-29,2023-06-03,Delayed,Bangalore,C005,East
736c237d,2023-05-19,2023-05-21,Delivered,Mumbai,C004,North
e9c75560,2023-01-16,2023-01-17,Delivered,Mumbai,C009,West
0d147e84,2023-03-22,2023-03-27,Delivered,Mumbai,C010,Central
122b697f,2023-01-15,2023-01-17,Delivered,Bangalore,C001,East
e9d44f40,2023-01-13,2023-01-14,Delivered,Hyderabad,C004,West
bcc7f827,2023-05-30,2023-06-01,Delayed,Chennai,C003,Central
1fee37b3,2023-05-03,2023-05-06,Delivered,Pune,C006,South
b818804f,2023-05-09,2023-05-14,Delivered,Delhi,C005,South
36f1f344,2023-05-16,2023-05-18,Cancelled,Hyderabad,C007,West
ff83e057,2023-02-10,2023-02-15,Delayed,Bangalore,C001,North
a3d4ba0e,2023-01-15,2023-01-18,Delivered,Ahmedabad,C005,North
76aa0488,2023-05-11,2023-05-13,Delivered,Kolkata,C002,West
7fcfbcfa,2023-01-21,2023-01-22,Delivered,Bangalore,C002,North
f4a75097,2023-02-17,2023-02-22,Delivered,Ahmedabad,C002,North
24a99da3,2023-01-18,2023-01-23,Delivered,Pune,C009,South
1814022d,2023-06-02,2023-06-05,Delayed,Mumbai,C010,North
6cb4168a,2023-01-18,2023-01-23,Delivered,Hyderabad,C003,North
e079f07d,2023-06-22,2023-06-26,Delivered,Pune,C004,West
7c683c31,2023-03-02,2023-03-03,Delivered,Mumbai,C005,North
12b45684,2023-04-14,2023-04-18,Delivered,Delhi,C004,East
dfc14d2f,2023-01-31,2023-02-01,Delayed,Ahmedabad,C004,East
c56957f2,2023-05-26,2023-05-29,Delayed,Ahmedabad,C005,West
e471f875,2023-03-05,2023-03-09,Delivered,Kolkata,C010,East
2343e008,2023-05-29,2023-06-02,Delivered,Mumbai,C009,South
1a7fdd0f,2023-06-02,2023-06-05,Delivered,Delhi,C009,West
402aeab1,2023-01-11,2023-01-12,Delivered,Ahmedabad,C006,North
b61d8aa1,2023-06-08,2023-06-13,Delivered,Bangalore,C003,East
c7a9ff1d,2023-01-21,2023-01-25,Delivered,Mumbai,C006,South
3dca56a5,2023-04-18,2023-04-22,Delivered,Mumbai,C010,West
3893ee17,2023-06-18,2023-06-21,Delivered,Chennai,C004,West
d9c52902,2023-05-30,2023-06-04,Delivered,Kolkata,C003,North
dfff0342,2023-05-25,2023-05-26,Delivered,Kolkata,C006,Central
70da0d96,2023-05-14,2023-05-16,Delivered,Pune,C006,East
1ea61992,2023-03-22,2023-03-23,Delivered,Bangalore,C002,South
d22b0447,2023-03-08,2023-03-11,Delivered,Chennai,C009,West
bf2a8728,2023-02-22,2023-02-26,Delayed,Pune,C008,East
06482fa7,2023-06-21,2023-06-26,Delivered,Delhi,C006,South
dae3be53,2023-03-22,2023-03-26,Delivered,Pune,C001,South
e9170e83,2023-03-03,2023-03-06,Delivered,Delhi,C002,West
78d67e47,2023-03-09,2023-03-10,Delivered,Bangalore,C004,East
d1dca57b,2023-04-12,2023-04-16,Delivered,Ahmedabad,C007,South
10c478b9,2023-02-03,2023-02-05,Delivered,Kolkata,C009,West
6989827e,2023-06-21,2023-06-24,Delayed,Ahmedabad,C010,East
5c9b4cf5,2023-06-15,2023-06-16,Delivered,Delhi,C005,East
bcf18bd3,2023-03-18,2023-03-23,Delivered,Bangalore,C010,West
8dc9b584,2023-04-28,2023-04-29,Delivered,Ahmedabad,C002,East
d90197fa,2023-03-22,2023-03-24,Delivered,Pune,C001,Central
5a09a4e4,2023-01-19,2023-01-23,Delivered,Delhi,C010,South
8aa73e44,2023-01-03,2023-01-04,Delayed,Hyderabad,C001,South
f2b8d32d,2023-04-28,2023-04-30,Delivered,Mumbai,C005,East
dc899113,2023-06-09,2023-06-11,Cancelled,Pune,C007,West
e852848e,2023-05-25,2023-05-27,Delayed,Kolkata,C009,North
add2bdd9,2023-01-26,2023-01-29,Delivered,Ahmedabad,C009,East
92c278d6,2023-01-19,2023-01-22,Delivered,Pune,C008,North
47520111,2023-05-18,2023-05-19,Delivered,Hyderabad,C001,East
aec88891,2023-02-24,2023-02-25,Delivered,Bangalore,C005,North
423b88e8,2023-05-10,2023-05-11,Delivered,Bangalore,C006,East
9f8722e3,2023-03-09,2023-03-13,Delayed,Pune,C006,West
5113d461,2023-02-03,2023-02-07,Delivered,Hyderabad,C004,North
da738a16,2023-03-31,2023-04-01,Delivered,Ahmedabad,C001,Central
34a538b1,2023-01-18,2023-01-23,Delayed,Pune,C003,West
66c3add9,2023-03-04,2023-03-07,Delivered,Mumbai,C010,East
c9d16e1f,2023-04-05,2023-04-08,Delayed,Mumbai,C004,North
6fbd8291,2023-03-14,2023-03-16,Delivered,Chennai,C004,South
7ff341c1,2023-02-10,2023-02-11,Delivered,Delhi,C004,West
4594dcd5,2023-04-23,2023-04-27,Delayed,Chennai,C005,North
00a1ab56,2023-05-20,2023-05-22,Delivered,Ahmedabad,C009,West
77de02d6,2023-06-30,2023-07-03,Delayed,Mumbai,C004,North
1d3b6522,2023-03-19,2023-03-20,Delayed,Hyderabad,C009,South
142cd1da,2023-06-06,2023-06-09,Delayed,Delhi,C009,Central
b09e6d33,2023-06-17,2023-06-22,Delivered,Ahmedabad,C001,South
60ad9fa3,2023-05-16,2023-05-18,Delivered,Hyderabad,C005,East
cd76a68d,2023-01-03,2023-01-04,Delayed,Ahmedabad,C009,West
e23ba2c0,2023-06-20,2023-06-25,Delayed,Chennai,C004,Central
f4a2dd5b,2023-05-22,2023-05-27,Cancelled,Bangalore,C005,West
5a8a54fc,2023-03-18,2023-03-22,Delivered,Hyderabad,C004,North
5f3338f7,2023-06-19,2023-06-20,Delivered,Chennai,C002,East
c68aff01,2023-01-27,2023-01-31,Delayed,Chennai,C010,East
59a36b36,2023-02-04,2023-02-09,Delivered,Chennai,C002,West
91214428,2023-03-09,2023-03-10,Delayed,Bangalore,C002,East
c843ce49,2023-01-30,2023-01-31,Delayed,Bangalore,C001,West
357e5192,2023-01-28,2023-01-29,Delivered,Pune,C003,North
6a59fe9b,2023-05-22,2023-05-23,Delayed,Bangalore,C010,North
9e3f08bd,2023-02-09,2023-02-13,Delayed,Delhi,C001,West
4fa4d023,2023-03-11,2023-03-14,Delivered,Bangalore,C004,South
3eefe9d6,2023-03-14,2023-03-15,Delayed,Bangalore,C001,South
d0b22e47,2023-06-04,2023-06-06,Delivered,Bangalore,C004,North
b9b348e4,2023-02-23,2023-02-24,Delayed,Ahmedabad,C003,Central
03c2dd54,2023-03-29,2023-04-02,Delivered,Hyderabad,C009,South
47253105,2023-02-22,2023-02-23,Delayed,Bangalore,C001,West
3cc55980,2023-06-25,2023-06-28,Delivered,Delhi,C008,North
7a24175f,2023-06-12,2023-06-17,Delivered,Ahmedabad,C009,East
68d5be07,2023-03-09,2023-03-13,Delayed,Chennai,C007,East
9682247d,2023-05-10,2023-05-11,Delivered,Hyderabad,C001,South
0208da1e,2023-05-06,2023-05-07,Delivered,Mumbai,C004,Central
bc69b6a7,2023-03-06,2023-03-07,Cancelled,Ahmedabad,C010,South
be1bf437,2023-01-14,2023-01-19,Cancelled,Bangalore,C001,Central
67c9f7f0,2023-01-24,2023-01-25,Delivered,Ahmedabad,C004,South
24f959d2,2023-06-12,2023-06-15,Delivered,Pune,C003,East
cacbab2f,2023-04-19,2023-04-23,Delivered,Pune,C002,Central
b422b047,2023-03-12,2023-03-16,Delivered,Ahmedabad,C001,East
2aa3be03,2023-01-12,2023-01-13,Delivered,Chennai,C006,West
7006f1ca,2023-01-01,2023-01-06,Delivered,Chennai,C007,West
5286550b,2023-03-27,2023-03-31,Delayed,Hyderabad,C006,North
55b4b636,2023-02-03,2023-02-05,Delayed,Pune,C009,East
a25d810a,2023-06-13,2023-06-18,Delayed,Mumbai,C009,East
b5fc7e0a,2023-03-09,2023-03-14,Delivered,Kolkata,C002,North
256f04a8,2023-02-11,2023-02-12,Delivered,Pune,C002,West
d7298f46,2023-04-24,2023-04-28,Delivered,Ahmedabad,C009,West
f7c91efc,2023-05-22,2023-05-26,Delivered,Pune,C001,Central
12d25fbb,2023-06-30,2023-07-04,Delivered,Delhi,C005,Central
81eda920,2023-04-20,2023-04-24,Delayed,Kolkata,C001,West
e2bd4f22,2023-05-24,2023-05-29,Delivered,Chennai,C007,South
e852e734,2023-01-03,2023-01-08,Delivered,Kolkata,C009,East
f7993e7b,2023-01-29,2023-01-30,Delivered,Pune,C006,Central
7636f8d1,2023-01-20,2023-01-23,Delayed,Chennai,C002,South
31aefe15,2023-06-26,2023-06-27,Delivered,Kolkata,C006,Central
695dfe3f,2023-02-08,2023-02-12,Delivered,Chennai,C009,North
6c776185,2023-05-20,2023-05-25,Delivered,Chennai,C003,East
e21e516e,2023-01-10,2023-01-13,Delayed,Hyderabad,C009,Central
ba48dd21,2023-04-05,2023-04-10,Delivered,Mumbai,C008,West
dbcea5a5,2023-05-30,2023-06-01,Delayed,Chennai,C007,North
d823ba93,2023-05-22,2023-05-23,Delayed,Delhi,C008,North
a090024e,2023-02-07,2023-02-08,Delivered,Pune,C010,West
fdc8dc80,2023-04-21,2023-04-22,Delivered,Pune,C006,North
5195e0af,2023-02-02,2023-02-07,Cancelled,Delhi,C003,East
3e0c8dce,2023-01-11,2023-01-12,Delivered,Bangalore,C007,Central
c86e49af,2023-03-20,2023-03-25,Delivered,Chennai,C004,North
ea60d72f,2023-04-04,2023-04-06,Delayed,Ahmedabad,C010,East
0eaa9d83,2023-01-11,2023-01-16,Delayed,Chennai,C005,West
11b5cb3e,2023-04-02,2023-04-04,Cancelled,Chennai,C008,Central
2104afc1,2023-02-23,2023-02-28,Delayed,Ahmedabad,C007,West
b1235fc9,2023-06-24,2023-06-27,Delivered,Kolkata,C007,Central
46744397,2023-03-05,2023-03-08,Delivered,Chennai,C008,North
2b37c552,2023-06-20,2023-06-24,Delayed,Chennai,C010,North
4467f1ad,2023-01-27,2023-01-31,Delivered,Delhi,C003,Central
17daad3a,2023-04-01,2023-04-06,Delivered,Mumbai,C003,East
d37aa982,2023-05-24,2023-05-28,Delayed,Mumbai,C002,East
55ca09a0,2023-04-15,2023-04-17,Delivered,Bangalore,C001,East
22031a1e,2023-06-08,2023-06-10,Delivered,Delhi,C010,South
c34cec75,2023-02-09,2023-02-11,Delivered,Chennai,C006,East
c830a52a,2023-03-02,2023-03-03,Delivered,Mumbai,C006,North
8a6fb9b5,2023-02-11,2023-02-12,Delivered,Hyderabad,C010,South
1ab3eb11,2023-02-15,2023-02-17,Delivered,Hyderabad,C008,East
8b3f9318,2023-04-16,2023-04-19,Delivered,Hyderabad,C006,North
c6e83b5b,2023-01-07,2023-01-12,Delivered,Chennai,C006,South
7de678e1,2023-02-15,2023-02-19,Delayed,Chennai,C001,North
d72e0f83,2023-03-27,2023-04-01,Delivered,Ahmedabad,C007,Central
31f81353,2023-04-16,2023-04-19,Cancelled,Bangalore,C007,North
9c67d8b5,2023-06-21,2023-06-24,Delivered,Pune,C010,South
4c482ab5,2023-03-05,2023-03-10,Delivered,Bangalore,C009,East
18aad7e6,2023-03-10,2023-03-15,Delayed,Bangalore,C007,South
85f260fb,2023-02-10,2023-02-12,Delivered,Kolkata,C008,East
5a50b8b2,2023-06-29,2023-07-01,Cancelled,Hyderabad,C004,East
09c501fd,2023-01-28,2023-02-01,Delivered,Chennai,C009,West
b99ce1ae,2023-04-08,2023-04-11,Cancelled,Hyderabad,C001,Central
e1d03180,2023-01-10,2023-01-15,Delivered,Bangalore,C008,West
2f5d422f,2023-05-01,2023-05-04,Delayed,Chennai,C003,South
d45e3647,2023-02-26,2023-03-01,Delivered,Delhi,C001,West
a54e0406,2023-02-21,2023-02-24,Cancelled,Ahmedabad,C002,East
2eaf77f0,2023-04-28,2023-04-29,Delivered,Mumbai,C006,South
9b3057a4,2023-03-31,2023-04-05,Delivered,Mumbai,C005,West
1a7d4346,2023-03-20,2023-03-25,Cancelled,Bangalore,C003,North
91849771,2023-02-28,2023-03-02,Delivered,Pune,C009,Central
64fdb7b2,2023-02-27,2023-02-28,Delivered,Hyderabad,C008,North
375bccb3,2023-01-07,2023-01-09,Delayed,Delhi,C003,South
fe9a2a28,2023-06-18,2023-06-23,Delivered,Chennai,C002,West
371de2a1,2023-02-19,2023-02-24,Delivered,Pune,C008,East
5762efbd,2023-04-13,2023-04-14,Delivered,Hyderabad,C005,West
34ccab4f,2023-03-26,2023-03-30,Delayed,Bangalore,C009,South
c076f223,2023-03-13,2023-03-16,Delivered,Hyderabad,C001,South
475009d9,2023-01-18,2023-01-20,Delivered,Bangalore,C010,South
d5aab04d,2023-03-13,2023-03-15,Cancelled,Kolkata,C003,South
4c68cf1a,2023-03-31,2023-04-02,Delayed,Mumbai,C005,West
ea4c44da,2023-06-14,2023-06-15,Delivered,Pune,C002,North
d702b71e,2023-05-11,2023-05-14,Delivered,Mumbai,C003,East
3bfa36d6,2023-04-13,2023-04-15,Delivered,Hyderabad,C004,East
96e6a8ef,2023-06-23,2023-06-27,Delivered,Delhi,C004,Central
891ac760,2023-05-18,2023-05-22,Delivered,Chennai,C009,South
810a845b,2023-03-26,2023-03-31,Delivered,Bangalore,C001,South
3aec781a,2023-01-08,2023-01-11,Delivered,Chennai,C009,South
0256bb40,2023-01-30,2023-02-04,Delivered,Mumbai,C009,North
46b360ba,2023-03-08,2023-03-13,Cancelled,Ahmedabad,C006,South
7409fb2d,2023-02-15,2023-02-18,Cancelled,Delhi,C001,Central
32c80cc2,2023-05-29,2023-06-03,Delayed,Delhi,C006,Central
56d71e1b,2023-03-09,2023-03-12,Delivered,Chennai,C008,North
5f601394,2023-01-10,2023-01-14,Delivered,Mumbai,C005,South
c0e256c1,2023-01-28,2023-01-31,Delayed,Ahmedabad,C005,West
03a3e889,2023-06-02,2023-06-04,Delayed,Chennai,C001,West
31847dc0,2023-04-22,2023-04-23,Delivered,Hyderabad,C001,East
dbd0eaa9,2023-03-30,2023-04-03,Delayed,Delhi,C008,North
bfa25685,2023-03-22,2023-03-23,Delayed,Delhi,C005,West
3ffa72a1,2023-04-22,2023-04-26,Delayed,Hyderabad,C008,East
899aa619,2023-06-05,2023-06-07,Delayed,Mumbai,C010,Central
2674f7fc,2023-05-11,2023-05-12,Delivered,Delhi,C002,East
8f34b584,2023-01-30,2023-02-01,Delivered,Pune,C004,South
50a4024e,2023-04-09,2023-04-11,Delayed,Ahmedabad,C010,South
a1022f9e,2023-05-28,2023-06-01,Delayed,Kolkata,C009,Central
baf42248,2023-02-18,2023-02-23,Delivered,Kolkata,C003,North
9f1635c7,2023-03-07,2023-03-09,Delivered,Kolkata,C006,South
0a330a31,2023-01-12,2023-01-14,Delivered,Bangalore,C007,South
cb4bfa77,2023-04-22,2023-04-26,Delayed,Pune,C003,East
db484165,2023-01-01,2023-01-04,Cancelled,Bangalore,C001,East
bc32e5e0,2023-05-14,2023-05-18,Delivered,Mumbai,C002,East
8d7419a0,2023-05-18,2023-05-20,Delivered,Hyderabad,C010,West
b165cfa4,2023-06-25,2023-06-29,Delivered,Chennai,C007,Central
fa7b17ff,2023-06-21,2023-06-23,Cancelled,Pune,C007,North
62f75090,2023-02-20,2023-02-21,Delayed,Ahmedabad,C001,East
24721fff,2023-04-04,2023-04-07,Delayed,Mumbai,C010,North
46bbfd1e,2023-04-21,2023-04-22,Delivered,Chennai,C007,East
85b001c7,2023-01-18,2023-01-19,Delivered,Mumbai,C010,South
406926df,2023-06-20,2023-06-23,Delivered,Bangalore,C006,North
090a0929,2023-03-26,2023-03-27,Delivered,Kolkata,C006,West
cb5f8b87,2023-06-09,2023-06-14,Delayed,Hyderabad,C007,East
c8071c99,2023-03-22,2023-03-23,Delayed,Bangalore,C007,Central
8afc0479,2023-06-19,2023-06-21,Cancelled,Hyderabad,C001,South
8f614493,2023-02-01,2023-02-04,Cancelled,Pune,C010,East
ba60b25c,2023-03-18,2023-03-22,Delivered,Chennai,C005,North
85506bb5,2023-05-10,2023-05-12,Delayed,Mumbai,C008,East
012ab958,2023-03-21,2023-03-26,Delayed,Delhi,C008,South
8b565979,2023-06-20,2023-06-23,Delayed,Delhi,C003,Central
c21249fd,2023-04-15,2023-04-16,Delivered,Hyderabad,C003,Central
4eb7ddde,2023-03-25,2023-03-26,Delivered,Kolkata,C007,Central
f4d8e5f7,2023-04-14,2023-04-16,Delivered,Kolkata,C004,South
7201b4cd,2023-06-28,2023-06-30,Cancelled,Hyderabad,C006,East
3a700c6e,2023-03-17,2023-03-20,Delivered,Bangalore,C009,South
c2daf07c,2023-05-22,2023-05-24,Delivered,Delhi,C010,South
5818c7f8,2023-02-02,2023-02-04,Delivered,Bangalore,C002,East
8ac5d5bd,2023-02-19,2023-02-22,Delivered,Chennai,C002,West
eea1defd,2023-04-18,2023-04-20,Delivered,Delhi,C006,Central
9c1f06fe,2023-06-20,2023-06-23,Delivered,Chennai,C003,North
98479209,2023-04-08,2023-04-13,Delivered,Mumbai,C001,North
b4abff53,2023-06-23,2023-06-25,Delivered,Bangalore,C002,East
47f284c0,2023-02-14,2023-02-16,Delayed,Hyderabad,C007,North
2ed45a95,2023-06-07,2023-06-09,Delivered,Delhi,C004,West
3ec1cbd4,2023-05-26,2023-05-27,Delayed,Bangalore,C002,South
dbcb61a1,2023-03-19,2023-03-21,Delivered,Hyderabad,C008,Central
d5412337,2023-04-14,2023-04-17,Delivered,Mumbai,C004,North
b8a2ada2,2023-05-21,2023-05-22,Delayed,Delhi,C004,North
d86b4ea2,2023-01-01,2023-01-02,Delivered,Chennai,C002,East
0ca184e8,2023-03-19,2023-03-21,Delivered,Mumbai,C001,East
1a41be8e,2023-03-15,2023-03-19,Delivered,Kolkata,C001,South
09ed5153,2023-02-23,2023-02-24,Delayed,Hyderabad,C003,Central
32e36f95,2023-04-21,2023-04-24,Delivered,Ahmedabad,C006,North
132a5e8a,2023-05-29,2023-05-31,Delayed,Delhi,C007,South
63226460,2023-06-05,2023-06-08,Delivered,Delhi,C009,Central
809b8be0,2023-06-17,2023-06-21,Delivered,Pune,C005,South
467aff5a,2023-03-24,2023-03-26,Delivered,Pune,C009,North
b0b51ff9,2023-04-30,2023-05-03,Delivered,Mumbai,C008,East
d84bd442,2023-04-24,2023-04-27,Delivered,Delhi,C001,East
608d3668,2023-04-24,2023-04-26,Delivered,Hyderabad,C003,East
f7865e0e,2023-06-22,2023-06-27,Delivered,Mumbai,C008,West
d533556e,2023-02-24,2023-03-01,Delayed,Chennai,C009,South
6ffb011f,2023-05-11,2023-05-15,Delivered,Mumbai,C004,North
77eb0eac,2023-05-02,2023-05-03,Delivered,Mumbai,C006,South
d97a6c46,2023-02-13,2023-02-14,Delayed,Ahmedabad,C004,East
6fa9b246,2023-06-18,2023-06-20,Delivered,Chennai,C009,South
78a34e63,2023-01-22,2023-01-24,Delivered,Kolkata,C002,Central
c9b07672,2023-03-14,2023-03-16,Delayed,Pune,C006,South
2a35f214,2023-05-12,2023-05-14,Delayed,Hyderabad,C003,West
57d1fb0c,2023-06-19,2023-06-24,Delivered,Kolkata,C010,West
53c42ba4,2023-06-12,2023-06-16,Delayed,Kolkata,C004,East
c26cc803,2023-06-08,2023-06-11,Delivered,Kolkata,C002,North
27871c07,2023-03-27,2023-03-30,Delivered,Pune,C008,Central
c3a241fa,2023-01-24,2023-01-29,Delivered,Bangalore,C010,North
8cf5f790,2023-03-02,2023-03-06,Cancelled,Pune,C008,North
fefa17e6,2023-06-22,2023-06-24,Delivered,Kolkata,C001,Central
df412a0f,2023-03-21,2023-03-22,Delivered,Bangalore,C010,West
12c97961,2023-02-27,2023-03-04,Delivered,Chennai,C006,East
2c744ee8,2023-02-20,2023-02-25,Delivered,Pune,C001,South
8aaf52cf,2023-02-07,2023-02-09,Delivered,Hyderabad,C006,West
b57f3d3d,2023-01-07,2023-01-12,Delivered,Kolkata,C007,East
e0481386,2023-01-12,2023-01-15,Delivered,Delhi,C002,West
133b6256,2023-03-04,2023-03-06,Delivered,Chennai,C009,Central
ef03917a,2023-05-02,2023-05-05,Delivered,Bangalore,C008,North
e0e14a29,2023-06-06,2023-06-08,Delivered,Pune,C009,Central
fe4331a5,2023-01-19,2023-01-20,Delivered,Hyderabad,C010,South
17176a1f,2023-04-27,2023-04-30,Delivered,Mumbai,C004,Central
7af5d013,2023-04-17,2023-04-19,Delayed,Hyderabad,C004,North
20761c74,2023-06-11,2023-06-16,Delivered,Hyderabad,C008,West
4d0cb389,2023-05-28,2023-06-02,Delivered,Kolkata,C001,East
2ae8fa7c,2023-02-19,2023-02-23,Delivered,Kolkata,C008,South
fc687aba,2023-06-28,2023-06-30,Delivered,Pune,C007,West
de345a0f,2023-04-09,2023-04-10,Delivered,Pune,C007,East
e5c7b347,2023-05-07,2023-05-11,Delivered,Ahmedabad,C009,North
f54ef5f7,2023-04-13,2023-04-18,Delivered,Bangalore,C010,Central
a0e8e287,2023-03-04,2023-03-05,Delivered,Ahmedabad,C007,West
322162ac,2023-02-07,2023-02-09,Delivered,Pune,C002,East
f1ac4faa,2023-06-17,2023-06-22,Delivered,Bangalore,C001,East
ad7ce129,2023-06-26,2023-06-30,Delivered,Kolkata,C001,Central
a3711a99,2023-01-02,2023-01-07,Delivered,Kolkata,C007,West
dc698872,2023-01-28,2023-01-31,Delivered,Delhi,C005,West
108a9f65,2023-04-19,2023-04-23,Delivered,Delhi,C004,North
f7e86599,2023-02-26,2023-03-03,Delayed,Chennai,C005,West
befd075c,2023-02-15,2023-02-19,Delivered,Kolkata,C010,Central
393b4d9f,2023-06-28,2023-06-30,Delayed,Mumbai,C010,West
9adf0da4,2023-05-13,2023-05-16,Delivered,Delhi,C006,North
4e5e9f96,2023-04-29,2023-05-02,Delivered,Bangalore,C010,East
39008578,2023-01-13,2023-01-18,Delayed,Hyderabad,C006,West
64ec7a68,2023-05-23,2023-05-27,Delayed,Pune,C001,Central
446988f7,2023-03-05,2023-03-09,Delivered,Pune,C002,West
8746b793,2023-02-01,2023-02-05,Delivered,Chennai,C003,South
f1c8c287,2023-04-27,2023-04-30,Delayed,Delhi,C004,North
d38cbc59,2023-02-04,2023-02-09,Delayed,Hyderabad,C006,East
a7e77b4f,2023-04-29,2023-05-03,Delivered,Hyderabad,C009,South
f83ee8b7,2023-06-20,2023-06-25,Delivered,Delhi,C002,Central
531ed2b5,2023-05-16,2023-05-17,Delivered,Mumbai,C008,West
4e46641e,2023-05-24,2023-05-26,Delivered,Mumbai,C009,North
11f141ba,2023-06-02,2023-06-04,Delivered,Chennai,C002,West
d6d12e24,2023-03-23,2023-03-25,Delivered,Ahmedabad,C009,West
810654be,2023-04-24,2023-04-28,Delivered,Mumbai,C007,West
492197c3,2023-06-06,2023-06-08,Delayed,Chennai,C009,West
5823eb32,2023-05-10,2023-05-14,Delivered,Ahmedabad,C006,North
32998452,2023-04-20,2023-04-22,Delivered,Ahmedabad,C002,South
29cbdfb7,2023-05-21,2023-05-24,Delayed,Bangalore,C008,Central
0e2f3453,2023-04-25,2023-04-29,Delayed,Ahmedabad,C010,South
810212f6,2023-02-10,2023-02-14,Delivered,Delhi,C009,North
52e9fc59,2023-05-02,2023-05-07,Delivered,Ahmedabad,C008,Central
76800510,2023-04-26,2023-04-28,Delivered,Hyderabad,C002,East
9c1d51a5,2023-03-08,2023-03-11,Delivered,Chennai,C008,South
8a25ba78,2023-03-05,2023-03-08,Delivered,Pune,C003,North
835fa95c,2023-06-13,2023-06-18,Delivered,Mumbai,C003,North
0bb91094,2023-03-12,2023-03-13,Delivered,Pune,C009,North
b7494541,2023-05-14,2023-05-16,Delivered,Chennai,C009,Central
5572ee18,2023-05-05,2023-05-06,Delivered,Kolkata,C009,West
888e0639,2023-06-10,2023-06-13,Delivered,Chennai,C004,East
7f0c35dd,2023-03-03,2023-03-07,Delivered,Mumbai,C007,Central
e6534691,2023-03-12,2023-03-17,Delivered,Kolkata,C008,Central
827051db,2023-04-23,2023-04-26,Delivered,Kolkata,C005,South
909f1d3f,2023-01-20,2023-01-22,Delayed,Ahmedabad,C001,East
f5f48143,2023-03-15,2023-03-20,Delivered,Mumbai,C009,North
8816f206,2023-03-02,2023-03-03,Delivered,Kolkata,C006,Central
e422123d,2023-03-11,2023-03-15,Delayed,Delhi,C003,East
9910baaa,2023-03-27,2023-04-01,Delivered,Hyderabad,C003,South
2575cdf1,2023-03-23,2023-03-28,Delivered,Pune,C010,West
2beb8498,2023-05-19,2023-05-22,Delivered,Delhi,C001,East
016fed5c,2023-01-21,2023-01-25,Delivered,Delhi,C008,North
cbce069d,2023-02-05,2023-02-09,Delayed,Mumbai,C002,Central
52bd02b6,2023-02-08,2023-02-12,Delivered,Ahmedabad,C001,West
e1e5c791,2023-03-01,2023-03-05,Delivered,Mumbai,C007,South
4f1e03c3,2023-04-09,2023-04-13,Delivered,Pune,C009,North
4bf0dc58,2023-06-27,2023-06-30,Delivered,Hyderabad,C006,West
43fba205,2023-02-09,2023-02-13,Delivered,Chennai,C008,South
fc6bd444,2023-06-30,2023-07-03,Delivered,Delhi,C008,North
7a663ee5,2023-02-24,2023-02-27,Delivered,Kolkata,C009,Central
99d7e6d1,2023-01-17,2023-01-21,Cancelled,Hyderabad,C007,South
8dd42340,2023-04-17,2023-04-18,Delivered,Delhi,C009,West
546cb83f,2023-04-15,2023-04-17,Delivered,Chennai,C009,North
c934d044,2023-03-26,2023-03-30,Delivered,Ahmedabad,C001,East
18bde214,2023-05-19,2023-05-21,Delivered,Kolkata,C006,North
f52084ae,2023-04-30,2023-05-03,Delivered,Delhi,C008,West
e9efd89c,2023-04-17,2023-04-18,Delivered,Bangalore,C010,West
c7606f5c,2023-01-16,2023-01-19,Delivered,Pune,C009,East
292164b2,2023-02-22,2023-02-23,Delivered,Hyderabad,C004,West
43b92d35,2023-04-18,2023-04-21,Delivered,Pune,C002,North
5d4427f5,2023-04-10,2023-04-15,Delayed,Mumbai,C009,South
c23dc9f9,2023-05-30,2023-06-04,Delivered,Delhi,C009,North
17abf600,2023-06-28,2023-07-03,Delivered,Kolkata,C008,West
0aeeba7d,2023-01-06,2023-01-07,Delivered,Kolkata,C003,East
eb8826dd,2023-05-28,2023-05-31,Cancelled,Hyderabad,C005,East
7a45464c,2023-04-08,2023-04-10,Delivered,Hyderabad,C002,Central
9ad4f875,2023-05-03,2023-05-04,Delivered,Pune,C003,East
0b416b64,2023-01-02,2023-01-03,Cancelled,Kolkata,C001,East
a6b35d2f,2023-04-01,2023-04-02,Delayed,Kolkata,C004,West
8fc9d685,2023-03-18,2023-03-21,Delayed,Kolkata,C005,South
1c380fd8,2023-04-10,2023-04-11,Delivered,Delhi,C002,South
f332a627,2023-04-18,2023-04-23,Delivered,Kolkata,C003,West
ae44c804,2023-05-18,2023-05-20,Delivered,Mumbai,C006,East
e4d5226c,2023-05-20,2023-05-23,Delayed,Kolkata,C006,North
fb9f5e0d,2023-06-04,2023-06-06,Delivered,Mumbai,C007,South
9d842c9b,2023-02-26,2023-03-01,Delivered,Delhi,C009,West
b0926872,2023-05-05,2023-05-08,Delivered,Hyderabad,C004,North
497d2c9f,2023-02-26,2023-03-01,Delayed,Ahmedabad,C005,East
aeeebf7f,2023-03-11,2023-03-14,Delivered,Mumbai,C002,West
c991f452,2023-04-22,2023-04-24,Delivered,Delhi,C006,South
bdfaf299,2023-05-05,2023-05-10,Delivered,Ahmedabad,C004,North
62bc7db1,2023-01-08,2023-01-10,Delivered,Ahmedabad,C005,North
c30203f5,2023-04-10,2023-04-15,Delivered,Kolkata,C007,South
02df6422,2023-03-28,2023-03-31,Delivered,Delhi,C006,North
02c7d168,2023-06-21,2023-06-22,Delivered,Ahmedabad,C008,South
6de11650,2023-06-23,2023-06-26,Delivered,Kolkata,C006,West
02c317bb,2023-04-14,2023-04-17,Delivered,Pune,C010,Central
77c790a3,2023-02-12,2023-02-15,Delivered,Delhi,C008,East
47727de0,2023-04-30,2023-05-04,Delivered,Ahmedabad,C004,West
514be558,2023-02-02,2023-02-06,Delivered,Hyderabad,C007,East
7376d3da,2023-06-09,2023-06-14,Delivered,Mumbai,C003,East
8f9c87df,2023-05-17,2023-05-18,Delivered,Pune,C001,South
d8a6ed81,2023-01-07,2023-01-11,Delivered,Hyderabad,C009,Central
6ac0540a,2023-04-11,2023-04-16,Delivered,Bangalore,C009,East
b584a03c,2023-06-01,2023-06-03,Cancelled,Kolkata,C006,East
4c5def76,2023-05-25,2023-05-29,Delivered,Ahmedabad,C002,West
8d2fac2f,2023-06-19,2023-06-21,Delayed,Mumbai,C008,Central
c1e32f6a,2023-01-07,2023-01-09,Delivered,Hyderabad,C010,Central
f4c5a5f1,2023-01-22,2023-01-24,Delayed,Mumbai,C006,East
970302f5,2023-06-14,2023-06-18,Delayed,Bangalore,C007,Central
3eb1bc3d,2023-04-20,2023-04-22,Delivered,Chennai,C001,West
93c4cce9,2023-02-04,2023-02-09,Delivered,Kolkata,C003,South
05b537eb,2023-04-29,2023-05-04,Delivered,Kolkata,C001,East
4ce68171,2023-02-16,2023-02-21,Delivered,Delhi,C010,North
2ae3827b,2023-01-13,2023-01-17,Delayed,Ahmedabad,C001,East
ae215248,2023-03-08,2023-03-12,Delayed,Kolkata,C001,East
70518cd4,2023-04-08,2023-04-11,Cancelled,Kolkata,C004,South
3ba1d4bc,2023-03-25,2023-03-26,Delivered,Hyderabad,C007,North
6c835ae7,2023-02-24,2023-02-27,Delayed,Pune,C007,North
661437d4,2023-04-27,2023-04-29,Delayed,Kolkata,C005,North
7773d520,2023-03-25,2023-03-29,Delivered,Kolkata,C006,South
ba52baf9,2023-03-28,2023-04-01,Delivered,Ahmedabad,C002,Central
0fff4190,2023-04-08,2023-04-10,Delayed,Bangalore,C005,North
e71b928c,2023-03-13,2023-03-17,Delivered,Pune,C007,Central
6e71e309,2023-04-18,2023-04-22,Delayed,Bangalore,C009,West
218c2142,2023-03-06,2023-03-11,Delivered,Ahmedabad,C006,South
8941b2ff,2023-01-21,2023-01-22,Delayed,Mumbai,C010,Central
22bdfa52,2023-05-01,2023-05-04,Delivered,Mumbai,C004,North
7214c041,2023-01-05,2023-01-07,Delivered,Kolkata,C003,North
5ca80f1e,2023-05-19,2023-05-24,Delivered,Kolkata,C009,Central
7be9ee49,2023-01-14,2023-01-16,Delayed,Delhi,C007,Central
a89d3b19,2023-03-31,2023-04-03,Delivered,Mumbai,C006,West
75d2831e,2023-02-27,2023-02-28,Delivered,Hyderabad,C007,South
84eeba0e,2023-06-16,2023-06-20,Delivered,Kolkata,C008,East
dfb10297,2023-01-18,2023-01-21,Delayed,Hyderabad,C005,West
7da26a8a,2023-06-16,2023-06-19,Delivered,Kolkata,C003,West
f30e7ca7,2023-01-11,2023-01-13,Delayed,Ahmedabad,C003,West
db877c96,2023-01-08,2023-01-12,Delivered,Hyderabad,C002,North
8dea4747,2023-03-05,2023-03-09,Delivered,Chennai,C008,Central
f4f7831d,2023-02-21,2023-02-25,Delivered,Hyderabad,C001,South
c29755a8,2023-01-06,2023-01-11,Delivered,Pune,C008,North
4ab97aa6,2023-06-09,2023-06-12,Delayed,Mumbai,C003,West
47303434,2023-02-09,2023-02-12,Delivered,Kolkata,C009,South
39a22d20,2023-03-03,2023-03-08,Delivered,Mumbai,C002,North
7b4e4244,2023-02-02,2023-02-03,Delayed,Pune,C010,East
2f1f5d8b,2023-05-02,2023-05-07,Delivered,Pune,C009,West
57ef32de,2023-06-21,2023-06-22,Delivered,Hyderabad,C006,North
1c70f3dd,2023-01-30,2023-02-01,Delayed,Bangalore,C001,North
e5e48c20,2023-05-25,2023-05-27,Delivered,Bangalore,C005,West
f3573a10,2023-02-25,2023-02-28,Delivered,Pune,C010,East
28c824e2,2023-04-30,2023-05-05,Delayed,Bangalore,C009,Central
0ea35ca6,2023-06-29,2023-07-04,Delivered,Kolkata,C006,East
2c5eb2d0,2023-03-07,2023-03-12,Delivered,Delhi,C007,West
f1ae9eea,2023-04-05,2023-04-10,Delivered,Chennai,C004,Central
4e09cd99,2023-02-12,2023-02-16,Delayed,Hyderabad,C001,North
2351add6,2023-06-05,2023-06-09,Delivered,Delhi,C005,East
de4ee1ba,2023-06-05,2023-06-07,Delivered,Bangalore,C002,East
754851d1,2023-01-30,2023-02-03,Delayed,Hyderabad,C008,Central
11828419,2023-02-11,2023-02-12,Delayed,Delhi,C004,North
ade499df,2023-03-21,2023-03-26,Delivered,Mumbai,C001,East
82de9392,2023-01-28,2023-02-01,Delivered,Bangalore,C010,Central
67dec516,2023-05-29,2023-05-31,Delivered,Ahmedabad,C007,East
1b303d43,2023-01-07,2023-01-11,Delayed,Delhi,C002,North
c03df608,2023-03-21,2023-03-22,Delivered,Ahmedabad,C003,North
d4cdde0c,2023-05-28,2023-05-31,Delivered,Kolkata,C009,South
785ee27b,2023-06-23,2023-06-28,Delayed,Mumbai,C009,Central
7acf6f44,2023-04-07,2023-04-11,Delayed,Bangalore,C002,West
39f48f52,2023-04-12,2023-04-15,Delivered,Chennai,C003,East
ccd1ee30,2023-02-20,2023-02-21,Delayed,Pune,C009,North
b4313d2f,2023-01-20,2023-01-22,Delivered,Bangalore,C001,East
a30dd7cf,2023-06-01,2023-06-02,Delayed,Ahmedabad,C002,East
2d1b3209,2023-06-26,2023-07-01,Delivered,Kolkata,C002,West
26cfd3d7,2023-06-10,2023-06-12,Delivered,Chennai,C010,North
f56a1342,2023-03-04,2023-03-05,Delayed,Chennai,C003,South
aa4fe0a5,2023-01-27,2023-02-01,Delivered,Chennai,C010,Central
6c4d2db8,2023-06-28,2023-07-02,Delivered,Hyderabad,C003,East
5ef396ea,2023-03-19,2023-03-20,Delayed,Hyderabad,C010,West
64f9ad1e,2023-06-25,2023-06-27,Delayed,Ahmedabad,C002,West
89a69430,2023-06-03,2023-06-05,Delivered,Pune,C008,Central
44303109,2023-01-31,2023-02-01,Delayed,Chennai,C008,Central
6c574e3a,2023-05-25,2023-05-29,Delivered,Pune,C008,North
f677fd66,2023-01-11,2023-01-14,Delivered,Mumbai,C002,East
d20b212c,2023-03-30,2023-04-01,Delivered,Chennai,C009,East
879d0778,2023-05-17,2023-05-19,Delivered,Delhi,C007,Central
c0c669d5,2023-04-20,2023-04-23,Delayed,Chennai,C005,South
357adcc1,2023-06-19,2023-06-24,Delivered,Ahmedabad,C007,East
4ca604ae,2023-04-05,2023-04-06,Delivered,Hyderabad,C008,West
6488caab,2023-01-18,2023-01-22,Delivered,Hyderabad,C009,Central
7686da52,2023-05-10,2023-05-11,Delayed,Delhi,C002,East
a1a4fcb7,2023-06-15,2023-06-18,Delivered,Delhi,C006,North
9860deb4,2023-03-29,2023-04-03,Delivered,Bangalore,C009,Central
7363e546,2023-01-04,2023-01-05,Delivered,Mumbai,C006,West
acbd1b98,2023-04-18,2023-04-20,Delivered,Mumbai,C002,North
4a376d50,2023-05-06,2023-05-09,Delivered,Ahmedabad,C001,Central
c0f6170b,2023-01-28,2023-02-01,Delayed,Ahmedabad,C003,Central
ee9b724e,2023-04-21,2023-04-25,Delayed,Ahmedabad,C005,East
12487451,2023-04-03,2023-04-05,Delivered,Ahmedabad,C007,North
ebc68fb0,2023-06-12,2023-06-13,Delayed,Ahmedabad,C010,Central
3324422f,2023-04-28,2023-04-30,Delayed,Ahmedabad,C010,West
f3dd075f,2023-02-09,2023-02-14,Delayed,Mumbai,C003,North
f8b86042,2023-04-22,2023-04-26,Delivered,Kolkata,C009,East
43f6956b,2023-02-15,2023-02-19,Delivered,Hyderabad,C010,South
1ffad118,2023-05-14,2023-05-15,Delivered,Mumbai,C004,Central
c916a30d,2023-06-16,2023-06-20,Delivered,Ahmedabad,C010,South
d69c8876,2023-03-11,2023-03-13,Delayed,Bangalore,C002,Central
9492d514,2023-06-07,2023-06-09,Delayed,Bangalore,C003,East
c47d5cee,2023-05-18,2023-05-20,Delayed,Mumbai,C005,East
7fbbfe06,2023-05-04,2023-05-07,Delivered,Delhi,C003,East
ae445495,2023-04-30,2023-05-04,Delivered,Bangalore,C005,East
3699911c,2023-04-22,2023-04-26,Cancelled,Pune,C004,North
1beff858,2023-06-01,2023-06-03,Delayed,Delhi,C010,North
c63a94d2,2023-03-10,2023-03-15,Delivered,Pune,C003,Central
2479e669,2023-03-24,2023-03-29,Delayed,Hyderabad,C006,North
803b98cd,2023-03-04,2023-03-07,Delayed,Kolkata,C008,Central
f792ac3b,2023-01-23,2023-01-28,Delivered,Bangalore,C004,North
4d6dc22e,2023-03-13,2023-03-15,Delivered,Delhi,C009,North
26ef2abf,2023-04-26,2023-05-01,Delivered,Ahmedabad,C006,North
fb4ce14b,2023-03-04,2023-03-08,Delivered,Pune,C005,West
455b0335,2023-04-29,2023-05-02,Delivered,Mumbai,C003,East
be892d12,2023-05-26,2023-05-28,Delayed,Pune,C005,West
3eb09268,2023-06-06,2023-06-07,Delivered,Pune,C005,North
50f9b2d9,2023-06-21,2023-06-23,Delivered,Hyderabad,C004,North
7f7a9262,2023-04-08,2023-04-12,Delivered,Chennai,C006,West
d1427d96,2023-03-28,2023-03-29,Delivered,Chennai,C003,Central
1e60acae,2023-01-08,2023-01-12,Delayed,Mumbai,C010,East
70eb36ed,2023-05-07,2023-05-12,Delivered,Hyderabad,C001,Central
cc2b8299,2023-03-25,2023-03-27,Delivered,Hyderabad,C007,East
9f91e38e,2023-02-16,2023-02-21,Delayed,Ahmedabad,C007,South
dbb6a774,2023-05-05,2023-05-08,Delivered,Hyderabad,C004,East
6e7bf39f,2023-02-24,2023-03-01,Delivered,Hyderabad,C009,Central
e0661aa3,2023-04-01,2023-04-05,Delivered,Chennai,C002,East
4b102b84,2023-03-08,2023-03-12,Delivered,Delhi,C001,South
c1081431,2023-03-29,2023-04-02,Delivered,Hyderabad,C003,South
394aa51a,2023-03-13,2023-03-18,Delivered,Delhi,C007,North
8c495d33,2023-06-02,2023-06-03,Delivered,Pune,C009,South
55eba0ed,2023-06-29,2023-06-30,Delayed,Pune,C002,West
bb1af068,2023-03-12,2023-03-15,Delivered,Hyderabad,C006,Central
7bfd196d,2023-05-23,2023-05-27,Delivered,Bangalore,C003,West
dddda6c5,2023-01-03,2023-01-06,Delivered,Kolkata,C005,West
e821a53d,2023-05-13,2023-05-16,Delivered,Bangalore,C009,Central
4fdb0f14,2023-02-18,2023-02-22,Delivered,Pune,C003,West
d99b5428,2023-01-22,2023-01-27,Delivered,Kolkata,C001,West
bf1a58d5,2023-03-03,2023-03-05,Cancelled,Bangalore,C005,West
89aa17fe,2023-04-15,2023-04-19,Delivered,Hyderabad,C001,South
8a1f71c4,2023-05-06,2023-05-08,Delivered,Delhi,C008,Central
d6849ad1,2023-05-23,2023-05-25,Delivered,Kolkata,C007,Central
d3b8335d,2023-03-03,2023-03-08,Cancelled,Chennai,C002,Central
e4d8bfb6,2023-06-26,2023-06-30,Delivered,Mumbai,C009,West
845bcc4a,2023-05-02,2023-05-06,Delivered,Kolkata,C005,South
605ae37a,2023-06-15,2023-06-19,Delivered,Kolkata,C007,Central
8c847594,2023-05-06,2023-05-08,Delayed,Chennai,C004,East
7a2fefd4,2023-04-25,2023-04-30,Delivered,Hyderabad,C001,Central
48f79a4d,2023-01-05,2023-01-06,Delayed,Bangalore,C008,North
3e328880,2023-01-24,2023-01-28,Delivered,Bangalore,C001,East
c859099e,2023-03-17,2023-03-18,Delivered,Pune,C003,Central
a59e0414,2023-02-26,2023-02-28,Delivered,Delhi,C006,West
ffc13212,2023-04-14,2023-04-16,Delivered,Hyderabad,C008,Central
5bc99c76,2023-06-27,2023-06-30,Delivered,Chennai,C008,South
d0ac4291,2023-03-04,2023-03-09,Delivered,Hyderabad,C002,South
2797b522,2023-03-20,2023-03-23,Delayed,Hyderabad,C009,Central
227f5263,2023-06-19,2023-06-20,Delivered,Bangalore,C004,West
da6e7e6b,2023-05-29,2023-05-31,Delivered,Chennai,C004,West
26067ab0,2023-04-05,2023-04-09,Delivered,Ahmedabad,C002,West
f7290b23,2023-05-02,2023-05-06,Delivered,Mumbai,C001,Central
935ba3ec,2023-05-22,2023-05-27,Delivered,Kolkata,C010,Central
4503c1cb,2023-05-16,2023-05-17,Delivered,Bangalore,C007,North
0dc0dab4,2023-03-30,2023-04-02,Delivered,Chennai,C010,South
bec959d6,2023-04-19,2023-04-20,Delayed,Delhi,C003,East
1d12c094,2023-05-21,2023-05-22,Delayed,Kolkata,C004,East
6e54f5c1,2023-03-26,2023-03-31,Delivered,Kolkata,C009,South
7f199168,2023-04-01,2023-04-04,Delivered,Ahmedabad,C006,North
daad9cdd,2023-06-29,2023-07-03,Delivered,Ahmedabad,C001,South
9ea1c199,2023-04-27,2023-05-01,Delivered,Bangalore,C009,North
6a1aad15,2023-03-11,2023-03-13,Delivered,Pune,C009,North
7dc38362,2023-03-20,2023-03-23,Delivered,Delhi,C005,West
46875549,2023-03-06,2023-03-08,Delayed,Bangalore,C008,South
d59fe49a,2023-03-01,2023-03-06,Delivered,Hyderabad,C007,East
c2d65e2b,2023-01-31,2023-02-01,Delivered,Pune,C008,Central
737209dc,2023-02-19,2023-02-23,Delivered,Chennai,C009,Central
e3e6f0d7,2023-03-22,2023-03-23,Delivered,Ahmedabad,C002,South
b8c17977,2023-01-31,2023-02-01,Delivered,Delhi,C010,Central
e43c189a,2023-05-18,2023-05-22,Delivered,Kolkata,C005,North
506b3dff,2023-06-26,2023-06-30,Delivered,Bangalore,C008,Central
dda7b3f8,2023-02-17,2023-02-20,Delayed,Ahmedabad,C003,North
5801edde,2023-02-19,2023-02-23,Delivered,Kolkata,C006,North
7faa70b7,2023-02-25,2023-02-27,Delivered,Delhi,C006,East
dcd9aaf1,2023-05-04,2023-05-08,Delivered,Ahmedabad,C007,Central
1e5db1e7,2023-03-12,2023-03-13,Delivered,Ahmedabad,C003,East
bde83f36,2023-05-31,2023-06-01,Delivered,Kolkata,C008,Central
205a895f,2023-05-15,2023-05-18,Delayed,Bangalore,C008,North
4cec5349,2023-06-02,2023-06-03,Delayed,Pune,C009,Central
7060f7f1,2023-03-14,2023-03-16,Delayed,Bangalore,C008,East
82e31265,2023-01-26,2023-01-29,Delivered,Mumbai,C003,West
cc91da5a,2023-02-19,2023-02-23,Delivered,Ahmedabad,C006,East
f26e2f5f,2023-03-17,2023-03-21,Delivered,Kolkata,C009,West
08e2faf1,2023-02-28,2023-03-04,Delivered,Mumbai,C001,South
27d6bceb,2023-04-03,2023-04-04,Delayed,Pune,C003,East
db784f58,2023-02-15,2023-02-16,Delivered,Mumbai,C002,Central
1e74754e,2023-03-19,2023-03-24,Delivered,Kolkata,C008,West
34a5fa61,2023-01-04,2023-01-06,Delivered,Delhi,C006,Central
e1433aad,2023-05-17,2023-05-21,Delivered,Hyderabad,C010,West
8d3ee64d,2023-02-02,2023-02-04,Delivered,Pune,C008,East
a344b2dd,2023-03-12,2023-03-16,Delivered,Bangalore,C002,East
3dbb54b2,2023-01-12,2023-01-15,Delivered,Chennai,C006,Central
384dd6d0,2023-01-14,2023-01-16,Delayed,Pune,C007,East
66c428b8,2023-05-22,2023-05-24,Delayed,Mumbai,C008,Central
fb659aaf,2023-03-16,2023-03-17,Delivered,Delhi,C009,North
e303e2e7,2023-06-28,2023-07-03,Delivered,Kolkata,C005,West
cfaca283,2023-02-02,2023-02-03,Delivered,Delhi,C003,Central
b6ba716e,2023-06-13,2023-06-15,Delivered,Delhi,C002,West
e173cb1f,2023-05-06,2023-05-09,Delivered,Kolkata,C008,North
b695aa05,2023-01-27,2023-01-28,Delivered,Chennai,C001,West
1d4068fd,2023-01-04,2023-01-09,Delivered,Kolkata,C010,Central
5111effd,2023-05-27,2023-05-31,Delivered,Chennai,C006,East
30a23909,2023-03-14,2023-03-16,Delivered,Kolkata,C002,West
20d65bcf,2023-05-01,2023-05-02,Delivered,Mumbai,C003,West
5a45d227,2023-05-03,2023-05-04,Delayed,Chennai,C008,North
e2b8d63a,2023-04-23,2023-04-26,Delayed,Mumbai,C001,South
7e71fdfe,2023-03-29,2023-03-31,Delivered,Pune,C006,East
75ae29db,2023-02-17,2023-02-21,Delayed,Chennai,C003,Central
5fb73198,2023-01-14,2023-01-17,Delivered,Chennai,C006,North
b2af023d,2023-03-06,2023-03-08,Delayed,Kolkata,C003,Central
b7f4671b,2023-05-03,2023-05-05,Delayed,Chennai,C008,Central
03172231,2023-01-30,2023-01-31,Delivered,Mumbai,C005,West
a0f73f3f,2023-01-17,2023-01-22,Delivered,Ahmedabad,C004,North
f59bb2f1,2023-04-13,2023-04-15,Delivered,Pune,C009,North
211478a9,2023-05-06,2023-05-10,Delivered,Ahmedabad,C005,East
73e30639,2023-01-19,2023-01-20,Delivered,Kolkata,C004,South
115ab51d,2023-05-28,2023-06-02,Delivered,Bangalore,C008,Central
7009c8ec,2023-06-11,2023-06-12,Delivered,Pune,C008,East
c4aed950,2023-06-25,2023-06-29,Delayed,Ahmedabad,C008,East
3ec8a3ac,2023-01-14,2023-01-17,Cancelled,Pune,C004,Central
c20d8f3b,2023-02-08,2023-02-12,Delivered,Ahmedabad,C001,West
5f5e0502,2023-02-08,2023-02-09,Delivered,Mumbai,C002,West
d71b50fc,2023-05-25,2023-05-30,Delivered,Ahmedabad,C004,Central
6e552b4e,2023-03-19,2023-03-20,Delivered,Pune,C010,North
ea05bd43,2023-01-22,2023-01-23,Delayed,Bangalore,C002,South
bef9bd3b,2023-03-05,2023-03-09,Delivered,Delhi,C010,West
7fa823e5,2023-01-31,2023-02-02,Delivered,Kolkata,C003,South
8a42b660,2023-05-23,2023-05-25,Delivered,Delhi,C009,East
725a0289,2023-04-17,2023-04-20,Delivered,Kolkata,C009,East
34a5c38f,2023-06-05,2023-06-07,Delivered,Pune,C009,Central
91bf8219,2023-06-02,2023-06-04,Delayed,Kolkata,C007,Central
2a54ff4b,2023-06-08,2023-06-09,Delivered,Ahmedabad,C004,Central
a67ff2f2,2023-02-27,2023-02-28,Delivered,Mumbai,C001,West
31be17f7,2023-05-14,2023-05-18,Delivered,Bangalore,C003,South
5ad98918,2023-04-08,2023-04-09,Delayed,Kolkata,C008,East
32f2e274,2023-04-26,2023-04-27,Delayed,Bangalore,C004,South
f18fd3e4,2023-04-24,2023-04-27,Delivered,Kolkata,C010,West
1584ca11,2023-03-18,2023-03-20,Delivered,Bangalore,C010,South
c1d02650,2023-05-31,2023-06-01,Delivered,Delhi,C002,South
2a91ccb9,2023-04-20,2023-04-22,Delivered,Mumbai,C008,Central
07d3a428,2023-03-20,2023-03-21,Delayed,Kolkata,C007,South
8ba0b83b,2023-05-26,2023-05-28,Delivered,Hyderabad,C010,South
0b9938d2,2023-06-08,2023-06-10,Delivered,Bangalore,C009,South
8d9a67de,2023-01-16,2023-01-17,Delivered,Bangalore,C002,North
4346b951,2023-06-06,2023-06-10,Delivered,Ahmedabad,C005,East
f38bfa5c,2023-01-26,2023-01-31,Delivered,Hyderabad,C006,East
16b91b58,2023-02-23,2023-02-24,Delayed,Mumbai,C002,South
fa06e834,2023-06-10,2023-06-13,Delivered,Bangalore,C002,Central
99f0e18d,2023-02-24,2023-02-27,Delivered,Mumbai,C010,Central
efb81112,2023-03-09,2023-03-14,Delivered,Bangalore,C004,Central
a81f1bce,2023-06-19,2023-06-21,Delivered,Pune,C008,East
b93f0151,2023-01-21,2023-01-26,Delivered,Chennai,C005,West
2346f84f,2023-02-10,2023-02-12,Delivered,Pune,C009,South
f151fd9e,2023-03-03,2023-03-08,Delayed,Bangalore,C004,East
0ce6ca4e,2023-02-14,2023-02-18,Delivered,Chennai,C003,Central
dd1648f2,2023-05-22,2023-05-26,Delivered,Kolkata,C010,East
b069a146,2023-01-20,2023-01-21,Delivered,Mumbai,C008,East
f5d2fb51,2023-02-10,2023-02-12,Delivered,Bangalore,C001,East
44f47bb1,2023-01-01,2023-01-03,Delayed,Ahmedabad,C009,Central
a0ca0f90,2023-04-15,2023-04-16,Delayed,Delhi,C004,West
5a32e3b1,2023-04-26,2023-04-29,Delivered,Ahmedabad,C009,North
de3066d9,2023-06-26,2023-06-29,Delivered,Delhi,C008,South
ea971d76,2023-06-02,2023-06-04,Delivered,Hyderabad,C003,South
8dbd3307,2023-05-01,2023-05-02,Delivered,Delhi,C003,East
df0a8dae,2023-03-16,2023-03-20,Delivered,Chennai,C009,West
19fcb10b,2023-01-09,2023-01-12,Delivered,Delhi,C003,Central
3807ac26,2023-03-01,2023-03-02,Delivered,Delhi,C004,North
889770da,2023-03-15,2023-03-19,Delivered,Delhi,C009,North
20133862,2023-06-30,2023-07-02,Delayed,Bangalore,C004,East
e9463356,2023-03-14,2023-03-18,Delivered,Hyderabad,C003,East
2f21c684,2023-06-29,2023-07-01,Delivered,Mumbai,C007,Central
ac40cefd,2023-04-27,2023-04-28,Delayed,Hyderabad,C006,Central
5e19310e,2023-01-19,2023-01-22,Delivered,Ahmedabad,C001,Central
e3f10953,2023-06-25,2023-06-30,Delayed,Chennai,C010,East
d9c46424,2023-03-01,2023-03-04,Delivered,Bangalore,C008,West
9641a25a,2023-03-09,2023-03-10,Delivered,Kolkata,C001,East
4db3592e,2023-06-10,2023-06-11,Delayed,Bangalore,C004,East
af2d6292,2023-05-31,2023-06-02,Delayed,Pune,C006,North
f814b318,2023-06-19,2023-06-23,Delayed,Delhi,C006,Central
1cfb86bf,2023-02-20,2023-02-23,Delivered,Ahmedabad,C007,South
1c54dbd9,2023-04-19,2023-04-24,Delivered,Delhi,C005,Central
db283942,2023-01-30,2023-02-03,Delivered,Chennai,C005,West
be3c76c5,2023-05-20,2023-05-21,Delivered,Kolkata,C004,West
55133e8a,2023-02-27,2023-03-04,Delayed,Ahmedabad,C006,Central
7b8aeafc,2023-06-15,2023-06-20,Delivered,Pune,C007,Central
c95093c9,2023-02-08,2023-02-10,Cancelled,Bangalore,C010,East
db79e12a,2023-03-10,2023-03-13,Delivered,Kolkata,C010,South
bfea310b,2023-02-06,2023-02-07,Delivered,Mumbai,C001,East
c8797012,2023-01-19,2023-01-24,Delivered,Hyderabad,C009,North
e6b9b32b,2023-01-16,2023-01-19,Delayed,Bangalore,C008,North
324b2c10,2023-02-12,2023-02-16,Delayed,Kolkata,C007,West
d55a7947,2023-03-20,2023-03-22,Delayed,Mumbai,C009,West
77d03324,2023-06-02,2023-06-05,Delivered,Mumbai,C003,South
114350f4,2023-05-26,2023-05-28,Delayed,Pune,C010,West
ec30d313,2023-03-15,2023-03-18,Delayed,Pune,C004,North
8fe9e054,2023-04-23,2023-04-27,Delivered,Hyderabad,C007,South
e192eb93,2023-02-01,2023-02-02,Delivered,Mumbai,C006,North
6c9378b9,2023-04-30,2023-05-03,Delivered,Ahmedabad,C002,Central
842d5d7c,2023-06-26,2023-06-27,Cancelled,Chennai,C002,Central
f7f91aeb,2023-03-19,2023-03-24,Delayed,Mumbai,C010,South
dd63ef21,2023-06-29,2023-07-04,Delivered,Kolkata,C007,East
544f1995,2023-04-14,2023-04-18,Delayed,Pune,C009,West
63b35658,2023-03-11,2023-03-15,Delayed,Chennai,C009,South
540f0ea0,2023-05-09,2023-05-14,Delivered,Ahmedabad,C007,West
c040f733,2023-05-19,2023-05-21,Delivered,Pune,C008,North
987f8c03,2023-05-07,2023-05-12,Delayed,Ahmedabad,C010,East
22837c96,2023-04-23,2023-04-28,Delivered,Pune,C003,West
10515f13,2023-01-21,2023-01-22,Delayed,Pune,C001,Central
d500f0cb,2023-06-03,2023-06-05,Delivered,Mumbai,C007,Central
e7bec077,2023-01-11,2023-01-12,Delayed,Delhi,C008,North
d48cb8db,2023-04-21,2023-04-26,Cancelled,Mumbai,C002,South
7acdf163,2023-03-24,2023-03-25,Delayed,Pune,C009,West
8bc94d0f,2023-06-04,2023-06-07,Delivered,Chennai,C004,North
2dfb6e98,2023-03-06,2023-03-08,Delayed,Mumbai,C010,Central
3be0ef29,2023-01-07,2023-01-11,Delayed,Pune,C009,Central
f8c72950,2023-01-24,2023-01-26,Delivered,Pune,C003,Central
41e83d76,2023-02-28,2023-03-05,Delayed,Mumbai,C008,East
eaed37f2,2023-06-22,2023-06-23,Delivered,Mumbai,C002,East
4e30c99a,2023-05-28,2023-05-29,Delivered,Chennai,C003,Central
29600e54,2023-05-31,2023-06-02,Delivered,Ahmedabad,C001,South
dd9bde4e,2023-01-06,2023-01-09,Delivered,Mumbai,C005,East
6c95eeff,2023-06-22,2023-06-26,Delivered,Hyderabad,C004,West
cbe842b1,2023-03-10,2023-03-13,Delayed,Kolkata,C001,East
dcbef87f,2023-05-28,2023-05-30,Delivered,Hyderabad,C010,West
15496584,2023-01-11,2023-01-13,Delayed,Chennai,C009,East
d23382a6,2023-02-14,2023-02-18,Delivered,Delhi,C006,Central
dea0231c,2023-05-01,2023-05-03,Delivered,Hyderabad,C006,West
c7f3824b,2023-05-13,2023-05-14,Delivered,Ahmedabad,C002,South
12db7d84,2023-06-16,2023-06-18,Delayed,Pune,C007,East
2cb72e92,2023-04-24,2023-04-29,Delivered,Kolkata,C009,East
52b134b8,2023-03-13,2023-03-17,Delivered,Bangalore,C006,Central
afb6124d,2023-02-16,2023-02-19,Delayed,Kolkata,C008,West
7526de77,2023-05-30,2023-06-01,Delivered,Hyderabad,C005,Central
829b1fbe,2023-04-22,2023-04-25,Delivered,Bangalore,C002,West
ad4e192f,2023-06-12,2023-06-15,Delivered,Chennai,C004,East
44646657,2023-05-06,2023-05-07,Delayed,Ahmedabad,C001,East
f9a45d3a,2023-01-24,2023-01-29,Delivered,Kolkata,C001,East
c41f4813,2023-05-01,2023-05-05,Delayed,Delhi,C006,East
571893ae,2023-03-31,2023-04-03,Delivered,Bangalore,C002,North
ce89e722,2023-04-15,2023-04-16,Delayed,Bangalore,C006,East
a4c9385c,2023-03-27,2023-03-29,Delayed,Kolkata,C001,East
0ca255e0,2023-03-24,2023-03-27,Cancelled,Hyderabad,C010,West
0ebf5e92,2023-06-21,2023-06-24,Delivered,Bangalore,C003,East
49c33e1e,2023-01-27,2023-01-29,Delayed,Chennai,C009,East
9db31822,2023-02-11,2023-02-13,Delivered,Kolkata,C002,West
04151e4c,2023-03-26,2023-03-31,Delivered,Chennai,C008,East
f4021fde,2023-04-16,2023-04-17,Delivered,Kolkata,C006,East
1b320456,2023-06-27,2023-06-29,Delayed,Chennai,C006,Central
a22357eb,2023-05-07,2023-05-09,Cancelled,Hyderabad,C007,North
d6f7b79a,2023-03-15,2023-03-20,Delayed,Kolkata,C005,West
82448ecb,2023-06-19,2023-06-23,Delivered,Ahmedabad,C004,Central
9ecf9309,2023-04-13,2023-04-18,Delivered,Pune,C006,South
3a111d5d,2023-05-21,2023-05-24,Delayed,Delhi,C008,South
5c15b14f,2023-01-10,2023-01-12,Delivered,Hyderabad,C004,North
7e42beba,2023-04-27,2023-05-01,Delivered,Chennai,C005,South
6c383872,2023-01-23,2023-01-24,Delivered,Ahmedabad,C007,North
d21d1ade,2023-03-22,2023-03-23,Delivered,Kolkata,C006,South
08e2314a,2023-03-06,2023-03-10,Delivered,Hyderabad,C004,South
4db14cec,2023-03-24,2023-03-25,Delivered,Chennai,C004,Central
7ffa74a5,2023-01-30,2023-02-01,Delivered,Mumbai,C010,South
b8e50e4b,2023-04-14,2023-04-15,Delivered,Mumbai,C004,North
d2ce5259,2023-05-12,2023-05-14,Cancelled,Bangalore,C001,East
eb4819b8,2023-01-01,2023-01-03,Delivered,Delhi,C005,East
1b7c698a,2023-06-18,2023-06-20,Delivered,Mumbai,C008,East
8e28ff1b,2023-05-19,2023-05-20,Delivered,Pune,C007,North
2cc6f5a3,2023-04-29,2023-05-01,Delivered,Chennai,C005,North
f1aaf49d,2023-04-16,2023-04-21,Delayed,Hyderabad,C003,East
a0dec411,2023-01-14,2023-01-19,Delayed,Kolkata,C001,South
45fde32d,2023-02-18,2023-02-20,Delivered,Hyderabad,C007,East
8b14ca6c,2023-05-13,2023-05-15,Delivered,Bangalore,C003,West
9c20747b,2023-04-03,2023-04-08,Delayed,Ahmedabad,C004,North
b620988c,2023-06-09,2023-06-10,Delayed,Hyderabad,C005,West
88239374,2023-05-08,2023-05-12,Delivered,Mumbai,C008,West
bc7126e2,2023-06-10,2023-06-14,Delivered,Hyderabad,C007,North
ee335568,2023-04-24,2023-04-27,Delivered,Mumbai,C009,East
2b154811,2023-01-14,2023-01-16,Cancelled,Mumbai,C003,Central
f2c61539,2023-02-22,2023-02-24,Delivered,Delhi,C010,West
eccb2871,2023-03-10,2023-03-12,Delayed,Bangalore,C001,East
1a09f2c0,2023-05-21,2023-05-25,Delivered,Pune,C001,Central
498a0b71,2023-02-03,2023-02-05,Delivered,Pune,C010,West
33ce5c66,2023-03-15,2023-03-20,Delivered,Chennai,C001,East
c169c8e5,2023-04-23,2023-04-25,Delivered,Pune,C002,West
08e44f03,2023-06-28,2023-07-01,Delivered,Mumbai,C002,East
8e093d0a,2023-05-05,2023-05-08,Delivered,Kolkata,C007,South
68c76499,2023-02-01,2023-02-06,Delivered,Bangalore,C009,South
4bce350c,2023-01-08,2023-01-12,Delayed,Chennai,C008,North
855785a3,2023-06-11,2023-06-13,Delivered,Pune,C004,Central
269d50f7,2023-06-05,2023-06-08,Delivered,Pune,C002,West
4bad915e,2023-03-03,2023-03-07,Cancelled,Kolkata,C003,West
75154266,2023-02-10,2023-02-11,Delayed,Hyderabad,C010,East
0de2d492,2023-03-21,2023-03-24,Delayed,Bangalore,C005,Central
e54a68b6,2023-05-22,2023-05-26,Cancelled,Kolkata,C009,West
803a5399,2023-01-04,2023-01-08,Delivered,Pune,C008,Central
65d76666,2023-05-22,2023-05-24,Delivered,Bangalore,C003,Central
d8b61a69,2023-04-15,2023-04-19,Delayed,Bangalore,C009,South
237dc6dd,2023-01-24,2023-01-28,Delayed,Pune,C010,West
cb4f58f3,2023-02-27,2023-03-03,Delivered,Hyderabad,C003,West
6dcd9374,2023-01-30,2023-02-04,Delayed,Hyderabad,C010,North
77a7c5b4,2023-04-29,2023-05-04,Delivered,Pune,C008,Central
af989ba0,2023-01-31,2023-02-04,Delivered,Bangalore,C001,East
a4df64cf,2023-06-15,2023-06-17,Delivered,Kolkata,C004,South
a3160df0,2023-02-09,2023-02-13,Delivered,Delhi,C004,North
3b404566,2023-05-08,2023-05-09,Delivered,Mumbai,C006,South
59ae255e,2023-03-16,2023-03-20,Delivered,Hyderabad,C002,East
a79bbc31,2023-05-11,2023-05-15,Delayed,Pune,C007,North
1b421300,2023-06-30,2023-07-01,Delivered,Ahmedabad,C005,South
4c6c60fd,2023-03-11,2023-03-14,Delivered,Delhi,C010,East
9d44f764,2023-04-17,2023-04-22,Delayed,Hyderabad,C006,North
7844f91c,2023-05-04,2023-05-09,Cancelled,Ahmedabad,C006,East
1422f604,2023-05-01,2023-05-03,Delayed,Bangalore,C006,North
ed7f580d,2023-03-04,2023-03-09,Delayed,Pune,C010,West
5847780d,2023-04-27,2023-04-29,Delivered,Delhi,C008,West
de2f5c4a,2023-05-22,2023-05-25,Delivered,Pune,C010,South
024668ff,2023-02-07,2023-02-11,Delivered,Kolkata,C004,Central
429165c9,2023-04-09,2023-04-13,Delivered,Kolkata,C010,Central
b5bb8d54,2023-02-18,2023-02-21,Delivered,Chennai,C008,East
8778436f,2023-06-03,2023-06-07,Delivered,Mumbai,C009,North
be881fba,2023-05-11,2023-05-14,Delayed,Mumbai,C004,West
13661210,2023-02-04,2023-02-08,Delivered,Hyderabad,C001,Central
744ecabd,2023-01-18,2023-01-23,Delivered,Mumbai,C003,West
80c18807,2023-03-12,2023-03-17,Delivered,Pune,C001,East
221fb2a2,2023-04-17,2023-04-21,Delayed,Pune,C007,East
ef5d87be,2023-03-29,2023-03-30,Delivered,Chennai,C001,North
5de667e4,2023-05-10,2023-05-13,Delayed,Ahmedabad,C004,Central
0a5b4fa8,2023-03-10,2023-03-12,Delivered,Kolkata,C001,East
e8b0c2d3,2023-01-01,2023-01-05,Delivered,Ahmedabad,C002,East
75d68b4e,2023-03-14,2023-03-16,Delivered,Ahmedabad,C001,West
4dca3394,2023-03-18,2023-03-20,Delayed,Delhi,C005,South
165ab4c3,2023-05-31,2023-06-02,Delivered,Delhi,C007,Central
716eda7d,2023-05-29,2023-05-30,Delivered,Kolkata,C003,North
e251fe2c,2023-06-18,2023-06-19,Delivered,Bangalore,C008,North
2cc06b36,2023-05-06,2023-05-11,Delivered,Kolkata,C005,West
a20a0406,2023-02-08,2023-02-11,Delayed,Delhi,C005,North
4aaf3dce,2023-04-25,2023-04-29,Delayed,Ahmedabad,C005,East
9054254f,2023-05-18,2023-05-22,Delivered,Hyderabad,C008,Central
bdf80032,2023-05-04,2023-05-08,Delayed,Chennai,C002,North
43045725,2023-03-30,2023-04-03,Delayed,Ahmedabad,C002,Central
b82e0604,2023-03-27,2023-03-30,Delayed,Kolkata,C008,North
0a641173,2023-05-22,2023-05-26,Delayed,Bangalore,C009,South
222ef541,2023-05-20,2023-05-24,Delayed,Ahmedabad,C010,South
b8f5689a,2023-04-07,2023-04-10,Delayed,Hyderabad,C010,Central
163e6e9d,2023-04-27,2023-05-02,Delivered,Kolkata,C002,South
370024a0,2023-03-24,2023-03-25,Delayed,Hyderabad,C004,South
5f3eeccd,2023-02-18,2023-02-22,Delivered,Ahmedabad,C008,East
adc8c3b1,2023-06-28,2023-06-29,Delayed,Kolkata,C002,North
beacfea7,2023-03-03,2023-03-04,Delayed,Hyderabad,C004,South
eac59e8a,2023-05-27,2023-05-31,Delivered,Pune,C010,Central
77508228,2023-04-09,2023-04-14,Delayed,Mumbai,C001,East
f5303252,2023-03-01,2023-03-03,Delivered,Hyderabad,C002,South
038301e6,2023-04-16,2023-04-18,Delivered,Pune,C007,Central
eb49fa43,2023-01-12,2023-01-16,Delayed,Ahmedabad,C001,North
5ce1d91e,2023-03-23,2023-03-26,Delivered,Mumbai,C001,South
b03d2040,2023-05-02,2023-05-05,Delayed,Delhi,C002,Central
8ed273d0,2023-06-30,2023-07-05,Delayed,Mumbai,C004,Central
1de8b7c6,2023-04-08,2023-04-12,Delivered,Hyderabad,C007,West
0d3c75ad,2023-04-09,2023-04-12,Delivered,Chennai,C004,Central
d883f2fd,2023-06-19,2023-06-20,Delivered,Chennai,C005,West
75a30a16,2023-06-16,2023-06-20,Delivered,Delhi,C004,North
3db4df0d,2023-02-08,2023-02-12,Cancelled,Hyderabad,C004,North
70d18006,2023-05-07,2023-05-09,Delivered,Mumbai,C009,East
95127b7a,2023-01-10,2023-01-12,Delivered,Chennai,C006,West
da99eef5,2023-02-02,2023-02-06,Delivered,Kolkata,C003,Central
1c87b33c,2023-05-09,2023-05-10,Delivered,Bangalore,C006,East
3c0ec151,2023-06-01,2023-06-04,Delayed,Hyderabad,C007,East
8ab21bc8,2023-03-26,2023-03-27,Delivered,Pune,C007,North
06521e9c,2023-01-26,2023-01-28,Delayed,Pune,C008,Central
aeb4fa9a,2023-04-23,2023-04-26,Delivered,Kolkata,C004,West
4d83ad6a,2023-01-26,2023-01-31,Cancelled,Kolkata,C001,North
460973e3,2023-05-15,2023-05-19,Delivered,Hyderabad,C006,East
1f86c78b,2023-04-27,2023-04-29,Delivered,Bangalore,C008,South
4d753f26,2023-01-04,2023-01-07,Delayed,Chennai,C005,East
cc763c80,2023-02-06,2023-02-08,Delivered,Bangalore,C003,South
9c35e3e3,2023-04-15,2023-04-20,Delayed,Delhi,C004,North
06cbe2c2,2023-06-17,2023-06-22,Delayed,Mumbai,C008,West
817f899c,2023-02-09,2023-02-11,Delivered,Mumbai,C006,Central
3a6c5364,2023-01-20,2023-01-21,Delivered,Kolkata,C005,South
5c5b4c85,2023-05-01,2023-05-02,Delayed,Chennai,C009,Central
3d417e9f,2023-03-09,2023-03-10,Delivered,Bangalore,C010,North
704d0001,2023-03-28,2023-04-01,Delivered,Kolkata,C003,North
7a81cb5f,2023-06-09,2023-06-13,Delivered,Hyderabad,C007,North
ba92df1b,2023-06-27,2023-07-02,Delivered,Kolkata,C009,West
06e33854,2023-04-12,2023-04-13,Delivered,Hyderabad,C004,South
a9db0d4c,2023-06-16,2023-06-21,Delayed,Hyderabad,C010,Central
5ccce332,2023-01-21,2023-01-23,Cancelled,Delhi,C010,East
34540eb5,2023-03-26,2023-03-30,Cancelled,Delhi,C003,North
c12ef603,2023-06-22,2023-06-24,Delayed,Hyderabad,C001,Central
388a4874,2023-05-17,2023-05-21,Delivered,Ahmedabad,C009,Central
1511a19e,2023-04-08,2023-04-11,Delayed,Chennai,C001,West
90a75443,2023-03-23,2023-03-26,Delivered,Delhi,C002,South
710ea178,2023-06-10,2023-06-15,Delivered,Delhi,C009,West
9711324f,2023-05-05,2023-05-10,Delivered,Mumbai,C005,West
eacf99d3,2023-05-19,2023-05-23,Delivered,Kolkata,C004,Central
4e818f4c,2023-01-10,2023-01-15,Delayed,Mumbai,C009,South
1ea60921,2023-06-08,2023-06-11,Delayed,Chennai,C009,South
e8b1b20a,2023-01-18,2023-01-22,Delivered,Delhi,C002,South
4a2e8fa0,2023-03-02,2023-03-03,Delivered,Pune,C003,North
7fb4f6c8,2023-06-11,2023-06-12,Cancelled,Ahmedabad,C003,South
b083e344,2023-06-25,2023-06-30,Delivered,Delhi,C005,Central
81f58d8f,2023-03-15,2023-03-18,Delivered,Bangalore,C003,North
dc2dcbde,2023-02-28,2023-03-02,Delivered,Chennai,C010,East
b23d6b71,2023-01-24,2023-01-27,Delayed,Pune,C006,West
21e55a3e,2023-04-22,2023-04-24,Delayed,Kolkata,C002,South
9248fc22,2023-01-26,2023-01-30,Delivered,Kolkata,C006,East
9037820a,2023-06-12,2023-06-15,Delivered,Pune,C006,South
95f04f2d,2023-06-30,2023-07-01,Delayed,Kolkata,C002,West
816e08b9,2023-01-26,2023-01-28,Delivered,Ahmedabad,C006,Central
210b1725,2023-04-24,2023-04-28,Delivered,Pune,C006,Central
daacbd74,2023-02-12,2023-02-13,Cancelled,Chennai,C006,West
e65b0f01,2023-06-27,2023-06-28,Delivered,Pune,C005,East
c897dfab,2023-03-18,2023-03-19,Delivered,Pune,C007,North
70de16d1,2023-01-08,2023-01-12,Delayed,Bangalore,C005,North
a8549397,2023-01-12,2023-01-17,Delivered,Bangalore,C001,South
00ec0c39,2023-03-25,2023-03-29,Delivered,Mumbai,C009,West
0c255e68,2023-01-15,2023-01-18,Delivered,Chennai,C003,West
714eb3f4,2023-03-17,2023-03-21,Delivered,Chennai,C002,North
fa9a824c,2023-04-02,2023-04-04,Cancelled,Bangalore,C010,East
e46f9232,2023-04-06,2023-04-08,Delivered,Hyderabad,C006,West
5583cc99,2023-04-21,2023-04-24,Delayed,Hyderabad,C008,Central
75582fa0,2023-02-07,2023-02-09,Delivered,Mumbai,C002,Central
d6f80097,2023-03-04,2023-03-06,Delivered,Ahmedabad,C004,West
96266aa5,2023-05-16,2023-05-18,Delivered,Hyderabad,C002,East
9932b0af,2023-04-16,2023-04-20,Delivered,Hyderabad,C009,Central
8d537827,2023-05-25,2023-05-27,Delivered,Hyderabad,C010,East
d810adab,2023-06-24,2023-06-29,Delayed,Ahmedabad,C002,North
eac673de,2023-02-16,2023-02-17,Delivered,Delhi,C010,South
706a1a57,2023-02-13,2023-02-17,Cancelled,Mumbai,C002,North
0559c868,2023-02-14,2023-02-19,Delivered,Bangalore,C005,South
343ce5f7,2023-01-21,2023-01-23,Delayed,Hyderabad,C005,Central
d32b3814,2023-06-06,2023-06-08,Delayed,Kolkata,C007,South
f638f641,2023-04-08,2023-04-10,Delayed,Pune,C001,South
13aac502,2023-06-08,2023-06-09,Delayed,Delhi,C002,West
5ac5d66f,2023-06-24,2023-06-26,Delayed,Ahmedabad,C006,South
ff8bb9db,2023-03-03,2023-03-05,Delivered,Ahmedabad,C002,West
42af55c0,2023-05-08,2023-05-11,Delivered,Ahmedabad,C004,South
4426cd74,2023-05-30,2023-06-03,Delivered,Hyderabad,C010,West
7bee07a3,2023-02-06,2023-02-10,Delayed,Pune,C006,Central
9343758e,2023-03-01,2023-03-06,Delivered,Pune,C007,Central
cf47cacc,2023-04-29,2023-04-30,Delayed,Delhi,C010,South
dc6d6958,2023-06-13,2023-06-15,Delivered,Mumbai,C005,East
eb8ca93f,2023-03-07,2023-03-08,Delivered,Ahmedabad,C008,Central
03feb570,2023-04-28,2023-05-01,Delivered,Kolkata,C006,North
5df39942,2023-03-07,2023-03-08,Delayed,Kolkata,C005,North
07c5bdf3,2023-06-20,2023-06-24,Delivered,Kolkata,C004,West
5a7b0cd9,2023-01-03,2023-01-04,Delivered,Ahmedabad,C006,East
bea1ca8d,2023-04-30,2023-05-03,Delivered,Hyderabad,C006,West
d2c16d29,2023-03-15,2023-03-16,Delivered,Delhi,C006,South
e4dfd7a5,2023-06-23,2023-06-26,Delivered,Ahmedabad,C001,Central
be4dbb07,2023-05-20,2023-05-21,Delivered,Kolkata,C006,East
f342d539,2023-02-10,2023-02-15,Delayed,Pune,C001,West
f1b2764b,2023-01-19,2023-01-21,Delivered,Ahmedabad,C005,West
8349d393,2023-04-24,2023-04-28,Delivered,Pune,C007,North
a1614362,2023-03-30,2023-04-03,Delivered,Chennai,C001,South
9ce3caee,2023-05-31,2023-06-01,Delivered,Ahmedabad,C001,West
71a42882,2023-03-18,2023-03-19,Delivered,Chennai,C006,North
f6128a3c,2023-06-13,2023-06-14,Delivered,Delhi,C007,East
68a2db3e,2023-04-19,2023-04-22,Delivered,Ahmedabad,C006,West
f386d06d,2023-06-26,2023-06-27,Delivered,Hyderabad,C005,North
89227d0b,2023-03-06,2023-03-11,Delayed,Hyderabad,C006,South
8538bac4,2023-04-27,2023-04-28,Delayed,Mumbai,C003,Central
f9ede931,2023-03-19,2023-03-20,Delayed,Mumbai,C009,East
3db03e0f,2023-02-20,2023-02-22,Delivered,Kolkata,C005,West
db48877e,2023-04-09,2023-04-14,Delivered,Bangalore,C002,North
2d728592,2023-05-04,2023-05-05,Delivered,Pune,C010,West
2381f99b,2023-01-28,2023-02-01,Delivered,Mumbai,C010,Central
63a10665,2023-03-02,2023-03-07,Cancelled,Hyderabad,C007,West
197c05f8,2023-04-08,2023-04-13,Delivered,Pune,C003,West
72948da8,2023-05-27,2023-05-30,Delivered,Bangalore,C001,North
5a4be89c,2023-04-02,2023-04-06,Delivered,Mumbai,C003,Central
fb073e16,2023-05-28,2023-06-01,Delayed,Delhi,C009,East
58419a18,2023-03-17,2023-03-20,Delivered,Chennai,C005,North
b68ae664,2023-06-29,2023-07-04,Delivered,Mumbai,C007,Central
52209823,2023-03-17,2023-03-21,Delivered,Ahmedabad,C003,Central
cf239ce3,2023-01-06,2023-01-09,Delivered,Mumbai,C004,West
8af799f8,2023-06-18,2023-06-21,Delivered,Ahmedabad,C001,South
441bdfdd,2023-04-12,2023-04-15,Delivered,Delhi,C003,South
0848f638,2023-03-12,2023-03-15,Delivered,Hyderabad,C007,East
3cf75fc5,2023-01-03,2023-01-05,Delivered,Kolkata,C004,West
fad98666,2023-05-25,2023-05-28,Delivered,Delhi,C002,South
35d6d125,2023-06-25,2023-06-29,Delivered,Kolkata,C005,North
c71cd7ac,2023-01-13,2023-01-17,Delivered,Mumbai,C005,East
0c0ec1d4,2023-06-05,2023-06-10,Delayed,Hyderabad,C002,West
b75a823e,2023-05-08,2023-05-09,Delayed,Bangalore,C006,North
0b7fa5e6,2023-03-15,2023-03-18,Delivered,Mumbai,C010,South
a08ba993,2023-02-28,2023-03-03,Delivered,Delhi,C004,South
fd93c398,2023-06-05,2023-06-06,Delivered,Bangalore,C001,South
e44c508a,2023-04-01,2023-04-02,Delivered,Chennai,C003,South
85c52ed9,2023-02-26,2023-03-02,Delayed,Bangalore,C009,Central
c3e3108d,2023-06-12,2023-06-16,Delivered,Delhi,C010,East
602e41c2,2023-02-18,2023-02-20,Delayed,Pune,C007,East
66a160e7,2023-06-08,2023-06-09,Delivered,Bangalore,C006,South
2c61fc5a,2023-03-06,2023-03-11,Delivered,Delhi,C001,East
e6426182,2023-06-23,2023-06-24,Delayed,Pune,C009,North
422e3d6e,2023-06-18,2023-06-23,Delayed,Mumbai,C009,North
05f98011,2023-06-24,2023-06-27,Delayed,Pune,C001,East
0a843944,2023-02-05,2023-02-07,Delayed,Hyderabad,C006,South
23fb55e9,2023-06-10,2023-06-13,Delivered,Chennai,C007,West
ca52c8fb,2023-01-25,2023-01-29,Delayed,Pune,C002,South
bd397f7a,2023-06-10,2023-06-15,Delivered,Hyderabad,C010,Central
cf6e9f56,2023-06-15,2023-06-19,Delayed,Hyderabad,C008,West
e562d02a,2023-01-11,2023-01-16,Delivered,Hyderabad,C008,Central
2ed6fb48,2023-03-21,2023-03-25,Delayed,Pune,C006,East
ddad4eef,2023-04-23,2023-04-25,Delivered,Delhi,C009,Central
109f3fd9,2023-01-09,2023-01-10,Delivered,Ahmedabad,C003,East
d5b7eb06,2023-05-29,2023-06-01,Delivered,Delhi,C002,Central
bc19991e,2023-04-04,2023-04-05,Delayed,Chennai,C002,West
9a2dce57,2023-02-03,2023-02-06,Delivered,Delhi,C006,Central
28ebbd79,2023-01-24,2023-01-25,Delivered,Kolkata,C007,South
ccc7e0b3,2023-03-17,2023-03-20,Delivered,Delhi,C006,East
96997a95,2023-03-25,2023-03-29,Delivered,Delhi,C003,North
5ede29d3,2023-04-17,2023-04-19,Delayed,Delhi,C005,Central
8e6533f8,2023-02-14,2023-02-19,Delivered,Mumbai,C008,East
70b7731c,2023-02-21,2023-02-25,Cancelled,Chennai,C006,North
168da4d2,2023-02-03,2023-02-07,Delivered,Kolkata,C002,East
cefcb20c,2023-05-19,2023-05-24,Delivered,Delhi,C007,East
4e40cc5f,2023-04-04,2023-04-05,Delayed,Ahmedabad,C008,North
1f848d8e,2023-05-16,2023-05-19,Delivered,Chennai,C004,North
abd2f3de,2023-05-09,2023-05-13,Delivered,Bangalore,C001,West
2c6a4ba2,2023-03-11,2023-03-15,Delivered,Mumbai,C002,Central
ef13f0bf,2023-02-12,2023-02-13,Delayed,Pune,C004,Central
1dad50d5,2023-03-07,2023-03-11,Delivered,Ahmedabad,C007,East
ff1f266b,2023-05-04,2023-05-07,Cancelled,Delhi,C002,South
e74ad701,2023-03-17,2023-03-22,Cancelled,Ahmedabad,C006,South
972d0255,2023-03-28,2023-03-30,Delivered,Kolkata,C002,East
84da553a,2023-01-30,2023-02-01,Delivered,Mumbai,C007,West
37976666,2023-04-30,2023-05-05,Delayed,Kolkata,C002,North
7862421b,2023-01-20,2023-01-25,Delivered,Pune,C003,East
6eb43f63,2023-02-06,2023-02-11,Delivered,Pune,C009,Central
effb8de7,2023-02-27,2023-02-28,Delivered,Ahmedabad,C004,South
c87ecadf,2023-06-23,2023-06-25,Delivered,Mumbai,C005,South
077e9bde,2023-06-22,2023-06-26,Delayed,Bangalore,C009,South
30dbd60a,2023-04-12,2023-04-13,Delayed,Ahmedabad,C007,West
8d22e392,2023-05-23,2023-05-26,Delayed,Chennai,C008,Central
53874967,2023-04-04,2023-04-09,Delivered,Mumbai,C003,West
66986902,2023-01-24,2023-01-28,Delivered,Hyderabad,C004,North
b800756c,2023-04-12,2023-04-14,Delivered,Pune,C007,East
1910905c,2023-01-04,2023-01-08,Cancelled,Bangalore,C004,East
75c9f052,2023-03-09,2023-03-10,Delivered,Ahmedabad,C002,South
ec791d1c,2023-05-18,2023-05-22,Delayed,Pune,C010,South
50df9b60,2023-02-01,2023-02-06,Delivered,Hyderabad,C006,North
65c4d17e,2023-04-27,2023-04-29,Delivered,Bangalore,C009,West
313049d7,2023-04-05,2023-04-07,Delayed,Pune,C002,Central
c82312b0,2023-06-22,2023-06-24,Delivered,Hyderabad,C001,North
e7da9693,2023-06-22,2023-06-24,Delayed,Hyderabad,C008,East
a8c2def6,2023-03-09,2023-03-10,Delayed,Pune,C001,East
e1f70e09,2023-05-30,2023-05-31,Delivered,Ahmedabad,C001,West
2d78e39e,2023-04-08,2023-04-12,Delivered,Pune,C003,North
3c787418,2023-06-13,2023-06-14,Delivered,Kolkata,C005,Central
49bdfc6f,2023-04-06,2023-04-08,Delayed,Mumbai,C009,North
0b20fd6e,2023-01-28,2023-01-31,Delivered,Mumbai,C010,North
ea7c633d,2023-06-22,2023-06-26,Delivered,Bangalore,C002,West
eae942ac,2023-03-01,2023-03-04,Delivered,Chennai,C001,Central
d988d907,2023-05-01,2023-05-03,Delayed,Pune,C001,East
6767e159,2023-01-07,2023-01-10,Delivered,Ahmedabad,C008,South
69d77fb2,2023-06-08,2023-06-12,Delayed,Kolkata,C010,Central
706d876f,2023-05-24,2023-05-25,Delayed,Mumbai,C010,East
5554bf05,2023-03-25,2023-03-27,Delivered,Mumbai,C010,West
d5ace996,2023-06-06,2023-06-11,Delivered,Ahmedabad,C002,Central
f3bb0aa8,2023-02-26,2023-03-02,Cancelled,Kolkata,C009,Central
60c8d398,2023-06-15,2023-06-16,Delivered,Delhi,C009,East
60c289ee,2023-01-17,2023-01-20,Delayed,Kolkata,C002,East
4affd025,2023-06-12,2023-06-14,Delivered,Ahmedabad,C003,North
bb48ca88,2023-04-29,2023-05-04,Delivered,Mumbai,C002,North
db9e53f7,2023-06-29,2023-07-04,Delayed,Chennai,C006,Central
ad7bd131,2023-03-19,2023-03-20,Delivered,Delhi,C007,South
15ba0539,2023-06-16,2023-06-19,Delivered,Ahmedabad,C006,West
0753d4c2,2023-04-15,2023-04-19,Delivered,Ahmedabad,C003,East
323272d4,2023-01-30,2023-02-03,Delivered,Hyderabad,C003,North
fea116f4,2023-02-05,2023-02-10,Delivered,Kolkata,C002,West
7dcc85bb,2023-01-12,2023-01-16,Delivered,Hyderabad,C002,Central
2178ad05,2023-01-10,2023-01-12,Cancelled,Delhi,C005,East
2f8d6f42,2023-03-19,2023-03-21,Delivered,Delhi,C008,East
466c1260,2023-05-07,2023-05-10,Delivered,Delhi,C006,North
77f26682,2023-01-30,2023-01-31,Delivered,Bangalore,C009,South
11ca7092,2023-01-25,2023-01-28,Delayed,Kolkata,C005,East
c354ce52,2023-03-02,2023-03-03,Delivered,Ahmedabad,C010,South
f84a0cff,2023-05-18,2023-05-19,Cancelled,Pune,C004,West
81663493,2023-02-04,2023-02-05,Delivered,Chennai,C009,East
8bf3694d,2023-04-10,2023-04-13,Delivered,Chennai,C010,East
da19715c,2023-04-27,2023-05-02,Delivered,Ahmedabad,C005,South
369c5c62,2023-04-05,2023-04-07,Delivered,Hyderabad,C001,North
6fa30c5e,2023-06-21,2023-06-22,Delivered,Ahmedabad,C005,Central
5d7d74d7,2023-06-28,2023-07-03,Delivered,Hyderabad,C005,West
346b59e5,2023-05-19,2023-05-22,Delayed,Pune,C005,East
cac1d248,2023-04-18,2023-04-20,Delivered,Hyderabad,C002,North
5bcb4cff,2023-05-31,2023-06-03,Delivered,Kolkata,C006,East
6d6726dd,2023-02-09,2023-02-13,Delivered,Mumbai,C005,West
2f1526be,2023-04-17,2023-04-22,Delayed,Hyderabad,C002,Central
3132788d,2023-06-17,2023-06-18,Delivered,Delhi,C010,East
2184bba8,2023-01-26,2023-01-29,Delivered,Hyderabad,C008,South
8707ecd8,2023-05-06,2023-05-07,Delivered,Delhi,C006,North
a18b6e43,2023-06-07,2023-06-12,Delayed,Bangalore,C010,Central
0d1d8e33,2023-04-15,2023-04-20,Delivered,Mumbai,C003,East
13b35b63,2023-03-13,2023-03-15,Delivered,Mumbai,C009,Central
661fd0dd,2023-01-09,2023-01-13,Delayed,Pune,C004,South
e87ddbde,2023-06-26,2023-06-30,Delayed,Kolkata,C003,East
072d6a69,2023-04-05,2023-04-08,Delivered,Ahmedabad,C007,Central
55eae205,2023-02-25,2023-02-28,Delayed,Kolkata,C008,East
7cb53af3,2023-04-24,2023-04-26,Delivered,Chennai,C007,East
aa963f6d,2023-04-24,2023-04-29,Delivered,Bangalore,C001,Central
47ff3ef1,2023-03-02,2023-03-07,Delivered,Pune,C001,East
7a1c85ed,2023-04-03,2023-04-08,Delivered,Kolkata,C005,South
c6758ef3,2023-01-26,2023-01-28,Delivered,Delhi,C008,Central
119332b6,2023-06-25,2023-06-26,Delayed,Bangalore,C010,Central
ccfb171a,2023-04-05,2023-04-09,Delivered,Mumbai,C003,South
baf2cfe8,2023-05-20,2023-05-21,Delivered,Ahmedabad,C008,South
69b534a1,2023-06-15,2023-06-20,Delivered,Ahmedabad,C003,South
3c964178,2023-04-02,2023-04-06,Delayed,Delhi,C004,East
b3e6c620,2023-01-16,2023-01-19,Delivered,Pune,C010,East
fa21060a,2023-04-12,2023-04-14,Delivered,Pune,C007,West
60cdd233,2023-03-12,2023-03-15,Delivered,Bangalore,C003,East
016d464e,2023-02-18,2023-02-20,Delivered,Mumbai,C004,South
372e95b7,2023-02-01,2023-02-05,Cancelled,Kolkata,C008,West
946adec9,2023-04-27,2023-05-01,Cancelled,Delhi,C004,South
3ad78204,2023-01-24,2023-01-26,Delivered,Delhi,C009,North
c33bc9e6,2023-06-19,2023-06-24,Cancelled,Mumbai,C004,Central
46e8ce60,2023-02-24,2023-02-27,Delivered,Delhi,C004,North
908d8fda,2023-06-14,2023-06-16,Delayed,Ahmedabad,C005,South
3322c9cf,2023-06-13,2023-06-14,Delivered,Kolkata,C001,East
5578608e,2023-06-02,2023-06-07,Delivered,Kolkata,C007,Central
e9c9651a,2023-01-06,2023-01-09,Delivered,Kolkata,C009,East
77b92bf9,2023-01-13,2023-01-16,Delivered,Mumbai,C009,East
755ccac5,2023-03-27,2023-04-01,Delivered,Hyderabad,C001,Central
056cccb9,2023-03-04,2023-03-05,Delivered,Hyderabad,C006,Central
8e152d4e,2023-02-02,2023-02-05,Delivered,Pune,C003,North
00309fd4,2023-05-25,2023-05-30,Delayed,Pune,C004,South
c642042a,2023-02-22,2023-02-26,Delivered,Ahmedabad,C008,East
29bd32ba,2023-01-18,2023-01-20,Delivered,Delhi,C004,South
8f7232f1,2023-05-22,2023-05-26,Cancelled,Kolkata,C008,South
348f5ceb,2023-02-23,2023-02-26,Delivered,Delhi,C004,West
688a67c2,2023-05-31,2023-06-04,Delivered,Mumbai,C009,North
9fb5c8a0,2023-02-25,2023-02-26,Delivered,Delhi,C006,East
e3eb3c1c,2023-03-01,2023-03-04,Delayed,Chennai,C001,Central
7e5073d1,2023-03-26,2023-03-28,Delivered,Hyderabad,C010,Central
52d7c7f6,2023-02-07,2023-02-09,Delayed,Delhi,C002,South
ccf793fa,2023-06-02,2023-06-04,Delayed,Delhi,C007,North
d63b7f5f,2023-01-01,2023-01-02,Delayed,Bangalore,C010,North
1da09403,2023-03-12,2023-03-14,Delayed,Ahmedabad,C007,East
d1b3e881,2023-02-07,2023-02-11,Delivered,Delhi,C003,East
e9dd9298,2023-02-03,2023-02-07,Delivered,Chennai,C001,South
ca4e3569,2023-05-19,2023-05-22,Delayed,Hyderabad,C008,South
522aa2ac,2023-03-06,2023-03-08,Delivered,Bangalore,C010,South
f3e99d6a,2023-02-14,2023-02-15,Delivered,Ahmedabad,C010,West
8b7fc9cf,2023-01-29,2023-02-03,Delayed,Mumbai,C007,North
575abf6a,2023-06-19,2023-06-23,Delayed,Pune,C010,South
18292c75,2023-01-07,2023-01-10,Delivered,Mumbai,C008,North
72792dcf,2023-02-03,2023-02-07,Delivered,Hyderabad,C001,Central
137fda12,2023-01-04,2023-01-08,Delivered,Pune,C003,Central
9a349fd1,2023-04-02,2023-04-05,Delivered,Mumbai,C002,North
1c77230b,2023-03-02,2023-03-06,Delivered,Ahmedabad,C001,Central
a7490a0b,2023-05-31,2023-06-04,Delivered,Chennai,C005,Central
e0cefc52,2023-03-24,2023-03-25,Delivered,Delhi,C003,Central
114ef312,2023-01-05,2023-01-10,Cancelled,Hyderabad,C010,East
11bb11d8,2023-02-14,2023-02-17,Delivered,Pune,C008,East
f0be79ec,2023-03-09,2023-03-12,Cancelled,Bangalore,C006,North
3b72ab74,2023-01-14,2023-01-16,Delivered,Delhi,C010,North
15480ebd,2023-02-02,2023-02-07,Delayed,Mumbai,C009,West
d53c7e3c,2023-04-18,2023-04-22,Delayed,Mumbai,C009,East
a698bea0,2023-05-15,2023-05-16,Delivered,Bangalore,C006,North
b8885f3a,2023-01-30,2023-02-01,Delayed,Chennai,C002,East
660128d4,2023-01-17,2023-01-20,Delayed,Ahmedabad,C009,West
7899a5a3,2023-05-02,2023-05-07,Delivered,Ahmedabad,C002,North
42d73bec,2023-04-25,2023-04-26,Delivered,Bangalore,C003,North
a213046c,2023-04-03,2023-04-06,Delivered,Hyderabad,C006,North
31da2fe5,2023-05-12,2023-05-16,Delayed,Bangalore,C002,North
71f2f91d,2023-06-01,2023-06-03,Delayed,Mumbai,C005,South
bb80800a,2023-01-28,2023-02-02,Delayed,Chennai,C002,East
bbc610b7,2023-04-26,2023-04-28,Delivered,Chennai,C004,East
b95580e3,2023-05-09,2023-05-13,Delayed,Kolkata,C003,East
d61248a4,2023-02-26,2023-03-02,Delivered,Bangalore,C005,West
232b42af,2023-06-07,2023-06-10,Delivered,Hyderabad,C006,South
ec3b5f84,2023-01-12,2023-01-14,Delivered,Mumbai,C007,East
496426f0,2023-06-18,2023-06-20,Delivered,Delhi,C010,East
08118b8f,2023-05-14,2023-05-16,Delivered,Ahmedabad,C008,North
4561b2c6,2023-03-19,2023-03-21,Delivered,Ahmedabad,C009,North
1b2242bb,2023-04-28,2023-04-29,Delayed,Ahmedabad,C004,North
f0b50bd3,2023-06-14,2023-06-17,Delivered,Chennai,C004,East
b6ee020e,2023-01-08,2023-01-13,Delivered,Ahmedabad,C007,North
69661c63,2023-01-16,2023-01-17,Delivered,Bangalore,C010,East
d6be103c,2023-05-03,2023-05-05,Delivered,Kolkata,C010,West
382cfe27,2023-04-13,2023-04-17,Delivered,Hyderabad,C009,West
387b10da,2023-04-20,2023-04-24,Delivered,Hyderabad,C002,Central
7d8912a6,2023-06-25,2023-06-27,Delivered,Pune,C006,South
a376c7b9,2023-01-28,2023-01-29,Delivered,Ahmedabad,C010,North
53c7751e,2023-05-06,2023-05-07,Delivered,Mumbai,C010,North
0a00d6a3,2023-04-24,2023-04-27,Delivered,Chennai,C008,South
3636680c,2023-01-19,2023-01-23,Delivered,Mumbai,C005,South
9b279d75,2023-01-21,2023-01-23,Delayed,Ahmedabad,C005,Central
9193392b,2023-03-24,2023-03-25,Delivered,Kolkata,C008,South
be511118,2023-06-05,2023-06-06,Delivered,Delhi,C001,East
a566be99,2023-02-07,2023-02-12,Delivered,Ahmedabad,C006,North
62d8680f,2023-01-17,2023-01-20,Delivered,Delhi,C010,South
f05936cb,2023-02-02,2023-02-07,Delivered,Delhi,C009,East
4dd8e534,2023-03-12,2023-03-16,Delivered,Hyderabad,C006,South
2e78a96a,2023-06-09,2023-06-11,Delivered,Chennai,C007,East
e1a92036,2023-06-12,2023-06-16,Delivered,Ahmedabad,C004,West
dd279dbd,2023-05-30,2023-06-01,Delivered,Mumbai,C010,East
ebc5c363,2023-05-21,2023-05-22,Delayed,Mumbai,C001,Central
aea5abd2,2023-03-25,2023-03-26,Delayed,Kolkata,C009,East
f19db782,2023-04-08,2023-04-10,Delayed,Delhi,C006,South
27ea6176,2023-06-02,2023-06-06,Cancelled,Chennai,C003,West
f49618e9,2023-05-16,2023-05-20,Delivered,Chennai,C004,West
8af5dd4a,2023-03-17,2023-03-20,Delivered,Kolkata,C010,East
a2da6305,2023-04-27,2023-05-02,Delivered,Bangalore,C006,South
ad8acbfb,2023-05-10,2023-05-12,Delivered,Chennai,C006,West
744d9c47,2023-06-04,2023-06-08,Delayed,Chennai,C009,East
7491023d,2023-04-21,2023-04-22,Delivered,Mumbai,C004,East
730d0494,2023-01-26,2023-01-30,Delayed,Kolkata,C005,East
c5e75238,2023-06-29,2023-07-03,Delivered,Ahmedabad,C005,West
362bd052,2023-01-30,2023-02-02,Delayed,Chennai,C003,North
0783adaf,2023-06-17,2023-06-21,Delivered,Chennai,C002,South
49862975,2023-06-16,2023-06-19,Delivered,Mumbai,C008,Central
75d040cd,2023-05-22,2023-05-23,Delivered,Ahmedabad,C010,Central
a21fbd9c,2023-02-25,2023-02-26,Delivered,Ahmedabad,C009,South
403c6add,2023-04-21,2023-04-22,Delivered,Chennai,C010,North
364ed463,2023-04-26,2023-04-27,Delivered,Mumbai,C009,South
413df632,2023-02-28,2023-03-01,Delayed,Bangalore,C005,East
bc18227b,2023-04-16,2023-04-20,Delivered,Hyderabad,C009,South
2da55105,2023-03-28,2023-04-02,Delivered,Pune,C004,South
e4a34b00,2023-04-27,2023-04-29,Delivered,Mumbai,C002,West
62747fa1,2023-04-13,2023-04-14,Delayed,Mumbai,C003,Central
ab3770d0,2023-04-17,2023-04-22,Delivered,Chennai,C001,Central
d28249bf,2023-01-25,2023-01-30,Delivered,Mumbai,C005,East
ae5ea0ff,2023-03-22,2023-03-27,Delivered,Kolkata,C001,East
d8ebb8d3,2023-04-20,2023-04-24,Delivered,Delhi,C001,West
dd9822b6,2023-03-22,2023-03-25,Delayed,Delhi,C007,East
692fad3b,2023-06-20,2023-06-21,Delivered,Bangalore,C002,North
e7ac341d,2023-03-07,2023-03-12,Delivered,Ahmedabad,C008,West
12ec9894,2023-04-06,2023-04-08,Delayed,Mumbai,C006,West
11ec774c,2023-02-09,2023-02-13,Delivered,Ahmedabad,C004,South
6fbf73a2,2023-06-25,2023-06-29,Delivered,Kolkata,C009,South
55f2e814,2023-05-02,2023-05-06,Delivered,Chennai,C010,North
242cb0c1,2023-01-18,2023-01-21,Cancelled,Chennai,C008,West
b44ca895,2023-01-24,2023-01-29,Delivered,Pune,C010,West
5a0ac749,2023-01-22,2023-01-24,Delayed,Hyderabad,C003,South
8619c587,2023-01-24,2023-01-25,Delivered,Bangalore,C003,Central
457cf5b0,2023-04-21,2023-04-24,Delivered,Kolkata,C004,Central
785859b8,2023-01-25,2023-01-26,Delivered,Ahmedabad,C009,South
a1fa7311,2023-04-06,2023-04-11,Cancelled,Kolkata,C009,East
ee1ae5c2,2023-02-03,2023-02-05,Delivered,Pune,C005,West
b63e9ef4,2023-05-23,2023-05-27,Delayed,Pune,C009,North
f91b116a,2023-01-16,2023-01-17,Delayed,Chennai,C006,Central
f2821ba2,2023-05-31,2023-06-04,Delivered,Ahmedabad,C008,East
2f10f074,2023-05-24,2023-05-29,Delivered,Hyderabad,C008,West
03c02f66,2023-05-24,2023-05-29,Delivered,Chennai,C010,East
5e04fcd1,2023-03-26,2023-03-31,Delivered,Hyderabad,C007,West
afcf79ad,2023-06-21,2023-06-25,Delayed,Delhi,C004,West
497694dc,2023-02-01,2023-02-02,Delayed,Kolkata,C004,South
dd5ce5cf,2023-04-16,2023-04-21,Delivered,Pune,C006,South
04de5740,2023-04-01,2023-04-06,Delivered,Delhi,C009,North
6da663b1,2023-06-20,2023-06-25,Delayed,Ahmedabad,C007,North
8542bddc,2023-04-19,2023-04-20,Delivered,Chennai,C005,East
ed8cd735,2023-01-14,2023-01-16,Delayed,Bangalore,C005,South
3ef4aaa1,2023-03-15,2023-03-16,Delivered,Mumbai,C008,West
660e906c,2023-06-03,2023-06-05,Delivered,Bangalore,C006,South
5204a5a0,2023-03-21,2023-03-26,Delivered,Bangalore,C001,West
22bda377,2023-04-01,2023-04-03,Delivered,Mumbai,C001,South
a94bce82,2023-01-27,2023-01-28,Delivered,Kolkata,C009,West
f96b6dae,2023-05-28,2023-06-02,Delivered,Delhi,C008,East
60d59f8e,2023-05-10,2023-05-14,Delivered,Delhi,C006,South
453a2404,2023-02-24,2023-02-27,Delayed,Kolkata,C001,Central
632fbaf0,2023-02-09,2023-02-10,Delayed,Mumbai,C002,Central
3cf1596f,2023-06-18,2023-06-19,Delivered,Hyderabad,C010,West
67c856c9,2023-05-04,2023-05-06,Delivered,Bangalore,C003,East
86f60150,2023-02-27,2023-03-04,Delivered,Chennai,C010,West
3e8eaed5,2023-01-28,2023-01-30,Delivered,Delhi,C003,East
d8839243,2023-03-31,2023-04-02,Delivered,Kolkata,C002,North
c2a0091e,2023-05-23,2023-05-24,Delivered,Chennai,C002,South
fe11f873,2023-04-05,2023-04-10,Delivered,Pune,C006,East
eef88829,2023-01-30,2023-02-02,Delivered,Mumbai,C007,West
d046673d,2023-03-13,2023-03-14,Delivered,Chennai,C004,North
3a49bd1a,2023-05-27,2023-05-28,Delivered,Ahmedabad,C001,West
dbeba957,2023-02-27,2023-02-28,Cancelled,Chennai,C006,Central
e2052451,2023-04-20,2023-04-25,Delivered,Ahmedabad,C007,Central
1d55cb21,2023-05-24,2023-05-27,Delayed,Bangalore,C004,South
f900fc67,2023-06-09,2023-06-12,Delivered,Mumbai,C006,South
70a62d21,2023-06-07,2023-06-12,Delivered,Chennai,C009,North
e619912e,2023-06-22,2023-06-24,Delayed,Delhi,C004,Central
d69cd565,2023-06-14,2023-06-18,Delayed,Mumbai,C010,East
397551e0,2023-05-23,2023-05-24,Cancelled,Delhi,C004,Central
f7bcae18,2023-01-07,2023-01-09,Delivered,Kolkata,C010,South
f5cc6816,2023-06-05,2023-06-08,Delivered,Kolkata,C005,West
8f0684fe,2023-06-18,2023-06-19,Delayed,Pune,C003,North
536c7188,2023-06-27,2023-07-02,Delivered,Hyderabad,C010,Central
b9410cfa,2023-03-10,2023-03-13,Delivered,Kolkata,C002,East
58845532,2023-01-08,2023-01-13,Delivered,Chennai,C009,East
3aa37b95,2023-02-16,2023-02-20,Delivered,Mumbai,C001,East
8aa6f0e4,2023-03-11,2023-03-13,Delayed,Kolkata,C005,North
cf1d4945,2023-06-29,2023-07-04,Delivered,Delhi,C005,East
52de712b,2023-03-21,2023-03-25,Delivered,Chennai,C008,East
323f39df,2023-03-28,2023-03-31,Delivered,Kolkata,C006,Central
b4b0a747,2023-03-31,2023-04-05,Delivered,Ahmedabad,C006,North
ae54f180,2023-01-02,2023-01-05,Delivered,Ahmedabad,C006,West
53f3bd4d,2023-02-16,2023-02-21,Delivered,Bangalore,C004,West
15246656,2023-02-06,2023-02-11,Delivered,Delhi,C001,East
37b084f3,2023-05-25,2023-05-30,Delayed,Pune,C003,South
c1a900a4,2023-06-18,2023-06-20,Delivered,Pune,C010,North
a1a504ef,2023-04-13,2023-04-14,Delivered,Pune,C006,South
c0a4602d,2023-01-18,2023-01-19,Delayed,Delhi,C005,North
1d5b7e6a,2023-02-06,2023-02-08,Delivered,Pune,C010,North
df32e235,2023-06-12,2023-06-13,Delivered,Hyderabad,C001,Central
64e5b05e,2023-01-08,2023-01-10,Delivered,Bangalore,C005,East
5d06beeb,2023-01-24,2023-01-26,Delivered,Hyderabad,C002,Central
6f95c633,2023-05-16,2023-05-19,Delivered,Ahmedabad,C001,South
5c72018b,2023-02-25,2023-02-27,Cancelled,Kolkata,C004,South
9d8f29ad,2023-04-07,2023-04-09,Delivered,Bangalore,C006,West
4dfe6fca,2023-04-18,2023-04-23,Delivered,Delhi,C007,Central
277992f0,2023-04-27,2023-05-02,Delayed,Hyderabad,C009,Central
aed0d6dd,2023-03-29,2023-03-31,Delivered,Chennai,C005,Central
2e0c9e32,2023-02-10,2023-02-15,Delivered,Bangalore,C008,West
682aa055,2023-04-05,2023-04-08,Delivered,Delhi,C008,Central
833ab5d2,2023-03-21,2023-03-24,Cancelled,Mumbai,C009,Central
e31a1b58,2023-03-25,2023-03-27,Delivered,Bangalore,C003,Central
f687d06b,2023-05-26,2023-05-31,Delayed,Bangalore,C003,Central
dc32e8b9,2023-06-02,2023-06-06,Delivered,Kolkata,C009,South
942d95dd,2023-01-22,2023-01-23,Delivered,Chennai,C007,East
95b586fa,2023-01-14,2023-01-19,Delivered,Kolkata,C004,South
c873342c,2023-02-09,2023-02-12,Delivered,Pune,C001,Central
9626e36b,2023-02-10,2023-02-13,Delayed,Bangalore,C007,North
d6f889df,2023-06-08,2023-06-12,Delivered,Ahmedabad,C010,North
9ca07fb9,2023-01-13,2023-01-15,Delivered,Bangalore,C006,West
1328458c,2023-06-22,2023-06-26,Delayed,Pune,C003,South
e0ab14d0,2023-01-21,2023-01-25,Delayed,Chennai,C005,West
91ea7b4d,2023-03-11,2023-03-12,Delivered,Chennai,C003,West
bfb81b84,2023-04-24,2023-04-27,Delivered,Ahmedabad,C008,North
027c9cd3,2023-06-19,2023-06-23,Delivered,Ahmedabad,C005,South
6ed51b08,2023-04-19,2023-04-21,Cancelled,Hyderabad,C010,East
4a4a4642,2023-05-05,2023-05-10,Delayed,Delhi,C010,South
27202de8,2023-06-05,2023-06-07,Delivered,Delhi,C006,West
c3902f72,2023-04-24,2023-04-25,Delayed,Hyderabad,C002,Central
55a2b907,2023-04-17,2023-04-20,Delivered,Delhi,C008,West
d175b5f8,2023-03-11,2023-03-13,Delivered,Bangalore,C009,South
c148a883,2023-02-25,2023-02-28,Delivered,Hyderabad,C003,North
912be9a2,2023-05-12,2023-05-17,Delayed,Hyderabad,C006,South
55d48e7b,2023-01-30,2023-02-04,Delivered,Delhi,C006,East
4c53131c,2023-03-30,2023-04-04,Delayed,Mumbai,C002,Central
ce6840ae,2023-04-21,2023-04-23,Delayed,Ahmedabad,C010,Central
4dba7301,2023-01-29,2023-02-02,Delayed,Delhi,C008,West
b352bf03,2023-03-14,2023-03-16,Delivered,Kolkata,C005,South
17e845ff,2023-06-23,2023-06-26,Delivered,Mumbai,C008,North
a576c24f,2023-06-23,2023-06-27,Delivered,Hyderabad,C008,East
dd557563,2023-06-01,2023-06-05,Delivered,Mumbai,C003,West
3922279e,2023-05-05,2023-05-06,Delivered,Bangalore,C005,South
e60838ad,2023-05-15,2023-05-20,Delayed,Chennai,C007,North
b32f3bc7,2023-06-20,2023-06-22,Delivered,Mumbai,C005,South
fce6d7d4,2023-03-20,2023-03-21,Delivered,Kolkata,C006,North
4fbc9b2d,2023-01-12,2023-01-15,Delivered,Chennai,C002,South
c219fdb3,2023-02-26,2023-02-27,Delivered,Bangalore,C008,South
853d9417,2023-04-12,2023-04-17,Delivered,Kolkata,C005,West
28a72495,2023-06-03,2023-06-04,Delivered,Pune,C006,South
102c853d,2023-01-15,2023-01-20,Delayed,Chennai,C001,South
b8a776c8,2023-01-02,2023-01-06,Delivered,Pune,C010,West
e0506022,2023-02-22,2023-02-23,Cancelled,Bangalore,C002,West
f1e80a3b,2023-03-19,2023-03-22,Delayed,Chennai,C004,Central
90d9c926,2023-02-24,2023-02-25,Delivered,Chennai,C009,Central
379ad81c,2023-02-05,2023-02-08,Delayed,Delhi,C006,West
c3036252,2023-03-07,2023-03-10,Delivered,Kolkata,C008,East
3ae38ba1,2023-03-16,2023-03-19,Delayed,Ahmedabad,C002,North
20f90552,2023-03-25,2023-03-27,Delivered,Kolkata,C010,West
487bbe5e,2023-01-31,2023-02-02,Delayed,Mumbai,C005,Central
4b44fe21,2023-01-02,2023-01-05,Delayed,Pune,C001,South
26afd940,2023-05-08,2023-05-09,Delayed,Pune,C004,West
e2af5108,2023-04-21,2023-04-22,Delayed,Kolkata,C010,West
ce590b72,2023-02-14,2023-02-18,Delivered,Kolkata,C001,Central
3cb5ca7a,2023-02-03,2023-02-05,Delivered,Chennai,C009,Central
39bbaba9,2023-04-08,2023-04-12,Delivered,Pune,C002,East
0d332e67,2023-05-17,2023-05-18,Delivered,Hyderabad,C007,Central
0c601325,2023-06-30,2023-07-01,Delayed,Ahmedabad,C003,Central
a811d187,2023-02-28,2023-03-02,Delivered,Delhi,C002,Central
4d172603,2023-05-09,2023-05-14,Cancelled,Ahmedabad,C004,South
d88ce4e8,2023-05-24,2023-05-27,Delivered,Mumbai,C007,West
c2afe96b,2023-06-21,2023-06-26,Delayed,Ahmedabad,C007,West
9f0c1f25,2023-04-01,2023-04-05,Delivered,Delhi,C009,Central
b41ed7eb,2023-01-19,2023-01-20,Delayed,Mumbai,C003,East
2352f660,2023-04-12,2023-04-17,Delayed,Bangalore,C007,Central
649bf911,2023-01-11,2023-01-14,Delivered,Chennai,C006,East
e33b2bdd,2023-04-22,2023-04-27,Delivered,Kolkata,C010,West
9c386028,2023-01-05,2023-01-08,Delayed,Kolkata,C007,East
8446a1ca,2023-04-28,2023-05-03,Delivered,Hyderabad,C007,East
58147107,2023-01-20,2023-01-23,Delivered,Ahmedabad,C010,North
0ceb2361,2023-03-22,2023-03-27,Delivered,Pune,C005,East
0d198d91,2023-05-28,2023-05-29,Delivered,Pune,C009,East
fb99355a,2023-04-20,2023-04-21,Delivered,Delhi,C007,South
9763bf09,2023-05-27,2023-05-29,Delivered,Delhi,C007,West
b117d6ae,2023-04-14,2023-04-17,Delivered,Delhi,C003,Central
f489cb21,2023-06-13,2023-06-17,Delivered,Pune,C001,North
455d817a,2023-04-17,2023-04-19,Cancelled,Kolkata,C005,East
b4f37ddb,2023-03-16,2023-03-19,Delivered,Pune,C008,South
2fc22ed8,2023-01-30,2023-02-04,Cancelled,Delhi,C005,South
1682c9c2,2023-04-14,2023-04-19,Delivered,Chennai,C010,Central
5c1853d5,2023-01-06,2023-01-11,Delivered,Mumbai,C003,Central
68c6b817,2023-03-25,2023-03-29,Delivered,Kolkata,C009,West
7f63a2aa,2023-02-13,2023-02-17,Delivered,Chennai,C002,East
78090e25,2023-06-08,2023-06-13,Delivered,Bangalore,C003,South
cf1027fa,2023-04-28,2023-04-30,Delivered,Ahmedabad,C004,North
e3fcfede,2023-06-26,2023-06-29,Delivered,Chennai,C010,West
cacfdb22,2023-04-03,2023-04-04,Delivered,Ahmedabad,C001,East
c5d323f0,2023-01-23,2023-01-28,Delivered,Chennai,C004,Central
6d5876f5,2023-04-22,2023-04-24,Delivered,Bangalore,C004,East
965e846f,2023-01-28,2023-01-30,Delivered,Chennai,C009,Central
2cc9f20a,2023-03-04,2023-03-06,Delayed,Mumbai,C008,East
867847a5,2023-04-22,2023-04-26,Delivered,Kolkata,C002,North
58328eea,2023-05-31,2023-06-05,Delivered,Ahmedabad,C007,West
777819fc,2023-04-13,2023-04-16,Cancelled,Hyderabad,C006,Central
bcfe08fa,2023-05-15,2023-05-16,Delivered,Pune,C007,North
9a200d38,2023-01-21,2023-01-24,Delayed,Bangalore,C004,South
2e55fb03,2023-04-12,2023-04-14,Cancelled,Ahmedabad,C005,North
d57e6e1b,2023-03-21,2023-03-26,Delivered,Kolkata,C006,North
c405a504,2023-03-28,2023-04-01,Delivered,Delhi,C009,North
9a83ef25,2023-02-26,2023-03-02,Delivered,Ahmedabad,C002,Central
0dfacc8e,2023-03-27,2023-03-29,Delivered,Mumbai,C009,South
2893f4c9,2023-02-13,2023-02-17,Delivered,Hyderabad,C010,West
b8533f36,2023-01-20,2023-01-23,Delayed,Mumbai,C001,North
c6ae2799,2023-05-11,2023-05-15,Delivered,Ahmedabad,C004,Central
fb5e9219,2023-06-12,2023-06-17,Delivered,Mumbai,C005,Central
96596e62,2023-01-30,2023-02-02,Cancelled,Delhi,C009,West
bdfab3d8,2023-05-16,2023-05-19,Delayed,Hyderabad,C006,East
19b19fa4,2023-05-11,2023-05-15,Delivered,Pune,C004,South
2e13d246,2023-02-19,2023-02-24,Delivered,Mumbai,C002,South
2d2c3ed9,2023-03-31,2023-04-02,Delivered,Delhi,C005,North
10020106,2023-03-31,2023-04-03,Delivered,Bangalore,C008,East
1970fa13,2023-06-15,2023-06-16,Delivered,Delhi,C008,South
b90e5e50,2023-02-07,2023-02-10,Delivered,Chennai,C006,North
ee9ea5e0,2023-03-02,2023-03-06,Delayed,Ahmedabad,C001,East
09522144,2023-01-27,2023-01-30,Delivered,Kolkata,C008,Central
eec54929,2023-02-07,2023-02-08,Delivered,Ahmedabad,C004,North
fdc928b5,2023-03-07,2023-03-08,Delivered,Ahmedabad,C002,East
87a136bd,2023-02-20,2023-02-21,Delivered,Delhi,C001,West
ff8730f3,2023-02-14,2023-02-16,Delayed,Delhi,C007,South
46fdbf3d,2023-06-04,2023-06-05,Delayed,Delhi,C002,North
2943b06f,2023-02-09,2023-02-11,Delayed,Ahmedabad,C004,Central
7d383f17,2023-06-17,2023-06-22,Delivered,Pune,C004,North
00b16776,2023-01-20,2023-01-21,Delivered,Mumbai,C010,South
140041e9,2023-02-15,2023-02-16,Delivered,Pune,C001,South
798bd616,2023-06-10,2023-06-13,Delivered,Hyderabad,C002,East
c4d06a50,2023-05-07,2023-05-12,Delivered,Delhi,C001,Central
bdcb6755,2023-04-29,2023-05-03,Delayed,Delhi,C006,East
d1f9dc8c,2023-05-25,2023-05-26,Delivered,Chennai,C003,Central
1fdd2531,2023-05-29,2023-06-02,Delivered,Chennai,C001,North
23f8ed34,2023-04-25,2023-04-30,Delivered,Bangalore,C008,North
907ef9ec,2023-06-24,2023-06-26,Delivered,Bangalore,C004,East
1657d4a8,2023-05-25,2023-05-29,Delivered,Chennai,C010,West
ce4d4858,2023-06-14,2023-06-18,Cancelled,Hyderabad,C007,South
7dcc5710,2023-06-12,2023-06-17,Delayed,Bangalore,C010,East
18fafbf1,2023-06-09,2023-06-14,Cancelled,Kolkata,C002,East
76b25c09,2023-03-24,2023-03-25,Delivered,Kolkata,C006,North
909a8ba9,2023-06-10,2023-06-14,Delivered,Hyderabad,C006,South
05b2bc9b,2023-03-22,2023-03-23,Delivered,Chennai,C007,East
397c6622,2023-02-08,2023-02-13,Delivered,Bangalore,C001,North
d87ee0bd,2023-04-23,2023-04-25,Delayed,Delhi,C001,North
4b8c6924,2023-01-18,2023-01-19,Delivered,Chennai,C002,East
63cad17d,2023-05-01,2023-05-05,Delivered,Bangalore,C002,East
dddf197d,2023-04-24,2023-04-29,Delivered,Hyderabad,C005,North
0517d4ad,2023-06-11,2023-06-14,Delivered,Kolkata,C001,East
26b71d70,2023-03-19,2023-03-21,Delayed,Ahmedabad,C002,South
8685c1fb,2023-03-12,2023-03-17,Delivered,Hyderabad,C006,North
1fa21929,2023-06-01,2023-06-06,Delivered,Ahmedabad,C003,North
749b89ed,2023-01-15,2023-01-16,Delivered,Bangalore,C004,East
10496510,2023-04-01,2023-04-06,Delivered,Hyderabad,C001,East
73cf810c,2023-05-10,2023-05-14,Delayed,Bangalore,C005,East
83b400eb,2023-01-19,2023-01-21,Delayed,Bangalore,C004,South
741c87a8,2023-03-21,2023-03-26,Cancelled,Ahmedabad,C008,North
0eaa8eed,2023-04-29,2023-05-01,Delayed,Hyderabad,C003,West
de05e9dd,2023-04-26,2023-04-28,Delivered,Mumbai,C010,South
2ffeac6f,2023-01-10,2023-01-11,Delayed,Delhi,C001,South
21d35a1e,2023-01-15,2023-01-18,Delivered,Chennai,C010,North
b575cffc,2023-04-05,2023-04-07,Delivered,Kolkata,C005,West
bab46c93,2023-03-15,2023-03-20,Delayed,Delhi,C001,North
dc123cf5,2023-01-20,2023-01-23,Delivered,Chennai,C005,South
ec989796,2023-06-15,2023-06-16,Delayed,Chennai,C009,East
f1b49b0c,2023-01-24,2023-01-28,Delivered,Kolkata,C005,North
50b35df7,2023-06-07,2023-06-11,Delivered,Delhi,C002,North
06fa3ae2,2023-06-02,2023-06-06,Delivered,Kolkata,C002,East
22dc8fd2,2023-05-10,2023-05-12,Delayed,Bangalore,C010,West
be3bd65b,2023-04-09,2023-04-12,Delivered,Kolkata,C009,West
63b416f6,2023-04-29,2023-04-30,Delivered,Ahmedabad,C005,North
42f1886d,2023-05-29,2023-06-01,Delivered,Ahmedabad,C008,East
e95a9a30,2023-05-22,2023-05-24,Delivered,Hyderabad,C010,North
0ac270eb,2023-01-11,2023-01-16,Delivered,Mumbai,C004,East
1b65bddd,2023-04-26,2023-04-27,Delayed,Mumbai,C002,South
ff607c57,2023-05-27,2023-05-30,Delivered,Mumbai,C004,East
d7add2f5,2023-06-16,2023-06-19,Delayed,Delhi,C004,North
706ac20f,2023-02-18,2023-02-22,Delivered,Ahmedabad,C009,Central
660083b3,2023-03-24,2023-03-27,Delivered,Delhi,C010,West
1c0f28ee,2023-06-04,2023-06-07,Delayed,Bangalore,C006,North
f14ab553,2023-05-02,2023-05-04,Delivered,Pune,C010,East
e6c3b8e0,2023-05-09,2023-05-10,Delivered,Mumbai,C006,East
89a1cded,2023-02-08,2023-02-13,Delivered,Bangalore,C005,West
5a1ec5d7,2023-01-16,2023-01-20,Cancelled,Ahmedabad,C006,North
0b80f01c,2023-04-26,2023-04-28,Delayed,Pune,C001,Central
6e727437,2023-01-27,2023-01-30,Delivered,Mumbai,C005,South
164d65bf,2023-03-29,2023-04-03,Delivered,Delhi,C006,Central
feda6ede,2023-01-22,2023-01-23,Delivered,Pune,C008,South
3e494b2b,2023-05-10,2023-05-14,Delayed,Hyderabad,C004,South
a2044736,2023-06-15,2023-06-20,Delivered,Hyderabad,C005,North
2055104f,2023-02-14,2023-02-18,Delivered,Hyderabad,C004,South
9c443068,2023-01-11,2023-01-12,Delivered,Kolkata,C007,East
a4d01b2e,2023-03-05,2023-03-08,Delivered,Hyderabad,C010,South
88a7b8d7,2023-04-23,2023-04-24,Delivered,Chennai,C006,South
1dfdca41,2023-04-23,2023-04-28,Delayed,Mumbai,C004,West
63251aba,2023-05-15,2023-05-19,Delivered,Hyderabad,C006,West
6e23e1f8,2023-05-14,2023-05-17,Delivered,Pune,C004,North
30de9bc2,2023-06-06,2023-06-09,Delivered,Ahmedabad,C008,North
5a111b05,2023-02-10,2023-02-13,Cancelled,Chennai,C003,East
508e1ca3,2023-04-04,2023-04-05,Delivered,Chennai,C008,West
3818b3b5,2023-04-06,2023-04-07,Delayed,Chennai,C002,Central
7d05d6d4,2023-03-14,2023-03-17,Delivered,Bangalore,C006,North
e65042e3,2023-04-10,2023-04-12,Delivered,Pune,C008,North
c3ff5b19,2023-04-15,2023-04-19,Delivered,Bangalore,C001,West
1269b89b,2023-03-28,2023-03-31,Delivered,Chennai,C006,West
61a3cc0a,2023-06-23,2023-06-24,Delivered,Kolkata,C009,East
35d3f929,2023-06-03,2023-06-04,Delayed,Hyderabad,C010,West
5ff256b9,2023-01-14,2023-01-18,Delivered,Ahmedabad,C010,South
c27b5db2,2023-06-11,2023-06-15,Delivered,Mumbai,C002,Central
0bb6c2be,2023-06-15,2023-06-17,Delivered,Pune,C001,South
b7bbd6bf,2023-03-27,2023-03-28,Cancelled,Kolkata,C002,South
944635bb,2023-01-17,2023-01-22,Delayed,Delhi,C005,South
3960811b,2023-03-26,2023-03-31,Delivered,Bangalore,C006,North
760c1c61,2023-01-25,2023-01-27,Cancelled,Hyderabad,C001,South
6e298483,2023-05-23,2023-05-27,Delivered,Hyderabad,C007,North
b2e31395,2023-06-23,2023-06-24,Delivered,Delhi,C004,West
0fc2e541,2023-04-09,2023-04-13,Delayed,Delhi,C009,Central
515bf7b5,2023-03-14,2023-03-15,Delayed,Pune,C006,Central
b963084b,2023-03-06,2023-03-08,Delivered,Hyderabad,C009,South
9ee2ca71,2023-06-18,2023-06-21,Delivered,Delhi,C001,Central
b8c68869,2023-06-04,2023-06-06,Delivered,Hyderabad,C004,North
5e34f2f0,2023-02-08,2023-02-12,Delayed,Kolkata,C002,West
53091249,2023-03-27,2023-03-31,Delivered,Pune,C006,South
33878c6c,2023-01-21,2023-01-24,Delivered,Ahmedabad,C004,East
e9e1889d,2023-05-30,2023-06-02,Delivered,Delhi,C009,Central
794973b2,2023-06-19,2023-06-22,Delivered,Kolkata,C003,Central
7e176ce1,2023-02-06,2023-02-10,Delivered,Kolkata,C001,South
ec09bd70,2023-03-31,2023-04-02,Delayed,Delhi,C001,Central
fc54bf30,2023-03-21,2023-03-26,Delivered,Pune,C009,Central
fcdd181d,2023-06-17,2023-06-20,Delivered,Hyderabad,C009,East
b1badf1b,2023-06-28,2023-06-29,Delivered,Ahmedabad,C005,North
6d556108,2023-06-19,2023-06-23,Delayed,Chennai,C002,South
2307982e,2023-04-11,2023-04-15,Delivered,Hyderabad,C009,South
06d99803,2023-02-03,2023-02-05,Delivered,Mumbai,C008,East
8e29dd65,2023-06-02,2023-06-04,Delayed,Delhi,C010,East
659bc493,2023-01-22,2023-01-25,Delayed,Bangalore,C010,North
44042022,2023-03-21,2023-03-25,Delayed,Pune,C006,West
c18b9055,2023-05-24,2023-05-25,Delayed,Delhi,C007,South
68498f6b,2023-04-07,2023-04-10,Delivered,Mumbai,C006,Central
aa07e582,2023-06-14,2023-06-16,Delayed,Kolkata,C005,North
f5182c7a,2023-03-26,2023-03-27,Delivered,Bangalore,C004,South
3c7c01cd,2023-02-02,2023-02-04,Delayed,Bangalore,C007,North
a5c919dd,2023-06-21,2023-06-24,Delayed,Hyderabad,C004,West
444672b6,2023-06-29,2023-06-30,Delayed,Chennai,C010,South
e8f92f10,2023-06-25,2023-06-27,Delivered,Hyderabad,C010,Central
869b300d,2023-05-15,2023-05-19,Delivered,Pune,C010,South
c6d5d6a3,2023-01-24,2023-01-28,Delivered,Bangalore,C009,North
3ee78e1d,2023-06-15,2023-06-18,Cancelled,Ahmedabad,C005,West
222174f8,2023-06-21,2023-06-22,Delayed,Ahmedabad,C008,North
f950751d,2023-04-19,2023-04-21,Delivered,Bangalore,C006,North
3015ee54,2023-05-11,2023-05-13,Delivered,Ahmedabad,C004,East
61b41655,2023-04-03,2023-04-07,Delivered,Ahmedabad,C003,North
bc4e5f9e,2023-01-05,2023-01-08,Delayed,Chennai,C006,West
8c570c88,2023-04-03,2023-04-04,Delayed,Pune,C001,Central
187cee2b,2023-03-21,2023-03-25,Delivered,Delhi,C002,East
3a7af4d9,2023-02-16,2023-02-20,Delivered,Chennai,C007,North
8d2be0e7,2023-02-24,2023-03-01,Delayed,Kolkata,C004,South
1851ecf7,2023-03-29,2023-04-02,Delayed,Hyderabad,C005,East
770d98e0,2023-05-05,2023-05-07,Delivered,Ahmedabad,C010,West
3a6cc750,2023-02-19,2023-02-22,Delivered,Delhi,C001,South
ea72208f,2023-02-27,2023-03-03,Delivered,Hyderabad,C002,West
54658c98,2023-02-05,2023-02-10,Delivered,Ahmedabad,C004,South
5b3d49d5,2023-02-09,2023-02-13,Delivered,Chennai,C008,Central
e41138c0,2023-01-20,2023-01-22,Delayed,Delhi,C010,West
0e0def74,2023-03-17,2023-03-18,Delayed,Chennai,C004,South
8d2900fc,2023-01-26,2023-01-27,Delivered,Kolkata,C003,West
c019caa1,2023-05-10,2023-05-11,Delayed,Mumbai,C003,East
5584c995,2023-05-19,2023-05-21,Delivered,Bangalore,C005,West
dc941879,2023-05-15,2023-05-17,Delivered,Pune,C003,West
286545e8,2023-01-10,2023-01-13,Delivered,Delhi,C008,South
14cff9e7,2023-06-19,2023-06-24,Delivered,Bangalore,C005,West
ee756376,2023-03-28,2023-03-29,Delayed,Mumbai,C007,Central
6e91ec0c,2023-06-08,2023-06-10,Cancelled,Delhi,C008,North
996ceea0,2023-02-03,2023-02-04,Delivered,Bangalore,C005,East
59e77ac8,2023-06-02,2023-06-05,Delivered,Bangalore,C008,South
6f26c7af,2023-04-07,2023-04-11,Delayed,Delhi,C003,West
a6f66982,2023-02-09,2023-02-14,Delivered,Bangalore,C007,West
9f3067bb,2023-02-11,2023-02-12,Delivered,Bangalore,C008,West
63f956c9,2023-02-16,2023-02-20,Delayed,Delhi,C007,East
38d0de25,2023-06-27,2023-07-01,Delivered,Pune,C002,North
a6059339,2023-06-09,2023-06-12,Delivered,Bangalore,C008,Central
b1762133,2023-02-12,2023-02-15,Delivered,Bangalore,C006,Central
64c65718,2023-04-23,2023-04-27,Delayed,Pune,C010,South
02fd82f0,2023-01-12,2023-01-13,Delivered,Hyderabad,C003,North
8d0e6210,2023-04-16,2023-04-20,Delivered,Kolkata,C004,North
ea39169b,2023-04-04,2023-04-06,Delayed,Hyderabad,C007,East
287e0c61,2023-06-23,2023-06-28,Delivered,Ahmedabad,C003,West
d0eeb221,2023-03-02,2023-03-04,Delayed,Mumbai,C001,North
58abf852,2023-04-24,2023-04-29,Delivered,Hyderabad,C006,West
44366a7b,2023-06-06,2023-06-08,Cancelled,Hyderabad,C003,East
7e33e2dd,2023-03-14,2023-03-16,Delivered,Mumbai,C010,South
00a45d12,2023-04-25,2023-04-28,Delivered,Bangalore,C006,South
3d07043d,2023-03-01,2023-03-02,Delivered,Bangalore,C010,West
90614f56,2023-05-17,2023-05-20,Delivered,Hyderabad,C003,West
1cf05ed4,2023-03-03,2023-03-05,Delayed,Mumbai,C006,North
8e56d23e,2023-03-21,2023-03-25,Cancelled,Bangalore,C004,East
96b662c6,2023-05-01,2023-05-03,Delivered,Chennai,C004,South
c4d48c08,2023-02-19,2023-02-23,Delivered,Delhi,C010,North
f28e931e,2023-04-05,2023-04-06,Delayed,Delhi,C010,Central
6e9b934f,2023-06-23,2023-06-28,Delayed,Kolkata,C002,North
55c6fc60,2023-05-27,2023-06-01,Delivered,Delhi,C004,West
36f92161,2023-04-23,2023-04-25,Delivered,Hyderabad,C004,Central
41cd7314,2023-04-29,2023-05-01,Delivered,Delhi,C007,North
5ea6812f,2023-03-14,2023-03-19,Delayed,Delhi,C005,East
f8d89744,2023-04-08,2023-04-10,Delivered,Chennai,C008,South
406bb889,2023-05-09,2023-05-11,Delivered,Bangalore,C007,Central
94f69020,2023-05-16,2023-05-17,Delivered,Chennai,C010,East
a328dd5d,2023-04-18,2023-04-20,Delayed,Hyderabad,C009,North
ae50457f,2023-02-11,2023-02-15,Delivered,Delhi,C008,West
2e8b4b28,2023-02-21,2023-02-22,Delivered,Pune,C009,West
ebd997a2,2023-06-04,2023-06-07,Delivered,Bangalore,C001,East
08ec86e8,2023-02-05,2023-02-07,Delivered,Kolkata,C010,West
c421da29,2023-03-06,2023-03-08,Delivered,Kolkata,C003,South
dbd5dab7,2023-01-14,2023-01-18,Delivered,Ahmedabad,C005,East
3a488818,2023-06-14,2023-06-15,Delivered,Ahmedabad,C009,East
cd4e70e0,2023-05-04,2023-05-09,Delivered,Delhi,C008,West
01d03368,2023-04-06,2023-04-08,Delivered,Delhi,C010,East
cdb81441,2023-05-22,2023-05-23,Delivered,Kolkata,C007,North
9fbb51d9,2023-01-27,2023-01-28,Delayed,Kolkata,C002,Central
3ca0731a,2023-05-13,2023-05-17,Delivered,Pune,C006,Central
7ba9509a,2023-02-01,2023-02-05,Delayed,Hyderabad,C004,West
c1a2449f,2023-03-14,2023-03-19,Delivered,Delhi,C005,South
625d71c2,2023-01-22,2023-01-25,Delivered,Kolkata,C005,South
a47fb40b,2023-02-11,2023-02-13,Delivered,Pune,C004,West
ebd0ee6a,2023-03-11,2023-03-13,Delivered,Mumbai,C004,West
2b9b9842,2023-04-26,2023-04-29,Delayed,Kolkata,C004,East
e21a801e,2023-05-12,2023-05-16,Delayed,Bangalore,C002,South
85272908,2023-02-07,2023-02-11,Delayed,Bangalore,C001,Central
d621c50c,2023-04-22,2023-04-23,Delivered,Mumbai,C002,West
197dcacc,2023-01-24,2023-01-29,Delivered,Ahmedabad,C007,Central
23dc62ff,2023-02-26,2023-03-02,Delivered,Hyderabad,C001,Central
262e9522,2023-04-26,2023-04-27,Delivered,Ahmedabad,C006,South
5552e531,2023-03-31,2023-04-03,Delivered,Delhi,C004,Central
eb996a84,2023-01-07,2023-01-08,Delivered,Ahmedabad,C002,East
16259591,2023-04-17,2023-04-20,Delivered,Delhi,C003,East
c4257982,2023-01-14,2023-01-17,Delivered,Kolkata,C007,South
7e60ebf6,2023-04-12,2023-04-15,Delayed,Bangalore,C006,East
f3ba9abc,2023-05-09,2023-05-12,Cancelled,Hyderabad,C006,West
f3975339,2023-04-06,2023-04-10,Delayed,Hyderabad,C008,South
9d1abd0c,2023-03-02,2023-03-04,Delivered,Hyderabad,C008,Central
48f1b325,2023-04-09,2023-04-12,Delivered,Kolkata,C006,West
e16fa8eb,2023-01-21,2023-01-22,Delivered,Delhi,C001,South
68ceb7b1,2023-04-06,2023-04-08,Delayed,Hyderabad,C010,Central
097eaca5,2023-02-27,2023-02-28,Delivered,Kolkata,C007,Central
62f51132,2023-01-08,2023-01-09,Delivered,Kolkata,C008,Central
3283cb2c,2023-03-23,2023-03-24,Delayed,Mumbai,C005,Central
8cef8764,2023-01-26,2023-01-29,Delivered,Chennai,C004,Central
1d49f051,2023-06-16,2023-06-18,Delivered,Ahmedabad,C007,South
7bff6ebe,2023-03-27,2023-03-30,Delivered,Hyderabad,C006,East
46663d39,2023-02-07,2023-02-11,Delivered,Chennai,C006,Central
07c49739,2023-02-05,2023-02-08,Delivered,Delhi,C003,West
f1558668,2023-01-10,2023-01-15,Delivered,Kolkata,C010,South
df49ccdb,2023-03-15,2023-03-16,Delivered,Pune,C004,North
b70bfbb1,2023-05-01,2023-05-05,Delivered,Ahmedabad,C005,East
cf38f98b,2023-06-28,2023-06-30,Delayed,Ahmedabad,C009,West
3f3b483e,2023-02-05,2023-02-08,Delivered,Hyderabad,C008,Central
ae2c370e,2023-06-30,2023-07-04,Delivered,Pune,C003,South
69526823,2023-05-01,2023-05-04,Delivered,Bangalore,C006,South
649fd71b,2023-04-25,2023-04-28,Delayed,Delhi,C010,Central
fc648c33,2023-06-07,2023-06-10,Delivered,Mumbai,C001,West
24c25e7c,2023-01-02,2023-01-03,Delivered,Mumbai,C003,South
1eab1216,2023-01-21,2023-01-22,Delayed,Chennai,C010,East
7fb94b03,2023-01-05,2023-01-06,Delayed,Kolkata,C007,West
07567c19,2023-03-07,2023-03-12,Delivered,Chennai,C007,Central
e21ae4d9,2023-02-25,2023-02-27,Delayed,Bangalore,C002,West
8d1eac60,2023-02-08,2023-02-11,Delivered,Bangalore,C003,West
b520db70,2023-05-21,2023-05-24,Delivered,Ahmedabad,C007,North
76df8cad,2023-06-05,2023-06-08,Delivered,Mumbai,C006,Central
1bcc1f37,2023-05-16,2023-05-21,Delivered,Pune,C007,East
d348fbd2,2023-04-19,2023-04-24,Delayed,Hyderabad,C010,Central
0d5a67d0,2023-01-29,2023-02-03,Delivered,Mumbai,C009,North
f5f6a1fb,2023-03-15,2023-03-18,Delivered,Mumbai,C008,Central
8bb2e64e,2023-03-02,2023-03-04,Delayed,Pune,C006,Central
ecd95acd,2023-03-19,2023-03-22,Delayed,Ahmedabad,C004,East
52eaf336,2023-02-01,2023-02-03,Delivered,Ahmedabad,C010,North
4af9e5fc,2023-01-13,2023-01-18,Delivered,Pune,C009,Central
d426529b,2023-03-03,2023-03-07,Delivered,Bangalore,C007,Central
f23b762a,2023-04-18,2023-04-19,Delayed,Pune,C005,South
2e8edfbd,2023-06-13,2023-06-14,Delivered,Chennai,C002,Central
d9e26e27,2023-06-09,2023-06-11,Cancelled,Bangalore,C009,East
b8001b11,2023-04-28,2023-05-03,Delivered,Pune,C007,South
6bb2274f,2023-01-17,2023-01-18,Delivered,Kolkata,C009,North
14c20140,2023-01-29,2023-01-30,Delivered,Bangalore,C009,West
08a9996d,2023-05-08,2023-05-13,Delivered,Bangalore,C010,East
49b941de,2023-06-02,2023-06-04,Delivered,Mumbai,C005,North
73f696e0,2023-05-18,2023-05-20,Delayed,Hyderabad,C007,South
90a559a8,2023-01-05,2023-01-09,Delivered,Mumbai,C005,West
78f17a59,2023-06-11,2023-06-12,Delivered,Delhi,C003,North
e112d725,2023-05-12,2023-05-13,Delayed,Bangalore,C010,East
08f8b3b5,2023-05-28,2023-06-02,Delivered,Pune,C008,South
1e2f0fe0,2023-03-03,2023-03-08,Delayed,Pune,C008,East
2db1c1d9,2023-02-06,2023-02-09,Delivered,Pune,C009,East
d7bc9aff,2023-03-16,2023-03-19,Delivered,Bangalore,C006,South
df4e439e,2023-04-20,2023-04-24,Delivered,Pune,C002,Central
c8b85e61,2023-01-01,2023-01-03,Delivered,Delhi,C003,East
5e292f56,2023-06-07,2023-06-12,Delayed,Bangalore,C010,South
3f149661,2023-04-01,2023-04-03,Delivered,Pune,C006,East
1837e7ae,2023-03-03,2023-03-04,Delivered,Bangalore,C001,Central
fdab8f40,2023-05-27,2023-05-29,Delivered,Kolkata,C002,South
888ffcb4,2023-04-17,2023-04-19,Delivered,Bangalore,C008,North
88ab37bd,2023-02-17,2023-02-21,Delayed,Delhi,C008,North
00a54bd3,2023-06-20,2023-06-25,Delivered,Mumbai,C006,North
2accf24e,2023-06-21,2023-06-24,Delivered,Bangalore,C003,West
3996f1c6,2023-01-22,2023-01-27,Cancelled,Hyderabad,C002,East
fcc7f4da,2023-05-15,2023-05-18,Delivered,Delhi,C006,East
a1a78b8a,2023-04-03,2023-04-06,Delayed,Chennai,C001,South
410db157,2023-01-18,2023-01-22,Delivered,Kolkata,C010,West
2e085829,2023-05-15,2023-05-16,Delivered,Delhi,C006,East
956dad0f,2023-05-20,2023-05-24,Delivered,Mumbai,C009,South
5fd87584,2023-05-10,2023-05-11,Delayed,Pune,C007,Central
618034df,2023-05-10,2023-05-14,Cancelled,Pune,C009,East
f66003cc,2023-05-22,2023-05-26,Delivered,Delhi,C002,East
4a55d83f,2023-01-06,2023-01-11,Delivered,Chennai,C005,Central
1fc7d581,2023-04-10,2023-04-15,Delivered,Pune,C009,Central
ef6d7ac9,2023-05-01,2023-05-02,Delivered,Kolkata,C007,East
d24e858b,2023-01-12,2023-01-14,Delivered,Hyderabad,C009,Central
8ee7791d,2023-06-12,2023-06-17,Cancelled,Chennai,C006,South
cfc01ab8,2023-04-10,2023-04-13,Delivered,Ahmedabad,C007,East
de0deaa1,2023-04-06,2023-04-08,Delivered,Ahmedabad,C010,East
d9d88c3b,2023-03-06,2023-03-09,Delivered,Delhi,C005,North
ceccd132,2023-01-05,2023-01-06,Delivered,Chennai,C006,East
3d9e4bd5,2023-04-02,2023-04-07,Delivered,Pune,C001,North
4d38986a,2023-01-18,2023-01-19,Delivered,Pune,C001,Central
2bf86960,2023-03-30,2023-04-01,Delayed,Delhi,C002,Central
a2197177,2023-03-03,2023-03-07,Delivered,Pune,C004,South
bf8f4546,2023-06-18,2023-06-22,Delivered,Pune,C009,North
849957f1,2023-06-10,2023-06-15,Delivered,Hyderabad,C007,East
3f204194,2023-01-27,2023-02-01,Delayed,Hyderabad,C006,North
ca159d44,2023-05-29,2023-05-30,Delayed,Mumbai,C001,Central
9d8eb6a3,2023-03-27,2023-03-29,Delivered,Hyderabad,C005,Central
42858a66,2023-02-04,2023-02-08,Delayed,Bangalore,C004,South
355e2a9e,2023-01-12,2023-01-17,Delivered,Chennai,C005,Central
bb985a6c,2023-04-01,2023-04-05,Delivered,Chennai,C009,North
5b7f4627,2023-05-20,2023-05-25,Delivered,Delhi,C003,East
08988a1d,2023-03-28,2023-04-01,Delivered,Hyderabad,C004,East
0efe47bb,2023-06-14,2023-06-18,Delivered,Mumbai,C008,North
070a87dc,2023-02-14,2023-02-19,Delayed,Pune,C003,South
0675f6df,2023-06-25,2023-06-28,Delayed,Mumbai,C003,East
8d247dfb,2023-04-29,2023-05-01,Delivered,Mumbai,C009,North
584ecc0b,2023-06-28,2023-06-30,Delivered,Kolkata,C005,North
467baceb,2023-05-03,2023-05-04,Delivered,Pune,C010,Central
6862a18a,2023-06-11,2023-06-13,Delivered,Bangalore,C001,Central
941e7178,2023-02-16,2023-02-21,Delivered,Hyderabad,C007,South
d5cdef46,2023-02-04,2023-02-06,Delivered,Pune,C007,South
a7646053,2023-01-17,2023-01-22,Delivered,Mumbai,C006,South
0cee7312,2023-04-28,2023-04-29,Delayed,Pune,C006,North
e1d5ca18,2023-01-10,2023-01-15,Delivered,Bangalore,C003,North
d72815c0,2023-03-17,2023-03-21,Delivered,Chennai,C003,Central
fdda41df,2023-02-21,2023-02-26,Delayed,Delhi,C010,East
db0c4b67,2023-01-12,2023-01-17,Delivered,Hyderabad,C009,South
5fb31efb,2023-02-21,2023-02-24,Delivered,Hyderabad,C001,West
170419ff,2023-01-11,2023-01-14,Delivered,Kolkata,C007,South
c6e92041,2023-03-22,2023-03-24,Delivered,Chennai,C010,Central
92850fd3,2023-03-21,2023-03-24,Delayed,Hyderabad,C007,North
bb0bfb13,2023-05-12,2023-05-15,Delivered,Kolkata,C008,Central
28e0d278,2023-04-12,2023-04-17,Delivered,Kolkata,C006,Central
5b44c20b,2023-05-20,2023-05-21,Delayed,Kolkata,C008,Central
6134fe93,2023-05-02,2023-05-04,Delayed,Ahmedabad,C001,West
4cb608db,2023-03-06,2023-03-08,Delayed,Hyderabad,C001,West
b9ad4eed,2023-01-10,2023-01-11,Delivered,Hyderabad,C009,South
8935c517,2023-06-15,2023-06-20,Delivered,Hyderabad,C004,North
f6b4fbeb,2023-02-18,2023-02-20,Cancelled,Bangalore,C003,Central
1977032e,2023-03-15,2023-03-18,Delayed,Kolkata,C006,East
b0b3cc31,2023-04-02,2023-04-03,Delivered,Bangalore,C010,South
d195ea97,2023-01-13,2023-01-15,Delivered,Delhi,C009,South
163d64f5,2023-06-17,2023-06-20,Delivered,Hyderabad,C010,Central
a7436f1f,2023-03-26,2023-03-28,Delayed,Ahmedabad,C004,South
b66743ba,2023-03-11,2023-03-14,Delivered,Pune,C009,Central
7e2bd5e3,2023-02-01,2023-02-02,Delivered,Chennai,C005,South
98a45389,2023-04-05,2023-04-07,Delivered,Ahmedabad,C007,North
8bc3cf67,2023-04-22,2023-04-24,Delivered,Mumbai,C003,South
5044b2d3,2023-04-13,2023-04-18,Delayed,Delhi,C003,South
9414f705,2023-04-23,2023-04-24,Delivered,Pune,C003,East
455df75f,2023-04-09,2023-04-10,Delayed,Mumbai,C008,North
55263efb,2023-03-28,2023-03-31,Cancelled,Mumbai,C006,North
40e92797,2023-02-17,2023-02-22,Delivered,Hyderabad,C009,North
436351f6,2023-05-08,2023-05-11,Delivered,Chennai,C009,South
efcc692c,2023-06-27,2023-06-30,Delivered,Mumbai,C008,West
6f1968f1,2023-05-08,2023-05-09,Delayed,Kolkata,C001,South
cf886b45,2023-04-05,2023-04-10,Delivered,Pune,C006,Central
725aa4ff,2023-05-13,2023-05-16,Delivered,Ahmedabad,C004,East
4647b221,2023-03-10,2023-03-12,Delayed,Ahmedabad,C004,North
4301cbe6,2023-01-22,2023-01-26,Delivered,Mumbai,C003,Central
d9bd3e42,2023-04-19,2023-04-24,Delayed,Delhi,C009,Central
302faa60,2023-01-21,2023-01-24,Delivered,Chennai,C002,West
360c6e9c,2023-04-21,2023-04-24,Delivered,Chennai,C001,North
4cbb71e1,2023-06-04,2023-06-05,Delayed,Ahmedabad,C010,South
6ce9f756,2023-02-16,2023-02-17,Delayed,Mumbai,C003,North
34c00044,2023-05-20,2023-05-23,Delivered,Chennai,C004,East
f5622b67,2023-03-17,2023-03-19,Delayed,Delhi,C004,North
4288d50d,2023-03-24,2023-03-27,Delayed,Ahmedabad,C006,Central
b8092ca5,2023-01-27,2023-01-29,Delivered,Pune,C001,Central
6ab26303,2023-01-21,2023-01-24,Cancelled,Delhi,C001,South
db866498,2023-03-25,2023-03-26,Delivered,Delhi,C002,South
291f526c,2023-06-19,2023-06-24,Delivered,Kolkata,C004,South
cd0b1934,2023-03-17,2023-03-22,Delivered,Hyderabad,C007,East
8dfc37d5,2023-03-20,2023-03-21,Delayed,Mumbai,C006,North
e02decc5,2023-04-25,2023-04-29,Delivered,Pune,C009,West
fcc0de00,2023-06-04,2023-06-07,Delivered,Ahmedabad,C007,North
4a9f2cea,2023-04-20,2023-04-25,Delivered,Chennai,C005,South
0c543fad,2023-02-12,2023-02-17,Delivered,Delhi,C006,East
6b2fa0f9,2023-06-26,2023-06-28,Delivered,Ahmedabad,C010,North
c887b17f,2023-04-24,2023-04-28,Delayed,Mumbai,C009,Central
3928d854,2023-03-31,2023-04-02,Delayed,Pune,C001,North
89aab498,2023-04-25,2023-04-28,Delivered,Pune,C009,Central
dc89a351,2023-01-11,2023-01-14,Cancelled,Mumbai,C006,North
7bfeeeb1,2023-04-01,2023-04-03,Delivered,Hyderabad,C004,North
467a0b56,2023-06-07,2023-06-12,Cancelled,Kolkata,C005,North
e3e55988,2023-04-22,2023-04-26,Delivered,Chennai,C001,South
a775ff4a,2023-03-12,2023-03-14,Delivered,Kolkata,C007,Central
1ddb94c9,2023-06-13,2023-06-17,Delivered,Pune,C008,East
2999eedd,2023-01-15,2023-01-17,Delayed,Chennai,C005,West
194a01d2,2023-01-20,2023-01-24,Delivered,Pune,C002,Central
4b0aba4e,2023-06-21,2023-06-24,Delivered,Delhi,C008,South
ff64fe76,2023-06-13,2023-06-15,Delivered,Delhi,C010,Central
11306f1a,2023-04-14,2023-04-18,Delivered,Mumbai,C007,East
ab1796d2,2023-04-04,2023-04-05,Delivered,Chennai,C010,Central
20d34737,2023-05-12,2023-05-16,Delayed,Chennai,C009,South
f7c34940,2023-06-23,2023-06-25,Delayed,Pune,C004,South
697cd964,2023-02-10,2023-02-14,Delivered,Kolkata,C009,West
19297b11,2023-01-08,2023-01-10,Delayed,Delhi,C004,East
03714a2b,2023-02-06,2023-02-08,Delivered,Bangalore,C003,West
d96c1ff6,2023-06-05,2023-06-07,Delayed,Mumbai,C003,North
71050405,2023-06-23,2023-06-28,Delayed,Ahmedabad,C010,South
daedee61,2023-04-23,2023-04-27,Delivered,Chennai,C002,West
1f349b6e,2023-01-09,2023-01-11,Delayed,Hyderabad,C010,South
cc2c3a0d,2023-02-02,2023-02-05,Delivered,Hyderabad,C003,South
ff7dacce,2023-01-18,2023-01-19,Delivered,Bangalore,C008,North
9f8c6010,2023-03-02,2023-03-05,Delayed,Delhi,C008,South
cef6b4b2,2023-06-15,2023-06-17,Delivered,Delhi,C002,West
8df38aaf,2023-04-04,2023-04-06,Delivered,Delhi,C002,East
38abb872,2023-04-03,2023-04-07,Delivered,Kolkata,C002,Central
e3e71e36,2023-04-09,2023-04-14,Delayed,Pune,C010,West
eff096ff,2023-05-26,2023-05-28,Delivered,Hyderabad,C007,North
bbef50d0,2023-01-09,2023-01-10,Delivered,Delhi,C006,Central
f5b690b1,2023-06-04,2023-06-06,Delayed,Hyderabad,C001,South
27ce8fd7,2023-02-09,2023-02-10,Delayed,Bangalore,C002,West
ad3c1288,2023-06-23,2023-06-27,Delivered,Mumbai,C001,Central
cb95c7ce,2023-04-26,2023-04-28,Delivered,Pune,C007,West
ecf0cae1,2023-04-05,2023-04-09,Delivered,Kolkata,C006,South
c9a3d1c6,2023-04-06,2023-04-10,Delivered,Chennai,C002,West
f017d23e,2023-04-24,2023-04-25,Delivered,Bangalore,C002,North
7249781b,2023-01-20,2023-01-25,Delayed,Pune,C002,Central
5529911e,2023-05-27,2023-05-29,Delivered,Hyderabad,C008,Central
6c673a0c,2023-02-05,2023-02-06,Delivered,Bangalore,C007,Central
4b927ae8,2023-05-16,2023-05-21,Delivered,Chennai,C001,West
eeb3d94b,2023-04-04,2023-04-05,Delayed,Pune,C004,South
d29b69b7,2023-04-12,2023-04-16,Delivered,Kolkata,C004,West
acf69677,2023-03-22,2023-03-26,Cancelled,Ahmedabad,C007,West
7579dd90,2023-06-16,2023-06-17,Delivered,Mumbai,C002,Central
613d7073,2023-03-13,2023-03-14,Delivered,Chennai,C004,South
7ab43190,2023-03-05,2023-03-06,Delivered,Pune,C001,East
9badc870,2023-01-30,2023-01-31,Delivered,Kolkata,C004,South
7f11cc06,2023-01-07,2023-01-09,Delayed,Hyderabad,C001,West
1a1d12c0,2023-02-17,2023-02-19,Delivered,Chennai,C002,North
d1f8b96a,2023-05-08,2023-05-09,Delivered,Ahmedabad,C002,South
cb49a61d,2023-05-13,2023-05-16,Delayed,Bangalore,C010,Central
c2db7c59,2023-04-10,2023-04-12,Delivered,Delhi,C003,North
7f48432b,2023-05-24,2023-05-29,Delayed,Bangalore,C008,East
54016b3e,2023-01-31,2023-02-01,Delivered,Hyderabad,C006,East
cb105f80,2023-03-09,2023-03-10,Delivered,Pune,C006,North
597d406a,2023-03-08,2023-03-09,Delayed,Ahmedabad,C009,East
faacda2b,2023-06-30,2023-07-05,Delivered,Mumbai,C008,North
e2c6a029,2023-04-25,2023-04-28,Delivered,Chennai,C002,West
06274adf,2023-02-24,2023-02-25,Delivered,Pune,C006,North
5d292c91,2023-06-06,2023-06-08,Delivered,Mumbai,C001,West
b0a86932,2023-03-15,2023-03-17,Delivered,Hyderabad,C009,Central
123c5267,2023-06-27,2023-07-01,Delivered,Chennai,C004,Central
6d41f46a,2023-05-06,2023-05-11,Delayed,Kolkata,C004,East
002208a1,2023-02-21,2023-02-25,Delayed,Kolkata,C009,North
6e75a042,2023-02-01,2023-02-03,Delayed,Pune,C003,West
9baae8b2,2023-02-04,2023-02-07,Delayed,Bangalore,C005,Central
67b0724b,2023-01-19,2023-01-22,Delivered,Pune,C001,Central
73275873,2023-04-26,2023-04-30,Delivered,Bangalore,C006,Central
03b8135f,2023-02-14,2023-02-16,Delayed,Ahmedabad,C003,East
35abd4f4,2023-04-24,2023-04-26,Delivered,Hyderabad,C001,Central
8330aa4c,2023-01-23,2023-01-24,Delivered,Kolkata,C010,South
59131881,2023-06-24,2023-06-29,Delivered,Ahmedabad,C006,East
f7bc0b4c,2023-03-23,2023-03-26,Delivered,Chennai,C010,North
905b5cc5,2023-06-20,2023-06-25,Delivered,Kolkata,C002,South
7c6f642d,2023-03-30,2023-03-31,Delayed,Bangalore,C008,East
4d56b098,2023-01-17,2023-01-18,Delivered,Pune,C002,East
e727c9f4,2023-05-21,2023-05-22,Delivered,Hyderabad,C004,West
d1d6fede,2023-05-19,2023-05-20,Cancelled,Kolkata,C003,South
f58343e2,2023-03-16,2023-03-21,Delivered,Ahmedabad,C009,South
159158b1,2023-03-18,2023-03-21,Delivered,Hyderabad,C002,South
26e90010,2023-02-10,2023-02-11,Delivered,Ahmedabad,C003,Central
e8fcf504,2023-06-29,2023-07-04,Delayed,Kolkata,C007,Central
cdb5bfb7,2023-06-13,2023-06-17,Delayed,Pune,C004,North
d28cfeb6,2023-02-14,2023-02-16,Delivered,Mumbai,C006,North
7aa766cb,2023-04-03,2023-04-04,Delayed,Pune,C003,North
2c03c5da,2023-05-11,2023-05-13,Delivered,Kolkata,C001,Central
8568097d,2023-02-27,2023-02-28,Delayed,Bangalore,C006,West
0d2f4a8c,2023-02-01,2023-02-03,Delayed,Pune,C004,North
c65ac3d9,2023-02-21,2023-02-25,Delayed,Chennai,C002,East
9da85558,2023-02-05,2023-02-09,Delivered,Bangalore,C007,Central
1d516832,2023-03-02,2023-03-04,Cancelled,Bangalore,C010,West
589e7b6d,2023-05-07,2023-05-10,Delayed,Bangalore,C005,East
d2ee7f01,2023-01-07,2023-01-10,Delivered,Hyderabad,C006,East
8fa3a4a9,2023-04-03,2023-04-05,Delayed,Delhi,C006,Central
871cf06a,2023-05-22,2023-05-26,Delivered,Delhi,C009,South
ea96d5c4,2023-05-27,2023-05-28,Delayed,Mumbai,C002,West
e4871d14,2023-04-05,2023-04-09,Delivered,Ahmedabad,C006,Central
7a41c2f5,2023-04-30,2023-05-02,Delayed,Ahmedabad,C009,South
19f82ccf,2023-05-22,2023-05-23,Delivered,Bangalore,C004,Central
5d4ebc63,2023-02-03,2023-02-05,Delivered,Delhi,C006,Central
efbd11de,2023-06-06,2023-06-07,Delivered,Mumbai,C007,East
34a5027a,2023-01-23,2023-01-26,Delivered,Hyderabad,C001,Central
dff4d864,2023-01-17,2023-01-20,Delivered,Bangalore,C005,South
87d71955,2023-03-21,2023-03-22,Delivered,Chennai,C004,East
9c67fdab,2023-04-12,2023-04-17,Delivered,Hyderabad,C010,South
de5bc0cb,2023-05-03,2023-05-06,Delivered,Mumbai,C002,South
207ee9ce,2023-05-15,2023-05-16,Delivered,Hyderabad,C002,East
def5d3c0,2023-04-16,2023-04-19,Delayed,Chennai,C002,South
7da1e7ad,2023-04-15,2023-04-16,Delivered,Ahmedabad,C007,North
2736208d,2023-05-28,2023-05-29,Delayed,Hyderabad,C004,Central
9d611681,2023-01-19,2023-01-24,Delayed,Mumbai,C006,East
ebe0940c,2023-02-02,2023-02-04,Delivered,Ahmedabad,C007,East
6a6addcf,2023-03-23,2023-03-25,Delivered,Ahmedabad,C009,North
b0ce4a98,2023-06-14,2023-06-18,Delayed,Ahmedabad,C002,North
a2420c0d,2023-01-19,2023-01-24,Delivered,Chennai,C010,North
9f8a3a77,2023-04-26,2023-04-29,Delivered,Chennai,C009,North
032b4875,2023-04-30,2023-05-05,Delivered,Ahmedabad,C005,West
33706285,2023-06-24,2023-06-26,Delayed,Hyderabad,C006,East
bc444674,2023-05-13,2023-05-17,Delivered,Chennai,C006,South
d297e2d5,2023-03-30,2023-04-01,Delivered,Pune,C003,East
c391d5e7,2023-02-02,2023-02-05,Cancelled,Hyderabad,C010,East
9cf621ee,2023-05-22,2023-05-27,Delayed,Bangalore,C007,East
0a07008b,2023-06-13,2023-06-16,Delivered,Chennai,C007,North
829b5ea9,2023-05-31,2023-06-03,Delivered,Hyderabad,C008,North
9ca2509e,2023-02-16,2023-02-17,Delayed,Bangalore,C005,West
5300a968,2023-02-03,2023-02-06,Delivered,Chennai,C002,East
25c2f0ec,2023-04-21,2023-04-25,Delivered,Bangalore,C003,Central
3adf14fc,2023-05-09,2023-05-12,Delivered,Kolkata,C009,West
206aba25,2023-01-15,2023-01-18,Delayed,Chennai,C006,North
68649b8f,2023-02-01,2023-02-02,Delivered,Kolkata,C008,East
234f3b1c,2023-05-13,2023-05-14,Delayed,Mumbai,C008,North
dce9c62d,2023-02-09,2023-02-11,Delayed,Mumbai,C005,South
ed9bcc0c,2023-03-19,2023-03-21,Delivered,Hyderabad,C001,North
3a29ad7d,2023-02-12,2023-02-15,Delivered,Delhi,C006,North
32b7c8a2,2023-02-11,2023-02-13,Delivered,Kolkata,C007,West
782f62fd,2023-03-24,2023-03-28,Delivered,Kolkata,C009,South
c398cceb,2023-02-27,2023-03-03,Delivered,Mumbai,C002,Central
6ad1e474,2023-03-30,2023-04-03,Delayed,Kolkata,C002,Central
dfa9866f,2023-05-13,2023-05-14,Delivered,Delhi,C010,Central
041ea6ec,2023-03-14,2023-03-15,Delayed,Ahmedabad,C001,East
67f90a5e,2023-01-21,2023-01-26,Delivered,Bangalore,C005,Central
414f6bf2,2023-03-06,2023-03-10,Delivered,Bangalore,C002,East
23c398b2,2023-02-20,2023-02-23,Delivered,Delhi,C003,North
9f9b821e,2023-06-12,2023-06-14,Delivered,Kolkata,C002,Central
fcbac387,2023-05-22,2023-05-23,Delayed,Kolkata,C004,West
4788be78,2023-03-12,2023-03-15,Delivered,Kolkata,C003,South
ba703e92,2023-02-02,2023-02-04,Delivered,Pune,C009,South
2c001fc7,2023-06-10,2023-06-12,Delivered,Hyderabad,C010,North
d96a6550,2023-03-19,2023-03-23,Delivered,Chennai,C002,South
3dc8596e,2023-06-07,2023-06-10,Delivered,Delhi,C007,South
58ee4d9c,2023-05-17,2023-05-20,Delivered,Delhi,C003,North
de9a285f,2023-01-24,2023-01-28,Cancelled,Pune,C010,North
fa37182a,2023-05-09,2023-05-13,Delivered,Delhi,C008,North
0e096440,2023-06-14,2023-06-18,Delayed,Ahmedabad,C004,West
389baa12,2023-02-13,2023-02-17,Delivered,Ahmedabad,C004,North
4cf27c99,2023-06-01,2023-06-06,Delivered,Delhi,C009,North
b5d8d018,2023-05-29,2023-06-01,Delivered,Pune,C003,North
0f397b6f,2023-02-09,2023-02-11,Delivered,Delhi,C007,Central
3377073e,2023-02-13,2023-02-15,Delivered,Kolkata,C001,Central
2530cbd7,2023-06-18,2023-06-22,Delivered,Pune,C007,West
db7f8c06,2023-06-09,2023-06-13,Delivered,Hyderabad,C010,West
5655abd0,2023-06-04,2023-06-09,Delivered,Mumbai,C002,South
bcb3bf19,2023-03-28,2023-04-01,Delivered,Kolkata,C006,Central
489d62ae,2023-05-25,2023-05-30,Cancelled,Ahmedabad,C009,West
b1dd5455,2023-01-11,2023-01-16,Delivered,Kolkata,C006,West
7c953cdb,2023-01-08,2023-01-12,Delivered,Chennai,C003,South
a26996ee,2023-01-21,2023-01-26,Delivered,Pune,C001,North
bb75c69c,2023-01-12,2023-01-17,Delivered,Ahmedabad,C004,East
2ebb5009,2023-06-14,2023-06-16,Delivered,Mumbai,C004,South
fa15d907,2023-05-28,2023-06-01,Delivered,Delhi,C008,East
469fd647,2023-03-09,2023-03-10,Delivered,Mumbai,C010,South
06fd5f61,2023-06-16,2023-06-21,Delivered,Hyderabad,C010,South
43997fc3,2023-02-23,2023-02-27,Delivered,Bangalore,C007,North
df1f1914,2023-05-27,2023-06-01,Delivered,Kolkata,C010,West
2f8b8832,2023-04-17,2023-04-22,Delivered,Pune,C007,Central
19d272e1,2023-06-08,2023-06-10,Delivered,Pune,C007,South
0f70879d,2023-06-13,2023-06-14,Delivered,Mumbai,C002,North
d63c5646,2023-01-08,2023-01-10,Delayed,Chennai,C009,East
5d8222fc,2023-05-08,2023-05-11,Delivered,Ahmedabad,C006,West
e41efa77,2023-06-10,2023-06-11,Delivered,Hyderabad,C002,South
00e8c8d1,2023-05-20,2023-05-22,Delivered,Bangalore,C001,East
51cc60c2,2023-03-16,2023-03-17,Delayed,Hyderabad,C001,South
95034448,2023-06-14,2023-06-17,Delivered,Pune,C001,Central
0dfd23b1,2023-03-19,2023-03-24,Delivered,Delhi,C004,Central
1eb5b7f4,2023-05-04,2023-05-08,Delivered,Bangalore,C004,West
04e7ab0f,2023-03-04,2023-03-06,Delivered,Ahmedabad,C009,East
eb33c814,2023-06-25,2023-06-26,Delivered,Ahmedabad,C001,Central
5159219c,2023-04-14,2023-04-15,Delivered,Pune,C003,North
8d7cc5d4,2023-03-18,2023-03-21,Delayed,Chennai,C003,West
eaa9380e,2023-04-27,2023-04-30,Delivered,Bangalore,C008,South
ff1d4801,2023-01-19,2023-01-21,Delayed,Pune,C002,East
b5ed4daa,2023-06-26,2023-06-29,Cancelled,Chennai,C006,East
18fceb7f,2023-01-16,2023-01-20,Delivered,Delhi,C004,North
4f7c232f,2023-02-10,2023-02-12,Delivered,Chennai,C010,Central
50415a3c,2023-04-23,2023-04-28,Delivered,Hyderabad,C006,East
7b06281e,2023-04-17,2023-04-21,Delivered,Mumbai,C005,North
a1164745,2023-05-04,2023-05-06,Delivered,Hyderabad,C009,North
43ff948d,2023-04-29,2023-05-01,Delayed,Ahmedabad,C009,South
2c83f767,2023-02-22,2023-02-24,Delayed,Pune,C001,North
bfff0cbc,2023-03-29,2023-03-30,Delivered,Pune,C003,West
7af20318,2023-06-05,2023-06-07,Delivered,Kolkata,C001,East
874cd674,2023-02-06,2023-02-07,Delayed,Hyderabad,C006,West
02ac2bb0,2023-03-22,2023-03-24,Cancelled,Bangalore,C003,North
572d289c,2023-03-23,2023-03-27,Delayed,Ahmedabad,C001,North
8d0b5bcb,2023-03-30,2023-03-31,Delivered,Delhi,C006,West
841d921c,2023-04-13,2023-04-17,Delivered,Ahmedabad,C005,South
16487046,2023-02-03,2023-02-06,Delivered,Kolkata,C008,North
e0df270e,2023-04-05,2023-04-06,Delivered,Kolkata,C002,West
2c67ba39,2023-05-12,2023-05-13,Delivered,Kolkata,C008,West
703b4ac8,2023-05-24,2023-05-29,Delivered,Pune,C005,East
d9cd30a0,2023-01-28,2023-01-29,Delayed,Mumbai,C008,South
69d65066,2023-03-23,2023-03-27,Delivered,Chennai,C010,Central
a7fb02bf,2023-03-03,2023-03-08,Delivered,Bangalore,C004,West
f4fdb213,2023-04-30,2023-05-02,Delivered,Ahmedabad,C004,East
a68d9b1a,2023-02-01,2023-02-02,Delivered,Pune,C010,Central
a24d6bc8,2023-03-10,2023-03-12,Delivered,Ahmedabad,C004,East
486458c6,2023-04-26,2023-04-29,Delivered,Delhi,C006,East
a58d60a6,2023-03-05,2023-03-07,Delayed,Pune,C004,South
4af5a438,2023-02-06,2023-02-07,Delivered,Mumbai,C009,North
cb311a64,2023-01-25,2023-01-27,Delivered,Ahmedabad,C009,South
73852f46,2023-01-13,2023-01-14,Delivered,Pune,C003,Central
2c371ac8,2023-03-16,2023-03-17,Delayed,Pune,C007,South
1c13aa23,2023-04-09,2023-04-14,Delivered,Hyderabad,C005,North
73ba887b,2023-06-07,2023-06-11,Delivered,Delhi,C009,South
d2099ab3,2023-04-18,2023-04-20,Delivered,Kolkata,C002,South
16b41495,2023-03-05,2023-03-07,Delivered,Delhi,C003,South
2de64166,2023-02-10,2023-02-14,Delivered,Delhi,C010,West
91c484a7,2023-03-25,2023-03-27,Delivered,Hyderabad,C005,West
688185c5,2023-05-28,2023-06-02,Delayed,Chennai,C005,South
0ed2b2ac,2023-03-22,2023-03-25,Delivered,Pune,C010,North
c8478750,2023-02-18,2023-02-22,Delayed,Bangalore,C007,North
15066dab,2023-02-10,2023-02-14,Delayed,Kolkata,C008,North
6e0dd676,2023-05-08,2023-05-11,Delivered,Ahmedabad,C008,North
e24c82a7,2023-05-12,2023-05-16,Delayed,Chennai,C001,East
2b224231,2023-04-30,2023-05-01,Delivered,Mumbai,C001,South
d2372d17,2023-05-08,2023-05-11,Delivered,Pune,C003,South
cc2dfb8e,2023-03-20,2023-03-21,Delivered,Kolkata,C001,East
e49f18ca,2023-05-08,2023-05-10,Delivered,Bangalore,C001,North
9e0675e0,2023-01-06,2023-01-07,Delivered,Pune,C010,Central
c12da2a8,2023-01-24,2023-01-25,Delivered,Mumbai,C008,Central
c0688569,2023-04-11,2023-04-16,Delivered,Hyderabad,C001,East
af39911a,2023-05-10,2023-05-12,Delivered,Chennai,C009,Central
44dad11f,2023-04-28,2023-05-03,Delivered,Pune,C002,West
2db72558,2023-03-03,2023-03-05,Delivered,Kolkata,C009,South
2b105b4a,2023-02-25,2023-02-26,Delivered,Delhi,C007,Central
9138541b,2023-05-30,2023-06-03,Delivered,Ahmedabad,C009,West
751cc131,2023-04-01,2023-04-05,Delayed,Ahmedabad,C003,South
0479232f,2023-01-13,2023-01-17,Delivered,Ahmedabad,C001,West
8a370d74,2023-01-13,2023-01-18,Delayed,Bangalore,C001,South
1982b7ad,2023-03-14,2023-03-17,Delayed,Pune,C010,South
f036bef4,2023-05-07,2023-05-12,Delivered,Ahmedabad,C006,Central
95166113,2023-06-02,2023-06-07,Delivered,Kolkata,C007,East
13ccdf4a,2023-06-17,2023-06-20,Delivered,Delhi,C009,Central
6914cfca,2023-06-22,2023-06-24,Delivered,Kolkata,C006,North
5adff86f,2023-05-01,2023-05-05,Delayed,Pune,C005,West
0a93a97f,2023-03-15,2023-03-17,Delivered,Mumbai,C002,North
dabe8b12,2023-05-18,2023-05-21,Delayed,Delhi,C002,South
5df99796,2023-01-03,2023-01-04,Delayed,Delhi,C008,Central
0f886a03,2023-01-28,2023-02-02,Delayed,Kolkata,C001,North
54f8df39,2023-04-21,2023-04-25,Delayed,Hyderabad,C008,North
ab4051df,2023-02-04,2023-02-06,Delivered,Pune,C010,North
da538a0b,2023-03-09,2023-03-11,Delivered,Ahmedabad,C007,South
ee2e86f0,2023-04-04,2023-04-08,Delivered,Hyderabad,C007,South
2b7eb7cb,2023-04-14,2023-04-19,Delivered,Chennai,C005,South
9e41351f,2023-04-04,2023-04-05,Delivered,Ahmedabad,C003,North
e3c1db86,2023-01-12,2023-01-14,Delayed,Mumbai,C007,West
a64d65f8,2023-04-13,2023-04-17,Delayed,Hyderabad,C007,Central
e7cac8c8,2023-01-14,2023-01-16,Delivered,Kolkata,C007,Central
82c90779,2023-05-26,2023-05-31,Delivered,Pune,C002,South
704044c4,2023-05-24,2023-05-29,Delivered,Hyderabad,C003,North
3c963367,2023-02-19,2023-02-20,Delivered,Chennai,C003,West
e13772c6,2023-04-03,2023-04-07,Delayed,Bangalore,C004,East
38a992f1,2023-05-22,2023-05-26,Delivered,Chennai,C009,South
55c1d54a,2023-03-15,2023-03-18,Delivered,Delhi,C010,East
7ea5a5da,2023-01-19,2023-01-23,Delivered,Ahmedabad,C001,Central
0bb18798,2023-04-09,2023-04-13,Delivered,Pune,C007,Central
96db8f85,2023-05-10,2023-05-12,Delivered,Delhi,C007,West
d74291c8,2023-04-26,2023-04-27,Delivered,Hyderabad,C004,West
2af0f6f8,2023-05-21,2023-05-24,Delivered,Hyderabad,C001,East
8b145f92,2023-03-13,2023-03-17,Delivered,Chennai,C003,Central
594feee0,2023-06-09,2023-06-11,Delivered,Chennai,C005,West
fe01b99a,2023-06-24,2023-06-27,Delivered,Kolkata,C002,West
8fd37ea9,2023-06-06,2023-06-07,Delivered,Mumbai,C007,Central
bcac6b70,2023-01-31,2023-02-01,Delivered,Kolkata,C010,Central
142d8f2b,2023-02-02,2023-02-03,Delivered,Delhi,C010,North
a85c0696,2023-01-25,2023-01-28,Cancelled,Kolkata,C007,West
087c656d,2023-04-11,2023-04-16,Delivered,Chennai,C010,East
8abfe3f3,2023-04-06,2023-04-09,Delayed,Pune,C005,South
2d832c05,2023-03-28,2023-03-29,Delivered,Kolkata,C010,South
18eacca1,2023-05-23,2023-05-25,Delivered,Bangalore,C006,Central
4753e2e1,2023-04-04,2023-04-07,Delivered,Ahmedabad,C001,East
c207e8fb,2023-02-06,2023-02-08,Delivered,Mumbai,C004,North
8933cd5a,2023-02-20,2023-02-25,Cancelled,Chennai,C004,West
b2c09850,2023-06-04,2023-06-05,Delivered,Pune,C008,North
af3125b0,2023-05-11,2023-05-12,Delivered,Hyderabad,C002,East
e8d3219a,2023-04-13,2023-04-15,Delivered,Ahmedabad,C001,North
56d4d5e2,2023-05-09,2023-05-14,Delivered,Kolkata,C007,Central
57599339,2023-01-11,2023-01-12,Delivered,Chennai,C006,South
ab76f376,2023-01-12,2023-01-15,Delivered,Hyderabad,C005,Central
ff0744cc,2023-01-10,2023-01-12,Delayed,Hyderabad,C008,West
db40ec60,2023-02-05,2023-02-10,Delivered,Delhi,C002,Central
71493fab,2023-03-27,2023-03-29,Delivered,Delhi,C002,East
6755aa6e,2023-05-02,2023-05-03,Delayed,Pune,C009,East
be475ddf,2023-05-13,2023-05-15,Delivered,Chennai,C001,West
70502e8c,2023-04-27,2023-04-30,Cancelled,Ahmedabad,C006,West
46e6a75a,2023-02-08,2023-02-09,Delivered,Pune,C003,South
6d420778,2023-06-05,2023-06-10,Delayed,Chennai,C005,North
c91e90e8,2023-05-12,2023-05-17,Delivered,Bangalore,C008,South
68303cdb,2023-02-05,2023-02-06,Delayed,Mumbai,C007,Central
46e6247d,2023-03-25,2023-03-30,Cancelled,Mumbai,C004,North
f455b7db,2023-06-06,2023-06-10,Delivered,Ahmedabad,C008,West
fba2dbbc,2023-03-23,2023-03-24,Cancelled,Chennai,C010,East
0dc2a2b0,2023-02-11,2023-02-12,Delivered,Delhi,C002,Central
72755618,2023-04-11,2023-04-14,Delivered,Ahmedabad,C007,South
85cb5b87,2023-06-07,2023-06-08,Delivered,Kolkata,C005,West
039327e8,2023-03-18,2023-03-21,Delivered,Pune,C006,North
51457928,2023-06-01,2023-06-02,Delivered,Bangalore,C003,North
29f5f7f7,2023-03-28,2023-03-31,Delivered,Mumbai,C010,East
cf5d6d4f,2023-05-10,2023-05-13,Delivered,Chennai,C007,West
d52688b2,2023-05-11,2023-05-15,Delayed,Delhi,C007,West
d68c73d8,2023-05-17,2023-05-22,Delayed,Delhi,C002,Central
d76f1f5b,2023-05-06,2023-05-08,Delivered,Delhi,C001,Central
b9a36a33,2023-05-25,2023-05-28,Delivered,Pune,C010,North
bb7b07ef,2023-03-18,2023-03-22,Delivered,Kolkata,C002,South
237a6466,2023-05-02,2023-05-05,Delivered,Hyderabad,C008,North
5b7699e2,2023-01-05,2023-01-07,Delivered,Ahmedabad,C010,Central
1d26b2f9,2023-04-05,2023-04-06,Delivered,Pune,C003,Central
51f9db2a,2023-03-26,2023-03-29,Delivered,Kolkata,C004,Central
f1434748,2023-06-22,2023-06-26,Cancelled,Delhi,C008,North
9caf14ca,2023-01-29,2023-02-03,Delivered,Chennai,C003,West
1be0bb16,2023-04-17,2023-04-18,Delivered,Ahmedabad,C006,South
08264c0a,2023-05-30,2023-06-04,Delivered,Bangalore,C002,South
da7b6766,2023-03-20,2023-03-22,Delivered,Kolkata,C003,Central
01952469,2023-06-26,2023-06-27,Delivered,Chennai,C001,East
9c8b707c,2023-06-11,2023-06-16,Delivered,Pune,C009,North
d1376dd5,2023-01-07,2023-01-11,Delivered,Pune,C004,West
c102a7de,2023-06-02,2023-06-06,Delivered,Ahmedabad,C006,Central
00d05330,2023-05-02,2023-05-07,Cancelled,Delhi,C007,East
a3578e15,2023-03-09,2023-03-10,Delayed,Bangalore,C002,Central
b63598ef,2023-06-17,2023-06-20,Delivered,Mumbai,C008,East
c94a10b4,2023-05-29,2023-05-31,Delivered,Mumbai,C009,South
ec856ab6,2023-05-28,2023-05-30,Delivered,Pune,C010,East
a7494ff9,2023-02-28,2023-03-04,Delivered,Chennai,C002,South
60153c7c,2023-01-14,2023-01-15,Delivered,Bangalore,C005,South
81a93498,2023-05-30,2023-05-31,Delivered,Chennai,C002,North
292a9dd3,2023-05-03,2023-05-05,Delivered,Bangalore,C005,East
1038e4cc,2023-02-13,2023-02-15,Delivered,Bangalore,C007,West
6c1a7d0b,2023-05-15,2023-05-17,Delivered,Pune,C006,West
880ef2d8,2023-06-11,2023-06-13,Cancelled,Chennai,C004,East
e2e600a5,2023-06-08,2023-06-13,Delayed,Pune,C002,North
3ac6264b,2023-04-08,2023-04-13,Delayed,Ahmedabad,C007,West
03f9df8a,2023-02-07,2023-02-12,Delivered,Bangalore,C010,Central
0c51ba45,2023-06-24,2023-06-29,Delayed,Kolkata,C009,West
fa3313ea,2023-03-04,2023-03-07,Delivered,Delhi,C001,North
ac253043,2023-01-09,2023-01-13,Delayed,Ahmedabad,C003,South
e1869526,2023-05-27,2023-05-29,Delivered,Bangalore,C007,South
e89c67c6,2023-06-29,2023-07-02,Delayed,Kolkata,C009,South
f4f017b5,2023-01-29,2023-02-01,Delivered,Bangalore,C005,North
75c1ae4d,2023-02-18,2023-02-21,Delayed,Kolkata,C007,South
a40a1d5f,2023-01-05,2023-01-10,Delayed,Chennai,C010,South
8a1b4a67,2023-04-23,2023-04-27,Delivered,Mumbai,C007,North
6121918a,2023-03-22,2023-03-23,Delivered,Hyderabad,C004,Central
2417a7b6,2023-04-18,2023-04-22,Cancelled,Ahmedabad,C005,West
d69abcd1,2023-02-08,2023-02-10,Delivered,Bangalore,C002,North
33d16c0c,2023-04-16,2023-04-18,Delayed,Hyderabad,C008,North
96ef936e,2023-06-26,2023-07-01,Delivered,Bangalore,C001,East
a53086b5,2023-02-22,2023-02-27,Delivered,Chennai,C002,South
ac734ae6,2023-04-16,2023-04-17,Delivered,Chennai,C003,Central
256d7932,2023-05-09,2023-05-11,Delivered,Kolkata,C007,East
0211273f,2023-06-06,2023-06-11,Delayed,Bangalore,C006,Central
516f2ef4,2023-05-01,2023-05-05,Delivered,Chennai,C007,South
7dd57689,2023-01-16,2023-01-17,Delivered,Chennai,C005,South
a9cb1634,2023-06-30,2023-07-01,Delivered,Bangalore,C004,South
40cbe3fc,2023-02-05,2023-02-07,Delivered,Kolkata,C007,West
41237f4b,2023-05-13,2023-05-16,Delayed,Kolkata,C003,Central
1f7e1a81,2023-02-23,2023-02-28,Cancelled,Kolkata,C010,Central
ff73b585,2023-05-24,2023-05-25,Delivered,Kolkata,C007,East
be88e835,2023-03-25,2023-03-29,Delayed,Mumbai,C002,North
52c75053,2023-06-19,2023-06-20,Delayed,Bangalore,C008,South
58841998,2023-05-03,2023-05-07,Delivered,Pune,C006,South
85a530df,2023-05-15,2023-05-18,Cancelled,Mumbai,C003,East
29cbfa04,2023-04-07,2023-04-09,Delivered,Chennai,C003,Central
dc858980,2023-03-22,2023-03-25,Delivered,Mumbai,C005,West
5d5d1766,2023-02-14,2023-02-16,Delayed,Ahmedabad,C003,Central
5b51e881,2023-04-28,2023-04-29,Delivered,Pune,C006,West
81955c78,2023-05-17,2023-05-20,Delayed,Pune,C002,West
e9e6fff9,2023-03-29,2023-04-03,Delayed,Pune,C008,Central
a00dd12a,2023-05-20,2023-05-23,Delivered,Kolkata,C009,South
21fce4b6,2023-04-01,2023-04-04,Delayed,Chennai,C007,West
16183674,2023-06-23,2023-06-24,Delivered,Mumbai,C003,East
6e5682a2,2023-06-24,2023-06-25,Delivered,Mumbai,C010,East
24a65eae,2023-06-14,2023-06-16,Delivered,Ahmedabad,C004,West
ec070311,2023-06-27,2023-07-01,Delayed,Bangalore,C010,South
4ced085b,2023-03-09,2023-03-12,Delivered,Mumbai,C002,West
46b48abd,2023-06-06,2023-06-10,Delivered,Ahmedabad,C009,East
6cd4b549,2023-05-04,2023-05-07,Delayed,Chennai,C005,East
366d7041,2023-02-19,2023-02-23,Delayed,Kolkata,C002,Central
cb248cec,2023-03-05,2023-03-07,Delayed,Bangalore,C010,South
b2f411bc,2023-03-13,2023-03-14,Delivered,Ahmedabad,C006,Central
46ea7c95,2023-05-23,2023-05-28,Delivered,Mumbai,C007,North
7283bdca,2023-03-18,2023-03-22,Delivered,Bangalore,C002,West
bdb39908,2023-02-27,2023-02-28,Delayed,Hyderabad,C001,Central
7f916f46,2023-03-18,2023-03-21,Delivered,Bangalore,C007,South
8eb5942f,2023-03-15,2023-03-18,Delivered,Pune,C001,West
365e0f62,2023-06-30,2023-07-04,Cancelled,Kolkata,C003,West
94bc001e,2023-02-23,2023-02-27,Delivered,Pune,C004,West
5cac8d2b,2023-06-26,2023-07-01,Cancelled,Hyderabad,C002,West
8ce95272,2023-06-30,2023-07-02,Delivered,Pune,C007,West
5f50ebbd,2023-05-06,2023-05-10,Delayed,Hyderabad,C005,South
adb06473,2023-03-23,2023-03-26,Delivered,Bangalore,C001,North
c2ebec05,2023-05-03,2023-05-08,Delivered,Chennai,C008,East
67c1c829,2023-03-31,2023-04-05,Delayed,Kolkata,C010,North
286966dd,2023-05-24,2023-05-27,Delayed,Chennai,C007,East
0055f406,2023-03-12,2023-03-15,Delayed,Kolkata,C004,Central
e7fe1e4a,2023-03-15,2023-03-16,Delivered,Ahmedabad,C002,West
1c7554a6,2023-02-01,2023-02-05,Delayed,Kolkata,C007,Central
b957862f,2023-05-27,2023-06-01,Delayed,Pune,C002,Central
2a825420,2023-06-23,2023-06-27,Delivered,Pune,C006,East
5aa498b2,2023-05-20,2023-05-23,Delayed,Chennai,C001,South
7d09346a,2023-04-08,2023-04-09,Delayed,Delhi,C007,West
66ca1b2b,2023-04-12,2023-04-17,Delivered,Ahmedabad,C007,Central
18494953,2023-03-30,2023-03-31,Delivered,Hyderabad,C004,North
d61842c8,2023-02-07,2023-02-09,Delivered,Pune,C004,West
6f5cab1b,2023-03-16,2023-03-21,Delivered,Ahmedabad,C010,South
73101290,2023-01-11,2023-01-12,Delivered,Pune,C005,West
9b9593d1,2023-03-15,2023-03-17,Delivered,Pune,C002,Central
ade6f876,2023-01-21,2023-01-22,Delivered,Bangalore,C009,North
ccb6d4db,2023-03-30,2023-04-02,Delivered,Chennai,C010,Central
b21fdf42,2023-04-24,2023-04-28,Delivered,Chennai,C004,South
c1dbb587,2023-06-17,2023-06-19,Delayed,Pune,C009,East
fea290b8,2023-03-07,2023-03-12,Delayed,Bangalore,C003,North
454ea712,2023-05-03,2023-05-07,Delivered,Pune,C009,South
21cd736c,2023-02-24,2023-02-25,Cancelled,Hyderabad,C001,South
78462b61,2023-02-21,2023-02-23,Delivered,Bangalore,C007,Central
857a610c,2023-05-18,2023-05-22,Delivered,Pune,C004,Central
0308dc5a,2023-03-11,2023-03-15,Delivered,Kolkata,C007,Central
82ac8916,2023-05-24,2023-05-25,Delivered,Delhi,C010,East
64d2a203,2023-06-28,2023-07-01,Delayed,Kolkata,C006,West
98453d07,2023-03-11,2023-03-15,Delayed,Delhi,C004,West
05eb19c1,2023-02-05,2023-02-09,Delivered,Bangalore,C004,Central
53c0a6f7,2023-01-28,2023-02-02,Delivered,Kolkata,C008,Central
65468d4b,2023-06-07,2023-06-11,Delivered,Hyderabad,C007,East
13dc4431,2023-05-31,2023-06-01,Delivered,Ahmedabad,C004,West
eb450a17,2023-03-03,2023-03-04,Delivered,Kolkata,C006,East
7361f9d5,2023-03-04,2023-03-06,Delivered,Chennai,C006,South
fec27259,2023-01-13,2023-01-14,Delayed,Ahmedabad,C001,West
171eada0,2023-06-21,2023-06-25,Delayed,Ahmedabad,C002,Central
90bbfc1d,2023-05-16,2023-05-20,Delivered,Delhi,C004,North
997eab95,2023-02-27,2023-03-01,Delayed,Delhi,C006,South
b57ab2d4,2023-06-13,2023-06-17,Delivered,Pune,C006,North
f2d43a27,2023-03-01,2023-03-04,Delivered,Hyderabad,C001,East
61f6d26a,2023-01-14,2023-01-15,Delivered,Delhi,C008,East
6f277e73,2023-01-26,2023-01-29,Delivered,Delhi,C002,East
415ee528,2023-04-16,2023-04-19,Cancelled,Pune,C005,Central
47014059,2023-03-26,2023-03-31,Delivered,Hyderabad,C004,East
a81b5bc3,2023-05-01,2023-05-05,Delivered,Kolkata,C005,North
0d20c3b1,2023-01-26,2023-01-28,Delivered,Bangalore,C005,South
cc10677b,2023-06-24,2023-06-28,Delivered,Kolkata,C010,Central
57d4add4,2023-02-05,2023-02-06,Delayed,Chennai,C008,South
a704fcbb,2023-01-02,2023-01-05,Delivered,Chennai,C010,East
481993c6,2023-05-21,2023-05-25,Delivered,Delhi,C007,West
88ec7355,2023-02-10,2023-02-11,Delivered,Ahmedabad,C009,Central
0026ed25,2023-04-15,2023-04-20,Delivered,Chennai,C001,East
921adfb2,2023-06-17,2023-06-19,Delivered,Bangalore,C006,Central
29cc87dd,2023-05-02,2023-05-06,Delayed,Delhi,C006,West
5960e55c,2023-05-03,2023-05-05,Delivered,Pune,C002,North
87122314,2023-06-16,2023-06-18,Delayed,Chennai,C008,North
94c28afe,2023-02-21,2023-02-24,Delayed,Ahmedabad,C006,North
37222d5e,2023-03-15,2023-03-20,Delayed,Pune,C010,West
af987719,2023-03-24,2023-03-25,Delivered,Mumbai,C009,South
d7f7b105,2023-03-15,2023-03-20,Delivered,Mumbai,C010,West
b2ccccc3,2023-06-15,2023-06-19,Delivered,Mumbai,C005,West
1089d474,2023-01-16,2023-01-17,Delayed,Pune,C007,East
6aa03e6c,2023-01-23,2023-01-26,Delivered,Mumbai,C006,North
34ead8a1,2023-06-16,2023-06-20,Delivered,Kolkata,C005,Central
44dc6683,2023-05-27,2023-05-31,Delivered,Mumbai,C006,South
44ef06c3,2023-03-01,2023-03-03,Delivered,Delhi,C004,Central
766f04f6,2023-05-17,2023-05-18,Delivered,Hyderabad,C003,East
b7c6a315,2023-01-10,2023-01-12,Delivered,Kolkata,C001,East
078d3e35,2023-02-14,2023-02-15,Delayed,Ahmedabad,C001,South
99bdbd6b,2023-04-17,2023-04-21,Delivered,Hyderabad,C006,Central
72d0dd48,2023-02-15,2023-02-18,Delivered,Delhi,C009,South
7dc35c49,2023-01-10,2023-01-13,Delivered,Ahmedabad,C008,South
f61a657c,2023-04-12,2023-04-14,Delivered,Delhi,C002,North
f6495505,2023-05-07,2023-05-08,Delivered,Bangalore,C009,Central
5a0a9d0c,2023-02-17,2023-02-19,Delayed,Ahmedabad,C008,North
659f558b,2023-03-16,2023-03-17,Delivered,Kolkata,C009,North
aeba491c,2023-01-10,2023-01-13,Delayed,Hyderabad,C004,North
d38978a6,2023-01-03,2023-01-07,Delivered,Mumbai,C009,West
3af23d86,2023-03-18,2023-03-19,Delivered,Delhi,C002,East
d9e329d8,2023-05-26,2023-05-29,Delayed,Mumbai,C001,East
79a73324,2023-06-04,2023-06-08,Delivered,Ahmedabad,C009,West
bd67eed7,2023-01-28,2023-02-01,Delivered,Hyderabad,C010,South
4ffbf9a2,2023-03-27,2023-04-01,Delivered,Pune,C008,Central
f8e0bf07,2023-03-14,2023-03-16,Delivered,Kolkata,C007,Central
d5a8faa8,2023-04-27,2023-04-30,Delayed,Chennai,C008,Central
a58dabd4,2023-06-14,2023-06-16,Delivered,Pune,C001,North
7a26ab2c,2023-05-20,2023-05-21,Delayed,Ahmedabad,C009,Central
3bfa896d,2023-05-15,2023-05-16,Delayed,Ahmedabad,C010,Central
e3faa167,2023-05-07,2023-05-11,Delivered,Pune,C009,Central
8f981ac6,2023-02-04,2023-02-07,Delayed,Chennai,C009,East
ceb6358e,2023-05-10,2023-05-13,Delivered,Ahmedabad,C006,West
6d1a02c7,2023-04-30,2023-05-02,Cancelled,Ahmedabad,C004,South
1100f9c9,2023-03-11,2023-03-13,Delivered,Delhi,C002,West
a44b4d80,2023-02-19,2023-02-22,Delayed,Bangalore,C004,Central
15b7c5bc,2023-01-29,2023-02-02,Delivered,Ahmedabad,C007,South
2ef71bcb,2023-03-26,2023-03-30,Delivered,Mumbai,C001,South
5162e033,2023-02-11,2023-02-15,Delivered,Delhi,C009,West
2bba0a76,2023-04-28,2023-05-03,Delayed,Bangalore,C003,West
f4f06431,2023-06-15,2023-06-17,Delivered,Mumbai,C004,West
6c74648f,2023-03-07,2023-03-11,Delivered,Hyderabad,C005,West
dd56d59a,2023-02-17,2023-02-20,Delayed,Pune,C003,North
474c5474,2023-01-04,2023-01-09,Delivered,Pune,C004,East
975bcb42,2023-03-28,2023-04-01,Cancelled,Chennai,C005,East
388d035d,2023-03-17,2023-03-18,Delayed,Bangalore,C001,Central
e9eb4ba7,2023-05-26,2023-05-31,Cancelled,Mumbai,C009,North
195974d4,2023-06-22,2023-06-27,Delayed,Ahmedabad,C010,South
2f5763d0,2023-02-19,2023-02-21,Delivered,Delhi,C010,West
729604ba,2023-02-14,2023-02-15,Delivered,Mumbai,C004,Central
557b1cd5,2023-06-06,2023-06-11,Delayed,Delhi,C009,South
e0c351d1,2023-06-13,2023-06-18,Delivered,Pune,C004,East
b74d079c,2023-04-14,2023-04-16,Delivered,Chennai,C001,South
1fa3d775,2023-04-20,2023-04-23,Delivered,Ahmedabad,C005,West
c1aa6216,2023-05-12,2023-05-15,Cancelled,Chennai,C009,West
1108e63a,2023-03-25,2023-03-26,Delivered,Mumbai,C003,East
8d75f54a,2023-01-23,2023-01-25,Delivered,Mumbai,C005,West
485780f7,2023-04-13,2023-04-17,Delivered,Delhi,C003,North
4b560c41,2023-06-21,2023-06-23,Delivered,Delhi,C003,Central
a1228925,2023-01-25,2023-01-29,Delivered,Bangalore,C001,East
7490a687,2023-02-17,2023-02-20,Delivered,Pune,C002,East
a7f3687e,2023-02-05,2023-02-06,Delivered,Bangalore,C002,South
940ca8bc,2023-05-03,2023-05-07,Delayed,Bangalore,C009,East
7124b81f,2023-03-24,2023-03-27,Delivered,Mumbai,C007,Central
18a62b81,2023-03-05,2023-03-10,Delayed,Kolkata,C008,North
830f537e,2023-01-02,2023-01-03,Delayed,Kolkata,C002,South
4447a6e6,2023-03-08,2023-03-12,Delivered,Kolkata,C009,Central
ce2b04ed,2023-04-09,2023-04-11,Delivered,Kolkata,C003,East
1fd2af91,2023-03-02,2023-03-06,Delivered,Bangalore,C010,West
e7796c28,2023-04-25,2023-04-30,Delayed,Mumbai,C002,West
9372dd6e,2023-03-10,2023-03-11,Delivered,Kolkata,C001,Central
57a71a5b,2023-03-26,2023-03-27,Delivered,Ahmedabad,C009,North
c869ff12,2023-03-19,2023-03-21,Delivered,Chennai,C008,West
d1be1948,2023-05-30,2023-06-01,Delivered,Hyderabad,C004,Central
21396599,2023-05-27,2023-05-31,Delivered,Chennai,C007,South
911f3511,2023-01-03,2023-01-08,Delivered,Mumbai,C003,East
f2cb7b4c,2023-03-08,2023-03-10,Delayed,Mumbai,C003,North
4de3e302,2023-06-17,2023-06-22,Delivered,Hyderabad,C004,North
59579f4b,2023-04-03,2023-04-07,Delivered,Delhi,C002,South
43579931,2023-06-27,2023-06-29,Delivered,Delhi,C010,North
c6573942,2023-03-02,2023-03-05,Delayed,Ahmedabad,C004,Central
f7bb1d7e,2023-01-16,2023-01-18,Delivered,Delhi,C010,North
9b2f47ae,2023-06-20,2023-06-22,Delayed,Bangalore,C003,North
e2e2666e,2023-01-31,2023-02-05,Delivered,Delhi,C008,North
a640e4a6,2023-04-30,2023-05-01,Delivered,Pune,C002,Central
c0aec8bc,2023-03-20,2023-03-23,Delivered,Bangalore,C009,East
d237e856,2023-02-10,2023-02-13,Delivered,Bangalore,C003,West
6c491f9e,2023-04-14,2023-04-15,Delivered,Ahmedabad,C004,North
98d31e26,2023-06-25,2023-06-28,Delivered,Delhi,C010,South
38770cd2,2023-05-09,2023-05-12,Delayed,Delhi,C010,South
893dc928,2023-06-30,2023-07-05,Delivered,Ahmedabad,C003,Central
d8c13db8,2023-03-21,2023-03-22,Delivered,Hyderabad,C003,East
278fef94,2023-06-26,2023-06-30,Delivered,Kolkata,C008,North
319dcc79,2023-01-31,2023-02-04,Delivered,Ahmedabad,C008,Central
25f7bb41,2023-06-13,2023-06-17,Delivered,Hyderabad,C006,West
2abf5208,2023-03-17,2023-03-21,Delivered,Bangalore,C004,East
92eb5c70,2023-04-05,2023-04-08,Delivered,Hyderabad,C001,East
54204bc1,2023-06-07,2023-06-10,Delivered,Bangalore,C004,Central
1f7a152b,2023-02-26,2023-03-03,Delivered,Mumbai,C008,South
d2c868c0,2023-02-26,2023-03-02,Delivered,Bangalore,C006,East
58c1bc33,2023-02-04,2023-02-09,Delivered,Bangalore,C002,South
9479b1fe,2023-05-03,2023-05-06,Delivered,Hyderabad,C003,East
43341566,2023-02-09,2023-02-10,Cancelled,Kolkata,C007,East
fbf4c8cc,2023-04-27,2023-04-29,Delivered,Mumbai,C004,East
02f95bc4,2023-06-05,2023-06-09,Delivered,Chennai,C004,West
43f76b9d,2023-04-06,2023-04-10,Delivered,Chennai,C005,South
a5125e33,2023-04-17,2023-04-20,Delayed,Kolkata,C008,West
56ddf27d,2023-06-29,2023-07-01,Delayed,Chennai,C007,South
768f9f5a,2023-05-21,2023-05-26,Delivered,Mumbai,C009,West
3b9f4dee,2023-05-01,2023-05-06,Cancelled,Delhi,C005,West
fe48498d,2023-05-18,2023-05-20,Delivered,Mumbai,C001,West
538585d9,2023-06-20,2023-06-25,Delivered,Hyderabad,C004,Central
7714b4d4,2023-02-25,2023-03-01,Delayed,Ahmedabad,C006,West
da9627f7,2023-03-05,2023-03-09,Delayed,Pune,C006,East
b97955de,2023-06-24,2023-06-27,Delivered,Bangalore,C009,North
cac0141e,2023-06-02,2023-06-06,Delivered,Bangalore,C010,West
c7f0a6a0,2023-01-21,2023-01-24,Delivered,Ahmedabad,C005,North
33d2b3f3,2023-05-15,2023-05-20,Delivered,Hyderabad,C005,North
c3b5ec74,2023-04-25,2023-04-26,Delayed,Hyderabad,C006,East
475eb99a,2023-05-16,2023-05-17,Delivered,Pune,C006,North
40c96284,2023-06-30,2023-07-01,Delivered,Pune,C003,North
c961d979,2023-04-03,2023-04-04,Delivered,Bangalore,C006,North
22886770,2023-01-20,2023-01-21,Delivered,Pune,C008,South
09060085,2023-05-25,2023-05-30,Delivered,Pune,C006,West
68a94af4,2023-01-29,2023-02-02,Delivered,Pune,C005,West
80fad2b9,2023-01-16,2023-01-17,Cancelled,Ahmedabad,C003,North
c1162498,2023-05-21,2023-05-25,Delayed,Kolkata,C001,East
5dc328d3,2023-05-10,2023-05-15,Delivered,Delhi,C005,South
4e37bf1c,2023-02-21,2023-02-26,Delayed,Pune,C006,East
ea734968,2023-05-27,2023-05-28,Delayed,Delhi,C006,East
99e0afe6,2023-05-18,2023-05-22,Delayed,Delhi,C006,North
f627f7cb,2023-02-08,2023-02-13,Delivered,Hyderabad,C003,Central
00e97cee,2023-02-12,2023-02-17,Delivered,Pune,C004,North
0a6f40a8,2023-03-25,2023-03-26,Delivered,Bangalore,C003,Central
cd88ac6c,2023-05-14,2023-05-17,Delivered,Kolkata,C002,South
73ccf1a4,2023-04-24,2023-04-28,Delivered,Bangalore,C008,Central
370e4ef1,2023-01-30,2023-02-01,Delivered,Pune,C007,North
bd2fac37,2023-06-24,2023-06-26,Delivered,Bangalore,C008,North
62937e6b,2023-02-22,2023-02-26,Delayed,Pune,C006,East
13950b95,2023-05-30,2023-06-04,Delivered,Kolkata,C007,North
7287081b,2023-05-06,2023-05-10,Delivered,Mumbai,C001,North
bd732a50,2023-01-24,2023-01-25,Cancelled,Kolkata,C010,West
6ca88ca2,2023-05-11,2023-05-13,Delayed,Ahmedabad,C005,West
435bd583,2023-04-25,2023-04-29,Delayed,Mumbai,C004,East
bea42e47,2023-01-15,2023-01-16,Cancelled,Chennai,C010,Central
b595f1e5,2023-04-27,2023-04-30,Delivered,Mumbai,C003,Central
921c1749,2023-02-03,2023-02-07,Cancelled,Delhi,C002,West
37a6a6cf,2023-05-12,2023-05-16,Delivered,Ahmedabad,C009,South
171b4e52,2023-04-17,2023-04-21,Delivered,Delhi,C008,West
ced7e67c,2023-04-27,2023-04-28,Delivered,Ahmedabad,C010,South
77b10fb6,2023-05-25,2023-05-28,Delivered,Kolkata,C002,Central
147fa85a,2023-01-15,2023-01-17,Delivered,Delhi,C006,West
d222bc4e,2023-05-24,2023-05-29,Delivered,Delhi,C003,North
2f54894a,2023-04-29,2023-05-02,Delayed,Chennai,C003,South
d093c741,2023-06-22,2023-06-25,Delivered,Delhi,C005,South
69b7db2d,2023-03-20,2023-03-23,Delivered,Hyderabad,C007,South
fdd4fa24,2023-01-06,2023-01-09,Delayed,Hyderabad,C007,Central
0e5d464f,2023-04-12,2023-04-16,Delivered,Hyderabad,C010,East
2cef0bf5,2023-03-07,2023-03-09,Delivered,Mumbai,C001,North
1f57bdf8,2023-01-01,2023-01-02,Delivered,Kolkata,C007,West
fbd71629,2023-02-25,2023-03-01,Delivered,Kolkata,C007,South
a2be3ae5,2023-05-29,2023-05-30,Delivered,Bangalore,C006,Central
d41e4bb2,2023-01-19,2023-01-20,Delayed,Chennai,C006,South
f48e9da1,2023-01-12,2023-01-13,Delivered,Hyderabad,C002,West
912ab961,2023-04-19,2023-04-21,Delivered,Hyderabad,C003,North
4d15d536,2023-03-30,2023-04-02,Delayed,Delhi,C003,South
5a3a5caa,2023-06-29,2023-07-04,Delayed,Hyderabad,C003,Central
3407b2ce,2023-01-17,2023-01-22,Delivered,Delhi,C002,Central
836728a6,2023-05-19,2023-05-22,Delivered,Delhi,C009,East
7df6f3c5,2023-01-16,2023-01-19,Delivered,Bangalore,C006,Central
48e06dbd,2023-01-18,2023-01-20,Delivered,Mumbai,C002,East
edbb6530,2023-05-01,2023-05-06,Delivered,Delhi,C003,North
5cdfd697,2023-01-09,2023-01-13,Delivered,Delhi,C010,West
f2e4785b,2023-03-15,2023-03-17,Cancelled,Kolkata,C006,East
00df4c4e,2023-04-15,2023-04-20,Delivered,Bangalore,C004,South
5cdd9004,2023-02-16,2023-02-20,Delivered,Delhi,C007,South
a647f354,2023-02-04,2023-02-06,Delivered,Chennai,C006,West
0106934f,2023-06-14,2023-06-19,Delivered,Mumbai,C006,Central
436b9e90,2023-06-15,2023-06-19,Delivered,Ahmedabad,C003,South
e5599c44,2023-04-18,2023-04-19,Delivered,Chennai,C008,East
31e88a7d,2023-04-06,2023-04-11,Delayed,Hyderabad,C009,West
739f8052,2023-04-08,2023-04-12,Delivered,Mumbai,C006,South
c85954d2,2023-04-25,2023-04-27,Delivered,Hyderabad,C002,Central
20162d73,2023-04-07,2023-04-11,Delivered,Kolkata,C001,Central
704d69e8,2023-04-07,2023-04-09,Delivered,Pune,C003,South
a4a0d4e4,2023-01-21,2023-01-25,Delivered,Pune,C003,West
6712b378,2023-06-24,2023-06-27,Delivered,Pune,C008,North
da161a34,2023-06-19,2023-06-24,Delivered,Delhi,C005,South
a871bc1a,2023-05-19,2023-05-21,Delivered,Bangalore,C001,Central
6b2de611,2023-02-04,2023-02-08,Delayed,Chennai,C004,North
a7d2adac,2023-06-17,2023-06-19,Cancelled,Hyderabad,C007,West
5586cd75,2023-03-31,2023-04-01,Delayed,Delhi,C005,Central
eb8d1a82,2023-01-31,2023-02-02,Delayed,Pune,C010,West
7a75558e,2023-02-15,2023-02-20,Delivered,Chennai,C006,South
cf086a71,2023-05-18,2023-05-19,Cancelled,Chennai,C010,West
8241475f,2023-04-11,2023-04-16,Delivered,Kolkata,C004,Central
2e58f523,2023-05-16,2023-05-20,Cancelled,Kolkata,C002,South
cd4d1854,2023-02-02,2023-02-05,Cancelled,Pune,C009,Central
1c79dd3b,2023-02-27,2023-03-04,Delayed,Hyderabad,C002,Central
e17960a2,2023-01-01,2023-01-03,Cancelled,Pune,C002,North
65181771,2023-01-06,2023-01-09,Delivered,Pune,C002,East
8ea6f929,2023-03-18,2023-03-20,Delivered,Delhi,C001,West
99004a01,2023-04-29,2023-04-30,Delivered,Bangalore,C003,West
e5267610,2023-06-22,2023-06-23,Delivered,Pune,C006,North
67ce58c2,2023-05-20,2023-05-21,Delivered,Hyderabad,C007,West
04cad257,2023-04-19,2023-04-23,Delivered,Chennai,C001,North
66d2c903,2023-05-17,2023-05-18,Cancelled,Chennai,C005,West
35f11a3a,2023-04-08,2023-04-13,Delivered,Ahmedabad,C005,West
d5584a7e,2023-02-28,2023-03-02,Delayed,Mumbai,C001,Central
602a3054,2023-03-05,2023-03-06,Delayed,Pune,C004,North
ab5b94d2,2023-04-28,2023-05-03,Delayed,Ahmedabad,C010,West
47cf974e,2023-03-30,2023-04-04,Cancelled,Ahmedabad,C001,East
dffbf912,2023-02-09,2023-02-10,Delivered,Delhi,C001,North
6979d16e,2023-03-12,2023-03-17,Cancelled,Mumbai,C007,North
7423cde4,2023-02-18,2023-02-22,Delayed,Kolkata,C007,North
f2290377,2023-01-29,2023-01-30,Delivered,Bangalore,C003,Central
31522c20,2023-01-09,2023-01-11,Delivered,Hyderabad,C007,North
571a6323,2023-06-19,2023-06-23,Delayed,Pune,C003,Central
bbfa24c9,2023-04-18,2023-04-21,Delivered,Chennai,C002,East
93b8eba4,2023-06-07,2023-06-09,Delivered,Delhi,C010,South
9c2288b2,2023-01-05,2023-01-07,Delivered,Chennai,C004,Central
bcfcd7ae,2023-03-03,2023-03-05,Delivered,Pune,C010,West
88bf915d,2023-02-22,2023-02-25,Delivered,Kolkata,C003,North
a6d84cfc,2023-01-18,2023-01-20,Delayed,Mumbai,C007,South
448b5557,2023-01-26,2023-01-31,Delivered,Pune,C001,Central
204f7729,2023-06-02,2023-06-04,Delivered,Mumbai,C006,West
268423c1,2023-01-09,2023-01-13,Delivered,Hyderabad,C002,South
330a6206,2023-04-25,2023-04-28,Delivered,Delhi,C008,East
f96f3b46,2023-06-03,2023-06-04,Delayed,Kolkata,C005,Central
9846be5a,2023-06-22,2023-06-25,Delivered,Delhi,C003,Central
ee25a162,2023-06-30,2023-07-01,Delivered,Hyderabad,C010,East
d7d67564,2023-01-13,2023-01-15,Delivered,Kolkata,C007,Central
0f94c8ac,2023-03-04,2023-03-05,Delivered,Ahmedabad,C002,North
9215d437,2023-01-12,2023-01-17,Delayed,Kolkata,C005,Central
9eeb70b6,2023-04-13,2023-04-14,Delayed,Mumbai,C008,North
616942b9,2023-04-23,2023-04-24,Delivered,Mumbai,C001,Central
e82edf9a,2023-03-01,2023-03-05,Delivered,Mumbai,C001,West
170b8b43,2023-05-19,2023-05-24,Delivered,Chennai,C003,West
a860dfde,2023-02-25,2023-02-26,Delivered,Ahmedabad,C003,South
ba815a50,2023-01-15,2023-01-16,Delivered,Bangalore,C007,West
e193256d,2023-02-05,2023-02-07,Delivered,Pune,C006,East
063f994e,2023-05-09,2023-05-12,Delivered,Mumbai,C007,South
7024c552,2023-03-16,2023-03-19,Delivered,Bangalore,C004,West
be3b64a9,2023-03-01,2023-03-03,Delayed,Bangalore,C002,North
35c37a61,2023-05-28,2023-05-29,Cancelled,Delhi,C002,Central
04ace90c,2023-03-23,2023-03-24,Delivered,Hyderabad,C010,West
4d2b9458,2023-05-28,2023-06-01,Delayed,Chennai,C001,North
222e2259,2023-06-03,2023-06-06,Delivered,Bangalore,C009,South
570d62ae,2023-06-22,2023-06-24,Delivered,Pune,C007,Central
06c4ef8f,2023-03-24,2023-03-28,Delayed,Chennai,C010,West
6ad91ef7,2023-03-02,2023-03-03,Delayed,Delhi,C003,South
6e2ff588,2023-03-19,2023-03-23,Cancelled,Mumbai,C002,West
5e40f554,2023-02-06,2023-02-07,Delivered,Kolkata,C003,South
cc60e71b,2023-06-19,2023-06-23,Delivered,Bangalore,C007,West
39c2de0f,2023-05-14,2023-05-15,Delayed,Hyderabad,C005,North
94dcac89,2023-02-26,2023-03-02,Delivered,Kolkata,C003,East
fc3cf070,2023-04-16,2023-04-17,Delivered,Delhi,C009,North
49b81917,2023-03-18,2023-03-20,Delivered,Chennai,C002,Central
6f4b0133,2023-03-12,2023-03-16,Delivered,Pune,C007,West
0c93bcf8,2023-01-16,2023-01-20,Delivered,Ahmedabad,C010,East
f42a870f,2023-05-23,2023-05-26,Delivered,Mumbai,C006,East
4660ebef,2023-06-01,2023-06-05,Delayed,Chennai,C006,Central
3bf1cdb4,2023-02-14,2023-02-16,Delivered,Hyderabad,C007,Central
11b09e2d,2023-06-10,2023-06-12,Delivered,Bangalore,C006,East
326f4ab8,2023-06-23,2023-06-26,Delivered,Hyderabad,C002,Central
f1ea8eb3,2023-04-20,2023-04-21,Delivered,Chennai,C005,Central
bc98c3a0,2023-05-23,2023-05-25,Delivered,Chennai,C003,West
c9ab2a7f,2023-05-07,2023-05-12,Delivered,Kolkata,C009,North
73bfdeb1,2023-01-13,2023-01-18,Delayed,Hyderabad,C008,South
d7554457,2023-03-30,2023-03-31,Delivered,Hyderabad,C010,East
f62a78e9,2023-06-14,2023-06-15,Cancelled,Hyderabad,C002,South
c6e555b3,2023-06-21,2023-06-24,Delivered,Mumbai,C001,East
e966cfd6,2023-04-08,2023-04-11,Delivered,Pune,C004,East
3f113b8d,2023-05-15,2023-05-19,Delivered,Chennai,C004,North
2fcdd27d,2023-03-23,2023-03-28,Delivered,Delhi,C010,East
3a016a3c,2023-06-28,2023-07-03,Delayed,Mumbai,C002,East
c43ee90d,2023-04-17,2023-04-22,Delivered,Mumbai,C007,North
201e9a39,2023-04-15,2023-04-16,Delivered,Mumbai,C003,Central
c5ce12f2,2023-02-08,2023-02-10,Delayed,Kolkata,C007,South
def189e5,2023-03-18,2023-03-23,Delayed,Ahmedabad,C007,East
ff2fa88d,2023-04-07,2023-04-10,Delayed,Pune,C001,North
14f1c9ca,2023-02-17,2023-02-18,Delivered,Pune,C006,East
4522f26c,2023-05-18,2023-05-20,Delayed,Delhi,C004,North
d857bcb3,2023-05-02,2023-05-07,Delivered,Ahmedabad,C008,South
ee5e95ab,2023-03-03,2023-03-04,Delivered,Hyderabad,C008,West
b57ad389,2023-02-27,2023-03-04,Delivered,Kolkata,C003,Central
42c6a0fb,2023-03-18,2023-03-19,Delivered,Chennai,C004,West
1ad5047a,2023-02-06,2023-02-11,Delivered,Ahmedabad,C001,North
e36adf0a,2023-04-29,2023-05-04,Delivered,Bangalore,C010,East
b57d548e,2023-01-15,2023-01-17,Delayed,Kolkata,C002,Central
d86b746b,2023-05-24,2023-05-26,Delivered,Bangalore,C007,South
e786be1c,2023-04-16,2023-04-19,Delivered,Chennai,C007,Central
ff57d446,2023-04-17,2023-04-18,Delivered,Delhi,C009,East
9b352cc5,2023-05-23,2023-05-25,Delayed,Pune,C010,West
28072ee7,2023-05-16,2023-05-17,Delivered,Bangalore,C009,North
8e053f1e,2023-02-04,2023-02-07,Delivered,Mumbai,C009,West
40a13b49,2023-04-10,2023-04-12,Delayed,Kolkata,C006,Central
111c8340,2023-03-04,2023-03-06,Delayed,Ahmedabad,C008,East
ecb8c0ea,2023-03-07,2023-03-08,Delivered,Ahmedabad,C009,North
2c3d57d6,2023-02-22,2023-02-24,Delayed,Bangalore,C007,East
71cd8bd6,2023-03-26,2023-03-29,Delayed,Chennai,C004,East
54aeebff,2023-06-15,2023-06-18,Delivered,Pune,C004,Central
aef3acd2,2023-01-21,2023-01-25,Delivered,Mumbai,C006,West
bb5c111d,2023-04-26,2023-04-28,Delayed,Ahmedabad,C004,East
9b44253b,2023-04-05,2023-04-06,Delivered,Bangalore,C007,East
1face030,2023-01-24,2023-01-27,Delivered,Pune,C008,East
b21eb8af,2023-05-18,2023-05-23,Delivered,Chennai,C008,North
1eb4dd98,2023-02-18,2023-02-21,Delivered,Delhi,C008,East
2c4c7c2c,2023-01-14,2023-01-18,Delivered,Chennai,C002,East
973d9d20,2023-03-10,2023-03-14,Delayed,Delhi,C010,Central
a13ed3a1,2023-04-07,2023-04-11,Delivered,Ahmedabad,C002,East
d5051e15,2023-06-22,2023-06-27,Delivered,Pune,C002,East
c3511aff,2023-06-04,2023-06-08,Delivered,Pune,C002,Central
98670447,2023-06-04,2023-06-06,Delivered,Mumbai,C004,North
b25c0c9c,2023-01-11,2023-01-14,Cancelled,Chennai,C005,West
464ed258,2023-01-19,2023-01-21,Delivered,Hyderabad,C004,Central
0d8cd61e,2023-02-18,2023-02-20,Delivered,Ahmedabad,C005,North
d84f5d2c,2023-05-31,2023-06-03,Delivered,Kolkata,C004,West
a0b4ddd0,2023-06-21,2023-06-25,Delivered,Hyderabad,C007,East
bfaeef46,2023-05-24,2023-05-25,Delivered,Ahmedabad,C010,Central
898cc26c,2023-02-25,2023-03-02,Delayed,Hyderabad,C001,East
f02844da,2023-05-03,2023-05-08,Cancelled,Hyderabad,C001,Central
5431c6ba,2023-02-23,2023-02-26,Delivered,Kolkata,C002,West
d9ab23b0,2023-03-27,2023-03-29,Delivered,Hyderabad,C001,North
e7b258a5,2023-03-19,2023-03-21,Delayed,Delhi,C010,Central
66f4f680,2023-01-04,2023-01-08,Delayed,Chennai,C010,North
1b745e64,2023-02-24,2023-02-28,Delivered,Pune,C003,East
9a9594bb,2023-02-18,2023-02-22,Delivered,Mumbai,C006,East
992ed10e,2023-01-31,2023-02-04,Delivered,Hyderabad,C010,West
8b8fffc2,2023-05-03,2023-05-08,Delayed,Pune,C006,West
112279c6,2023-03-04,2023-03-07,Delayed,Hyderabad,C001,South
5ba77bb9,2023-06-28,2023-07-01,Delivered,Ahmedabad,C006,South
61cf442a,2023-06-04,2023-06-09,Delivered,Mumbai,C005,West
ff94ab82,2023-06-30,2023-07-01,Delayed,Ahmedabad,C007,East
9b06ffad,2023-02-22,2023-02-27,Delayed,Mumbai,C006,North
ecf53282,2023-04-12,2023-04-16,Cancelled,Hyderabad,C007,West
072a30a4,2023-03-03,2023-03-07,Delayed,Delhi,C002,North
a51458b1,2023-05-22,2023-05-24,Delivered,Pune,C001,South
3e100c99,2023-03-24,2023-03-29,Delivered,Mumbai,C007,North
dbfac5d6,2023-03-14,2023-03-17,Delivered,Chennai,C009,West
838f0a4b,2023-04-08,2023-04-11,Delivered,Pune,C002,East
17880dae,2023-04-30,2023-05-01,Delivered,Chennai,C007,West
2a8c8c06,2023-05-17,2023-05-21,Delayed,Pune,C003,Central
3850b6e8,2023-06-16,2023-06-18,Delivered,Delhi,C006,Central
3259daeb,2023-04-02,2023-04-03,Delayed,Ahmedabad,C003,Central
68e4d324,2023-03-20,2023-03-25,Delivered,Kolkata,C010,East
de290a30,2023-03-08,2023-03-11,Cancelled,Ahmedabad,C005,West
4142e166,2023-04-03,2023-04-08,Delivered,Bangalore,C002,Central
d548a5b3,2023-05-12,2023-05-16,Delivered,Delhi,C008,West
f288291f,2023-05-08,2023-05-11,Delivered,Hyderabad,C008,South
1a89807f,2023-04-30,2023-05-05,Delivered,Bangalore,C007,Central
aedfb662,2023-01-26,2023-01-31,Delayed,Hyderabad,C006,Central
bbe76c98,2023-05-01,2023-05-04,Delayed,Chennai,C001,East
3e471ff1,2023-03-23,2023-03-27,Delivered,Mumbai,C008,West
63f06ad2,2023-02-22,2023-02-23,Delivered,Pune,C001,East
2338dec4,2023-04-05,2023-04-06,Delivered,Hyderabad,C008,East
8f1e10cb,2023-03-22,2023-03-24,Delivered,Chennai,C002,West
01d729fb,2023-04-16,2023-04-19,Delayed,Delhi,C008,South
a48011e4,2023-01-12,2023-01-16,Delayed,Hyderabad,C010,West
1ecb2d37,2023-05-25,2023-05-27,Delayed,Ahmedabad,C004,South
9f3c1061,2023-02-26,2023-03-01,Delayed,Chennai,C007,East
5c7994dd,2023-02-07,2023-02-09,Delivered,Mumbai,C005,South
9253ba24,2023-01-05,2023-01-06,Delayed,Pune,C008,South
0e7065c4,2023-03-08,2023-03-10,Delayed,Hyderabad,C006,South
e6c1890d,2023-05-22,2023-05-25,Delayed,Kolkata,C005,Central
a392d1cb,2023-05-30,2023-06-02,Delayed,Chennai,C001,Central
5b4a44db,2023-05-29,2023-05-31,Delivered,Hyderabad,C003,East
eb2cb82c,2023-04-17,2023-04-20,Delayed,Mumbai,C010,West
85297969,2023-03-17,2023-03-18,Delivered,Pune,C009,South
47737a73,2023-02-09,2023-02-10,Delivered,Hyderabad,C009,Central
132e2f83,2023-02-20,2023-02-23,Delivered,Hyderabad,C005,West
b037652b,2023-03-26,2023-03-27,Cancelled,Pune,C003,South
3f908d53,2023-02-28,2023-03-03,Delayed,Kolkata,C006,West
d68ff8d9,2023-04-08,2023-04-10,Delayed,Chennai,C005,North
c33ee6a3,2023-05-26,2023-05-30,Delayed,Bangalore,C001,South
c8bf61e3,2023-03-04,2023-03-09,Delivered,Ahmedabad,C002,West
d64fe61e,2023-05-08,2023-05-11,Delayed,Pune,C005,South
1fc5d4c5,2023-05-21,2023-05-23,Delivered,Hyderabad,C009,South
74d66cbe,2023-06-17,2023-06-22,Delivered,Bangalore,C004,North
807f5826,2023-06-25,2023-06-26,Delivered,Delhi,C009,West
3bca4ede,2023-03-28,2023-04-01,Delayed,Hyderabad,C003,East
af76a830,2023-03-07,2023-03-10,Delayed,Bangalore,C001,Central
616fc0b0,2023-05-06,2023-05-11,Delivered,Delhi,C006,South
68a54192,2023-06-14,2023-06-16,Delivered,Kolkata,C010,South
286bc082,2023-05-06,2023-05-11,Delayed,Chennai,C007,South
9503bb8b,2023-04-28,2023-04-30,Delivered,Hyderabad,C004,South
9e418379,2023-02-13,2023-02-14,Delayed,Chennai,C010,Central
0ce67a44,2023-04-01,2023-04-06,Cancelled,Delhi,C005,East
c6ce1af1,2023-02-13,2023-02-16,Delivered,Chennai,C004,North
951d1c36,2023-02-05,2023-02-10,Delivered,Chennai,C003,East
d0a23cf8,2023-05-20,2023-05-21,Delayed,Pune,C001,Central
6268946c,2023-05-06,2023-05-11,Delayed,Mumbai,C006,West
597091d6,2023-02-17,2023-02-21,Delivered,Delhi,C010,North
9565be3a,2023-05-19,2023-05-23,Cancelled,Chennai,C005,North
ff7ca2d4,2023-06-14,2023-06-17,Delivered,Ahmedabad,C001,West
5ac2c492,2023-01-16,2023-01-19,Delivered,Bangalore,C005,South
8967e725,2023-05-15,2023-05-17,Delayed,Delhi,C006,Central
ba676fa8,2023-01-09,2023-01-11,Delayed,Mumbai,C010,West
0486aa95,2023-01-20,2023-01-21,Delivered,Hyderabad,C005,East
7b255cd0,2023-06-21,2023-06-25,Delayed,Kolkata,C001,East
7b18deb7,2023-01-13,2023-01-17,Delivered,Chennai,C005,West
565dd52f,2023-01-02,2023-01-03,Delivered,Bangalore,C010,Central
95fcd00d,2023-04-16,2023-04-19,Delivered,Mumbai,C001,North
e8ede705,2023-02-05,2023-02-09,Delayed,Delhi,C003,North
dcde41de,2023-06-11,2023-06-12,Delivered,Kolkata,C002,South
d3e87601,2023-03-01,2023-03-02,Delivered,Kolkata,C001,Central
03ed825f,2023-01-18,2023-01-22,Delivered,Ahmedabad,C004,East
339a6ba4,2023-02-08,2023-02-10,Delayed,Chennai,C002,East
9057de67,2023-01-03,2023-01-08,Delivered,Mumbai,C005,South
479eabf7,2023-02-25,2023-02-28,Delayed,Mumbai,C010,East
98cb4ed5,2023-05-10,2023-05-15,Delivered,Bangalore,C001,South
1d083e5c,2023-04-27,2023-05-01,Delivered,Hyderabad,C010,South
d02d1b13,2023-04-06,2023-04-08,Delivered,Hyderabad,C001,West
9195c8a3,2023-01-16,2023-01-21,Delayed,Pune,C010,North
d6140489,2023-06-08,2023-06-09,Delayed,Hyderabad,C004,Central
6ef6749e,2023-06-13,2023-06-16,Delivered,Pune,C007,Central
3ccd0e2e,2023-06-20,2023-06-21,Delivered,Kolkata,C002,North
16af25ad,2023-06-07,2023-06-12,Delivered,Kolkata,C002,Central
43453ba4,2023-05-04,2023-05-05,Delivered,Ahmedabad,C001,East
55dda70a,2023-06-18,2023-06-22,Delivered,Delhi,C005,East
c91046aa,2023-05-05,2023-05-08,Delivered,Kolkata,C006,Central
349ff7c5,2023-01-05,2023-01-07,Delivered,Kolkata,C006,West
a284ba6c,2023-01-02,2023-01-06,Delivered,Mumbai,C002,Central
30c1a907,2023-05-17,2023-05-18,Delivered,Delhi,C007,South
95dc2975,2023-05-22,2023-05-27,Delayed,Mumbai,C006,South
d8157d1e,2023-04-16,2023-04-21,Delivered,Bangalore,C008,North
d2ddd7f3,2023-01-04,2023-01-05,Delivered,Pune,C006,East
d7caa946,2023-01-05,2023-01-08,Delayed,Pune,C009,West
e6b4fba8,2023-05-16,2023-05-17,Delivered,Bangalore,C010,Central
a0cb17c9,2023-03-12,2023-03-13,Delivered,Pune,C002,South
462762a1,2023-05-18,2023-05-22,Delayed,Delhi,C007,East
d2c5d5a1,2023-03-15,2023-03-16,Delivered,Delhi,C005,East
c673949b,2023-01-05,2023-01-09,Delivered,Kolkata,C001,West
6ce079cf,2023-05-09,2023-05-12,Delivered,Pune,C003,West
be52a478,2023-06-28,2023-07-01,Delayed,Bangalore,C004,West
f6bce11f,2023-06-22,2023-06-25,Delivered,Chennai,C002,West
b96c9f97,2023-04-21,2023-04-24,Delivered,Hyderabad,C007,South
75643baf,2023-02-15,2023-02-19,Delivered,Kolkata,C001,West
ad0edc87,2023-01-28,2023-01-29,Delivered,Hyderabad,C003,East
32d0fa4a,2023-01-25,2023-01-30,Delivered,Bangalore,C009,East
378219c2,2023-05-15,2023-05-18,Delayed,Pune,C002,Central
ff7857b5,2023-02-08,2023-02-12,Delivered,Pune,C005,East
4eff6b70,2023-03-03,2023-03-08,Delivered,Hyderabad,C004,East
414926e1,2023-02-19,2023-02-20,Delivered,Chennai,C003,South
54121d92,2023-06-08,2023-06-12,Delivered,Pune,C005,East
19823c2e,2023-05-15,2023-05-18,Cancelled,Chennai,C006,North
f5b79dbc,2023-03-06,2023-03-10,Delivered,Mumbai,C001,East
6933ca3b,2023-04-01,2023-04-05,Delivered,Delhi,C002,Central
69859322,2023-03-10,2023-03-11,Delivered,Hyderabad,C001,Central
bb2c1514,2023-04-12,2023-04-15,Cancelled,Pune,C003,West
28c496c2,2023-01-21,2023-01-26,Delivered,Chennai,C008,South
325731c9,2023-04-06,2023-04-07,Delivered,Ahmedabad,C008,Central
cf398d59,2023-04-14,2023-04-15,Delayed,Ahmedabad,C004,North
c211c03f,2023-04-28,2023-04-30,Delayed,Pune,C006,North
e2836bce,2023-05-25,2023-05-26,Delivered,Delhi,C009,West
63ea679e,2023-03-04,2023-03-05,Delivered,Delhi,C007,South
23d46755,2023-06-28,2023-06-30,Delivered,Mumbai,C002,South
05f2eab0,2023-02-27,2023-02-28,Delivered,Delhi,C002,East
c49a1061,2023-03-18,2023-03-21,Delivered,Delhi,C003,North
b95dfa1a,2023-06-25,2023-06-29,Delivered,Kolkata,C008,North
7547295a,2023-01-21,2023-01-23,Delivered,Ahmedabad,C010,North
02440783,2023-06-17,2023-06-19,Delivered,Bangalore,C009,North
99874d97,2023-06-16,2023-06-17,Delivered,Ahmedabad,C003,Central
a8979e20,2023-01-09,2023-01-11,Cancelled,Ahmedabad,C009,South
e92fd3b5,2023-01-24,2023-01-27,Delivered,Pune,C010,East
07e0f7ff,2023-04-14,2023-04-19,Delivered,Ahmedabad,C008,Central
c311a570,2023-04-08,2023-04-09,Delivered,Mumbai,C005,South
447e8c15,2023-04-07,2023-04-08,Cancelled,Mumbai,C010,West
ed013212,2023-05-22,2023-05-25,Delivered,Hyderabad,C003,North
be9ca542,2023-05-02,2023-05-03,Delivered,Delhi,C007,East
a92e95f4,2023-01-15,2023-01-16,Delivered,Hyderabad,C009,South
117b0efd,2023-06-13,2023-06-14,Delivered,Kolkata,C006,West
aaa8001e,2023-01-03,2023-01-06,Delivered,Ahmedabad,C003,North
65563be8,2023-06-29,2023-06-30,Delivered,Chennai,C005,West
aa80b7c8,2023-02-13,2023-02-16,Delivered,Delhi,C007,West
4dc77c60,2023-01-22,2023-01-25,Cancelled,Chennai,C008,Central
6f9ae7f3,2023-05-08,2023-05-13,Delivered,Ahmedabad,C004,West
c83a483c,2023-04-22,2023-04-26,Delivered,Bangalore,C002,Central
0179982b,2023-06-15,2023-06-18,Delayed,Kolkata,C010,Central
c0154f5a,2023-03-26,2023-03-28,Delivered,Delhi,C002,West
bd2ecfae,2023-05-25,2023-05-27,Delivered,Hyderabad,C003,South
dede4d12,2023-01-25,2023-01-30,Delivered,Hyderabad,C008,West
ae658ece,2023-05-16,2023-05-20,Delivered,Delhi,C001,West
08a77f6b,2023-01-11,2023-01-12,Delayed,Pune,C007,South
c1f1fcb6,2023-02-28,2023-03-02,Delayed,Hyderabad,C006,North
6362050f,2023-02-24,2023-02-27,Delivered,Ahmedabad,C002,East
f5156b5f,2023-06-27,2023-06-29,Delivered,Ahmedabad,C009,North
44e5cdeb,2023-05-26,2023-05-31,Delayed,Pune,C005,West
ee8d0bcb,2023-05-02,2023-05-06,Delayed,Delhi,C002,North
459e36f3,2023-03-11,2023-03-15,Delayed,Mumbai,C003,East
2a19d2cb,2023-01-12,2023-01-13,Delivered,Hyderabad,C007,North
60dce10e,2023-01-20,2023-01-25,Delivered,Pune,C007,East
7ff4071d,2023-06-25,2023-06-30,Delayed,Delhi,C010,North
6a8c8fc1,2023-03-13,2023-03-15,Delayed,Delhi,C001,Central
6d00ea61,2023-05-20,2023-05-25,Delivered,Pune,C010,West
92d04da6,2023-05-25,2023-05-29,Delivered,Hyderabad,C004,East
a452e386,2023-06-18,2023-06-22,Delivered,Mumbai,C006,West
5db0f068,2023-01-09,2023-01-12,Delivered,Hyderabad,C008,Central
0c97df9c,2023-02-15,2023-02-18,Delivered,Delhi,C003,North
25b12406,2023-03-22,2023-03-26,Cancelled,Mumbai,C003,West
4bd006fd,2023-01-05,2023-01-07,Delivered,Ahmedabad,C008,North
566837d1,2023-02-23,2023-02-24,Delayed,Chennai,C008,North
afedc6a6,2023-05-31,2023-06-03,Delivered,Bangalore,C008,West
56ef67a7,2023-02-06,2023-02-09,Delivered,Hyderabad,C001,East
4deb8aab,2023-04-12,2023-04-13,Cancelled,Kolkata,C008,East
ea980429,2023-01-20,2023-01-23,Delivered,Delhi,C008,West
db3d37a1,2023-03-18,2023-03-23,Delivered,Mumbai,C002,East
17ab92c2,2023-02-11,2023-02-13,Delivered,Pune,C009,South
abf7a0e2,2023-05-25,2023-05-27,Delivered,Ahmedabad,C007,North
789d46fc,2023-03-03,2023-03-04,Delayed,Pune,C008,West
361c19c6,2023-05-26,2023-05-27,Delayed,Pune,C002,Central
fe2f3983,2023-04-10,2023-04-14,Delivered,Mumbai,C004,West
6c55c281,2023-06-23,2023-06-24,Delivered,Chennai,C007,West
32ecf5fd,2023-05-19,2023-05-21,Delivered,Hyderabad,C006,North
000e3d4e,2023-03-26,2023-03-27,Delayed,Kolkata,C007,Central
1d04524a,2023-04-09,2023-04-11,Delivered,Ahmedabad,C001,North
01e732f6,2023-02-05,2023-02-09,Delivered,Pune,C008,East
3a29ab3e,2023-06-26,2023-06-30,Delivered,Mumbai,C007,West
cfc71c59,2023-01-21,2023-01-23,Delivered,Pune,C004,North
2fa2ee90,2023-05-09,2023-05-13,Delivered,Chennai,C001,South
47e634f2,2023-03-30,2023-03-31,Delayed,Delhi,C008,West
69b03de1,2023-01-14,2023-01-17,Delivered,Pune,C010,East
971b02bb,2023-01-26,2023-01-28,Delivered,Chennai,C007,North
4253dd4e,2023-04-22,2023-04-27,Delayed,Hyderabad,C008,North
b11f2416,2023-03-01,2023-03-06,Delayed,Ahmedabad,C010,South
a8c0356f,2023-01-20,2023-01-25,Delivered,Ahmedabad,C001,East
6199de0f,2023-03-29,2023-04-01,Delivered,Pune,C005,South
0c1fb02c,2023-06-04,2023-06-07,Delivered,Chennai,C009,West
316d1f62,2023-06-07,2023-06-11,Delivered,Mumbai,C005,Central
69608bfc,2023-06-02,2023-06-04,Delivered,Mumbai,C010,North
efa87c5f,2023-04-12,2023-04-17,Delivered,Bangalore,C003,South
3d809aaf,2023-03-25,2023-03-26,Delivered,Chennai,C009,North
c24889d1,2023-01-08,2023-01-10,Delayed,Delhi,C009,North
fe23d100,2023-06-12,2023-06-14,Delivered,Pune,C004,South
04f243f7,2023-03-11,2023-03-14,Delivered,Kolkata,C004,North
f678d368,2023-04-26,2023-04-30,Delivered,Kolkata,C008,East
30a90fcf,2023-05-06,2023-05-10,Cancelled,Hyderabad,C007,East
3042b4ab,2023-02-28,2023-03-05,Delayed,Bangalore,C005,Central
e5f301c2,2023-04-02,2023-04-07,Delayed,Chennai,C006,East
83cc4a73,2023-05-22,2023-05-24,Delayed,Delhi,C003,South
4278ccc3,2023-04-07,2023-04-11,Delayed,Bangalore,C006,East
08237a2e,2023-04-21,2023-04-23,Delivered,Mumbai,C008,Central
efaa10bc,2023-02-17,2023-02-18,Delivered,Hyderabad,C010,West
6cefb324,2023-06-24,2023-06-27,Delivered,Pune,C009,West
c1285d32,2023-05-30,2023-06-03,Delayed,Pune,C003,South
c649f7f2,2023-06-19,2023-06-21,Delayed,Pune,C008,Central
4530f6a4,2023-04-08,2023-04-11,Delivered,Chennai,C003,East
6afd2629,2023-01-22,2023-01-27,Delivered,Kolkata,C002,Central
5fec787b,2023-06-08,2023-06-09,Delivered,Delhi,C005,North
d92b7d96,2023-03-17,2023-03-19,Delayed,Pune,C004,Central
ba6fb7d3,2023-03-05,2023-03-09,Delivered,Pune,C005,East
261712b5,2023-01-19,2023-01-20,Delivered,Mumbai,C006,South
4e398cac,2023-01-22,2023-01-23,Delivered,Ahmedabad,C003,North
2eaa76be,2023-03-10,2023-03-12,Delivered,Bangalore,C001,Central
48b6767a,2023-02-09,2023-02-10,Delayed,Pune,C004,West
f13a6847,2023-04-08,2023-04-12,Delivered,Hyderabad,C006,East
493524a5,2023-06-12,2023-06-14,Delayed,Bangalore,C002,South
5b6fec5c,2023-02-09,2023-02-12,Delivered,Kolkata,C002,East
accb1170,2023-04-10,2023-04-11,Delivered,Bangalore,C001,Central
54fb0572,2023-03-23,2023-03-27,Delivered,Delhi,C009,South
93ae3cd4,2023-04-03,2023-04-08,Delayed,Mumbai,C003,West
98106b17,2023-01-28,2023-02-01,Delivered,Chennai,C002,North
98c5b8f3,2023-01-24,2023-01-27,Delivered,Delhi,C004,Central
78980c4c,2023-01-02,2023-01-05,Delivered,Kolkata,C006,South
d1bc87a7,2023-03-20,2023-03-21,Delayed,Hyderabad,C001,North
9b766905,2023-04-24,2023-04-29,Delivered,Kolkata,C009,South
6c131531,2023-04-03,2023-04-04,Delayed,Kolkata,C009,Central
438df3f4,2023-03-11,2023-03-14,Delivered,Bangalore,C008,South
21099001,2023-01-27,2023-01-31,Delivered,Hyderabad,C006,West
6fc6bcac,2023-02-03,2023-02-05,Delivered,Delhi,C004,South
8cbaa2ac,2023-01-23,2023-01-25,Delivered,Kolkata,C002,Central
5a52a891,2023-02-17,2023-02-21,Delivered,Delhi,C008,South
15e6aa29,2023-04-21,2023-04-26,Delivered,Pune,C007,North
f2ade415,2023-04-25,2023-04-29,Delivered,Pune,C004,North
ae10c6c7,2023-05-23,2023-05-28,Delayed,Pune,C003,East
674092aa,2023-05-23,2023-05-26,Delivered,Chennai,C006,East
59f3b1bd,2023-05-12,2023-05-13,Delayed,Bangalore,C001,West
37cc7ffa,2023-04-15,2023-04-19,Delivered,Delhi,C002,North
cf39723a,2023-01-27,2023-01-30,Delivered,Pune,C007,East
631cef1f,2023-01-07,2023-01-10,Delivered,Pune,C003,South
b2f048e5,2023-01-23,2023-01-24,Delivered,Hyderabad,C001,West
15026bb5,2023-04-01,2023-04-02,Delivered,Kolkata,C002,Central
6cf02600,2023-05-22,2023-05-26,Delivered,Pune,C010,East
facd217b,2023-01-24,2023-01-28,Delivered,Chennai,C010,East
ef5afd00,2023-06-02,2023-06-04,Delivered,Hyderabad,C009,North
1afaba39,2023-06-03,2023-06-06,Delayed,Bangalore,C007,West
7259bdcf,2023-03-25,2023-03-27,Delayed,Ahmedabad,C007,North
ac2b25c3,2023-04-09,2023-04-13,Delayed,Ahmedabad,C010,North
420ee061,2023-01-04,2023-01-06,Delivered,Chennai,C008,West
f1b7976b,2023-03-16,2023-03-21,Delivered,Chennai,C008,South
f4c40a2f,2023-04-16,2023-04-19,Delivered,Chennai,C009,East
be8b90f7,2023-04-10,2023-04-15,Delivered,Kolkata,C002,North
df0b8d5a,2023-01-22,2023-01-27,Delivered,Ahmedabad,C008,East
314a6b40,2023-05-24,2023-05-28,Delivered,Pune,C008,West
a86e7882,2023-03-04,2023-03-09,Delivered,Mumbai,C005,South
9b63c21d,2023-05-27,2023-05-31,Delivered,Chennai,C005,Central
264e6919,2023-05-14,2023-05-15,Delayed,Hyderabad,C004,South
fd1a1744,2023-02-13,2023-02-14,Delayed,Ahmedabad,C005,West
bade9307,2023-06-25,2023-06-27,Delivered,Hyderabad,C002,South
dd137c6f,2023-04-08,2023-04-09,Delayed,Bangalore,C002,Central
ed0e9f0a,2023-02-13,2023-02-15,Cancelled,Delhi,C005,North
e696a6ca,2023-02-05,2023-02-06,Delivered,Delhi,C003,South
133d4ee4,2023-03-10,2023-03-11,Delivered,Mumbai,C001,West
f285407f,2023-03-19,2023-03-20,Delivered,Kolkata,C009,South
5506d0c5,2023-03-10,2023-03-15,Delayed,Pune,C002,Central
0d369dcf,2023-05-07,2023-05-10,Delayed,Kolkata,C010,West
2b3a45dd,2023-02-07,2023-02-09,Delivered,Pune,C002,South
482da42f,2023-01-17,2023-01-18,Delivered,Chennai,C004,West
8e854caf,2023-02-12,2023-02-17,Delivered,Ahmedabad,C002,Central
0001ff66,2023-04-22,2023-04-23,Delivered,Pune,C007,North
ba54b854,2023-03-12,2023-03-15,Delivered,Ahmedabad,C010,Central
f8651d25,2023-04-18,2023-04-20,Delayed,Mumbai,C001,North
f0400f2b,2023-03-18,2023-03-23,Delivered,Bangalore,C002,East
0302083c,2023-05-04,2023-05-08,Delayed,Bangalore,C005,Central
12a745f5,2023-01-20,2023-01-24,Delayed,Delhi,C002,North
4ac0ca73,2023-04-03,2023-04-07,Delayed,Bangalore,C009,East
94b2da15,2023-03-06,2023-03-07,Delivered,Chennai,C004,East
24a8c611,2023-03-05,2023-03-07,Delivered,Hyderabad,C009,East
df0b8ff3,2023-06-10,2023-06-13,Delivered,Bangalore,C001,West
8773fcb6,2023-05-07,2023-05-11,Delivered,Mumbai,C001,Central
09a5bc0c,2023-06-02,2023-06-04,Delivered,Chennai,C001,Central
3a738042,2023-06-07,2023-06-09,Delayed,Bangalore,C004,Central
3630ef65,2023-02-20,2023-02-22,Delivered,Kolkata,C009,Central
e4336cf5,2023-04-28,2023-05-01,Delivered,Pune,C008,West
77423e23,2023-01-28,2023-01-31,Delivered,Bangalore,C007,Central
32ce6f29,2023-02-04,2023-02-09,Delivered,Kolkata,C001,North
b3279e1a,2023-03-19,2023-03-22,Delayed,Chennai,C003,East
2b62a5a8,2023-01-02,2023-01-03,Delayed,Bangalore,C009,West
16175735,2023-04-12,2023-04-13,Delivered,Kolkata,C009,West
f6691a35,2023-03-27,2023-03-29,Delivered,Hyderabad,C005,Central
c314be39,2023-06-08,2023-06-13,Delivered,Ahmedabad,C006,East
63111ab4,2023-04-08,2023-04-13,Delivered,Delhi,C006,North
867c9b3b,2023-03-26,2023-03-30,Delivered,Chennai,C010,East
55946a50,2023-04-23,2023-04-26,Delayed,Kolkata,C004,South
0bd30919,2023-03-27,2023-03-29,Delivered,Mumbai,C001,East
6dd4f56c,2023-04-21,2023-04-23,Delivered,Ahmedabad,C005,North
a6068528,2023-06-16,2023-06-19,Delivered,Bangalore,C001,North
4ecb2d38,2023-06-02,2023-06-03,Delivered,Kolkata,C001,North
fdf8922b,2023-02-04,2023-02-06,Delivered,Ahmedabad,C005,West
cd020026,2023-03-18,2023-03-20,Delivered,Pune,C005,West
dc597d29,2023-03-24,2023-03-27,Delivered,Ahmedabad,C007,South
739c8632,2023-06-04,2023-06-08,Delivered,Kolkata,C002,East
49187245,2023-06-27,2023-06-29,Delivered,Kolkata,C006,Central
84e0e4b2,2023-02-21,2023-02-22,Delivered,Pune,C002,South
23d47225,2023-05-03,2023-05-07,Delivered,Delhi,C010,Central
184d5f2a,2023-03-22,2023-03-26,Cancelled,Ahmedabad,C005,Central
a404e7f7,2023-02-15,2023-02-18,Delivered,Pune,C004,South
e1e71875,2023-04-12,2023-04-13,Delivered,Pune,C010,East
1fbbf351,2023-03-23,2023-03-25,Delivered,Ahmedabad,C005,Central
d3433dd3,2023-03-16,2023-03-19,Delivered,Mumbai,C002,West
416f0d56,2023-06-27,2023-06-28,Delivered,Pune,C008,West
95df5263,2023-06-12,2023-06-14,Delayed,Mumbai,C008,South
dc1c3fdf,2023-05-06,2023-05-07,Delayed,Hyderabad,C006,Central
0bd1b342,2023-05-28,2023-06-02,Delivered,Ahmedabad,C003,South
11147463,2023-03-04,2023-03-07,Delivered,Pune,C004,West
7692adab,2023-03-25,2023-03-29,Delivered,Delhi,C001,South
aa830b1e,2023-04-07,2023-04-12,Delayed,Pune,C009,Central
674294e6,2023-03-13,2023-03-14,Delivered,Kolkata,C010,Central
4534581a,2023-04-11,2023-04-15,Delivered,Chennai,C005,West
99bcd8c3,2023-04-04,2023-04-06,Delivered,Delhi,C008,North
7c7560f2,2023-01-30,2023-02-03,Delivered,Pune,C003,North
6a0aba26,2023-05-25,2023-05-26,Delivered,Delhi,C004,East
96d8019b,2023-02-21,2023-02-22,Delivered,Ahmedabad,C004,West
f9bed7ed,2023-06-01,2023-06-02,Delivered,Mumbai,C008,East
a7397bb3,2023-05-20,2023-05-25,Delayed,Hyderabad,C009,West
fb1e73ae,2023-02-16,2023-02-19,Delivered,Hyderabad,C003,Central
2457a04f,2023-06-24,2023-06-26,Delivered,Ahmedabad,C007,West
316715be,2023-05-21,2023-05-26,Delayed,Ahmedabad,C009,South
04f2b5be,2023-01-07,2023-01-12,Delivered,Delhi,C002,East
e987de2b,2023-04-29,2023-05-01,Delivered,Ahmedabad,C004,West
9592feb6,2023-02-23,2023-02-25,Delivered,Delhi,C003,East
fc995080,2023-04-23,2023-04-24,Delivered,Ahmedabad,C008,West
7cfc13d4,2023-03-16,2023-03-17,Delayed,Pune,C004,North
790aedbb,2023-06-27,2023-06-30,Delivered,Ahmedabad,C009,East
9c2a7f86,2023-01-18,2023-01-21,Delivered,Bangalore,C001,Central
af854506,2023-04-15,2023-04-19,Delivered,Kolkata,C001,Central
2117bbba,2023-06-22,2023-06-26,Delivered,Mumbai,C004,West
e57981ba,2023-05-08,2023-05-11,Delayed,Kolkata,C003,Central
4533551d,2023-02-05,2023-02-10,Delivered,Chennai,C003,Central
c22bb7bb,2023-06-12,2023-06-15,Delivered,Chennai,C010,East
68eac1a1,2023-03-19,2023-03-23,Delayed,Hyderabad,C002,West
21efaf6a,2023-03-03,2023-03-06,Delivered,Mumbai,C010,East
dff535d1,2023-03-06,2023-03-09,Delayed,Kolkata,C010,West
599e2dbc,2023-06-18,2023-06-22,Delayed,Hyderabad,C002,Central
14750e60,2023-02-09,2023-02-10,Delayed,Chennai,C008,West
6fbc2109,2023-04-19,2023-04-22,Delivered,Delhi,C001,West
44689845,2023-04-07,2023-04-10,Delivered,Mumbai,C008,South
60339f30,2023-01-19,2023-01-22,Delayed,Mumbai,C010,West
e4c87164,2023-04-25,2023-04-30,Delivered,Ahmedabad,C003,South
721dc12e,2023-06-03,2023-06-08,Delivered,Ahmedabad,C002,East
95fafc52,2023-05-03,2023-05-07,Delayed,Kolkata,C009,South
8bfc95e3,2023-05-30,2023-05-31,Delayed,Ahmedabad,C005,East
48584bd5,2023-04-13,2023-04-16,Delivered,Ahmedabad,C005,West
850dbdb5,2023-05-17,2023-05-22,Delivered,Pune,C006,East
0871a8ae,2023-05-10,2023-05-11,Delivered,Bangalore,C004,Central
d5230a14,2023-06-27,2023-06-29,Delayed,Kolkata,C007,West
bb3d9763,2023-04-18,2023-04-22,Delayed,Ahmedabad,C007,South
727023cf,2023-05-20,2023-05-22,Delivered,Delhi,C009,North
f770a067,2023-01-10,2023-01-12,Delivered,Pune,C006,West
08a599b4,2023-04-03,2023-04-06,Delayed,Pune,C001,Central
c8ba33e4,2023-06-29,2023-07-03,Delivered,Pune,C009,East
c31b4633,2023-05-18,2023-05-19,Delivered,Delhi,C010,South
e2b9879c,2023-06-02,2023-06-04,Cancelled,Hyderabad,C009,South
9e513bc6,2023-06-13,2023-06-18,Delivered,Mumbai,C005,Central
fcc06d2d,2023-01-22,2023-01-26,Delivered,Hyderabad,C007,Central
ed3808c8,2023-01-28,2023-01-31,Delivered,Delhi,C001,West
9be61de2,2023-03-05,2023-03-07,Delivered,Bangalore,C004,North
5f591481,2023-06-18,2023-06-19,Delayed,Mumbai,C010,North
4783d3d6,2023-06-20,2023-06-22,Delivered,Delhi,C004,East
3bc683fa,2023-04-01,2023-04-05,Cancelled,Bangalore,C005,South
c66b3685,2023-02-12,2023-02-13,Delivered,Kolkata,C006,West
ceaca3da,2023-06-15,2023-06-18,Delivered,Chennai,C004,South
954bf8b1,2023-06-06,2023-06-11,Delivered,Pune,C006,West
30e189c1,2023-01-12,2023-01-16,Delivered,Ahmedabad,C010,Central
8f7f4ad1,2023-05-25,2023-05-30,Delivered,Delhi,C007,East
1fb370cc,2023-06-15,2023-06-17,Delivered,Chennai,C003,Central
f6c76cf6,2023-06-23,2023-06-26,Delivered,Hyderabad,C009,South
51f1b0f8,2023-06-15,2023-06-18,Delivered,Chennai,C008,East
d2f50a83,2023-04-13,2023-04-16,Delayed,Delhi,C001,West
346bc27a,2023-03-26,2023-03-30,Delivered,Chennai,C002,West
4552d3c7,2023-04-21,2023-04-26,Delayed,Pune,C002,East
01fe4a60,2023-01-28,2023-02-01,Delivered,Mumbai,C010,Central
635b2075,2023-01-03,2023-01-06,Delivered,Delhi,C009,East
46e92db7,2023-01-26,2023-01-29,Delivered,Bangalore,C009,Central
c48e5374,2023-03-08,2023-03-10,Delivered,Chennai,C009,East
0d51b637,2023-02-26,2023-02-27,Delivered,Mumbai,C001,Central
2ce720c8,2023-05-11,2023-05-16,Delayed,Pune,C007,North
1cad4e2c,2023-05-13,2023-05-18,Delayed,Hyderabad,C003,East
fbac9d47,2023-05-23,2023-05-26,Delivered,Hyderabad,C009,Central
8605ec0b,2023-05-29,2023-06-03,Delivered,Pune,C008,South
f462bf4c,2023-06-26,2023-06-27,Delayed,Chennai,C003,South
385a4d17,2023-05-28,2023-06-01,Delivered,Hyderabad,C001,East
4f090ce6,2023-02-26,2023-03-02,Delayed,Bangalore,C009,East
b144fbab,2023-04-25,2023-04-30,Delayed,Delhi,C010,West
61c5996c,2023-04-06,2023-04-09,Delayed,Mumbai,C001,Central
5e43d1a4,2023-04-11,2023-04-14,Delivered,Kolkata,C003,East
c9e659ce,2023-04-29,2023-04-30,Delivered,Chennai,C006,South
8769b304,2023-06-23,2023-06-24,Delivered,Hyderabad,C006,South
58eaf6be,2023-05-31,2023-06-04,Delivered,Delhi,C010,South
72eacf0d,2023-06-26,2023-06-28,Delayed,Kolkata,C004,Central
d24dd481,2023-05-09,2023-05-13,Delivered,Bangalore,C002,North
7807bef9,2023-02-08,2023-02-10,Delivered,Hyderabad,C010,East
cfd2b344,2023-03-30,2023-04-04,Delayed,Hyderabad,C006,North
8fabf7aa,2023-01-07,2023-01-10,Delayed,Mumbai,C010,Central
a15d7799,2023-05-04,2023-05-09,Delayed,Bangalore,C005,East
f033559e,2023-01-27,2023-02-01,Delayed,Bangalore,C006,West
bcda78fa,2023-03-17,2023-03-19,Delivered,Chennai,C007,East
e7f70513,2023-04-17,2023-04-20,Delivered,Kolkata,C009,East
63b410fd,2023-01-22,2023-01-26,Delayed,Mumbai,C007,East
ae250ac7,2023-01-30,2023-02-02,Delivered,Chennai,C004,East
af16ccb7,2023-02-06,2023-02-07,Delivered,Mumbai,C010,East
54f4bcd1,2023-03-31,2023-04-03,Delivered,Bangalore,C005,Central
fb9b01d6,2023-03-21,2023-03-22,Delivered,Mumbai,C006,East
da6089b2,2023-03-29,2023-04-02,Delayed,Mumbai,C009,Central
a214062e,2023-04-27,2023-04-28,Delivered,Mumbai,C005,East
6abc0d23,2023-02-22,2023-02-24,Delivered,Ahmedabad,C005,East
ced3bcd3,2023-05-14,2023-05-17,Delivered,Delhi,C007,Central
5f7eed1c,2023-05-04,2023-05-09,Delivered,Delhi,C002,East
c092783d,2023-03-31,2023-04-01,Delivered,Kolkata,C003,South
654cf65c,2023-05-02,2023-05-03,Delivered,Kolkata,C002,East
a75d725a,2023-01-25,2023-01-29,Delayed,Pune,C010,West
b4d6b676,2023-04-23,2023-04-26,Delivered,Bangalore,C010,Central
ebedc5fd,2023-06-28,2023-06-29,Delivered,Mumbai,C002,East
23d9889c,2023-04-26,2023-04-30,Delivered,Bangalore,C003,East
44de8049,2023-03-23,2023-03-26,Delayed,Delhi,C006,Central
37fa07f1,2023-01-18,2023-01-19,Delivered,Ahmedabad,C005,North
0c0845f4,2023-03-18,2023-03-19,Delayed,Mumbai,C005,South
6783e52c,2023-01-12,2023-01-15,Delivered,Chennai,C002,South
0cbe2ecc,2023-01-30,2023-02-01,Delayed,Delhi,C002,East
0e146958,2023-01-06,2023-01-09,Delivered,Delhi,C001,Central
d14fe139,2023-03-29,2023-04-01,Delayed,Delhi,C003,West
b7e44286,2023-06-15,2023-06-20,Delivered,Pune,C007,East
d0120233,2023-01-28,2023-02-02,Delayed,Mumbai,C005,South
91431612,2023-06-23,2023-06-25,Delivered,Kolkata,C007,East
b0663e7a,2023-02-12,2023-02-13,Delivered,Hyderabad,C009,Central
600ac626,2023-03-04,2023-03-07,Delivered,Chennai,C006,West
c1cc3ef5,2023-05-13,2023-05-15,Delivered,Chennai,C002,North
d6e52a70,2023-02-14,2023-02-16,Delayed,Bangalore,C001,West
2cdfd289,2023-05-22,2023-05-26,Delivered,Mumbai,C001,East
28fea2e5,2023-02-10,2023-02-15,Delivered,Kolkata,C010,South
fdaf5836,2023-03-26,2023-03-27,Delivered,Delhi,C009,Central
6ec04a40,2023-05-24,2023-05-27,Delivered,Hyderabad,C006,East
ee5a17f2,2023-04-20,2023-04-22,Delayed,Mumbai,C006,North
bbb0c1b9,2023-04-29,2023-04-30,Delayed,Mumbai,C004,Central
9f4e8766,2023-03-01,2023-03-05,Delayed,Pune,C002,Central
806fd5c1,2023-04-14,2023-04-17,Delivered,Kolkata,C010,Central
310ac7aa,2023-06-11,2023-06-13,Delivered,Hyderabad,C003,East
e761331f,2023-02-17,2023-02-21,Delayed,Delhi,C003,North
dc816770,2023-02-17,2023-02-21,Delivered,Mumbai,C008,East
122ac0bf,2023-06-13,2023-06-17,Delivered,Chennai,C006,Central
278cb997,2023-06-18,2023-06-19,Delivered,Ahmedabad,C007,Central
b34f6727,2023-04-21,2023-04-24,Delivered,Chennai,C009,South
febfd84a,2023-04-12,2023-04-15,Delivered,Hyderabad,C001,West
e5d01b42,2023-01-08,2023-01-13,Delayed,Ahmedabad,C002,East
1974d222,2023-06-07,2023-06-10,Delivered,Delhi,C009,North
67aadf23,2023-02-20,2023-02-22,Delivered,Hyderabad,C005,Central
c908080e,2023-04-26,2023-05-01,Delivered,Mumbai,C004,East
be347a9f,2023-06-01,2023-06-05,Delivered,Pune,C001,West
10afdf74,2023-04-20,2023-04-23,Delivered,Pune,C009,East
0bddf585,2023-04-10,2023-04-15,Delayed,Chennai,C009,West
942eff75,2023-01-02,2023-01-04,Delayed,Pune,C004,East
a43f85ec,2023-06-30,2023-07-02,Delivered,Bangalore,C009,South
2f14954f,2023-02-24,2023-02-27,Delayed,Hyderabad,C010,East
30f15e3a,2023-02-22,2023-02-24,Cancelled,Pune,C001,South
e96ba8ea,2023-03-13,2023-03-17,Delayed,Bangalore,C005,West
3b320fe1,2023-06-30,2023-07-05,Delayed,Bangalore,C001,Central
95f6177e,2023-01-17,2023-01-19,Delivered,Kolkata,C004,Central
62a5ad9a,2023-05-28,2023-05-31,Delivered,Chennai,C005,East
06f486a6,2023-01-27,2023-01-30,Delivered,Hyderabad,C003,North
b6cf061c,2023-05-18,2023-05-19,Delivered,Bangalore,C002,East
6a536fc4,2023-02-17,2023-02-20,Cancelled,Mumbai,C006,South
186e1c7b,2023-04-04,2023-04-09,Delivered,Pune,C003,South
3d712a21,2023-03-25,2023-03-29,Delayed,Kolkata,C010,West
417574dd,2023-02-20,2023-02-25,Delayed,Delhi,C001,East
778697fc,2023-04-28,2023-04-30,Delayed,Pune,C005,West
e0da7f77,2023-01-30,2023-02-03,Cancelled,Pune,C002,North
46651610,2023-03-09,2023-03-13,Delivered,Pune,C002,Central
2594c293,2023-06-21,2023-06-22,Delivered,Kolkata,C004,Central
2f630b7e,2023-05-06,2023-05-08,Delivered,Delhi,C004,East
eb6dd1d8,2023-05-16,2023-05-21,Delivered,Chennai,C004,West
be7af701,2023-06-13,2023-06-17,Delivered,Hyderabad,C007,West
86ef7bf6,2023-03-22,2023-03-25,Delivered,Hyderabad,C001,North
d035eb54,2023-06-02,2023-06-07,Delayed,Delhi,C008,West
748c8729,2023-04-10,2023-04-13,Delivered,Ahmedabad,C010,South
39a52a7d,2023-06-06,2023-06-10,Delivered,Pune,C009,South
c191336f,2023-04-11,2023-04-14,Delivered,Mumbai,C010,South
2b95094f,2023-05-31,2023-06-04,Delivered,Delhi,C006,East
60a48a3f,2023-01-30,2023-02-03,Delivered,Delhi,C004,South
96a42cb4,2023-03-31,2023-04-04,Delayed,Hyderabad,C006,South
a6fd90a7,2023-04-01,2023-04-05,Delivered,Bangalore,C010,Central
615732f6,2023-04-28,2023-05-02,Delayed,Mumbai,C007,East
20515914,2023-06-08,2023-06-09,Delivered,Hyderabad,C006,South
1a76587d,2023-02-14,2023-02-19,Delayed,Kolkata,C001,North
070fa3fb,2023-06-22,2023-06-23,Delivered,Delhi,C005,South
e5d45986,2023-06-30,2023-07-04,Delivered,Ahmedabad,C008,East
56e68cd3,2023-03-18,2023-03-19,Delivered,Bangalore,C008,West
3d404adf,2023-06-07,2023-06-09,Delayed,Mumbai,C010,Central
9ab90ace,2023-06-01,2023-06-06,Delivered,Chennai,C009,Central
f9751c15,2023-01-22,2023-01-25,Delivered,Mumbai,C004,East
24e11164,2023-06-22,2023-06-24,Cancelled,Mumbai,C010,South
321b9739,2023-02-04,2023-02-09,Delayed,Pune,C006,North
25e01b00,2023-03-22,2023-03-27,Delivered,Delhi,C007,South
a6081acd,2023-01-31,2023-02-03,Delayed,Delhi,C005,South
89c76386,2023-03-03,2023-03-05,Delivered,Chennai,C008,North
1ffa445f,2023-03-20,2023-03-25,Delivered,Chennai,C003,Central
f630c9ee,2023-01-30,2023-02-04,Delivered,Chennai,C008,South
39aff7cf,2023-02-16,2023-02-21,Delayed,Hyderabad,C005,West
5ff80648,2023-04-06,2023-04-09,Delayed,Hyderabad,C001,West
1dbc1fde,2023-06-27,2023-06-28,Delivered,Delhi,C006,East
4d5e87e5,2023-02-06,2023-02-10,Delivered,Delhi,C002,East
1d157e69,2023-05-11,2023-05-13,Delivered,Chennai,C007,North
68e5e27e,2023-04-10,2023-04-14,Cancelled,Hyderabad,C009,North
280df064,2023-04-18,2023-04-19,Cancelled,Bangalore,C003,East
cfe15a55,2023-06-02,2023-06-06,Delivered,Hyderabad,C010,South
1247baf6,2023-02-05,2023-02-10,Delayed,Delhi,C004,Central
cf478608,2023-05-28,2023-06-01,Delayed,Hyderabad,C004,West
6e354e92,2023-04-09,2023-04-10,Delivered,Delhi,C004,North
956d924d,2023-04-19,2023-04-20,Delivered,Chennai,C003,East
af27d6f5,2023-02-17,2023-02-18,Delivered,Pune,C005,West
3bf3c34f,2023-05-05,2023-05-08,Delivered,Chennai,C009,North
01d49150,2023-06-12,2023-06-13,Delivered,Chennai,C008,North
a51d6e49,2023-05-18,2023-05-21,Delivered,Bangalore,C010,South
33810885,2023-06-27,2023-07-02,Delayed,Pune,C002,North
0c238c31,2023-06-15,2023-06-16,Delivered,Bangalore,C009,Central
da9dd194,2023-02-14,2023-02-17,Delivered,Delhi,C010,North
5d685cd6,2023-05-23,2023-05-28,Delayed,Mumbai,C002,Central
a401cf35,2023-02-12,2023-02-16,Delayed,Kolkata,C007,South
8fd39a32,2023-05-06,2023-05-09,Delivered,Bangalore,C005,Central
c26dce2d,2023-03-15,2023-03-16,Delivered,Delhi,C007,West
fdcef8ff,2023-02-05,2023-02-06,Delivered,Pune,C005,North
fd96323b,2023-02-17,2023-02-22,Delivered,Hyderabad,C006,East
2a668899,2023-03-22,2023-03-27,Delivered,Pune,C008,East
7b2f3c19,2023-04-26,2023-04-27,Delivered,Chennai,C001,Central
577a6ba3,2023-06-08,2023-06-10,Delayed,Chennai,C001,South
9ff5622a,2023-01-14,2023-01-19,Delivered,Chennai,C005,Central
fb7b232b,2023-04-02,2023-04-04,Delivered,Delhi,C001,Central
fe99f178,2023-01-03,2023-01-08,Delayed,Chennai,C003,Central
b165f3f3,2023-05-05,2023-05-09,Delivered,Bangalore,C010,West
9f081f73,2023-02-04,2023-02-06,Delivered,Hyderabad,C009,West
e029005d,2023-02-19,2023-02-21,Delayed,Chennai,C007,Central
04bc9c05,2023-04-09,2023-04-11,Delivered,Delhi,C006,South
e8079747,2023-05-24,2023-05-27,Delayed,Hyderabad,C008,North
7fe76bfd,2023-05-10,2023-05-13,Delayed,Chennai,C008,East
a66fafc6,2023-06-17,2023-06-18,Delayed,Mumbai,C006,West
9dd4ace9,2023-05-07,2023-05-11,Cancelled,Ahmedabad,C004,North
a1da3c43,2023-04-15,2023-04-20,Delivered,Chennai,C004,West
5d275724,2023-06-25,2023-06-27,Delivered,Kolkata,C004,West
b67e1afb,2023-05-06,2023-05-07,Delivered,Pune,C006,West
0c29a320,2023-04-17,2023-04-18,Delivered,Bangalore,C001,Central
581b0a64,2023-04-24,2023-04-25,Delivered,Hyderabad,C002,Central
83fa49d3,2023-05-06,2023-05-08,Delivered,Bangalore,C006,West
f7d310c1,2023-02-12,2023-02-17,Delayed,Mumbai,C001,West
b57a9cf2,2023-01-22,2023-01-23,Delivered,Mumbai,C009,East
f86fd526,2023-05-25,2023-05-30,Delivered,Kolkata,C006,North
d4e5e1a3,2023-01-08,2023-01-09,Delivered,Bangalore,C007,North
79a7019f,2023-02-26,2023-02-28,Delivered,Hyderabad,C001,South
4d67228e,2023-03-16,2023-03-18,Delivered,Mumbai,C008,South
8216269f,2023-01-09,2023-01-10,Delivered,Ahmedabad,C005,South
c7920141,2023-03-12,2023-03-16,Delivered,Mumbai,C005,Central
88e30345,2023-02-27,2023-02-28,Delivered,Chennai,C006,Central
b85a3a58,2023-05-18,2023-05-23,Delayed,Kolkata,C007,East
f2d4b1aa,2023-03-15,2023-03-19,Delayed,Pune,C007,Central
dbe6b115,2023-02-13,2023-02-17,Delivered,Delhi,C005,South
16fe6f7e,2023-04-28,2023-04-29,Delivered,Pune,C001,West
5ffd503a,2023-05-25,2023-05-26,Delayed,Ahmedabad,C009,South
ebfd6a1b,2023-05-07,2023-05-10,Delayed,Pune,C006,East
66617bdf,2023-05-21,2023-05-25,Delivered,Ahmedabad,C009,West
12d2f99c,2023-05-11,2023-05-15,Delayed,Mumbai,C004,Central
f50996ea,2023-01-29,2023-01-31,Delivered,Hyderabad,C002,West
775e1e21,2023-05-27,2023-05-29,Delayed,Hyderabad,C003,East
abe9e5de,2023-01-30,2023-02-04,Cancelled,Chennai,C004,Central
1e6bd329,2023-03-10,2023-03-13,Delivered,Ahmedabad,C010,North
cd3c70f1,2023-05-20,2023-05-25,Delayed,Hyderabad,C008,South
17241cf3,2023-04-04,2023-04-08,Delivered,Chennai,C003,South
967d1217,2023-05-19,2023-05-24,Cancelled,Mumbai,C008,East
db3768b9,2023-01-11,2023-01-12,Delivered,Mumbai,C006,East
d975b4d0,2023-04-23,2023-04-27,Delayed,Pune,C004,South
4fc22dd0,2023-05-20,2023-05-22,Delivered,Mumbai,C007,West
1d1835de,2023-02-25,2023-02-26,Delivered,Mumbai,C005,North
c31fc6cf,2023-04-19,2023-04-21,Delivered,Ahmedabad,C005,North
26efe933,2023-01-27,2023-01-29,Cancelled,Delhi,C009,East
8c1c268f,2023-06-17,2023-06-19,Delayed,Kolkata,C003,East
5ea95cb4,2023-03-05,2023-03-07,Delayed,Pune,C010,West
e106b87a,2023-03-18,2023-03-23,Delayed,Pune,C004,East
7e3a6180,2023-01-09,2023-01-14,Delivered,Kolkata,C005,North
dbc6ef59,2023-04-26,2023-04-28,Delivered,Delhi,C001,South
99b8b7d4,2023-03-09,2023-03-13,Delivered,Mumbai,C007,North
78d5f4b4,2023-03-31,2023-04-04,Delivered,Hyderabad,C008,West
cd2af96b,2023-01-23,2023-01-26,Delivered,Chennai,C006,South
4f5edd6b,2023-04-23,2023-04-26,Delivered,Pune,C009,South
4ff9ef63,2023-01-31,2023-02-01,Delivered,Kolkata,C003,North
217b6391,2023-03-02,2023-03-07,Delivered,Bangalore,C002,South
d2ddcda9,2023-02-23,2023-02-27,Delivered,Chennai,C005,South
45feeba3,2023-05-31,2023-06-03,Delivered,Bangalore,C009,East
23ff942e,2023-06-26,2023-06-29,Cancelled,Bangalore,C001,South
e6c3c05b,2023-03-31,2023-04-04,Delayed,Ahmedabad,C001,West
acf532df,2023-06-06,2023-06-10,Cancelled,Pune,C010,South
4956fec5,2023-06-11,2023-06-12,Delivered,Mumbai,C003,East
c7daa2c9,2023-04-20,2023-04-24,Delivered,Ahmedabad,C010,Central
33fe2bbf,2023-02-12,2023-02-16,Delayed,Bangalore,C003,Central
56b1f36c,2023-06-07,2023-06-11,Delivered,Mumbai,C005,West
13c2fa1e,2023-02-05,2023-02-07,Delivered,Delhi,C004,West
f0fc5a64,2023-02-22,2023-02-23,Delivered,Hyderabad,C006,South
f0eda08f,2023-02-22,2023-02-25,Delivered,Bangalore,C008,South
1236bed9,2023-01-16,2023-01-20,Delivered,Pune,C008,Central
88d2e2c1,2023-05-26,2023-05-27,Delivered,Hyderabad,C004,Central
9b2a9249,2023-03-31,2023-04-05,Delivered,Mumbai,C001,North
f56e19ea,2023-05-17,2023-05-21,Delivered,Bangalore,C007,Central
18746101,2023-03-13,2023-03-14,Delivered,Chennai,C006,Central
88dac1f9,2023-06-02,2023-06-07,Delayed,Ahmedabad,C005,West
dee9971b,2023-05-18,2023-05-21,Delivered,Pune,C004,North
7f108fe7,2023-02-13,2023-02-14,Delivered,Delhi,C006,North
2ed896d8,2023-03-24,2023-03-29,Delayed,Kolkata,C008,South
513be316,2023-06-30,2023-07-04,Delivered,Delhi,C006,South
ed29aef8,2023-03-16,2023-03-17,Delivered,Ahmedabad,C003,North
3a4d6347,2023-03-16,2023-03-19,Delivered,Bangalore,C009,North
99fa4371,2023-05-27,2023-05-29,Delivered,Ahmedabad,C003,South
450d4d4e,2023-03-10,2023-03-14,Delivered,Pune,C004,West
5721f064,2023-05-12,2023-05-16,Delayed,Delhi,C005,West
9119dc6f,2023-06-23,2023-06-26,Delivered,Kolkata,C002,West
b0043387,2023-01-25,2023-01-26,Delivered,Chennai,C010,West
e0e0ed8c,2023-02-04,2023-02-06,Delivered,Hyderabad,C010,South
0d92930a,2023-04-16,2023-04-19,Delivered,Ahmedabad,C002,East
df83d796,2023-01-16,2023-01-21,Delivered,Chennai,C006,Central
738c600e,2023-03-12,2023-03-17,Delivered,Delhi,C002,Central
e1e39290,2023-06-17,2023-06-19,Delivered,Kolkata,C010,Central
40ae7e5e,2023-02-02,2023-02-05,Delivered,Hyderabad,C001,Central
1b32abe8,2023-06-29,2023-07-04,Delivered,Pune,C008,South
d193211f,2023-02-03,2023-02-07,Delivered,Kolkata,C010,East
fe000c5d,2023-03-05,2023-03-10,Delayed,Chennai,C010,South
a8a1da2a,2023-02-07,2023-02-08,Delivered,Mumbai,C001,East
f3b72b92,2023-03-24,2023-03-26,Delivered,Mumbai,C010,South
3d11e4f7,2023-03-05,2023-03-07,Delivered,Hyderabad,C006,North
014b5b46,2023-06-23,2023-06-26,Delayed,Ahmedabad,C001,East
e49c6676,2023-04-11,2023-04-16,Delivered,Hyderabad,C008,Central
2b21f06f,2023-05-06,2023-05-09,Delivered,Hyderabad,C005,East
64fad3de,2023-02-06,2023-02-10,Delayed,Mumbai,C003,West
4dda4237,2023-05-28,2023-05-30,Delayed,Chennai,C005,East
3e4c6a8f,2023-06-11,2023-06-14,Delivered,Ahmedabad,C001,West
e02c662d,2023-03-10,2023-03-13,Delivered,Hyderabad,C001,West
d097996d,2023-06-10,2023-06-14,Delayed,Mumbai,C004,North
25022677,2023-04-17,2023-04-18,Cancelled,Hyderabad,C009,East
cb6fcb2f,2023-04-07,2023-04-11,Delayed,Hyderabad,C009,North
319553ef,2023-04-26,2023-04-30,Delivered,Ahmedabad,C001,Central
78d89571,2023-01-20,2023-01-24,Delivered,Ahmedabad,C003,East
2f233bc7,2023-06-12,2023-06-17,Delivered,Kolkata,C004,South
531c864d,2023-01-24,2023-01-26,Delayed,Hyderabad,C002,South
955acd59,2023-04-14,2023-04-19,Delivered,Mumbai,C007,South
700ce8be,2023-05-12,2023-05-17,Delivered,Chennai,C003,West
5e7d1e15,2023-03-13,2023-03-18,Delayed,Mumbai,C001,South
03b87627,2023-06-27,2023-06-30,Delivered,Mumbai,C001,Central
d03fa2e4,2023-04-05,2023-04-07,Delayed,Hyderabad,C003,East
85120bff,2023-04-27,2023-04-30,Delivered,Kolkata,C006,East
6cb7b0ff,2023-05-05,2023-05-10,Delivered,Bangalore,C004,West
edd9706f,2023-03-25,2023-03-30,Delivered,Pune,C001,West
dabab3d2,2023-05-29,2023-06-01,Delayed,Bangalore,C007,West
981beaf2,2023-01-01,2023-01-06,Delivered,Bangalore,C002,Central
51a1cc50,2023-01-24,2023-01-29,Delivered,Mumbai,C005,East
5ef45fdf,2023-04-28,2023-05-02,Cancelled,Hyderabad,C008,North
f814e752,2023-06-12,2023-06-13,Delivered,Ahmedabad,C007,West
9a5c7ad6,2023-06-20,2023-06-21,Delivered,Pune,C008,South
495f3160,2023-06-28,2023-06-29,Delivered,Bangalore,C010,North
c1dd9941,2023-04-02,2023-04-04,Delivered,Delhi,C006,North
321de782,2023-01-17,2023-01-19,Delivered,Delhi,C007,West
9049ef8a,2023-05-17,2023-05-18,Delivered,Delhi,C009,South
675330fb,2023-04-12,2023-04-13,Delivered,Chennai,C006,West
857b1f10,2023-02-25,2023-03-01,Delivered,Hyderabad,C009,West
15b9949a,2023-04-20,2023-04-24,Delivered,Mumbai,C002,South
54533bbb,2023-02-24,2023-02-27,Delivered,Mumbai,C002,North
55752ce4,2023-05-07,2023-05-09,Delivered,Hyderabad,C002,North
060ed2c2,2023-03-10,2023-03-12,Delivered,Kolkata,C006,South
fb5aa985,2023-03-24,2023-03-25,Delivered,Ahmedabad,C002,North
9e026cd9,2023-03-14,2023-03-16,Delivered,Pune,C003,Central
386e4676,2023-03-28,2023-04-01,Delivered,Kolkata,C008,West
bf9cb0ed,2023-05-21,2023-05-25,Delayed,Ahmedabad,C008,Central
b0b715cd,2023-05-28,2023-05-29,Delivered,Chennai,C004,Central
b2b526c5,2023-02-03,2023-02-04,Delayed,Hyderabad,C009,Central
71258038,2023-05-25,2023-05-30,Cancelled,Kolkata,C008,East
47d9bd42,2023-05-05,2023-05-08,Delivered,Pune,C001,East
1dda0e09,2023-03-29,2023-03-30,Delivered,Chennai,C008,Central
370d6d43,2023-06-24,2023-06-25,Delivered,Bangalore,C001,West
e61ca4c9,2023-01-13,2023-01-14,Delayed,Bangalore,C004,Central
afc20b1f,2023-01-12,2023-01-16,Delivered,Chennai,C010,Central
5b8d98f9,2023-01-26,2023-01-29,Delivered,Ahmedabad,C006,East
df68e464,2023-06-10,2023-06-15,Delivered,Hyderabad,C007,Central
0162c3c4,2023-04-28,2023-04-29,Delayed,Bangalore,C010,West
5c9158a0,2023-01-05,2023-01-07,Delayed,Hyderabad,C004,West
71d48e4d,2023-02-01,2023-02-04,Delivered,Kolkata,C008,Central
a8648061,2023-02-10,2023-02-11,Delivered,Bangalore,C008,West
b6d04da1,2023-04-23,2023-04-27,Delivered,Pune,C009,Central
9d967d24,2023-04-27,2023-05-01,Delivered,Pune,C006,East
a85d75c1,2023-01-01,2023-01-03,Delayed,Kolkata,C004,Central
c9d78d3a,2023-04-20,2023-04-25,Delivered,Pune,C002,North
4cd42780,2023-02-21,2023-02-26,Delivered,Hyderabad,C007,East
e1499f3a,2023-06-26,2023-06-28,Delivered,Ahmedabad,C010,West
bc601bb9,2023-02-03,2023-02-05,Delayed,Hyderabad,C003,West
58cbe304,2023-06-16,2023-06-19,Delayed,Ahmedabad,C003,East
66edff05,2023-03-19,2023-03-23,Delivered,Pune,C003,North
03282c19,2023-02-10,2023-02-14,Delayed,Delhi,C004,East
33bafba9,2023-03-12,2023-03-15,Delivered,Chennai,C002,South
f65bd24a,2023-01-24,2023-01-26,Delivered,Ahmedabad,C005,North
49985587,2023-06-17,2023-06-19,Delivered,Mumbai,C003,East
3bd0eeff,2023-04-03,2023-04-05,Delivered,Chennai,C010,South
111e7289,2023-03-06,2023-03-10,Delivered,Pune,C005,Central
813c4ba6,2023-01-22,2023-01-27,Delayed,Hyderabad,C007,North
71c2b98d,2023-04-06,2023-04-08,Delivered,Ahmedabad,C009,Central
11fca061,2023-06-20,2023-06-21,Delivered,Hyderabad,C002,South
dee4699b,2023-06-16,2023-06-21,Delivered,Chennai,C009,West
5c27d096,2023-02-12,2023-02-13,Delivered,Ahmedabad,C010,West
e3b5c525,2023-01-14,2023-01-15,Delayed,Hyderabad,C006,West
6e27ba84,2023-04-12,2023-04-14,Delivered,Kolkata,C006,Central
bf3d2647,2023-06-10,2023-06-11,Delivered,Bangalore,C003,North
833dc63a,2023-03-20,2023-03-22,Delayed,Hyderabad,C010,Central
f59e0df8,2023-06-29,2023-06-30,Delivered,Ahmedabad,C009,Central
d94131eb,2023-03-01,2023-03-04,Delivered,Pune,C004,West
1db7085d,2023-04-20,2023-04-24,Delivered,Pune,C005,Central
042a9ab9,2023-06-17,2023-06-22,Delivered,Chennai,C003,South
e52413c7,2023-01-24,2023-01-29,Cancelled,Chennai,C005,East
b898b405,2023-06-30,2023-07-01,Delayed,Chennai,C008,East
c95f8714,2023-01-25,2023-01-28,Delivered,Pune,C008,East
08289fef,2023-01-01,2023-01-03,Delayed,Delhi,C008,West
2a94e26b,2023-02-24,2023-03-01,Delivered,Ahmedabad,C006,West
c3658a7d,2023-05-03,2023-05-07,Delivered,Pune,C001,East
3c2a677e,2023-01-20,2023-01-22,Delivered,Kolkata,C010,North
d6b3b2e4,2023-02-03,2023-02-05,Delivered,Pune,C006,East
f8333d3e,2023-06-01,2023-06-06,Delivered,Kolkata,C010,Central
bb86f365,2023-02-27,2023-03-03,Delivered,Pune,C007,East
900bd7e8,2023-05-13,2023-05-18,Delayed,Pune,C009,East
1527009a,2023-06-24,2023-06-27,Delivered,Delhi,C008,North
a7299963,2023-04-24,2023-04-27,Delivered,Kolkata,C008,West
98528c62,2023-01-03,2023-01-08,Delivered,Delhi,C007,West
77f821e4,2023-01-03,2023-01-08,Delivered,Kolkata,C002,Central
ec1f24d3,2023-06-28,2023-06-30,Delivered,Delhi,C001,East
1687e088,2023-03-29,2023-03-30,Delivered,Delhi,C002,South
503b2637,2023-01-31,2023-02-04,Delayed,Kolkata,C006,Central
195394e3,2023-04-19,2023-04-23,Delivered,Delhi,C002,West
31cec9bd,2023-06-27,2023-07-01,Delivered,Pune,C010,North
30eb3a69,2023-02-03,2023-02-04,Delivered,Kolkata,C004,West
0a4fd684,2023-05-03,2023-05-08,Delivered,Delhi,C010,West
d3d7d1e6,2023-01-19,2023-01-20,Delivered,Pune,C003,North
31c793c6,2023-02-28,2023-03-02,Delayed,Pune,C006,East
4414fedb,2023-04-09,2023-04-14,Delivered,Chennai,C008,East
f35db3d7,2023-01-23,2023-01-26,Delivered,Mumbai,C006,West
bc292a07,2023-01-27,2023-01-28,Delivered,Kolkata,C002,Central
4a940a6a,2023-01-27,2023-01-28,Delivered,Delhi,C005,South
cfe452c2,2023-03-22,2023-03-26,Delivered,Chennai,C006,Central
c86fb8fb,2023-04-05,2023-04-07,Delayed,Mumbai,C009,Central
7338cb73,2023-03-18,2023-03-19,Delivered,Ahmedabad,C006,West
e04eb1b0,2023-02-05,2023-02-10,Delayed,Ahmedabad,C010,West
644161c3,2023-04-08,2023-04-13,Delivered,Delhi,C005,South
8e79a346,2023-02-04,2023-02-07,Delayed,Ahmedabad,C001,South
61fd2fe0,2023-06-14,2023-06-15,Delivered,Mumbai,C010,South
b1a848f0,2023-06-23,2023-06-25,Delivered,Kolkata,C005,West
642d0476,2023-02-06,2023-02-09,Delivered,Pune,C005,West
f5274623,2023-01-18,2023-01-21,Delayed,Pune,C006,Central
32241894,2023-05-16,2023-05-20,Delivered,Mumbai,C007,West
9b44fca0,2023-05-25,2023-05-28,Delivered,Ahmedabad,C004,East
a8a89b90,2023-01-03,2023-01-04,Delivered,Pune,C007,East
9f713266,2023-06-06,2023-06-08,Delayed,Ahmedabad,C005,South
9c8820ee,2023-06-16,2023-06-19,Delivered,Bangalore,C006,West
3aca430c,2023-02-12,2023-02-13,Delayed,Hyderabad,C004,East
ed079efc,2023-04-23,2023-04-28,Delivered,Pune,C008,Central
e5fee588,2023-03-31,2023-04-05,Delivered,Bangalore,C009,North
fca598b5,2023-02-24,2023-02-26,Delivered,Kolkata,C002,Central
76715d5c,2023-06-10,2023-06-15,Cancelled,Kolkata,C004,North
3ebf948d,2023-02-08,2023-02-13,Delivered,Mumbai,C008,Central
227b13a8,2023-04-16,2023-04-21,Delayed,Pune,C008,East
5d2ac18d,2023-06-07,2023-06-10,Delivered,Ahmedabad,C009,West
8e619eae,2023-06-25,2023-06-29,Delivered,Pune,C003,North
e0b8656a,2023-04-24,2023-04-29,Delivered,Ahmedabad,C001,West
780f92bf,2023-02-25,2023-02-26,Delivered,Ahmedabad,C009,West
832f3aac,2023-01-23,2023-01-28,Delayed,Pune,C001,East
ebb5328e,2023-01-26,2023-01-27,Delayed,Ahmedabad,C003,South
15928dbd,2023-02-05,2023-02-10,Delayed,Chennai,C003,South
3488d252,2023-02-01,2023-02-05,Delayed,Delhi,C009,North
11836f85,2023-05-31,2023-06-03,Delivered,Hyderabad,C001,East
18935de3,2023-04-09,2023-04-10,Delivered,Pune,C007,West
62683a9e,2023-03-31,2023-04-01,Cancelled,Delhi,C002,Central
1f7ff12b,2023-04-20,2023-04-23,Delivered,Chennai,C007,Central
030e262a,2023-03-22,2023-03-26,Delayed,Ahmedabad,C001,North
e5c7d926,2023-02-05,2023-02-08,Delayed,Ahmedabad,C010,North
d63c18a8,2023-03-05,2023-03-07,Delivered,Kolkata,C010,North
f904e307,2023-03-12,2023-03-15,Cancelled,Hyderabad,C008,East
b8b38d73,2023-06-15,2023-06-16,Delivered,Bangalore,C010,Central
84b5b75b,2023-01-22,2023-01-24,Delivered,Kolkata,C010,East
2df028a2,2023-03-05,2023-03-07,Delivered,Kolkata,C002,East
fcf67052,2023-05-22,2023-05-27,Delivered,Ahmedabad,C003,West
0591e059,2023-06-03,2023-06-06,Delivered,Mumbai,C008,East
3c079410,2023-06-03,2023-06-04,Delivered,Chennai,C003,East
3c32b816,2023-06-05,2023-06-07,Delayed,Mumbai,C001,West
6be23b1e,2023-03-14,2023-03-18,Delayed,Mumbai,C009,South
b1b9364c,2023-06-26,2023-06-27,Delivered,Delhi,C008,West
4b4a3247,2023-01-07,2023-01-12,Delivered,Kolkata,C004,North
ef4d5ecf,2023-06-18,2023-06-23,Delayed,Ahmedabad,C008,South
1a8a7333,2023-03-19,2023-03-20,Delivered,Chennai,C005,Central
0ab0bb35,2023-02-22,2023-02-25,Delivered,Mumbai,C003,East
2b07f5ef,2023-05-13,2023-05-14,Delivered,Ahmedabad,C001,South
18e29e8f,2023-06-05,2023-06-09,Delivered,Ahmedabad,C010,Central
9cfcf32d,2023-05-11,2023-05-16,Delivered,Ahmedabad,C005,West
e47dbf27,2023-02-18,2023-02-23,Cancelled,Bangalore,C006,West
262d0d72,2023-04-11,2023-04-12,Delivered,Hyderabad,C004,North
adc003d6,2023-03-17,2023-03-22,Delivered,Ahmedabad,C007,North
bc90db81,2023-06-15,2023-06-19,Delivered,Pune,C003,South
193d9fb2,2023-01-14,2023-01-16,Delivered,Chennai,C007,East
6d6953ab,2023-03-03,2023-03-06,Delivered,Delhi,C001,West
95d69003,2023-05-07,2023-05-08,Delayed,Chennai,C007,South
32941226,2023-04-09,2023-04-10,Delayed,Kolkata,C001,South
d43884d1,2023-01-29,2023-01-30,Delivered,Delhi,C001,South
5f3be573,2023-03-03,2023-03-07,Delayed,Hyderabad,C002,North
2dc8b78d,2023-05-08,2023-05-13,Delayed,Ahmedabad,C002,West
c9e397ff,2023-06-13,2023-06-15,Delayed,Bangalore,C004,North
ba498e8e,2023-06-02,2023-06-05,Delivered,Mumbai,C001,North
fc652702,2023-01-19,2023-01-23,Delivered,Chennai,C004,South
f21df3db,2023-05-16,2023-05-20,Delivered,Delhi,C002,Central
863fb781,2023-01-04,2023-01-07,Delivered,Ahmedabad,C004,Central
3e43155b,2023-04-03,2023-04-05,Delivered,Hyderabad,C004,Central
ab4d64cd,2023-03-23,2023-03-24,Delivered,Mumbai,C009,South
4322d7ef,2023-02-03,2023-02-04,Delayed,Pune,C009,East
a8c02310,2023-04-10,2023-04-11,Delayed,Hyderabad,C001,West
3edb3c9c,2023-05-26,2023-05-28,Delayed,Bangalore,C005,South
19e594d7,2023-04-18,2023-04-23,Delivered,Mumbai,C007,South
777ef45d,2023-04-04,2023-04-09,Delayed,Mumbai,C004,North
7e52be66,2023-05-20,2023-05-24,Delivered,Pune,C005,Central
c96bc5a5,2023-06-24,2023-06-25,Delivered,Ahmedabad,C002,South
177466a4,2023-02-14,2023-02-19,Delivered,Mumbai,C003,East
6046735b,2023-05-01,2023-05-05,Delivered,Delhi,C007,West
ea670cf0,2023-01-19,2023-01-20,Delivered,Mumbai,C010,East
41145e94,2023-01-05,2023-01-09,Delayed,Hyderabad,C007,South
1bc009a0,2023-05-31,2023-06-04,Delivered,Delhi,C004,South
6df01dbb,2023-01-18,2023-01-20,Delayed,Mumbai,C001,North
d98440aa,2023-01-04,2023-01-08,Delivered,Hyderabad,C001,East
f5e563f2,2023-03-09,2023-03-13,Delivered,Hyderabad,C004,North
aa91647a,2023-02-25,2023-03-02,Delivered,Chennai,C004,East
c087c820,2023-01-11,2023-01-13,Delivered,Hyderabad,C006,Central
07082caf,2023-01-16,2023-01-17,Delivered,Pune,C007,Central
ba868b47,2023-04-12,2023-04-16,Delivered,Kolkata,C009,East
382c53d3,2023-05-10,2023-05-11,Delivered,Bangalore,C009,North
4198cd0a,2023-03-15,2023-03-20,Delivered,Mumbai,C010,Central
baa17e88,2023-06-10,2023-06-13,Delivered,Pune,C005,South
0f437434,2023-05-09,2023-05-12,Delayed,Mumbai,C010,West
65f722ae,2023-04-17,2023-04-19,Delivered,Mumbai,C003,North
f39dbc4d,2023-04-19,2023-04-22,Delayed,Hyderabad,C003,East
80215b25,2023-06-29,2023-07-03,Delivered,Hyderabad,C006,West
05881649,2023-04-13,2023-04-14,Delayed,Mumbai,C001,West
6473bd35,2023-01-22,2023-01-24,Delayed,Kolkata,C007,South
972e4e12,2023-06-13,2023-06-15,Delivered,Delhi,C003,North
18745359,2023-05-18,2023-05-19,Delivered,Delhi,C005,West
09a21de0,2023-05-18,2023-05-23,Delayed,Bangalore,C007,North
8db5cd27,2023-06-07,2023-06-08,Delivered,Chennai,C007,South
cc22bd4d,2023-02-09,2023-02-11,Delivered,Ahmedabad,C009,East
4d198f4b,2023-03-13,2023-03-17,Delivered,Pune,C001,West
0e8f527e,2023-01-22,2023-01-27,Delayed,Bangalore,C003,West
5c912f0a,2023-03-21,2023-03-26,Delayed,Ahmedabad,C009,West
c894a11a,2023-01-21,2023-01-22,Delivered,Mumbai,C008,North
2f6b0caf,2023-05-11,2023-05-12,Delivered,Pune,C002,West
2bc2c64e,2023-02-22,2023-02-24,Delivered,Mumbai,C008,North
bdd944ba,2023-02-09,2023-02-10,Delivered,Mumbai,C008,Central
ac25ebb9,2023-05-18,2023-05-19,Cancelled,Chennai,C002,Central
27f809fb,2023-03-25,2023-03-26,Delivered,Hyderabad,C008,North
dd8a366b,2023-04-11,2023-04-13,Delivered,Chennai,C003,Central
f586db33,2023-05-31,2023-06-04,Delivered,Bangalore,C007,South
15889be5,2023-06-12,2023-06-14,Delayed,Hyderabad,C009,South
077a6544,2023-06-16,2023-06-19,Delivered,Hyderabad,C004,Central
ba53f605,2023-06-24,2023-06-25,Delivered,Bangalore,C006,East
5ef89058,2023-06-14,2023-06-17,Delivered,Hyderabad,C009,North
a4abc634,2023-01-17,2023-01-20,Delivered,Pune,C005,Central
5673a286,2023-03-21,2023-03-26,Delivered,Delhi,C001,North
e45f22ba,2023-06-28,2023-06-30,Delivered,Bangalore,C003,Central
c9a15739,2023-04-22,2023-04-25,Delivered,Ahmedabad,C009,South
96eaa048,2023-03-03,2023-03-05,Delayed,Bangalore,C003,East
5bb0cbe0,2023-01-15,2023-01-20,Delayed,Delhi,C010,North
19f32b68,2023-03-04,2023-03-08,Cancelled,Chennai,C002,East
1281f186,2023-01-23,2023-01-27,Delivered,Chennai,C004,South
04953b4c,2023-04-22,2023-04-23,Cancelled,Chennai,C005,West
5f1cc474,2023-01-30,2023-01-31,Delivered,Hyderabad,C007,West
e4594029,2023-04-27,2023-04-28,Delivered,Delhi,C007,North
1df89434,2023-06-06,2023-06-09,Delivered,Pune,C009,South
641eea9e,2023-06-05,2023-06-10,Delivered,Bangalore,C008,North
041518fe,2023-01-15,2023-01-17,Delayed,Bangalore,C002,North
b21e7eb9,2023-03-21,2023-03-25,Delivered,Bangalore,C008,North
9d100841,2023-06-20,2023-06-23,Delivered,Hyderabad,C008,East
ccf119d1,2023-06-18,2023-06-20,Delivered,Hyderabad,C005,Central
1195787b,2023-02-14,2023-02-18,Delivered,Kolkata,C003,South
fca27d1b,2023-01-31,2023-02-03,Delivered,Pune,C009,East
b323f9f5,2023-01-04,2023-01-07,Delivered,Chennai,C007,Central
36be9a0b,2023-02-05,2023-02-10,Delayed,Ahmedabad,C001,North
f0bc5ade,2023-06-29,2023-07-02,Delayed,Kolkata,C008,West
478d82a6,2023-01-03,2023-01-05,Delivered,Kolkata,C010,East
9305381c,2023-02-11,2023-02-16,Delivered,Hyderabad,C005,South
9becb9c7,2023-05-08,2023-05-11,Delivered,Chennai,C006,South
1efc7124,2023-03-30,2023-04-02,Delayed,Chennai,C009,Central
ed09ac90,2023-05-14,2023-05-19,Delivered,Bangalore,C010,East
2382167f,2023-05-13,2023-05-18,Delivered,Hyderabad,C008,North
b819d2ac,2023-03-08,2023-03-09,Delivered,Chennai,C003,Central
a477c2fe,2023-02-12,2023-02-13,Delivered,Ahmedabad,C005,South
b6500393,2023-04-06,2023-04-09,Delivered,Kolkata,C004,East
c03aae2c,2023-02-02,2023-02-06,Delayed,Delhi,C001,West
5b29541c,2023-03-10,2023-03-15,Delivered,Delhi,C005,North
68103188,2023-01-31,2023-02-04,Delivered,Hyderabad,C010,South
9747df74,2023-01-08,2023-01-11,Delayed,Bangalore,C007,East
324e3425,2023-03-27,2023-03-28,Delayed,Bangalore,C001,West
53c45012,2023-04-20,2023-04-22,Delivered,Chennai,C004,South
c307544d,2023-03-11,2023-03-13,Delivered,Ahmedabad,C006,West
14f0faed,2023-05-15,2023-05-20,Delivered,Pune,C009,South
d79762e7,2023-01-17,2023-01-19,Delayed,Hyderabad,C008,Central
46d07e95,2023-03-09,2023-03-12,Delivered,Pune,C002,Central
dca5df3d,2023-05-28,2023-06-02,Delayed,Delhi,C003,Central
207530c3,2023-06-10,2023-06-12,Delayed,Kolkata,C010,East
339ee2aa,2023-01-20,2023-01-21,Delivered,Chennai,C005,Central
64bbc887,2023-05-08,2023-05-11,Delivered,Kolkata,C007,East
fb5de899,2023-04-27,2023-04-29,Delivered,Pune,C003,North
ba17e16c,2023-05-11,2023-05-12,Delivered,Chennai,C007,Central
ffcb6e2a,2023-04-03,2023-04-05,Delivered,Mumbai,C005,East
d48eeb7e,2023-01-15,2023-01-19,Delivered,Kolkata,C010,South
969b2f05,2023-05-08,2023-05-12,Cancelled,Hyderabad,C006,East
17c80c4e,2023-05-26,2023-05-27,Delivered,Kolkata,C006,East
87ae4ed8,2023-02-12,2023-02-13,Delayed,Kolkata,C004,South
d7e9daa8,2023-04-05,2023-04-09,Delivered,Chennai,C008,East
2c07cd1a,2023-02-10,2023-02-11,Delivered,Delhi,C009,South
1e5f5c2c,2023-03-07,2023-03-10,Delivered,Pune,C002,West
38b90836,2023-01-27,2023-01-30,Delivered,Mumbai,C009,Central
2e0a10f7,2023-05-27,2023-06-01,Delayed,Kolkata,C004,North
6e8b9a79,2023-06-22,2023-06-26,Delivered,Ahmedabad,C006,East
e5e30638,2023-01-30,2023-02-02,Delivered,Pune,C007,South
66f8c43e,2023-02-28,2023-03-01,Delivered,Ahmedabad,C004,Central
adf0f2c0,2023-05-11,2023-05-12,Delivered,Pune,C008,East
d53a39b2,2023-01-01,2023-01-04,Delivered,Ahmedabad,C010,Central
475fc726,2023-01-12,2023-01-17,Delayed,Delhi,C008,West
4bc5711e,2023-01-04,2023-01-08,Delayed,Bangalore,C001,East
c130bb69,2023-03-04,2023-03-08,Delivered,Mumbai,C008,South
d058c548,2023-01-12,2023-01-13,Delivered,Mumbai,C010,West
2d01dbf7,2023-05-01,2023-05-05,Delivered,Ahmedabad,C003,East
9af3138d,2023-04-04,2023-04-08,Delivered,Ahmedabad,C005,Central
77514421,2023-04-09,2023-04-13,Delivered,Ahmedabad,C010,West
da0fcb7b,2023-02-08,2023-02-09,Delivered,Pune,C008,South
990a629c,2023-02-15,2023-02-17,Delivered,Chennai,C006,East
b7d9c58c,2023-01-10,2023-01-12,Delivered,Kolkata,C004,Central
afe731e0,2023-05-22,2023-05-26,Delivered,Bangalore,C004,Central
ce3ea748,2023-06-17,2023-06-19,Delivered,Ahmedabad,C004,West
d70fd211,2023-04-18,2023-04-22,Delivered,Chennai,C006,East
9ab95c2b,2023-02-27,2023-03-04,Delivered,Hyderabad,C007,Central
8b77c30e,2023-03-24,2023-03-25,Delayed,Delhi,C005,West
c8bcba4b,2023-03-05,2023-03-08,Delivered,Delhi,C010,North
c01ef41e,2023-04-17,2023-04-18,Delivered,Chennai,C008,Central
6a88e86e,2023-03-23,2023-03-28,Delivered,Pune,C007,West
913944cd,2023-03-11,2023-03-14,Delayed,Delhi,C008,North
33eb9d87,2023-01-20,2023-01-21,Delivered,Kolkata,C004,West
4d8ab1ac,2023-05-27,2023-06-01,Delivered,Delhi,C008,Central
27be54c2,2023-04-06,2023-04-09,Delivered,Kolkata,C006,North
75876b9e,2023-01-31,2023-02-03,Delayed,Hyderabad,C003,West
4f75caa6,2023-05-09,2023-05-14,Cancelled,Ahmedabad,C008,East
74834a88,2023-06-22,2023-06-24,Delivered,Bangalore,C007,North
08120f82,2023-01-14,2023-01-15,Delayed,Mumbai,C010,West
b7deae4f,2023-02-15,2023-02-18,Delayed,Chennai,C005,East
1daa1922,2023-02-27,2023-03-04,Delayed,Chennai,C004,North
bb7de7d9,2023-05-13,2023-05-17,Delivered,Kolkata,C001,West
d84e0269,2023-01-12,2023-01-16,Delivered,Hyderabad,C010,Central
e89d9429,2023-04-13,2023-04-14,Delivered,Hyderabad,C003,North
e3f6d178,2023-01-18,2023-01-19,Delayed,Pune,C002,North
3df02115,2023-04-30,2023-05-05,Delivered,Mumbai,C008,East
efaed86d,2023-03-14,2023-03-18,Delivered,Ahmedabad,C008,West
2b8b1644,2023-03-21,2023-03-24,Delivered,Bangalore,C005,Central
737d1f4b,2023-03-25,2023-03-30,Delayed,Chennai,C005,East
8cb24488,2023-01-23,2023-01-27,Delayed,Kolkata,C004,North
fff2cb99,2023-05-22,2023-05-26,Delivered,Hyderabad,C001,East
07904b8d,2023-04-27,2023-05-02,Delayed,Ahmedabad,C001,East
65e2d9c0,2023-01-03,2023-01-08,Delivered,Chennai,C006,East
adf0b687,2023-04-05,2023-04-10,Delayed,Kolkata,C004,North
794ae7f6,2023-02-21,2023-02-24,Delivered,Delhi,C004,South
39df49a3,2023-03-16,2023-03-18,Delivered,Ahmedabad,C003,East
ef068666,2023-05-25,2023-05-29,Delayed,Chennai,C009,South
e58988e3,2023-03-19,2023-03-23,Delivered,Bangalore,C003,Central
775ffdad,2023-06-09,2023-06-11,Delayed,Ahmedabad,C008,Central
7901ac64,2023-03-04,2023-03-06,Delivered,Kolkata,C002,Central
86a5012a,2023-04-29,2023-04-30,Delivered,Bangalore,C004,West
2ad34965,2023-04-05,2023-04-08,Delivered,Chennai,C001,North
6cffe268,2023-06-01,2023-06-04,Delivered,Delhi,C005,South
557f6929,2023-05-07,2023-05-08,Delivered,Bangalore,C002,West
47fae702,2023-02-20,2023-02-22,Delivered,Hyderabad,C001,South
6e86143d,2023-05-20,2023-05-25,Delivered,Kolkata,C001,North
4804a73d,2023-03-04,2023-03-07,Delivered,Chennai,C002,East
f6b6d6aa,2023-02-08,2023-02-11,Cancelled,Delhi,C005,West
ccdafa1f,2023-01-02,2023-01-07,Cancelled,Hyderabad,C009,North
7972e7cc,2023-04-15,2023-04-19,Delivered,Chennai,C006,West
cb02d00a,2023-01-07,2023-01-08,Delayed,Ahmedabad,C004,Central
0086ea54,2023-03-01,2023-03-06,Delivered,Pune,C003,West
0749c782,2023-05-19,2023-05-22,Delivered,Delhi,C008,East
1bc7eb0b,2023-03-30,2023-04-02,Delayed,Hyderabad,C003,East
3cecb4b5,2023-06-12,2023-06-15,Delayed,Bangalore,C001,South
b35b6f65,2023-06-27,2023-06-30,Delivered,Chennai,C004,West
411db0ef,2023-01-03,2023-01-08,Delayed,Chennai,C005,Central
a169d7ad,2023-03-27,2023-03-28,Delivered,Bangalore,C005,East
8c295e95,2023-01-01,2023-01-02,Cancelled,Pune,C005,South
b48232d2,2023-06-18,2023-06-21,Delivered,Mumbai,C008,Central
9aa25d97,2023-04-07,2023-04-12,Delivered,Hyderabad,C008,Central
5b3518e6,2023-03-20,2023-03-23,Delivered,Bangalore,C004,Central
c4c93b20,2023-01-27,2023-01-30,Delayed,Ahmedabad,C009,North
97589977,2023-02-22,2023-02-24,Delivered,Chennai,C001,East
e78c55ec,2023-05-16,2023-05-20,Delayed,Ahmedabad,C005,North
ef46493a,2023-03-02,2023-03-06,Delivered,Hyderabad,C005,North
908c18c3,2023-04-18,2023-04-19,Delivered,Pune,C005,East
c7989c26,2023-05-06,2023-05-10,Delivered,Hyderabad,C008,West
d6fab59b,2023-01-16,2023-01-17,Delivered,Ahmedabad,C009,South
79bcd37c,2023-02-06,2023-02-10,Delivered,Ahmedabad,C003,East
badee158,2023-03-13,2023-03-14,Delivered,Mumbai,C009,South
fbb0b01c,2023-01-24,2023-01-27,Delivered,Chennai,C008,West
ae098b0a,2023-01-12,2023-01-16,Delivered,Delhi,C003,East
2a70e8ef,2023-03-01,2023-03-06,Delivered,Mumbai,C002,Central
db5c1b5d,2023-05-14,2023-05-16,Delayed,Mumbai,C004,East
9a2688e9,2023-04-16,2023-04-20,Delayed,Delhi,C002,West
5ad5362c,2023-06-29,2023-06-30,Delivered,Delhi,C004,North
edeccefe,2023-04-06,2023-04-11,Delivered,Pune,C005,East
95ef4fbe,2023-04-28,2023-04-29,Delivered,Pune,C002,Central
391c5712,2023-01-22,2023-01-25,Delivered,Mumbai,C008,East
f88b5713,2023-05-29,2023-06-03,Delivered,Hyderabad,C001,North
490a8f06,2023-01-25,2023-01-30,Delivered,Bangalore,C003,East
e4a9d27a,2023-05-10,2023-05-13,Delivered,Bangalore,C007,Central
439b5c9f,2023-02-04,2023-02-05,Delivered,Mumbai,C010,West
e0db57d5,2023-06-13,2023-06-17,Delivered,Hyderabad,C001,Central
c7d101ce,2023-04-11,2023-04-13,Delayed,Delhi,C002,West
bed7f913,2023-01-20,2023-01-23,Cancelled,Kolkata,C003,Central
82f30cc6,2023-06-01,2023-06-04,Delivered,Mumbai,C002,South
c9747dc0,2023-05-26,2023-05-29,Delivered,Chennai,C002,East
b6fcaad2,2023-01-16,2023-01-20,Delayed,Hyderabad,C006,East
2159b63d,2023-04-22,2023-04-24,Delayed,Chennai,C007,North
1a7be48f,2023-06-19,2023-06-21,Delivered,Chennai,C006,South
ccad2349,2023-02-03,2023-02-05,Delivered,Mumbai,C006,North
f2390873,2023-03-02,2023-03-04,Delivered,Hyderabad,C009,East
7cb88f45,2023-03-16,2023-03-21,Delivered,Chennai,C008,North
f1302ca8,2023-03-08,2023-03-09,Delivered,Pune,C008,West
35c1ffc9,2023-03-22,2023-03-24,Delivered,Ahmedabad,C006,South
1a46b879,2023-04-11,2023-04-12,Delivered,Pune,C005,Central
2e489794,2023-06-29,2023-06-30,Delivered,Hyderabad,C009,West
32a686ba,2023-03-25,2023-03-27,Delayed,Bangalore,C002,Central
ddf3ea50,2023-03-23,2023-03-28,Delivered,Ahmedabad,C007,North
19426587,2023-04-26,2023-04-30,Delivered,Kolkata,C006,East
a4a3eab0,2023-03-11,2023-03-16,Delivered,Chennai,C007,West
dbfacf26,2023-03-01,2023-03-04,Delivered,Chennai,C004,South
5eb0540a,2023-01-20,2023-01-21,Cancelled,Hyderabad,C009,Central
049f6d69,2023-02-21,2023-02-26,Delivered,Pune,C007,West
36c6f4ad,2023-02-04,2023-02-06,Delivered,Kolkata,C002,East
d6116b1d,2023-05-30,2023-05-31,Delayed,Bangalore,C004,South
bf05feba,2023-01-28,2023-01-31,Delivered,Chennai,C005,South
1f872890,2023-02-09,2023-02-12,Delayed,Mumbai,C002,Central
2941e639,2023-01-28,2023-01-29,Delivered,Pune,C010,West
91f76c6a,2023-02-12,2023-02-15,Delivered,Hyderabad,C008,West
f2ece364,2023-04-26,2023-05-01,Delivered,Hyderabad,C001,South
19ccfb80,2023-04-30,2023-05-01,Delivered,Pune,C003,North
5ac2e389,2023-03-22,2023-03-27,Delayed,Chennai,C001,South
a6348285,2023-04-15,2023-04-17,Delayed,Bangalore,C005,East
522ec439,2023-01-31,2023-02-03,Delivered,Chennai,C008,West
5417dfa3,2023-05-18,2023-05-19,Delivered,Pune,C007,Central
ab91ac39,2023-04-02,2023-04-03,Delayed,Ahmedabad,C009,West
f61ca713,2023-02-23,2023-02-28,Delayed,Delhi,C002,South
7fe0f0a5,2023-04-26,2023-04-30,Delivered,Chennai,C008,East
a265e849,2023-03-20,2023-03-21,Delivered,Kolkata,C008,North
648f501f,2023-04-29,2023-05-04,Delivered,Ahmedabad,C006,West
45cac6c6,2023-03-09,2023-03-10,Delayed,Pune,C003,South
0bfeb072,2023-01-31,2023-02-02,Delivered,Ahmedabad,C002,South
29c4d4fb,2023-01-24,2023-01-26,Delivered,Kolkata,C008,South
0df11f25,2023-02-10,2023-02-13,Delayed,Ahmedabad,C006,East
dc6b2c54,2023-06-25,2023-06-30,Delivered,Ahmedabad,C004,South
0b7557b1,2023-03-19,2023-03-22,Delivered,Pune,C005,South
47b88dd2,2023-06-30,2023-07-04,Delivered,Delhi,C005,South
5a3d5a62,2023-06-28,2023-06-29,Delivered,Kolkata,C009,West
2b96a7d1,2023-06-04,2023-06-08,Delivered,Kolkata,C009,South
6a2b5f56,2023-01-11,2023-01-14,Delivered,Mumbai,C008,East
7786860a,2023-02-25,2023-02-27,Delivered,Hyderabad,C008,West
cd5a6e53,2023-03-25,2023-03-26,Delivered,Kolkata,C002,South
f08db59b,2023-02-07,2023-02-10,Delayed,Hyderabad,C003,North
dbcac538,2023-01-24,2023-01-29,Delayed,Pune,C008,East
93886e63,2023-03-05,2023-03-08,Delivered,Bangalore,C005,North
9531b3db,2023-04-02,2023-04-05,Delivered,Chennai,C007,East
3feb666b,2023-04-12,2023-04-16,Delivered,Mumbai,C008,North
e18040f4,2023-05-12,2023-05-15,Delivered,Pune,C006,South
e4723ec3,2023-01-13,2023-01-17,Delivered,Delhi,C005,North
1bd44100,2023-06-23,2023-06-26,Delivered,Bangalore,C008,North
263379e2,2023-03-18,2023-03-23,Delivered,Ahmedabad,C001,East
04f2d957,2023-03-08,2023-03-09,Delivered,Mumbai,C001,South
d9e724c8,2023-02-14,2023-02-16,Delivered,Mumbai,C001,East
00b0065c,2023-01-08,2023-01-11,Delayed,Pune,C003,South
e39987c8,2023-04-14,2023-04-15,Delivered,Delhi,C010,Central
35c3ac55,2023-04-26,2023-04-29,Delivered,Delhi,C006,West
6d15a743,2023-05-23,2023-05-25,Delivered,Hyderabad,C006,West
7fcd183f,2023-05-21,2023-05-26,Delayed,Chennai,C005,East
acbde125,2023-03-05,2023-03-06,Delayed,Pune,C007,South
d08ae1e4,2023-01-25,2023-01-26,Delivered,Bangalore,C005,North
39c4d784,2023-04-29,2023-05-04,Delivered,Chennai,C002,West
c7ac61ac,2023-01-27,2023-01-29,Delivered,Bangalore,C004,East
74df9880,2023-02-05,2023-02-08,Delivered,Mumbai,C001,East
579cd7cb,2023-02-01,2023-02-06,Delivered,Kolkata,C007,East
b2cc37a4,2023-01-04,2023-01-09,Delayed,Kolkata,C004,South
886a7bb3,2023-01-16,2023-01-21,Delivered,Pune,C004,East
2dcce047,2023-02-26,2023-03-01,Delayed,Delhi,C004,Central
d2e0806e,2023-02-03,2023-02-05,Delivered,Delhi,C003,North
674073dd,2023-02-20,2023-02-24,Delivered,Ahmedabad,C008,East
01857f40,2023-04-13,2023-04-18,Delayed,Mumbai,C004,South
bd4e8a10,2023-04-06,2023-04-07,Delivered,Mumbai,C008,North
74eb5d1d,2023-06-25,2023-06-27,Delivered,Bangalore,C009,North
37b64510,2023-06-11,2023-06-15,Delivered,Mumbai,C001,West
b7e2744f,2023-06-15,2023-06-16,Delivered,Ahmedabad,C004,East
fa1aa9d5,2023-01-22,2023-01-23,Cancelled,Pune,C006,East
c36d75ae,2023-05-30,2023-06-01,Delivered,Bangalore,C008,South
37597abe,2023-05-31,2023-06-05,Cancelled,Chennai,C006,Central
5a780a63,2023-03-08,2023-03-13,Cancelled,Delhi,C006,Central
8bbcc71f,2023-01-20,2023-01-25,Delayed,Delhi,C010,West
d32c5b60,2023-01-06,2023-01-11,Delivered,Kolkata,C004,Central
169f2daf,2023-01-17,2023-01-21,Delivered,Kolkata,C009,South
99dd7aa5,2023-02-20,2023-02-25,Delayed,Ahmedabad,C007,West
bbc2c3ac,2023-06-15,2023-06-16,Delivered,Pune,C006,East
f07fa730,2023-04-24,2023-04-29,Delivered,Delhi,C001,Central
cef4041c,2023-02-02,2023-02-03,Delivered,Ahmedabad,C002,South
886106b1,2023-01-24,2023-01-29,Delivered,Pune,C006,South
aff83439,2023-03-26,2023-03-30,Delivered,Chennai,C001,East
bbb1d560,2023-02-01,2023-02-06,Delivered,Chennai,C005,South
e4881f70,2023-01-11,2023-01-16,Delivered,Hyderabad,C001,West
1c2e253b,2023-04-29,2023-05-03,Delayed,Bangalore,C003,West
e44ab4c2,2023-01-13,2023-01-16,Delivered,Kolkata,C007,North
1e88f49e,2023-02-13,2023-02-16,Delayed,Bangalore,C005,East
7967261f,2023-05-27,2023-05-29,Delayed,Kolkata,C010,South
52477ef2,2023-04-21,2023-04-26,Delayed,Hyderabad,C001,Central
adac27b7,2023-04-12,2023-04-15,Delivered,Delhi,C001,West
8daa4864,2023-05-08,2023-05-10,Delayed,Ahmedabad,C008,East
c2a0f3ed,2023-01-08,2023-01-11,Delivered,Pune,C009,East
e3a19cc0,2023-04-08,2023-04-10,Delayed,Bangalore,C007,West
c977ea8c,2023-06-24,2023-06-27,Delivered,Kolkata,C003,North
fbb460fe,2023-04-20,2023-04-22,Delayed,Bangalore,C006,East
46bbce40,2023-02-14,2023-02-18,Cancelled,Delhi,C003,South
943118c1,2023-04-01,2023-04-04,Delivered,Pune,C010,Central
ee5e62e7,2023-02-24,2023-02-25,Delivered,Mumbai,C004,Central
ed1dd2c0,2023-02-17,2023-02-19,Delayed,Kolkata,C004,West
73462f9e,2023-03-12,2023-03-16,Delivered,Ahmedabad,C003,East
c3d4ed21,2023-03-13,2023-03-17,Delayed,Mumbai,C010,Central
fcfb1700,2023-04-25,2023-04-28,Delivered,Hyderabad,C006,East
903d2249,2023-02-08,2023-02-09,Delivered,Pune,C005,West
5dc7453c,2023-01-09,2023-01-12,Cancelled,Chennai,C009,North
f1d9844c,2023-06-07,2023-06-12,Delivered,Bangalore,C009,Central
d540ea7a,2023-06-08,2023-06-13,Delayed,Kolkata,C003,South
c42984f2,2023-06-07,2023-06-08,Delivered,Ahmedabad,C009,West
b14a01ea,2023-03-04,2023-03-07,Delivered,Bangalore,C003,North
25aef75d,2023-06-15,2023-06-19,Delivered,Hyderabad,C004,South
9d024449,2023-03-17,2023-03-22,Delivered,Hyderabad,C001,South
fbace9a8,2023-05-08,2023-05-10,Delayed,Bangalore,C005,Central
6ae0b779,2023-04-16,2023-04-20,Delivered,Kolkata,C009,East
8f76e702,2023-05-21,2023-05-25,Delivered,Ahmedabad,C002,West
886976c2,2023-05-03,2023-05-05,Delivered,Pune,C004,South
b503fd70,2023-01-16,2023-01-21,Delayed,Delhi,C010,Central
ea66a51f,2023-01-23,2023-01-25,Delivered,Pune,C002,North
a8900437,2023-03-13,2023-03-18,Delayed,Delhi,C008,South
00d6b594,2023-04-09,2023-04-11,Delivered,Ahmedabad,C009,North
342159a4,2023-02-05,2023-02-09,Delivered,Chennai,C003,West
b09ae1da,2023-04-18,2023-04-23,Delayed,Pune,C009,Central
0a31fd25,2023-02-21,2023-02-23,Delivered,Ahmedabad,C006,North
2d8a5274,2023-06-14,2023-06-19,Delivered,Bangalore,C006,East
62e41c60,2023-05-15,2023-05-18,Delivered,Bangalore,C007,North
e4364468,2023-03-05,2023-03-08,Delivered,Kolkata,C005,North
b8f5a2bb,2023-06-11,2023-06-14,Delayed,Bangalore,C006,Central
3ecf63e8,2023-05-20,2023-05-23,Delivered,Kolkata,C001,Central
f4cad5a6,2023-01-05,2023-01-06,Delayed,Ahmedabad,C003,South
669bd7e2,2023-04-08,2023-04-09,Delivered,Bangalore,C009,North
6bc1013f,2023-04-02,2023-04-06,Delivered,Hyderabad,C005,North
67cd02f3,2023-05-03,2023-05-07,Delayed,Mumbai,C005,Central
dd8595c6,2023-05-20,2023-05-25,Delivered,Ahmedabad,C008,East
ed1d788f,2023-05-05,2023-05-07,Delivered,Bangalore,C002,Central
ccec843e,2023-03-30,2023-04-04,Delivered,Mumbai,C007,East
21c615e6,2023-05-25,2023-05-29,Delivered,Delhi,C009,Central
941ca307,2023-05-09,2023-05-11,Delivered,Chennai,C007,West
95be3dbe,2023-03-24,2023-03-26,Delivered,Pune,C005,North
d3869182,2023-04-10,2023-04-14,Delivered,Pune,C006,East
51623b99,2023-03-11,2023-03-12,Delivered,Ahmedabad,C004,West
cc7cc76f,2023-02-16,2023-02-18,Delivered,Delhi,C007,East
d6e6ff85,2023-01-07,2023-01-08,Delivered,Bangalore,C001,South
e3aa2d84,2023-03-23,2023-03-27,Delivered,Pune,C004,South
fd32f445,2023-06-02,2023-06-05,Delivered,Kolkata,C003,North
06660b80,2023-02-26,2023-03-03,Cancelled,Delhi,C004,West
b764b62c,2023-01-08,2023-01-12,Delivered,Hyderabad,C001,West
f53bbbd1,2023-03-13,2023-03-14,Delayed,Mumbai,C002,South
93a6ed5b,2023-01-15,2023-01-17,Delivered,Kolkata,C009,North
78e3cc2e,2023-05-01,2023-05-02,Delivered,Pune,C007,South
4f936ffa,2023-05-16,2023-05-20,Delivered,Kolkata,C006,West
8d2aca77,2023-04-02,2023-04-03,Delivered,Bangalore,C002,East
76b43b39,2023-05-30,2023-06-01,Delivered,Hyderabad,C001,West
5dc00d9c,2023-03-01,2023-03-02,Delivered,Mumbai,C002,North
8fae8d0d,2023-02-10,2023-02-12,Delivered,Hyderabad,C007,West
e9452093,2023-01-26,2023-01-31,Delayed,Delhi,C002,Central
6b8c8916,2023-03-05,2023-03-10,Delivered,Bangalore,C003,West
e96898c7,2023-06-18,2023-06-22,Delivered,Kolkata,C008,Central
08fd47e8,2023-03-03,2023-03-07,Delayed,Kolkata,C007,South
a0fa8979,2023-03-10,2023-03-13,Delivered,Delhi,C009,Central
73276bce,2023-05-17,2023-05-19,Delivered,Kolkata,C004,West
b6bd0157,2023-01-15,2023-01-19,Delayed,Chennai,C007,West
122ddcb8,2023-02-26,2023-03-03,Delayed,Bangalore,C001,West
c3fef115,2023-05-28,2023-05-30,Delayed,Delhi,C002,North
78a1d7c0,2023-04-10,2023-04-13,Delivered,Bangalore,C007,South
2a1e9965,2023-04-01,2023-04-02,Delivered,Mumbai,C002,Central
e640ec31,2023-02-14,2023-02-17,Delayed,Bangalore,C006,East
1e4c53ff,2023-02-15,2023-02-18,Delivered,Bangalore,C010,Central
72acfa1d,2023-03-02,2023-03-07,Delivered,Mumbai,C009,West
0a4a798e,2023-06-01,2023-06-06,Delivered,Delhi,C005,East
6bdf8a68,2023-03-23,2023-03-28,Delivered,Bangalore,C010,East
bd8fe645,2023-06-28,2023-06-29,Delivered,Hyderabad,C007,Central
da73742b,2023-04-02,2023-04-03,Delivered,Bangalore,C001,Central
78418838,2023-06-01,2023-06-02,Delivered,Delhi,C008,Central
530135ae,2023-01-08,2023-01-11,Delivered,Ahmedabad,C009,Central
dc47adee,2023-06-30,2023-07-04,Delayed,Kolkata,C005,South
db315f1e,2023-06-29,2023-07-03,Delivered,Pune,C006,North
125ac48f,2023-04-01,2023-04-05,Delivered,Mumbai,C008,North
d272ab12,2023-05-26,2023-05-30,Delivered,Kolkata,C004,Central
07dda3f0,2023-05-25,2023-05-28,Delivered,Delhi,C002,North
47da620c,2023-02-06,2023-02-10,Delivered,Chennai,C010,Central
b494e5a7,2023-05-25,2023-05-27,Delivered,Pune,C008,Central
9f4afc21,2023-02-18,2023-02-20,Delayed,Kolkata,C002,Central
40a99417,2023-05-07,2023-05-12,Delayed,Bangalore,C005,South
7f548e75,2023-05-19,2023-05-24,Delivered,Pune,C006,West
ab5c8e78,2023-03-21,2023-03-22,Delivered,Bangalore,C005,North
7cc00782,2023-02-14,2023-02-16,Delivered,Mumbai,C006,North
483ebee9,2023-05-06,2023-05-07,Delayed,Bangalore,C006,South
9646218d,2023-01-10,2023-01-15,Delayed,Pune,C003,South
dfe0254b,2023-01-24,2023-01-29,Delivered,Hyderabad,C003,Central
e79673da,2023-01-15,2023-01-18,Delivered,Hyderabad,C009,Central
195de26b,2023-03-01,2023-03-05,Delayed,Ahmedabad,C003,West
ea732418,2023-06-04,2023-06-08,Delivered,Kolkata,C003,North
58f92a18,2023-02-26,2023-03-01,Delivered,Delhi,C002,South
4d7f6ead,2023-01-06,2023-01-10,Delivered,Ahmedabad,C007,West
a036220d,2023-05-15,2023-05-17,Delivered,Mumbai,C010,North
e4af1edd,2023-05-03,2023-05-08,Delayed,Chennai,C010,West
4daaa2bf,2023-01-01,2023-01-06,Cancelled,Ahmedabad,C004,West
69e154e7,2023-03-26,2023-03-29,Delivered,Kolkata,C001,Central
b21de7bb,2023-06-07,2023-06-08,Delivered,Delhi,C006,West
11f37340,2023-02-21,2023-02-23,Delivered,Mumbai,C005,Central
1540d0c2,2023-02-03,2023-02-06,Delivered,Pune,C002,North
40fe693d,2023-03-29,2023-04-02,Delivered,Mumbai,C006,North
d950f942,2023-02-15,2023-02-18,Delivered,Pune,C001,Central
1ff3c69e,2023-03-24,2023-03-25,Delivered,Kolkata,C003,East
3c4352f4,2023-01-16,2023-01-21,Delivered,Delhi,C004,West
cbabc545,2023-01-06,2023-01-11,Delivered,Ahmedabad,C003,North
269f7b9e,2023-02-07,2023-02-12,Delivered,Delhi,C006,West
92164cc1,2023-05-31,2023-06-05,Delivered,Bangalore,C004,East
2637dbab,2023-06-30,2023-07-05,Delivered,Chennai,C001,West
b3f22686,2023-02-06,2023-02-10,Cancelled,Hyderabad,C005,East
038e1cf1,2023-01-29,2023-02-01,Delivered,Bangalore,C005,South
0479967c,2023-05-15,2023-05-18,Delivered,Mumbai,C009,East
4950d2bf,2023-04-04,2023-04-08,Delayed,Chennai,C008,North
5b42ccb4,2023-01-19,2023-01-22,Cancelled,Chennai,C008,Central
178a751a,2023-04-06,2023-04-08,Delivered,Delhi,C005,Central
208bc167,2023-06-30,2023-07-02,Delayed,Chennai,C008,West
6a0606f8,2023-06-19,2023-06-20,Delivered,Kolkata,C010,South
0af86a1c,2023-04-12,2023-04-14,Delivered,Chennai,C007,West
cb37986f,2023-05-31,2023-06-04,Delivered,Mumbai,C001,East
b8f71db7,2023-01-26,2023-01-31,Delivered,Kolkata,C007,Central
e9bb03d4,2023-03-28,2023-03-31,Delayed,Kolkata,C008,East
4ac1a572,2023-03-19,2023-03-24,Delivered,Bangalore,C003,Central
68d9bfe3,2023-03-24,2023-03-29,Delivered,Chennai,C009,Central
6adef19a,2023-02-04,2023-02-07,Delivered,Delhi,C008,Central
b0a9a390,2023-02-10,2023-02-11,Delivered,Pune,C002,North
3330db3d,2023-04-22,2023-04-25,Delivered,Bangalore,C006,East
cfdb6226,2023-06-13,2023-06-16,Delayed,Delhi,C004,West
18081502,2023-05-05,2023-05-07,Delayed,Chennai,C003,South
e663fda8,2023-06-16,2023-06-17,Delayed,Bangalore,C006,West
f0f27c27,2023-03-23,2023-03-26,Delayed,Chennai,C010,East
0df11fc4,2023-02-14,2023-02-17,Delivered,Mumbai,C009,South
238938c0,2023-05-24,2023-05-28,Delayed,Bangalore,C002,West
90ddc6b7,2023-06-27,2023-07-01,Delivered,Delhi,C010,South
0065277e,2023-06-07,2023-06-09,Delivered,Mumbai,C010,East
db8709c6,2023-04-02,2023-04-04,Delivered,Hyderabad,C010,Central
d0a73dcd,2023-02-27,2023-03-02,Delivered,Delhi,C005,East
e29f3be4,2023-06-20,2023-06-23,Delivered,Pune,C006,North
f8d8798c,2023-05-31,2023-06-05,Delivered,Ahmedabad,C004,South
278e42c4,2023-02-14,2023-02-15,Delayed,Chennai,C007,East
cab551eb,2023-04-07,2023-04-09,Delivered,Delhi,C002,Central
ff26ddf9,2023-03-20,2023-03-23,Delivered,Hyderabad,C007,Central
c199f36b,2023-06-26,2023-06-28,Cancelled,Delhi,C002,East
c972cd8b,2023-03-17,2023-03-18,Delivered,Mumbai,C001,West
145fbc9e,2023-02-02,2023-02-04,Delivered,Kolkata,C005,East
8e669638,2023-02-15,2023-02-20,Delivered,Ahmedabad,C002,Central
f4d55d32,2023-01-01,2023-01-06,Delivered,Delhi,C008,East
38fb623a,2023-06-29,2023-07-01,Delivered,Bangalore,C008,North
6c0c821c,2023-05-27,2023-05-28,Delivered,Pune,C001,West
31cd56c3,2023-04-11,2023-04-16,Delivered,Hyderabad,C004,East
a5a0852d,2023-05-26,2023-05-27,Delivered,Delhi,C009,Central
c99182d6,2023-01-09,2023-01-14,Delivered,Hyderabad,C005,East
4df056fe,2023-02-16,2023-02-21,Delivered,Kolkata,C010,East
0a4adcbe,2023-06-04,2023-06-06,Delivered,Mumbai,C006,South
ed965cba,2023-03-23,2023-03-24,Delayed,Bangalore,C003,East
2f763c50,2023-06-06,2023-06-10,Delivered,Chennai,C005,North
fc368013,2023-02-26,2023-02-27,Delivered,Delhi,C001,Central
eb29c203,2023-06-13,2023-06-16,Delayed,Mumbai,C008,South
4c6e1dab,2023-05-25,2023-05-27,Delivered,Ahmedabad,C006,East
ace5c996,2023-01-27,2023-01-30,Delivered,Hyderabad,C002,West
f03d22f2,2023-05-08,2023-05-13,Delivered,Kolkata,C004,North
eda47006,2023-02-06,2023-02-10,Delayed,Pune,C004,North
5824d248,2023-03-26,2023-03-30,Delayed,Hyderabad,C009,North
63ed5b34,2023-01-20,2023-01-25,Delivered,Pune,C009,South
578edf5b,2023-03-02,2023-03-04,Delayed,Kolkata,C005,East
c3cedf41,2023-03-30,2023-04-03,Delivered,Pune,C003,North
541418e5,2023-03-23,2023-03-26,Delivered,Kolkata,C001,East
0c237885,2023-02-12,2023-02-13,Delivered,Mumbai,C006,West
4c9f28be,2023-06-12,2023-06-13,Delivered,Delhi,C008,East
4dd64359,2023-01-23,2023-01-27,Delayed,Chennai,C001,East
434a273b,2023-06-21,2023-06-25,Delivered,Delhi,C001,East
9763e2c9,2023-06-13,2023-06-17,Delivered,Ahmedabad,C007,Central
f7475436,2023-03-27,2023-03-30,Delayed,Ahmedabad,C007,South
043b5285,2023-04-25,2023-04-26,Delivered,Bangalore,C002,East
a7fbb94f,2023-01-03,2023-01-05,Delivered,Delhi,C003,North
d06082c0,2023-03-09,2023-03-12,Delivered,Kolkata,C002,Central
17908638,2023-02-23,2023-02-24,Delayed,Kolkata,C006,East
aaef5017,2023-03-05,2023-03-08,Delayed,Bangalore,C008,Central
fe0676d3,2023-06-27,2023-06-28,Delivered,Hyderabad,C008,South
d47c7f2e,2023-01-18,2023-01-20,Delivered,Kolkata,C001,Central
adc7810f,2023-03-31,2023-04-01,Delivered,Bangalore,C009,North
ce82dbdd,2023-03-07,2023-03-10,Delayed,Kolkata,C008,East
ff77031f,2023-01-28,2023-01-30,Delivered,Chennai,C009,North
474fdbc8,2023-01-01,2023-01-06,Delivered,Kolkata,C009,West
fd993ae8,2023-01-13,2023-01-16,Delayed,Mumbai,C006,Central
ec7404c9,2023-04-09,2023-04-12,Delivered,Bangalore,C003,Central
2c155137,2023-04-23,2023-04-27,Delivered,Pune,C001,Central
f07339c0,2023-04-18,2023-04-23,Delivered,Ahmedabad,C008,South
fe969838,2023-02-12,2023-02-13,Cancelled,Delhi,C010,North
78ea50f6,2023-04-16,2023-04-19,Delivered,Bangalore,C003,West
4118151f,2023-05-07,2023-05-08,Delivered,Hyderabad,C007,South
1e4607ea,2023-04-07,2023-04-11,Delivered,Kolkata,C010,South
a45544f0,2023-03-31,2023-04-01,Delivered,Bangalore,C006,East
a1387712,2023-05-20,2023-05-25,Delivered,Chennai,C003,West
097555af,2023-04-07,2023-04-10,Delivered,Bangalore,C006,Central
c4ee8ef1,2023-01-26,2023-01-28,Cancelled,Chennai,C003,Central
333cda79,2023-05-03,2023-05-08,Delivered,Ahmedabad,C009,East
162c67ff,2023-05-28,2023-05-29,Delivered,Ahmedabad,C001,Central
f6f0a4e8,2023-06-16,2023-06-17,Delivered,Kolkata,C008,North
3d84a59f,2023-06-25,2023-06-27,Delivered,Delhi,C005,Central
8720c6b4,2023-02-27,2023-03-01,Delayed,Kolkata,C004,North
a78777ed,2023-02-11,2023-02-16,Delivered,Hyderabad,C001,East
92030595,2023-04-26,2023-04-30,Delivered,Mumbai,C009,East
932265b9,2023-01-19,2023-01-21,Delivered,Delhi,C009,North
f942bd44,2023-01-09,2023-01-11,Delivered,Delhi,C005,Central
904bbc05,2023-03-17,2023-03-20,Delivered,Ahmedabad,C009,East
ce1b2197,2023-01-06,2023-01-10,Delivered,Mumbai,C010,East
49a796cc,2023-03-23,2023-03-25,Delayed,Bangalore,C009,North
2f971868,2023-03-08,2023-03-12,Delayed,Kolkata,C007,East
c6092280,2023-01-27,2023-01-29,Delivered,Bangalore,C008,Central
9f926f04,2023-01-19,2023-01-23,Cancelled,Bangalore,C001,East
475b1a72,2023-03-29,2023-04-01,Delivered,Kolkata,C004,North
f7e3c19b,2023-02-13,2023-02-15,Delivered,Hyderabad,C010,Central
6a571e9d,2023-04-07,2023-04-09,Delivered,Delhi,C010,West
cfc3d3ae,2023-02-11,2023-02-12,Delivered,Chennai,C004,North
17ac8c26,2023-01-20,2023-01-25,Delivered,Mumbai,C009,West
7e9a5ce5,2023-05-21,2023-05-23,Delivered,Delhi,C003,East
ac2345a0,2023-01-24,2023-01-25,Delivered,Bangalore,C010,Central
72cb6aa8,2023-03-28,2023-04-01,Delivered,Mumbai,C010,East
f1b62b2c,2023-06-02,2023-06-03,Delivered,Chennai,C001,Central
374fcfc5,2023-06-07,2023-06-11,Delayed,Delhi,C005,South
6da74bfb,2023-05-04,2023-05-09,Delivered,Delhi,C007,East
6a24632a,2023-06-30,2023-07-05,Delivered,Hyderabad,C004,East
07a387ea,2023-01-08,2023-01-10,Delivered,Delhi,C009,East
bfc70f39,2023-04-21,2023-04-23,Delivered,Delhi,C006,North
33410d1d,2023-06-17,2023-06-18,Delayed,Chennai,C006,Central
15ffd832,2023-02-12,2023-02-16,Delivered,Chennai,C003,Central
de124fce,2023-06-05,2023-06-08,Delivered,Mumbai,C010,Central
4bf9a738,2023-04-22,2023-04-27,Delayed,Bangalore,C010,North
431891a7,2023-02-10,2023-02-14,Delivered,Chennai,C005,Central
2a930fa2,2023-01-14,2023-01-19,Delivered,Mumbai,C010,East
b9b96d3e,2023-01-26,2023-01-28,Delivered,Delhi,C006,West
5b07e859,2023-03-26,2023-03-29,Delayed,Ahmedabad,C004,South
39086ca7,2023-02-22,2023-02-26,Delivered,Mumbai,C003,Central
b6f6f210,2023-02-18,2023-02-23,Delivered,Ahmedabad,C005,North
9ab80bad,2023-04-15,2023-04-17,Delivered,Mumbai,C007,North
f55c5be6,2023-06-28,2023-07-01,Delivered,Mumbai,C006,Central
bf763395,2023-05-22,2023-05-24,Delivered,Ahmedabad,C002,West
0af73cb9,2023-05-19,2023-05-22,Delivered,Kolkata,C001,Central
c4a2817f,2023-03-09,2023-03-13,Delivered,Mumbai,C005,North
e91ede2d,2023-06-19,2023-06-23,Delayed,Ahmedabad,C005,South
954f61bb,2023-03-14,2023-03-18,Delayed,Chennai,C006,West
770acf51,2023-03-18,2023-03-23,Delivered,Pune,C003,Central
359ed1ea,2023-03-02,2023-03-05,Delayed,Pune,C001,South
dc75dcea,2023-01-25,2023-01-30,Delivered,Pune,C004,Central
da42ff90,2023-01-13,2023-01-17,Delivered,Pune,C004,West
1f3ae94c,2023-04-11,2023-04-14,Delivered,Kolkata,C010,North
920e364e,2023-05-27,2023-05-28,Delayed,Bangalore,C002,West
39776a47,2023-05-21,2023-05-23,Delayed,Ahmedabad,C008,East
866ae36b,2023-05-06,2023-05-07,Delivered,Mumbai,C006,Central
1fcdfb40,2023-02-09,2023-02-12,Delayed,Hyderabad,C003,South
58ef453a,2023-01-14,2023-01-18,Delivered,Pune,C001,South
97e1db2a,2023-04-03,2023-04-07,Delayed,Delhi,C003,West
0f75f506,2023-01-01,2023-01-04,Cancelled,Pune,C008,West
d2405eaa,2023-04-20,2023-04-22,Delivered,Pune,C004,West
38914d8d,2023-01-23,2023-01-27,Delayed,Delhi,C003,South
eba9f304,2023-03-17,2023-03-18,Delivered,Kolkata,C004,North
30f64a92,2023-06-19,2023-06-21,Delivered,Delhi,C004,South
fca901ba,2023-06-10,2023-06-14,Delivered,Delhi,C002,North
f6c15502,2023-06-03,2023-06-06,Delivered,Kolkata,C004,West
c5c20175,2023-05-03,2023-05-04,Delayed,Delhi,C009,East
49203302,2023-02-21,2023-02-24,Delivered,Mumbai,C004,South
53971914,2023-01-25,2023-01-29,Delivered,Pune,C001,West
c9e0d54b,2023-01-07,2023-01-09,Delayed,Bangalore,C001,South
96be38b1,2023-02-22,2023-02-26,Cancelled,Kolkata,C001,West
3e50b203,2023-02-13,2023-02-17,Delivered,Hyderabad,C005,South
27e1ad9c,2023-06-13,2023-06-18,Cancelled,Kolkata,C006,Central
52845dab,2023-03-16,2023-03-20,Delivered,Chennai,C006,South
ab78e2d1,2023-01-21,2023-01-23,Delayed,Hyderabad,C006,Central
48d787c1,2023-05-02,2023-05-03,Delivered,Chennai,C009,North
acfd420e,2023-01-30,2023-02-02,Delivered,Ahmedabad,C001,South
d127ad54,2023-03-20,2023-03-23,Delivered,Ahmedabad,C010,North
7ae39931,2023-04-12,2023-04-17,Delivered,Kolkata,C006,East
6969b21e,2023-05-01,2023-05-03,Delivered,Chennai,C008,Central
fe7204b8,2023-05-06,2023-05-10,Delivered,Hyderabad,C008,South
0b034c83,2023-06-19,2023-06-20,Delivered,Mumbai,C003,North
6e6a2f1b,2023-03-09,2023-03-14,Delayed,Kolkata,C005,West
e005b897,2023-01-24,2023-01-27,Delivered,Kolkata,C010,North
8abf8c5e,2023-06-14,2023-06-17,Delivered,Delhi,C004,South
499320c3,2023-05-20,2023-05-23,Delivered,Kolkata,C001,East
423fc9dc,2023-04-10,2023-04-14,Delivered,Pune,C009,Central
d5c0bf2a,2023-02-17,2023-02-21,Delayed,Ahmedabad,C005,West
81d37c8c,2023-04-05,2023-04-09,Delayed,Pune,C002,North
cfdcd064,2023-04-08,2023-04-12,Delivered,Kolkata,C002,South
43954cb5,2023-04-05,2023-04-09,Delivered,Ahmedabad,C007,South
e9a1eb14,2023-02-17,2023-02-20,Delayed,Ahmedabad,C004,Central
a319c9c4,2023-04-25,2023-04-26,Delivered,Mumbai,C001,West
49d31ec7,2023-01-12,2023-01-15,Delayed,Delhi,C005,North
16a3253c,2023-03-09,2023-03-13,Delivered,Bangalore,C002,North
7f651068,2023-04-23,2023-04-25,Delayed,Chennai,C007,North
b2d8e009,2023-04-30,2023-05-03,Delivered,Hyderabad,C009,Central
6996030d,2023-03-09,2023-03-10,Delivered,Bangalore,C001,Central
2a1c38c2,2023-02-27,2023-03-02,Cancelled,Delhi,C002,West
5003fcb1,2023-03-10,2023-03-14,Delivered,Pune,C006,North
bb43a6ff,2023-05-25,2023-05-29,Delivered,Pune,C008,North
f4ab7ecc,2023-01-16,2023-01-18,Delivered,Pune,C007,West
f9b535a3,2023-02-08,2023-02-13,Delivered,Mumbai,C009,West
649559c9,2023-06-28,2023-06-30,Delivered,Ahmedabad,C002,West
b5f4a2eb,2023-06-20,2023-06-25,Delivered,Pune,C009,South
a8d8d329,2023-01-25,2023-01-27,Delivered,Hyderabad,C004,West
b152668b,2023-01-22,2023-01-23,Delivered,Chennai,C003,East
9b64f7a6,2023-06-21,2023-06-26,Delayed,Kolkata,C007,Central
0bde3a36,2023-03-30,2023-04-04,Delivered,Kolkata,C005,West
5f3c3820,2023-05-19,2023-05-22,Delivered,Bangalore,C005,South
2bba6c21,2023-04-16,2023-04-18,Delivered,Chennai,C002,East
f8fc4018,2023-05-31,2023-06-05,Delivered,Delhi,C006,South
6928e675,2023-02-28,2023-03-05,Delivered,Chennai,C006,South
317812d7,2023-05-22,2023-05-23,Delivered,Mumbai,C004,South
a34bd169,2023-01-16,2023-01-17,Delivered,Bangalore,C005,South
bd759c0c,2023-04-10,2023-04-14,Delivered,Bangalore,C007,North
0904e9c5,2023-05-14,2023-05-15,Delivered,Mumbai,C008,Central
9c234ceb,2023-04-18,2023-04-21,Delivered,Chennai,C006,North
036abaa9,2023-05-18,2023-05-21,Delivered,Pune,C005,East
8843dadb,2023-06-25,2023-06-30,Delivered,Mumbai,C003,North
9ce89a40,2023-05-02,2023-05-03,Delivered,Pune,C007,East
5e86d0e8,2023-05-27,2023-05-28,Delivered,Hyderabad,C008,West
fc09b174,2023-03-02,2023-03-07,Delayed,Mumbai,C003,East
3f6a6956,2023-05-02,2023-05-04,Delivered,Pune,C005,North
db33dd7c,2023-03-18,2023-03-21,Delivered,Chennai,C002,North
cfa80ef0,2023-01-21,2023-01-26,Delivered,Pune,C010,East
d53254a8,2023-04-12,2023-04-14,Delivered,Mumbai,C010,North
15439bf2,2023-01-09,2023-01-11,Delivered,Delhi,C004,East
9112dfba,2023-05-09,2023-05-14,Delivered,Kolkata,C004,South
4a845a2c,2023-05-27,2023-05-31,Delayed,Mumbai,C008,Central
5bc4d712,2023-05-13,2023-05-15,Delivered,Kolkata,C003,East
9cd11d6f,2023-05-27,2023-05-30,Cancelled,Mumbai,C005,South
a1f388eb,2023-06-23,2023-06-25,Delivered,Chennai,C005,South
856cd5c2,2023-06-08,2023-06-11,Delivered,Hyderabad,C002,South
a41eba64,2023-02-07,2023-02-10,Delivered,Hyderabad,C009,South
2e4f99fe,2023-01-31,2023-02-04,Delivered,Kolkata,C004,East
d116a839,2023-04-25,2023-04-27,Delivered,Ahmedabad,C009,North
b4be6413,2023-02-14,2023-02-19,Delivered,Ahmedabad,C009,South
20e97be4,2023-02-12,2023-02-14,Delivered,Chennai,C002,West
cc4e011f,2023-02-24,2023-02-25,Delayed,Pune,C009,South
7097e74b,2023-02-19,2023-02-20,Delayed,Chennai,C009,North
c4927586,2023-02-02,2023-02-03,Delivered,Ahmedabad,C002,North
539dcc8f,2023-01-11,2023-01-16,Delivered,Chennai,C006,Central
d00a88f4,2023-04-19,2023-04-20,Delivered,Delhi,C009,Central
6ac3c6e6,2023-01-21,2023-01-26,Delivered,Bangalore,C004,South
5f701f8c,2023-06-24,2023-06-28,Delivered,Ahmedabad,C002,South
8fd447cd,2023-04-22,2023-04-26,Delivered,Ahmedabad,C007,Central
edfc3ac2,2023-02-21,2023-02-22,Delivered,Mumbai,C009,South
29d16320,2023-06-10,2023-06-12,Delivered,Chennai,C006,West
789145e3,2023-02-07,2023-02-10,Cancelled,Chennai,C004,East
befdecbe,2023-06-02,2023-06-05,Delayed,Chennai,C001,Central
572f055a,2023-03-08,2023-03-09,Delayed,Hyderabad,C004,Central
d69fd5a4,2023-03-23,2023-03-25,Delivered,Chennai,C003,North
52718db1,2023-01-18,2023-01-20,Delivered,Ahmedabad,C007,South
6f9a6215,2023-01-23,2023-01-24,Delivered,Mumbai,C010,Central
7c1d6920,2023-04-10,2023-04-13,Delivered,Pune,C005,Central
f40eb7f1,2023-05-23,2023-05-24,Delivered,Pune,C003,West
1274d510,2023-04-12,2023-04-16,Delivered,Chennai,C002,South
3e31397e,2023-05-22,2023-05-26,Delivered,Mumbai,C002,East
be8b690f,2023-03-25,2023-03-27,Delivered,Delhi,C005,West
854e909d,2023-03-12,2023-03-15,Delivered,Pune,C008,East
af3890e7,2023-05-14,2023-05-15,Delivered,Ahmedabad,C008,North
416cd958,2023-04-28,2023-04-29,Delivered,Bangalore,C005,Central
4dc64cc6,2023-01-04,2023-01-05,Delivered,Hyderabad,C002,West
95c90b7e,2023-06-29,2023-07-04,Delivered,Mumbai,C004,East
4b982fbe,2023-06-09,2023-06-13,Delivered,Pune,C007,South
801a322b,2023-05-31,2023-06-01,Cancelled,Pune,C006,North
6c805ff3,2023-05-14,2023-05-15,Delivered,Kolkata,C010,North
e3c5ef1d,2023-04-18,2023-04-23,Delayed,Delhi,C007,Central
eedca3dc,2023-01-29,2023-02-03,Delivered,Bangalore,C005,Central
cdc841a8,2023-04-17,2023-04-19,Delivered,Bangalore,C002,East
530a7ed8,2023-02-08,2023-02-09,Delivered,Bangalore,C008,East
948e1b82,2023-02-07,2023-02-12,Delivered,Ahmedabad,C002,North
1ea73531,2023-05-26,2023-05-30,Delivered,Mumbai,C008,East
3dbd643d,2023-05-31,2023-06-02,Delayed,Delhi,C007,Central
41fd811d,2023-05-30,2023-06-04,Delivered,Chennai,C003,North
3139f125,2023-01-26,2023-01-29,Delivered,Kolkata,C004,North
b4638b08,2023-01-28,2023-01-31,Delivered,Delhi,C007,South
b595b6f2,2023-05-25,2023-05-29,Delayed,Delhi,C004,South
297da6d4,2023-01-26,2023-01-31,Delivered,Pune,C009,East
d5419cd0,2023-03-15,2023-03-16,Delivered,Delhi,C007,East
9508d169,2023-05-18,2023-05-21,Delivered,Mumbai,C001,Central
da87fe53,2023-03-30,2023-04-02,Delayed,Kolkata,C001,Central
a7c86fc1,2023-04-16,2023-04-20,Cancelled,Mumbai,C004,South
04c98485,2023-03-09,2023-03-11,Delivered,Kolkata,C009,North
07c2398b,2023-04-09,2023-04-10,Delayed,Kolkata,C004,West
b47988ce,2023-06-17,2023-06-20,Delayed,Pune,C005,West
889f6f12,2023-05-05,2023-05-10,Delivered,Mumbai,C001,East
38cfcdd0,2023-05-27,2023-05-31,Delivered,Kolkata,C002,West
875979db,2023-06-05,2023-06-09,Delivered,Delhi,C004,West
66467cbe,2023-05-02,2023-05-05,Cancelled,Mumbai,C004,South
4dd7bbe0,2023-01-10,2023-01-14,Delivered,Kolkata,C010,North
eefbf2d6,2023-02-14,2023-02-15,Delayed,Ahmedabad,C006,Central
bd23fcc2,2023-03-12,2023-03-14,Delivered,Bangalore,C006,South
2998cb1d,2023-04-14,2023-04-18,Delayed,Mumbai,C008,Central
66312612,2023-02-06,2023-02-11,Delivered,Pune,C009,South
25da9771,2023-06-08,2023-06-11,Delivered,Ahmedabad,C001,South
9d9e4f9d,2023-06-05,2023-06-09,Delayed,Ahmedabad,C001,West
e45f241e,2023-06-24,2023-06-27,Delayed,Hyderabad,C006,Central
512db9c5,2023-06-27,2023-07-02,Delayed,Mumbai,C004,South
2aad5b74,2023-04-13,2023-04-18,Delivered,Ahmedabad,C004,West
69849927,2023-01-10,2023-01-12,Delayed,Mumbai,C001,East
af2453eb,2023-04-12,2023-04-16,Delivered,Mumbai,C009,Central
c75636b9,2023-03-26,2023-03-27,Delivered,Kolkata,C003,South
fc10e74f,2023-06-26,2023-06-30,Delivered,Mumbai,C005,East
8a35986b,2023-03-02,2023-03-06,Delivered,Hyderabad,C010,West
000956f5,2023-01-13,2023-01-16,Delivered,Chennai,C001,South
da38bff1,2023-05-02,2023-05-07,Cancelled,Mumbai,C008,West
947a795f,2023-03-10,2023-03-11,Delivered,Bangalore,C003,West
ab6aa3d8,2023-04-06,2023-04-10,Delivered,Hyderabad,C001,West
011bbec5,2023-01-06,2023-01-08,Delivered,Chennai,C010,Central
7434d34d,2023-03-28,2023-04-02,Delivered,Kolkata,C006,East
975b93d8,2023-03-19,2023-03-20,Delivered,Mumbai,C001,East
45604907,2023-03-21,2023-03-25,Delayed,Chennai,C003,North
7ccbf7ed,2023-03-13,2023-03-15,Delayed,Bangalore,C005,South
71939519,2023-05-06,2023-05-10,Delayed,Hyderabad,C004,West
379c6f7d,2023-06-28,2023-07-01,Cancelled,Hyderabad,C007,South
9fda534c,2023-06-25,2023-06-29,Delivered,Kolkata,C006,East
c6085917,2023-01-26,2023-01-31,Delivered,Kolkata,C003,East
a45bd3ac,2023-02-28,2023-03-01,Delivered,Kolkata,C008,West
6a502816,2023-02-04,2023-02-07,Delivered,Chennai,C008,Central
5615f895,2023-03-18,2023-03-21,Delivered,Mumbai,C002,West
20b1109b,2023-04-24,2023-04-26,Delivered,Delhi,C007,West
c51d8f5a,2023-03-24,2023-03-25,Delivered,Ahmedabad,C001,North
31705a6b,2023-03-10,2023-03-11,Delivered,Hyderabad,C002,Central
b5eda40c,2023-04-17,2023-04-22,Delivered,Delhi,C008,South
ac64d14d,2023-06-04,2023-06-06,Delivered,Pune,C001,Central
47905d60,2023-06-15,2023-06-17,Delivered,Hyderabad,C002,West
6154934a,2023-01-23,2023-01-27,Delivered,Ahmedabad,C001,West
e8e0265e,2023-02-18,2023-02-23,Delivered,Kolkata,C005,West
1364b650,2023-04-24,2023-04-26,Delayed,Ahmedabad,C007,West
9fb8697b,2023-02-24,2023-02-25,Delivered,Mumbai,C006,West
0a729c2c,2023-04-15,2023-04-17,Delivered,Mumbai,C006,Central
2201d268,2023-05-05,2023-05-09,Delayed,Hyderabad,C006,West
d6aad7d3,2023-05-13,2023-05-18,Delivered,Chennai,C008,East
b4fd4f33,2023-04-06,2023-04-10,Delivered,Pune,C005,East
3b03e082,2023-01-15,2023-01-20,Delayed,Ahmedabad,C010,North
62a2b98e,2023-05-12,2023-05-17,Delivered,Kolkata,C007,South
74bc4c1d,2023-02-10,2023-02-12,Delayed,Mumbai,C003,East
4e70b47a,2023-01-17,2023-01-18,Delayed,Pune,C009,North
da1ab4fa,2023-03-21,2023-03-25,Delivered,Pune,C010,Central
c94a2642,2023-05-10,2023-05-13,Delivered,Mumbai,C003,South
b4649eff,2023-04-14,2023-04-18,Delivered,Bangalore,C006,West
24cbc004,2023-02-04,2023-02-07,Delivered,Ahmedabad,C003,West
4f4ae971,2023-05-15,2023-05-18,Delivered,Pune,C001,Central
d2a724ff,2023-05-26,2023-05-28,Delivered,Mumbai,C001,South
2cccb363,2023-01-08,2023-01-09,Delivered,Bangalore,C003,East
aaa08c87,2023-02-14,2023-02-17,Delivered,Mumbai,C004,South
290f88b0,2023-02-19,2023-02-24,Delivered,Mumbai,C002,North
1ed0c83e,2023-02-21,2023-02-26,Delivered,Pune,C009,Central
cf3fb046,2023-01-15,2023-01-19,Delivered,Chennai,C008,East
bb2e035d,2023-03-05,2023-03-06,Delayed,Chennai,C003,South
899a152b,2023-01-09,2023-01-12,Delivered,Kolkata,C007,South
4eb855b2,2023-04-27,2023-04-29,Delivered,Ahmedabad,C004,East
f865d69e,2023-01-13,2023-01-18,Delayed,Mumbai,C005,North
91482b30,2023-04-03,2023-04-07,Delivered,Ahmedabad,C004,North
c9e586ca,2023-06-30,2023-07-05,Delivered,Kolkata,C009,South
95b1d2f4,2023-02-20,2023-02-24,Delivered,Kolkata,C007,West
c386bd0a,2023-03-12,2023-03-15,Delivered,Kolkata,C004,East
9b8ba0cd,2023-04-05,2023-04-07,Delivered,Kolkata,C008,North
4b049bbc,2023-04-29,2023-05-02,Delivered,Hyderabad,C002,North
d615c065,2023-05-10,2023-05-14,Delivered,Pune,C007,North
70a63260,2023-04-12,2023-04-16,Delayed,Pune,C001,Central
1e27532c,2023-06-12,2023-06-17,Delivered,Hyderabad,C008,West
11769eb3,2023-02-01,2023-02-06,Delivered,Mumbai,C006,North
20552860,2023-06-24,2023-06-25,Delayed,Hyderabad,C005,West
09825baf,2023-01-08,2023-01-09,Delivered,Mumbai,C009,South
4e647f27,2023-03-03,2023-03-07,Delayed,Chennai,C009,South
a8fb0c5b,2023-04-06,2023-04-07,Delivered,Pune,C003,Central
a764aa29,2023-05-06,2023-05-10,Delayed,Delhi,C009,West
fe4cd892,2023-06-02,2023-06-04,Delivered,Bangalore,C009,East
f30349a2,2023-04-25,2023-04-26,Delayed,Pune,C002,Central
a9dea3df,2023-02-15,2023-02-17,Delayed,Hyderabad,C005,North
0d4742d7,2023-05-02,2023-05-07,Delivered,Hyderabad,C002,South
70f9a2ec,2023-05-31,2023-06-01,Delivered,Chennai,C001,South
a4849a91,2023-05-22,2023-05-24,Delivered,Hyderabad,C007,East
319d6959,2023-03-31,2023-04-02,Delivered,Mumbai,C004,Central
06b329d3,2023-03-30,2023-04-03,Delivered,Mumbai,C005,West
035f121f,2023-02-11,2023-02-12,Delivered,Delhi,C004,South
96a096a5,2023-03-08,2023-03-09,Delivered,Delhi,C006,North
5ccd015d,2023-06-26,2023-06-30,Delivered,Pune,C002,East
1d8eb376,2023-01-24,2023-01-28,Delivered,Delhi,C008,East
833857a2,2023-03-14,2023-03-16,Delivered,Mumbai,C004,East
1284688e,2023-01-08,2023-01-13,Delivered,Ahmedabad,C008,North
3c7253e2,2023-04-09,2023-04-13,Delivered,Kolkata,C003,East
4d3675db,2023-01-13,2023-01-15,Delivered,Kolkata,C005,West
2fdecff5,2023-02-11,2023-02-16,Delivered,Delhi,C003,West
f006f469,2023-05-27,2023-05-31,Delivered,Delhi,C007,Central
f03c7809,2023-02-24,2023-02-28,Delivered,Mumbai,C003,Central
adb2dfc3,2023-02-26,2023-02-27,Delivered,Chennai,C008,West
d112abb5,2023-06-15,2023-06-18,Delayed,Pune,C009,North
07aef55e,2023-02-27,2023-02-28,Delivered,Hyderabad,C002,Central
ab080361,2023-06-23,2023-06-27,Delivered,Pune,C003,East
2614e8ed,2023-02-22,2023-02-25,Delivered,Bangalore,C007,West
41543ad2,2023-03-10,2023-03-13,Delayed,Kolkata,C005,South
77c1d7ed,2023-06-16,2023-06-21,Delayed,Ahmedabad,C010,North
8ce94ca9,2023-04-15,2023-04-18,Delivered,Kolkata,C007,North
08b196e0,2023-05-12,2023-05-17,Delivered,Mumbai,C002,West
272e0fc3,2023-01-06,2023-01-09,Delayed,Pune,C004,South
e8da9706,2023-06-24,2023-06-29,Delivered,Ahmedabad,C001,North
f2a96fa7,2023-01-03,2023-01-05,Delivered,Mumbai,C005,Central
8b727b32,2023-05-02,2023-05-04,Delivered,Bangalore,C008,South
3b1bc560,2023-02-03,2023-02-06,Delivered,Ahmedabad,C001,East
26bd110e,2023-06-15,2023-06-20,Delayed,Pune,C007,Central
ed950057,2023-02-14,2023-02-16,Cancelled,Ahmedabad,C007,South
3315d0a6,2023-06-03,2023-06-08,Delayed,Bangalore,C007,West
9f6316b7,2023-01-03,2023-01-06,Delivered,Delhi,C001,North
b492d652,2023-02-27,2023-03-04,Delayed,Pune,C003,Central
c1bc0433,2023-03-06,2023-03-11,Delivered,Bangalore,C002,West
2e6e5eaf,2023-06-05,2023-06-08,Delivered,Hyderabad,C005,South
51ef4edf,2023-03-20,2023-03-24,Delayed,Hyderabad,C002,East
879c82f5,2023-06-14,2023-06-18,Delivered,Kolkata,C005,North
5a721823,2023-03-12,2023-03-14,Delivered,Hyderabad,C005,North
22846762,2023-04-19,2023-04-22,Delivered,Pune,C004,Central
b3bded82,2023-04-07,2023-04-09,Delayed,Hyderabad,C007,West
daff5a89,2023-03-31,2023-04-02,Delivered,Hyderabad,C010,South
4a77b1ef,2023-04-28,2023-05-03,Delivered,Ahmedabad,C006,South
3a32c8dd,2023-03-06,2023-03-10,Delivered,Delhi,C002,West
bff9ec0b,2023-02-25,2023-02-26,Delayed,Kolkata,C004,North
89a78124,2023-04-30,2023-05-03,Delayed,Mumbai,C007,West
8d7ae6c3,2023-03-19,2023-03-23,Delivered,Kolkata,C009,South
3ebd3888,2023-06-23,2023-06-25,Delivered,Kolkata,C009,West
b4640589,2023-05-14,2023-05-16,Delivered,Kolkata,C003,North
5a86a663,2023-06-09,2023-06-13,Cancelled,Bangalore,C001,Central
62f20d78,2023-04-12,2023-04-13,Delivered,Mumbai,C009,North
e6fffc5a,2023-05-30,2023-05-31,Delayed,Bangalore,C008,East
1d5cc826,2023-01-27,2023-01-30,Delivered,Delhi,C007,East
5b498f0d,2023-01-02,2023-01-04,Delayed,Delhi,C006,West
ce80fc6a,2023-05-11,2023-05-13,Delayed,Chennai,C010,North
40dc5693,2023-06-19,2023-06-20,Delayed,Chennai,C007,North
60c3a65b,2023-04-06,2023-04-11,Cancelled,Ahmedabad,C009,South
a8035c8b,2023-05-24,2023-05-28,Delivered,Delhi,C006,Central
8d175b16,2023-06-15,2023-06-18,Delivered,Delhi,C010,North
bfac6680,2023-06-02,2023-06-03,Delivered,Bangalore,C003,West
e37879cb,2023-06-05,2023-06-06,Delayed,Ahmedabad,C003,South
b7cb927b,2023-03-14,2023-03-19,Delivered,Delhi,C004,South
1b938fff,2023-03-18,2023-03-22,Delivered,Pune,C010,West
75f426d6,2023-06-25,2023-06-30,Delivered,Mumbai,C010,West
cc058eab,2023-01-28,2023-01-30,Delivered,Bangalore,C008,North
8f399614,2023-05-04,2023-05-05,Delivered,Delhi,C010,North
d2b886a7,2023-01-17,2023-01-20,Delivered,Bangalore,C009,South
c2c23359,2023-03-28,2023-04-02,Delayed,Bangalore,C008,South
d6b3bfa2,2023-03-12,2023-03-14,Delivered,Hyderabad,C010,Central
2baecf86,2023-06-13,2023-06-16,Delivered,Ahmedabad,C002,South
6fe4c84d,2023-03-25,2023-03-26,Delivered,Chennai,C004,West
05bfc61e,2023-03-12,2023-03-14,Delivered,Ahmedabad,C004,West
5a54f6eb,2023-03-08,2023-03-11,Delayed,Bangalore,C002,Central
592ff13b,2023-06-17,2023-06-20,Delayed,Ahmedabad,C008,East
01b7683a,2023-06-16,2023-06-20,Delivered,Kolkata,C003,East
828647a5,2023-03-18,2023-03-23,Delayed,Pune,C002,West
f67df431,2023-02-18,2023-02-21,Delayed,Pune,C007,East
1bc94507,2023-02-08,2023-02-11,Delayed,Bangalore,C001,East
654cfffc,2023-05-13,2023-05-18,Delivered,Kolkata,C006,Central
7ac15a6f,2023-03-03,2023-03-07,Cancelled,Pune,C003,South
ab71c15d,2023-01-15,2023-01-18,Delivered,Hyderabad,C003,South
e78be983,2023-06-03,2023-06-08,Delivered,Delhi,C005,East
4c6575d0,2023-04-14,2023-04-19,Delivered,Bangalore,C003,North
476f607e,2023-06-19,2023-06-21,Delivered,Hyderabad,C004,Central
8bc752c7,2023-03-23,2023-03-24,Delivered,Ahmedabad,C003,East
20e381cb,2023-06-24,2023-06-29,Delivered,Mumbai,C007,North
a0553ce5,2023-02-05,2023-02-07,Delivered,Ahmedabad,C003,North
aaf06467,2023-01-07,2023-01-08,Delayed,Hyderabad,C010,Central
c643e99b,2023-06-17,2023-06-19,Delayed,Chennai,C004,South
1c774272,2023-05-08,2023-05-11,Delivered,Chennai,C002,West
8c1d3f56,2023-03-17,2023-03-19,Delayed,Delhi,C002,North
e9bbb22c,2023-03-08,2023-03-11,Delayed,Ahmedabad,C009,West
dba8a0a2,2023-04-18,2023-04-23,Delayed,Kolkata,C001,West
88fe6eec,2023-04-14,2023-04-15,Delivered,Delhi,C001,Central
c37142e0,2023-04-10,2023-04-12,Delayed,Pune,C010,South
f3df8f03,2023-01-10,2023-01-15,Delayed,Kolkata,C001,Central
6253d077,2023-05-30,2023-06-04,Delayed,Kolkata,C003,North
f6d18a43,2023-05-27,2023-05-31,Delivered,Kolkata,C002,South
0445f6f8,2023-02-18,2023-02-21,Delivered,Kolkata,C003,East
1a7bf686,2023-03-29,2023-04-03,Delivered,Chennai,C005,South
d84f0a7b,2023-02-26,2023-03-03,Delivered,Ahmedabad,C009,Central
09d616d7,2023-06-25,2023-06-30,Delivered,Pune,C002,Central
30f6652e,2023-05-17,2023-05-20,Delivered,Chennai,C001,West
04ec43e3,2023-06-13,2023-06-18,Delayed,Bangalore,C006,East
878ca495,2023-05-02,2023-05-06,Delayed,Pune,C003,South
183684a1,2023-06-21,2023-06-23,Delivered,Chennai,C007,East
bd2b93b5,2023-04-02,2023-04-04,Cancelled,Delhi,C006,West
8e00f236,2023-05-10,2023-05-11,Delivered,Chennai,C007,East
64b6b9cc,2023-03-18,2023-03-20,Delivered,Pune,C005,East
a30465af,2023-02-13,2023-02-15,Delayed,Pune,C001,South
ffde8ba7,2023-06-18,2023-06-19,Delayed,Delhi,C003,East
17597fdf,2023-05-23,2023-05-28,Delayed,Mumbai,C003,West
19805350,2023-02-16,2023-02-18,Delivered,Ahmedabad,C007,North
ca452763,2023-03-17,2023-03-19,Delayed,Pune,C003,North
0860303b,2023-01-25,2023-01-27,Delivered,Chennai,C005,Central
38aaed85,2023-05-01,2023-05-05,Delayed,Delhi,C004,North
e2b8ff86,2023-02-02,2023-02-03,Delayed,Kolkata,C004,South
964c77cc,2023-03-08,2023-03-11,Delivered,Ahmedabad,C007,Central
868ddd48,2023-05-24,2023-05-25,Delivered,Pune,C001,North
8981a6d9,2023-02-16,2023-02-17,Delayed,Ahmedabad,C007,North
3f15b3f7,2023-06-24,2023-06-26,Delivered,Ahmedabad,C008,Central
bdbfebd7,2023-03-27,2023-04-01,Delivered,Hyderabad,C003,South
0069b0a9,2023-06-17,2023-06-21,Delayed,Ahmedabad,C003,Central
6a2967af,2023-01-23,2023-01-27,Delivered,Kolkata,C004,South
fbe2a184,2023-02-26,2023-03-02,Delayed,Bangalore,C006,South
9e9bdc45,2023-04-01,2023-04-04,Delivered,Ahmedabad,C007,West
55efe1b5,2023-02-27,2023-03-02,Delivered,Pune,C001,North
bf778d57,2023-03-20,2023-03-25,Delayed,Delhi,C004,North
7c501088,2023-04-18,2023-04-19,Delivered,Kolkata,C007,East
3bd83938,2023-03-26,2023-03-28,Delivered,Chennai,C002,Central
ad4cfaf5,2023-04-06,2023-04-11,Delayed,Chennai,C001,West
12793bc3,2023-03-08,2023-03-12,Delivered,Pune,C001,North
cd6cb233,2023-05-30,2023-06-03,Delivered,Mumbai,C010,East
94dd92cd,2023-03-17,2023-03-21,Delivered,Hyderabad,C006,West
5d0fd69d,2023-04-29,2023-05-03,Delayed,Pune,C005,South
179d3b7c,2023-01-31,2023-02-03,Delayed,Delhi,C001,North
227e97aa,2023-05-01,2023-05-04,Delayed,Kolkata,C010,Central
d50b38d4,2023-01-14,2023-01-19,Delivered,Hyderabad,C003,West
8b0f37f5,2023-06-12,2023-06-15,Delayed,Mumbai,C007,East
0205ecd9,2023-05-30,2023-06-04,Delivered,Pune,C009,Central
6d511965,2023-05-29,2023-05-30,Delayed,Bangalore,C009,South
ffcc3e17,2023-06-08,2023-06-13,Delivered,Hyderabad,C006,Central
55bb69a2,2023-01-19,2023-01-21,Delayed,Mumbai,C003,East
24a11aa5,2023-05-01,2023-05-03,Delayed,Pune,C001,South
336937e8,2023-02-19,2023-02-22,Delivered,Ahmedabad,C003,East
37ac512e,2023-05-09,2023-05-11,Delivered,Pune,C010,North
b183683c,2023-01-31,2023-02-04,Delayed,Delhi,C002,East
4f4bce6b,2023-06-24,2023-06-29,Delivered,Pune,C005,Central
54ace5cf,2023-04-08,2023-04-12,Cancelled,Bangalore,C008,North
da07bc43,2023-05-16,2023-05-20,Delivered,Pune,C005,North
726f5dd9,2023-03-18,2023-03-21,Delivered,Chennai,C001,West
f91f1cfb,2023-04-16,2023-04-17,Delivered,Mumbai,C003,Central
074ce09a,2023-01-14,2023-01-19,Delivered,Ahmedabad,C005,Central
5bc916eb,2023-02-08,2023-02-12,Delayed,Chennai,C007,South
dc278786,2023-02-05,2023-02-08,Delivered,Pune,C005,East
2a58c13e,2023-02-21,2023-02-23,Delayed,Bangalore,C010,East
ea1d0a43,2023-03-29,2023-03-30,Delivered,Mumbai,C005,Central
e6b602e8,2023-04-15,2023-04-18,Delivered,Mumbai,C007,East
43dad8da,2023-05-26,2023-05-30,Delivered,Pune,C008,Central
07d3480e,2023-04-28,2023-05-01,Delivered,Bangalore,C008,North
8ddbdae6,2023-02-06,2023-02-10,Cancelled,Delhi,C007,East
15fa0fcd,2023-03-22,2023-03-24,Delivered,Ahmedabad,C003,East
e974007a,2023-02-16,2023-02-21,Delivered,Mumbai,C002,Central
4a7a7421,2023-01-21,2023-01-26,Delivered,Ahmedabad,C001,Central
7548d60f,2023-05-05,2023-05-07,Delivered,Bangalore,C006,South
e0b2a914,2023-03-27,2023-03-31,Delivered,Hyderabad,C009,East
c8c85d8e,2023-06-11,2023-06-14,Delayed,Chennai,C003,West
1238afd0,2023-02-15,2023-02-17,Delivered,Mumbai,C005,Central
02bc2ace,2023-03-22,2023-03-23,Delivered,Hyderabad,C009,West
a2167dcb,2023-06-12,2023-06-14,Delivered,Mumbai,C009,North
b2b12bf6,2023-01-15,2023-01-19,Cancelled,Delhi,C007,North
a28cd7dd,2023-01-02,2023-01-05,Delivered,Pune,C004,West
b23cfdd2,2023-04-26,2023-05-01,Delivered,Bangalore,C002,North
4987b2d4,2023-03-12,2023-03-14,Delivered,Mumbai,C002,West
24b7de91,2023-02-23,2023-02-24,Delivered,Bangalore,C004,South
1097a58a,2023-02-13,2023-02-18,Delivered,Kolkata,C001,South
063cecb1,2023-05-28,2023-05-31,Delivered,Mumbai,C004,North
e4d90afe,2023-02-10,2023-02-13,Delayed,Delhi,C006,West
af57cf81,2023-05-06,2023-05-07,Delivered,Delhi,C006,West
24ccb5d2,2023-01-23,2023-01-26,Delayed,Pune,C007,West
2f36ecb3,2023-02-03,2023-02-06,Delivered,Pune,C005,North
5dcfc0f1,2023-06-07,2023-06-12,Delivered,Hyderabad,C009,West
e05a1750,2023-04-22,2023-04-23,Delivered,Delhi,C002,Central
00d8ff2d,2023-06-12,2023-06-17,Delivered,Bangalore,C002,West
ffe33c6d,2023-04-20,2023-04-23,Delayed,Kolkata,C004,Central
da7e63e0,2023-04-14,2023-04-15,Delivered,Ahmedabad,C004,South
4864b055,2023-04-20,2023-04-23,Delivered,Delhi,C004,Central
39c5b4d8,2023-05-03,2023-05-07,Delivered,Mumbai,C001,South
0b668a8d,2023-04-09,2023-04-13,Cancelled,Ahmedabad,C004,North
585c6cdc,2023-01-02,2023-01-03,Delivered,Ahmedabad,C005,South
35979067,2023-01-10,2023-01-13,Delayed,Delhi,C009,South
8edae601,2023-05-17,2023-05-20,Delivered,Kolkata,C003,West
4721a223,2023-02-21,2023-02-22,Delivered,Bangalore,C003,East
260ec991,2023-04-06,2023-04-11,Delivered,Mumbai,C005,South
86257c48,2023-01-04,2023-01-05,Delivered,Hyderabad,C010,Central
a81097b4,2023-03-24,2023-03-28,Delivered,Hyderabad,C006,North
2e7ae471,2023-05-16,2023-05-21,Delivered,Hyderabad,C003,Central
2d3f83b3,2023-02-18,2023-02-22,Delayed,Pune,C001,North
888bd570,2023-01-05,2023-01-09,Delayed,Mumbai,C010,Central
1bcff52f,2023-06-23,2023-06-25,Delayed,Ahmedabad,C008,South
ed1bbd12,2023-01-02,2023-01-06,Delivered,Hyderabad,C001,East
5834a1cb,2023-06-10,2023-06-15,Delivered,Pune,C002,South
f222fa77,2023-03-05,2023-03-06,Delivered,Delhi,C003,West
4945ec97,2023-02-27,2023-02-28,Delayed,Ahmedabad,C006,Central
96ef82d4,2023-06-27,2023-06-30,Delayed,Mumbai,C004,East
2eeb45e8,2023-03-30,2023-03-31,Delivered,Mumbai,C004,Central
050d0d60,2023-03-21,2023-03-26,Delivered,Mumbai,C009,West
377be1ce,2023-02-03,2023-02-05,Delivered,Chennai,C006,West
6fc9f1e3,2023-01-27,2023-01-29,Delivered,Pune,C002,West
3b33f4c1,2023-04-09,2023-04-11,Delivered,Ahmedabad,C007,South
4dc5bcd2,2023-05-09,2023-05-10,Delivered,Bangalore,C003,South
5bce0936,2023-05-31,2023-06-04,Delayed,Chennai,C009,East
0f115be9,2023-03-20,2023-03-21,Delivered,Chennai,C006,West
fb6def6d,2023-02-12,2023-02-13,Delivered,Chennai,C008,South
e61ec11d,2023-01-17,2023-01-21,Cancelled,Bangalore,C001,North
f637ec81,2023-01-12,2023-01-13,Delivered,Chennai,C002,North
0a96eac0,2023-03-18,2023-03-21,Delivered,Hyderabad,C006,South
5eeebd42,2023-03-16,2023-03-17,Delivered,Mumbai,C003,East
03a362b8,2023-04-27,2023-05-02,Delivered,Ahmedabad,C001,Central
74477f38,2023-05-14,2023-05-17,Delivered,Ahmedabad,C006,West
9cda3d90,2023-06-02,2023-06-04,Delayed,Mumbai,C005,South
3e81ca05,2023-05-15,2023-05-20,Delivered,Pune,C009,East
3b97fdd5,2023-03-28,2023-03-29,Delivered,Delhi,C006,Central
2840d4d7,2023-04-22,2023-04-25,Delivered,Kolkata,C005,East
d588a9f0,2023-06-25,2023-06-28,Delivered,Hyderabad,C001,Central
221e0e43,2023-02-04,2023-02-06,Delayed,Bangalore,C001,North
161348ce,2023-03-29,2023-04-03,Delayed,Kolkata,C001,Central
dee7dbf6,2023-05-06,2023-05-09,Delivered,Mumbai,C007,North
30c72312,2023-04-02,2023-04-07,Delayed,Chennai,C006,West
a4e6fb6a,2023-02-18,2023-02-19,Delivered,Ahmedabad,C005,South
fc26ab36,2023-02-12,2023-02-16,Cancelled,Pune,C004,North
ae1c81b8,2023-04-14,2023-04-18,Delivered,Pune,C008,East
f997c0f8,2023-01-05,2023-01-06,Cancelled,Delhi,C008,Central
da5b363e,2023-02-28,2023-03-01,Delayed,Delhi,C005,East
ec0c2c64,2023-02-27,2023-03-01,Delivered,Mumbai,C004,North
dc61fa0a,2023-02-03,2023-02-08,Delivered,Hyderabad,C002,East
713cf2b0,2023-02-24,2023-02-26,Cancelled,Pune,C007,Central
f44b18c1,2023-01-06,2023-01-09,Delayed,Kolkata,C005,South
8057bff1,2023-05-31,2023-06-01,Delivered,Delhi,C003,East
a8e8e6d3,2023-05-10,2023-05-12,Delayed,Ahmedabad,C009,West
06e86cbd,2023-02-13,2023-02-17,Delivered,Ahmedabad,C009,Central
562d2751,2023-02-01,2023-02-02,Delivered,Mumbai,C010,Central
5bbd4028,2023-04-04,2023-04-07,Delivered,Hyderabad,C008,West
052acbec,2023-06-16,2023-06-21,Delivered,Mumbai,C001,North
d93d0dac,2023-01-10,2023-01-12,Delayed,Mumbai,C003,West
04e44b60,2023-04-07,2023-04-12,Delivered,Hyderabad,C002,North
b4b1174e,2023-06-13,2023-06-17,Delayed,Hyderabad,C004,South
c5d16e14,2023-03-07,2023-03-09,Delivered,Hyderabad,C002,North
d652db3a,2023-05-17,2023-05-18,Delivered,Ahmedabad,C008,South
52fa658a,2023-06-09,2023-06-12,Delivered,Ahmedabad,C001,South
4894beb3,2023-01-13,2023-01-16,Delivered,Mumbai,C004,West
5470bba2,2023-06-02,2023-06-07,Delivered,Delhi,C005,South
eb32a220,2023-01-13,2023-01-16,Delivered,Bangalore,C010,North
7d8a8733,2023-06-19,2023-06-20,Delivered,Bangalore,C004,East
79bf7906,2023-01-28,2023-01-31,Delivered,Mumbai,C008,Central
f7c86860,2023-06-17,2023-06-21,Delivered,Mumbai,C002,Central
baf6cddc,2023-01-06,2023-01-11,Delivered,Delhi,C009,North
87e87fe9,2023-01-13,2023-01-14,Delayed,Hyderabad,C002,East
7ecfc8e7,2023-06-26,2023-07-01,Delayed,Mumbai,C002,South
a9bee7ed,2023-01-30,2023-02-03,Delivered,Pune,C002,North
7d8a393c,2023-04-17,2023-04-18,Delivered,Ahmedabad,C010,South
3fe19357,2023-04-24,2023-04-25,Delivered,Chennai,C008,West
cc549d48,2023-04-08,2023-04-09,Cancelled,Hyderabad,C003,East
f00982ea,2023-02-01,2023-02-03,Delivered,Pune,C010,Central
894688b5,2023-05-21,2023-05-22,Delivered,Ahmedabad,C010,North
d1939fee,2023-03-06,2023-03-08,Delivered,Mumbai,C008,Central
d99c27fb,2023-05-02,2023-05-05,Delivered,Chennai,C007,South
8e798971,2023-06-29,2023-07-04,Delivered,Pune,C010,South
5a510379,2023-02-09,2023-02-10,Delayed,Kolkata,C004,West
e2b00876,2023-02-22,2023-02-24,Delivered,Delhi,C007,South
93a4d364,2023-06-27,2023-06-28,Delivered,Ahmedabad,C008,South
2e49b886,2023-06-25,2023-06-27,Delivered,Chennai,C006,Central
a5b2bdca,2023-06-11,2023-06-14,Delivered,Mumbai,C006,Central
9dfd1f2f,2023-01-03,2023-01-07,Delayed,Bangalore,C003,North
ddcd2bce,2023-03-19,2023-03-20,Delivered,Pune,C005,North
d3dbfc19,2023-04-18,2023-04-20,Delayed,Mumbai,C010,South
f43333c2,2023-06-19,2023-06-22,Delivered,Bangalore,C002,East
e96cee2e,2023-01-26,2023-01-28,Delivered,Delhi,C005,North
70e332e3,2023-06-19,2023-06-21,Cancelled,Delhi,C005,South
684dab99,2023-05-14,2023-05-17,Delivered,Hyderabad,C007,Central
b12f4cfd,2023-03-11,2023-03-12,Delayed,Pune,C004,West
4cf971e4,2023-06-09,2023-06-13,Delivered,Hyderabad,C006,Central
f11a91cd,2023-06-05,2023-06-08,Delayed,Bangalore,C009,Central
a2d13261,2023-06-29,2023-07-01,Delivered,Bangalore,C004,West
495b67cc,2023-02-05,2023-02-08,Delivered,Delhi,C006,Central
5b8e5708,2023-04-18,2023-04-20,Delayed,Chennai,C009,North
eca35323,2023-01-27,2023-02-01,Delayed,Bangalore,C010,Central
1e26dda8,2023-05-11,2023-05-14,Delayed,Bangalore,C001,West
bf4830f0,2023-06-08,2023-06-12,Delayed,Pune,C008,South
c227ad14,2023-01-31,2023-02-02,Delayed,Chennai,C001,South
7432ede2,2023-03-14,2023-03-16,Delivered,Hyderabad,C004,South
fd954fc1,2023-01-30,2023-02-02,Delivered,Hyderabad,C003,West
0854e97d,2023-01-28,2023-01-30,Delivered,Bangalore,C004,West
4bf89df0,2023-05-08,2023-05-10,Delivered,Pune,C007,North
1444c396,2023-02-20,2023-02-23,Delivered,Hyderabad,C009,West
a992b4a5,2023-06-05,2023-06-08,Delivered,Hyderabad,C009,South
c4a7458d,2023-02-21,2023-02-25,Delivered,Kolkata,C010,West
37d3055d,2023-03-09,2023-03-12,Delayed,Pune,C001,East
912f5f5d,2023-05-14,2023-05-15,Delivered,Hyderabad,C010,Central
06256ddf,2023-02-21,2023-02-25,Delivered,Delhi,C001,North
28e5d046,2023-04-02,2023-04-05,Delivered,Mumbai,C009,South
d15adaec,2023-06-30,2023-07-05,Delayed,Bangalore,C004,South
44fce8f2,2023-04-15,2023-04-18,Delayed,Ahmedabad,C003,East
c148a25c,2023-03-17,2023-03-20,Delivered,Bangalore,C009,North
217cfef2,2023-02-11,2023-02-16,Delivered,Delhi,C005,Central
51276c5d,2023-01-11,2023-01-15,Delivered,Ahmedabad,C006,North
c35dd74d,2023-05-21,2023-05-23,Delivered,Mumbai,C001,North
c598c2c3,2023-05-08,2023-05-09,Delivered,Mumbai,C001,South
1e77b0d6,2023-02-23,2023-02-28,Delivered,Delhi,C007,West
5623ed49,2023-06-26,2023-06-30,Delivered,Chennai,C010,Central
98da0fec,2023-05-04,2023-05-06,Delivered,Chennai,C008,North
9d0782f9,2023-03-26,2023-03-31,Cancelled,Mumbai,C008,East
8fec2d05,2023-03-02,2023-03-07,Cancelled,Chennai,C007,South
c65e39d3,2023-01-01,2023-01-03,Delivered,Chennai,C009,West
af9b7bb3,2023-01-04,2023-01-08,Delivered,Chennai,C001,West
c9dca83b,2023-06-21,2023-06-24,Delivered,Mumbai,C002,South
49a232b3,2023-01-23,2023-01-26,Delivered,Ahmedabad,C003,North
46a20a4a,2023-01-29,2023-01-31,Delayed,Chennai,C005,South
b50d0bc9,2023-05-27,2023-05-30,Delivered,Ahmedabad,C004,West
6796554f,2023-06-21,2023-06-26,Delayed,Bangalore,C004,West
84dfe2b0,2023-05-07,2023-05-12,Delivered,Kolkata,C008,East
3a1f8c24,2023-02-08,2023-02-11,Cancelled,Mumbai,C008,East
4a22adda,2023-01-24,2023-01-25,Delivered,Delhi,C007,West
d9aea5f2,2023-05-11,2023-05-16,Delayed,Chennai,C001,East
fd5829e1,2023-01-20,2023-01-22,Delivered,Hyderabad,C010,East
dae83616,2023-01-26,2023-01-29,Delivered,Mumbai,C004,East
d1322e2c,2023-03-07,2023-03-09,Delivered,Pune,C001,West
dc19a61b,2023-06-14,2023-06-18,Delivered,Delhi,C005,North
61823d39,2023-03-01,2023-03-04,Delayed,Kolkata,C003,North
266729b8,2023-04-27,2023-04-28,Delayed,Bangalore,C003,Central
64533ba9,2023-03-17,2023-03-18,Delayed,Ahmedabad,C004,East
f2d823aa,2023-03-09,2023-03-14,Delivered,Ahmedabad,C002,North
816ae24d,2023-04-29,2023-05-01,Delayed,Pune,C007,Central
a6030799,2023-01-13,2023-01-17,Delivered,Delhi,C004,South
c3ddd81c,2023-01-26,2023-01-28,Delivered,Chennai,C005,East
9e605a19,2023-02-14,2023-02-18,Delivered,Hyderabad,C002,North
b22d0557,2023-01-11,2023-01-16,Delivered,Chennai,C006,North
c8a7e77b,2023-03-16,2023-03-19,Delivered,Delhi,C009,North
0b3a88cb,2023-04-03,2023-04-06,Delivered,Mumbai,C008,Central
9ac50f49,2023-06-23,2023-06-28,Delivered,Pune,C008,South
a3e7efff,2023-03-22,2023-03-26,Delayed,Hyderabad,C002,East
b8418b68,2023-04-20,2023-04-25,Delivered,Ahmedabad,C004,North
929992de,2023-01-30,2023-01-31,Delivered,Pune,C008,West
ad4c758b,2023-01-25,2023-01-28,Delivered,Pune,C001,East
5dab7e54,2023-01-12,2023-01-13,Delivered,Hyderabad,C008,West
7d65377a,2023-01-03,2023-01-06,Delivered,Ahmedabad,C003,Central
898ddcb7,2023-02-05,2023-02-06,Delivered,Ahmedabad,C008,North
09abe97a,2023-06-19,2023-06-21,Delivered,Delhi,C006,East
bcf25eca,2023-06-15,2023-06-19,Delayed,Kolkata,C007,East
a980f799,2023-02-13,2023-02-17,Delivered,Kolkata,C002,North
65a4c51f,2023-03-26,2023-03-29,Delayed,Chennai,C001,South
7aa0218b,2023-04-02,2023-04-05,Delivered,Delhi,C006,Central
2590bd40,2023-04-23,2023-04-24,Delivered,Hyderabad,C003,North
2bbb60f5,2023-06-09,2023-06-11,Delayed,Delhi,C004,East
504a15af,2023-03-10,2023-03-13,Delivered,Hyderabad,C009,South
d723b135,2023-01-24,2023-01-27,Delivered,Pune,C003,East
62cc9f36,2023-04-06,2023-04-08,Delayed,Chennai,C002,West
7c17382b,2023-03-29,2023-04-02,Delivered,Mumbai,C002,East
73c1904e,2023-02-16,2023-02-21,Delayed,Pune,C002,Central
bb49b988,2023-01-30,2023-02-01,Delivered,Ahmedabad,C006,North
3b6e496e,2023-04-13,2023-04-14,Delayed,Mumbai,C002,East
38dccc7e,2023-04-13,2023-04-17,Delivered,Delhi,C007,West
ca342b12,2023-04-27,2023-05-02,Delivered,Hyderabad,C007,West
a808bc51,2023-03-11,2023-03-15,Delivered,Mumbai,C007,North
155a612e,2023-04-09,2023-04-14,Delivered,Pune,C002,West
bee452f0,2023-06-26,2023-07-01,Delivered,Hyderabad,C007,North
60864281,2023-05-03,2023-05-07,Delivered,Chennai,C010,Central
497b0bdc,2023-04-18,2023-04-22,Delivered,Pune,C008,North
8967e994,2023-06-16,2023-06-20,Delivered,Ahmedabad,C008,South
f933ff1a,2023-02-12,2023-02-14,Delivered,Delhi,C002,West
b958a6ca,2023-01-29,2023-02-01,Delayed,Hyderabad,C005,West
a1058188,2023-02-03,2023-02-06,Delivered,Delhi,C006,East
aef03810,2023-06-28,2023-07-03,Delivered,Hyderabad,C009,South
b0fdc66c,2023-01-16,2023-01-19,Delivered,Pune,C006,East
83c39224,2023-02-10,2023-02-14,Delivered,Kolkata,C010,North
e4457701,2023-01-27,2023-01-31,Delayed,Kolkata,C006,Central
da4632e4,2023-04-17,2023-04-20,Delivered,Hyderabad,C010,West
8187d16d,2023-06-01,2023-06-02,Cancelled,Chennai,C010,Central
10d8b3ba,2023-05-04,2023-05-06,Delivered,Delhi,C006,North
98724663,2023-05-26,2023-05-31,Delayed,Ahmedabad,C009,North
aa7f1e17,2023-06-23,2023-06-24,Delivered,Bangalore,C010,South
3af6586c,2023-04-23,2023-04-27,Delayed,Hyderabad,C007,East
c7a9478c,2023-02-16,2023-02-20,Delivered,Hyderabad,C001,West
1207d2ed,2023-06-06,2023-06-09,Delivered,Kolkata,C001,West
cbf8cdca,2023-04-08,2023-04-13,Delivered,Mumbai,C004,Central
a0a2af52,2023-04-02,2023-04-06,Delivered,Pune,C002,South
52c93a01,2023-06-06,2023-06-11,Delayed,Kolkata,C003,North
96b8d28f,2023-01-08,2023-01-09,Delivered,Delhi,C007,South
9dc17a1d,2023-06-25,2023-06-27,Delivered,Kolkata,C007,West
ce0cc321,2023-02-03,2023-02-08,Delayed,Bangalore,C003,East
023f217e,2023-05-04,2023-05-06,Delivered,Chennai,C002,Central
454d558e,2023-05-05,2023-05-08,Cancelled,Pune,C001,North
45f26378,2023-01-29,2023-02-03,Delayed,Bangalore,C009,North
8f06108b,2023-04-16,2023-04-21,Delivered,Chennai,C010,North
39a873a4,2023-04-23,2023-04-25,Delayed,Bangalore,C003,East
4cb85cd6,2023-01-12,2023-01-17,Delivered,Ahmedabad,C009,West
b7bb1f30,2023-01-17,2023-01-19,Delivered,Pune,C004,West
d965d787,2023-03-08,2023-03-10,Delivered,Kolkata,C010,South
faceff92,2023-06-17,2023-06-20,Delivered,Bangalore,C006,South
de015220,2023-03-22,2023-03-23,Delayed,Kolkata,C007,West
d9382ca4,2023-01-04,2023-01-05,Delayed,Pune,C010,North
a4513694,2023-06-30,2023-07-03,Delivered,Kolkata,C006,East
932abd81,2023-06-23,2023-06-25,Delivered,Delhi,C001,West
37144f80,2023-05-15,2023-05-18,Cancelled,Kolkata,C006,East
6b54aa2c,2023-05-28,2023-06-01,Delivered,Mumbai,C006,Central
041dfaf0,2023-05-25,2023-05-29,Delivered,Bangalore,C005,North
8945188d,2023-02-27,2023-03-01,Delivered,Pune,C003,Central
a81fd16c,2023-06-21,2023-06-25,Delayed,Hyderabad,C010,West
0137d3f6,2023-03-28,2023-03-29,Delivered,Hyderabad,C003,South
9bc56c5d,2023-05-13,2023-05-15,Delayed,Hyderabad,C010,West
5dc5a509,2023-05-14,2023-05-16,Delayed,Pune,C007,Central
05b44e6b,2023-06-26,2023-06-28,Delivered,Mumbai,C008,East
014cb53c,2023-06-29,2023-07-02,Delivered,Kolkata,C003,West
d1b5ef1a,2023-06-08,2023-06-11,Delayed,Bangalore,C003,South
8ddd2953,2023-01-25,2023-01-26,Delivered,Chennai,C007,Central
958aadc5,2023-04-21,2023-04-23,Delayed,Chennai,C010,West
a29e8ae8,2023-06-19,2023-06-21,Delayed,Pune,C007,Central
4a412af8,2023-03-05,2023-03-07,Delivered,Delhi,C009,Central
157fd9d3,2023-05-04,2023-05-08,Delayed,Mumbai,C006,North
aaf3bb1f,2023-03-30,2023-03-31,Delayed,Bangalore,C007,East
f9010a8a,2023-06-19,2023-06-21,Delayed,Kolkata,C010,North
a29c60fd,2023-06-23,2023-06-25,Delivered,Hyderabad,C001,Central
fff69e23,2023-06-14,2023-06-19,Delivered,Mumbai,C007,South
415cfa00,2023-04-09,2023-04-12,Delivered,Mumbai,C002,South
870d2176,2023-02-08,2023-02-09,Delivered,Bangalore,C007,North
14d90f5c,2023-05-23,2023-05-27,Delivered,Pune,C003,South
db9b65be,2023-06-06,2023-06-08,Delayed,Kolkata,C009,Central
dd788e4d,2023-01-14,2023-01-17,Delivered,Ahmedabad,C005,West
bb70011f,2023-01-03,2023-01-04,Delivered,Ahmedabad,C007,Central
98fc183e,2023-06-14,2023-06-18,Delivered,Pune,C008,West
4e41eb23,2023-02-10,2023-02-15,Delayed,Pune,C002,South
43c8826b,2023-05-10,2023-05-14,Delivered,Delhi,C001,East
e1d57e45,2023-05-01,2023-05-03,Delivered,Pune,C007,East
2f4a9b09,2023-05-07,2023-05-11,Delivered,Kolkata,C006,Central
c9f32901,2023-02-12,2023-02-16,Delayed,Delhi,C006,Central
a8062873,2023-01-20,2023-01-24,Delivered,Ahmedabad,C002,South
0939f36e,2023-05-06,2023-05-08,Delivered,Delhi,C003,East
b36c74c4,2023-03-24,2023-03-25,Cancelled,Hyderabad,C004,East
da6001e2,2023-03-03,2023-03-07,Delayed,Hyderabad,C003,Central
ed263fe7,2023-03-26,2023-03-28,Cancelled,Ahmedabad,C002,East
87e908e0,2023-03-13,2023-03-16,Delivered,Bangalore,C003,Central
8131b63d,2023-01-13,2023-01-15,Delivered,Ahmedabad,C006,North
aee75693,2023-05-10,2023-05-14,Delayed,Kolkata,C009,East
bda1e5f5,2023-02-27,2023-03-02,Delivered,Pune,C004,West
e1a775e4,2023-05-21,2023-05-24,Delayed,Delhi,C006,South
e93eff29,2023-06-14,2023-06-18,Delivered,Bangalore,C001,Central
7b91a81b,2023-04-07,2023-04-12,Delivered,Delhi,C006,East
117f56e2,2023-04-14,2023-04-18,Delivered,Mumbai,C003,East
39862c52,2023-03-02,2023-03-07,Delivered,Chennai,C009,Central
ca569e34,2023-01-21,2023-01-22,Delivered,Chennai,C004,West
191c52b9,2023-04-28,2023-05-01,Delivered,Delhi,C007,East
b576f10a,2023-04-24,2023-04-28,Cancelled,Bangalore,C004,North
6e950b60,2023-05-27,2023-06-01,Delivered,Ahmedabad,C006,South
5ea54915,2023-04-25,2023-04-26,Delivered,Hyderabad,C007,Central
5dd14eec,2023-01-23,2023-01-25,Delayed,Kolkata,C002,East
c44f61bf,2023-05-08,2023-05-13,Delivered,Delhi,C010,South
8c6f23c2,2023-04-25,2023-04-27,Delivered,Delhi,C006,Central
b2b1b342,2023-03-22,2023-03-24,Delayed,Kolkata,C008,Central
1923a0a5,2023-01-31,2023-02-03,Delivered,Ahmedabad,C006,Central
a6b65f5c,2023-05-08,2023-05-11,Delayed,Pune,C002,West
52c411fb,2023-06-17,2023-06-20,Delayed,Hyderabad,C004,North
0b625e24,2023-01-05,2023-01-10,Cancelled,Delhi,C001,Central
877b545a,2023-01-27,2023-01-28,Delivered,Mumbai,C007,West
34fee34f,2023-04-14,2023-04-19,Delivered,Hyderabad,C008,Central
57a9a232,2023-04-16,2023-04-21,Delivered,Mumbai,C010,Central
ea4c117a,2023-01-10,2023-01-14,Delivered,Chennai,C002,West
68ab2dc7,2023-05-23,2023-05-24,Delayed,Kolkata,C010,North
49b29c17,2023-05-21,2023-05-23,Delivered,Hyderabad,C005,South
d1739ad8,2023-01-01,2023-01-03,Delivered,Pune,C008,East
da7f991d,2023-01-24,2023-01-28,Delayed,Hyderabad,C008,Central
78e1391c,2023-06-04,2023-06-06,Delivered,Bangalore,C005,North
f41d46c7,2023-06-08,2023-06-09,Delivered,Bangalore,C008,East
5e49e3c6,2023-06-13,2023-06-15,Delivered,Kolkata,C006,Central
91a8f410,2023-03-19,2023-03-22,Delayed,Pune,C005,East
a158b583,2023-05-11,2023-05-15,Delivered,Hyderabad,C004,West
ccf2833c,2023-05-24,2023-05-25,Delayed,Ahmedabad,C005,North
6bdadc01,2023-02-22,2023-02-25,Delivered,Chennai,C004,North
0d131242,2023-06-17,2023-06-21,Delayed,Pune,C001,South
a26fdcd9,2023-06-21,2023-06-23,Delayed,Delhi,C003,South
6b0f4c32,2023-04-27,2023-05-01,Delivered,Kolkata,C008,East
d6e3360e,2023-03-29,2023-03-31,Delivered,Ahmedabad,C007,West
6c744d10,2023-04-04,2023-04-07,Delivered,Pune,C007,East
09114211,2023-01-14,2023-01-17,Delayed,Kolkata,C003,Central
44c47cc9,2023-02-27,2023-03-03,Delivered,Pune,C009,North
6dde0006,2023-04-27,2023-05-01,Delivered,Bangalore,C006,East
43c8a06d,2023-03-26,2023-03-27,Delivered,Chennai,C008,East
4e3a2e27,2023-05-24,2023-05-27,Delivered,Kolkata,C008,North
aaaf5aa9,2023-06-08,2023-06-12,Delivered,Chennai,C003,North
907338ef,2023-06-03,2023-06-05,Delivered,Kolkata,C004,South
a49e0667,2023-05-02,2023-05-04,Delivered,Bangalore,C006,South
e88f221a,2023-06-18,2023-06-22,Delayed,Delhi,C002,North
2f391a86,2023-04-04,2023-04-09,Delivered,Ahmedabad,C007,East
d60a2fe7,2023-04-26,2023-04-27,Delivered,Bangalore,C002,Central
44fed79d,2023-01-30,2023-02-03,Cancelled,Kolkata,C005,East
9fc6dccd,2023-01-25,2023-01-26,Delayed,Chennai,C004,Central
f44101df,2023-06-18,2023-06-21,Delayed,Mumbai,C009,North
73b03cf5,2023-02-26,2023-02-27,Delivered,Bangalore,C002,Central
9c9884ce,2023-01-01,2023-01-05,Delivered,Chennai,C007,South
b1b5bce8,2023-03-29,2023-03-30,Delivered,Pune,C007,North
5b7e7b96,2023-04-01,2023-04-03,Delayed,Pune,C007,West
9a4c51b7,2023-06-12,2023-06-15,Delivered,Bangalore,C001,Central
e2d7ff83,2023-03-16,2023-03-18,Delivered,Kolkata,C008,Central
3710becb,2023-05-21,2023-05-26,Delivered,Pune,C002,West
4825de28,2023-05-14,2023-05-19,Delivered,Chennai,C005,West
a046c4df,2023-04-06,2023-04-10,Delivered,Ahmedabad,C002,North
594cc6c3,2023-06-29,2023-07-03,Delivered,Delhi,C005,East
3606bae6,2023-01-28,2023-01-29,Delivered,Chennai,C007,West
b62e8c26,2023-01-12,2023-01-16,Delivered,Pune,C006,Central
632462a5,2023-02-12,2023-02-16,Cancelled,Pune,C005,West
715c74e6,2023-05-07,2023-05-11,Delayed,Hyderabad,C004,North
1f74d27d,2023-02-05,2023-02-06,Delayed,Mumbai,C008,North
e5324c9f,2023-04-15,2023-04-18,Delayed,Kolkata,C008,Central
64bf400f,2023-01-28,2023-02-01,Delivered,Chennai,C001,Central
6a1a591a,2023-03-07,2023-03-10,Delivered,Pune,C010,Central
006b650b,2023-06-06,2023-06-07,Delivered,Kolkata,C002,East
0ad3431e,2023-02-20,2023-02-25,Delivered,Bangalore,C003,Central
048e7951,2023-02-18,2023-02-22,Delivered,Bangalore,C001,North
90595392,2023-01-31,2023-02-05,Delivered,Chennai,C003,North
64e1b444,2023-04-11,2023-04-14,Delivered,Hyderabad,C010,West
f3e1da6a,2023-02-25,2023-03-01,Delivered,Pune,C008,Central
1ff7f6d8,2023-04-28,2023-05-01,Delivered,Chennai,C004,East
9adead7f,2023-02-18,2023-02-23,Delivered,Delhi,C007,South
1bb1ca08,2023-03-28,2023-03-31,Delayed,Hyderabad,C007,West
a6935d2f,2023-01-28,2023-01-29,Delivered,Pune,C005,East
b14367d2,2023-04-17,2023-04-19,Delivered,Pune,C001,Central
784eb9b0,2023-01-12,2023-01-16,Delivered,Kolkata,C010,East
e676f8d8,2023-06-12,2023-06-17,Delivered,Chennai,C004,South
c39c5d74,2023-06-22,2023-06-26,Delivered,Pune,C007,East
21fa0455,2023-05-31,2023-06-01,Delivered,Kolkata,C005,South
00ce324f,2023-02-01,2023-02-03,Delivered,Pune,C002,South
3746f388,2023-04-26,2023-04-27,Delivered,Mumbai,C008,South
06a05028,2023-04-28,2023-05-01,Delayed,Hyderabad,C002,East
0535be31,2023-06-18,2023-06-23,Delayed,Chennai,C008,Central
0f92acce,2023-05-31,2023-06-03,Delivered,Mumbai,C002,North
ea54def2,2023-05-10,2023-05-12,Delivered,Chennai,C005,North
0c5f93b1,2023-02-04,2023-02-09,Delayed,Delhi,C004,East
3af3af10,2023-05-08,2023-05-13,Delivered,Bangalore,C001,Central
4caf1bf1,2023-01-02,2023-01-06,Delivered,Ahmedabad,C008,North
84067cb6,2023-05-16,2023-05-20,Delivered,Kolkata,C010,South
f958c16f,2023-01-13,2023-01-14,Delayed,Chennai,C003,East
e54d5e75,2023-05-22,2023-05-26,Delivered,Hyderabad,C004,East
f81f68a4,2023-04-21,2023-04-24,Delivered,Chennai,C004,West
cdd2a8cf,2023-05-30,2023-05-31,Delayed,Chennai,C005,West
0deda351,2023-05-04,2023-05-05,Delivered,Chennai,C003,West
f20484f4,2023-05-11,2023-05-15,Delivered,Ahmedabad,C009,Central
9572effd,2023-02-15,2023-02-19,Cancelled,Pune,C004,East
25fbf270,2023-06-27,2023-06-30,Delivered,Chennai,C010,West
01d7d66e,2023-05-29,2023-05-30,Delivered,Pune,C004,East
515f1482,2023-02-14,2023-02-19,Delivered,Hyderabad,C006,South
0e273a73,2023-02-02,2023-02-05,Delivered,Hyderabad,C008,West
79fe1ac0,2023-01-27,2023-01-30,Delivered,Chennai,C007,East
cd392b72,2023-04-10,2023-04-14,Delivered,Pune,C004,Central
22350f71,2023-06-18,2023-06-21,Delivered,Bangalore,C004,Central
a57acc4d,2023-06-03,2023-06-06,Delayed,Chennai,C005,Central
07439a3f,2023-06-05,2023-06-06,Delivered,Kolkata,C010,West
ca9e03bc,2023-03-24,2023-03-29,Delivered,Kolkata,C005,Central
17163ba7,2023-05-10,2023-05-13,Delivered,Hyderabad,C001,North
e88ad666,2023-04-09,2023-04-11,Delayed,Ahmedabad,C008,South
73f07bcc,2023-04-18,2023-04-21,Delivered,Kolkata,C010,East
ac3dfd8f,2023-06-05,2023-06-08,Delivered,Kolkata,C005,North
f224058e,2023-06-27,2023-07-01,Delivered,Delhi,C003,West
4c6f35ff,2023-03-05,2023-03-06,Delivered,Chennai,C003,East
6afe38ce,2023-03-12,2023-03-16,Delivered,Chennai,C004,East
5020fe6d,2023-04-12,2023-04-15,Delayed,Chennai,C007,Central
8379d381,2023-03-29,2023-04-01,Delivered,Chennai,C005,East
4b29949b,2023-03-17,2023-03-18,Delivered,Mumbai,C001,East
8ae0106d,2023-04-26,2023-05-01,Delivered,Chennai,C005,South
91528c62,2023-02-04,2023-02-05,Delayed,Ahmedabad,C005,West
cc30b2b0,2023-02-05,2023-02-08,Delivered,Pune,C006,North
db6da20d,2023-04-16,2023-04-17,Delivered,Hyderabad,C007,Central
33127fde,2023-06-04,2023-06-09,Delivered,Pune,C005,South
5e852468,2023-06-29,2023-07-03,Delivered,Ahmedabad,C002,North
335459ee,2023-05-12,2023-05-14,Delivered,Hyderabad,C002,North
f2a9ed5a,2023-03-18,2023-03-20,Delivered,Mumbai,C004,South
7aaf0949,2023-06-29,2023-06-30,Delivered,Chennai,C001,Central
7350a2ce,2023-05-21,2023-05-26,Delivered,Bangalore,C007,West
9825aef1,2023-03-22,2023-03-23,Delivered,Pune,C001,South
68b8876b,2023-05-22,2023-05-24,Delivered,Chennai,C003,South
d5113fae,2023-06-11,2023-06-13,Delivered,Hyderabad,C010,South
7e406770,2023-02-25,2023-03-01,Delayed,Pune,C007,Central
9d4eb4a2,2023-02-21,2023-02-25,Cancelled,Delhi,C006,South
12245ec4,2023-02-23,2023-02-26,Cancelled,Kolkata,C007,South
f3af699b,2023-06-09,2023-06-12,Delayed,Delhi,C005,East
70c887ee,2023-03-16,2023-03-20,Delivered,Bangalore,C008,East
c84eff4d,2023-06-25,2023-06-30,Delayed,Chennai,C006,East
c45e1edf,2023-03-30,2023-04-01,Delivered,Mumbai,C004,East
1e22cf9f,2023-06-22,2023-06-27,Delivered,Chennai,C001,South
5e7ee800,2023-02-03,2023-02-08,Delivered,Bangalore,C002,East
741937b7,2023-06-16,2023-06-20,Delivered,Bangalore,C006,North
bdb70450,2023-02-15,2023-02-16,Delayed,Kolkata,C004,West
ab12eed3,2023-05-09,2023-05-10,Delivered,Bangalore,C003,East
f8181341,2023-05-19,2023-05-22,Delivered,Delhi,C007,Central
db5cd21e,2023-06-27,2023-06-30,Delayed,Kolkata,C007,West
efd300d4,2023-06-13,2023-06-14,Delivered,Chennai,C002,North
7ff02701,2023-03-24,2023-03-26,Delivered,Pune,C008,West
a7054543,2023-01-30,2023-02-04,Delayed,Chennai,C001,West
29b9bd30,2023-04-01,2023-04-02,Delivered,Mumbai,C010,North
1576325a,2023-05-24,2023-05-28,Delivered,Bangalore,C007,East
1c32f1a3,2023-05-03,2023-05-08,Delivered,Bangalore,C010,North
8bdabef0,2023-05-30,2023-05-31,Delivered,Hyderabad,C001,Central
df5ae6b3,2023-05-27,2023-05-30,Delayed,Kolkata,C003,North
b48d6969,2023-06-20,2023-06-23,Delivered,Hyderabad,C003,South
07a37e6d,2023-04-17,2023-04-21,Delivered,Kolkata,C010,South
1bfd6e45,2023-06-22,2023-06-26,Delivered,Delhi,C002,West
d797712f,2023-05-17,2023-05-18,Delivered,Kolkata,C010,East
8d722a00,2023-03-15,2023-03-17,Cancelled,Chennai,C005,East
0de91b9c,2023-04-19,2023-04-22,Delivered,Mumbai,C004,South
a88bd5b7,2023-01-04,2023-01-05,Delivered,Pune,C006,Central
85f73965,2023-05-14,2023-05-18,Delivered,Kolkata,C002,North
1400c5f8,2023-01-28,2023-01-29,Delayed,Kolkata,C004,North
aa1e21f6,2023-01-07,2023-01-09,Delayed,Kolkata,C007,North
14cf430f,2023-04-08,2023-04-13,Delivered,Mumbai,C001,Central
08a95ae7,2023-02-07,2023-02-10,Delivered,Bangalore,C003,Central
d1f767d5,2023-01-14,2023-01-17,Delivered,Mumbai,C001,North
7381cf94,2023-06-21,2023-06-26,Delayed,Ahmedabad,C002,North
95b370ec,2023-01-15,2023-01-20,Delivered,Ahmedabad,C009,Central
1d14a94b,2023-02-21,2023-02-26,Delayed,Ahmedabad,C010,North
91f3571a,2023-03-10,2023-03-12,Delivered,Bangalore,C005,Central
e73b7072,2023-02-11,2023-02-12,Delayed,Ahmedabad,C004,West
a5219ebd,2023-03-15,2023-03-18,Delivered,Pune,C004,South
4fa31c34,2023-06-24,2023-06-29,Delivered,Chennai,C008,South
af503dc7,2023-03-06,2023-03-10,Delivered,Mumbai,C003,Central
2a6162a7,2023-02-07,2023-02-09,Delivered,Bangalore,C004,North
cfca7b9f,2023-01-16,2023-01-20,Delayed,Chennai,C002,South
366c9a2b,2023-06-26,2023-06-29,Delayed,Chennai,C006,East
9ec65b0e,2023-03-17,2023-03-19,Delivered,Bangalore,C009,North
d7e8c84c,2023-02-22,2023-02-25,Delivered,Ahmedabad,C004,Central
855c5074,2023-05-19,2023-05-24,Delivered,Bangalore,C006,East
f0a5ad55,2023-01-09,2023-01-10,Delayed,Delhi,C004,Central
49048291,2023-04-02,2023-04-07,Delivered,Chennai,C002,North
7f3ba318,2023-04-26,2023-04-30,Delivered,Bangalore,C006,West
290debf9,2023-01-27,2023-01-29,Delivered,Chennai,C007,West
af999dda,2023-06-07,2023-06-10,Delivered,Ahmedabad,C004,West
8a85b41a,2023-06-22,2023-06-25,Delivered,Mumbai,C007,North
4a682b1b,2023-05-24,2023-05-25,Delivered,Pune,C008,North
24a35275,2023-02-27,2023-03-03,Delivered,Hyderabad,C003,East
798b8a7e,2023-06-15,2023-06-17,Cancelled,Ahmedabad,C002,North
55a8aa44,2023-05-24,2023-05-25,Delivered,Hyderabad,C005,North
375b74d9,2023-04-10,2023-04-14,Delivered,Kolkata,C002,East
050e753d,2023-03-02,2023-03-04,Delivered,Bangalore,C010,East
600c1450,2023-05-11,2023-05-14,Delayed,Bangalore,C005,Central
5cd4fc91,2023-06-28,2023-07-01,Delivered,Ahmedabad,C010,South
2189ce43,2023-03-15,2023-03-19,Delivered,Chennai,C006,South
e6c7455d,2023-06-27,2023-07-02,Delivered,Ahmedabad,C008,Central
748cdd15,2023-06-20,2023-06-23,Delivered,Kolkata,C006,West
3332a0e8,2023-01-13,2023-01-14,Delivered,Ahmedabad,C004,North
602eefd4,2023-04-08,2023-04-10,Delayed,Bangalore,C003,East
f43f6b4c,2023-04-10,2023-04-12,Delayed,Ahmedabad,C002,East
fa33b8b3,2023-04-17,2023-04-18,Delivered,Chennai,C001,West
1df49468,2023-06-25,2023-06-28,Delivered,Bangalore,C002,East
deeea773,2023-03-22,2023-03-24,Delayed,Chennai,C002,West
6edcb027,2023-05-22,2023-05-23,Delivered,Ahmedabad,C005,Central
71e60235,2023-01-14,2023-01-19,Delayed,Bangalore,C009,West
0710aa0a,2023-01-04,2023-01-07,Delivered,Delhi,C001,South
7eca810e,2023-03-06,2023-03-11,Delayed,Pune,C004,West
4b751289,2023-02-21,2023-02-25,Delayed,Chennai,C010,Central
8f23cc06,2023-06-08,2023-06-13,Delayed,Pune,C007,West
7831d43f,2023-04-24,2023-04-28,Delivered,Delhi,C010,Central
2de1757f,2023-02-27,2023-03-04,Delivered,Delhi,C003,South
c3de0a9d,2023-06-12,2023-06-15,Delayed,Delhi,C008,North
6023ee1b,2023-06-30,2023-07-05,Delivered,Delhi,C003,Central
949f8b14,2023-06-15,2023-06-19,Delivered,Mumbai,C008,North
957df1c3,2023-04-05,2023-04-09,Delayed,Pune,C002,Central
2491aed3,2023-05-31,2023-06-05,Delayed,Ahmedabad,C005,West
5c756233,2023-05-20,2023-05-21,Delayed,Kolkata,C004,North
a5f8bfa3,2023-06-04,2023-06-07,Delivered,Ahmedabad,C009,Central
0d223964,2023-02-20,2023-02-23,Delayed,Ahmedabad,C003,Central
209f8efd,2023-02-19,2023-02-22,Delayed,Pune,C005,North
7ce97249,2023-03-17,2023-03-20,Delivered,Ahmedabad,C010,Central
e7acfb9d,2023-04-25,2023-04-29,Delivered,Hyderabad,C009,North
8b3bd9d3,2023-02-15,2023-02-17,Delivered,Mumbai,C006,South
088131e1,2023-06-24,2023-06-28,Delivered,Ahmedabad,C002,East
cc2059a2,2023-01-20,2023-01-24,Cancelled,Bangalore,C001,South
e5637ddc,2023-02-17,2023-02-19,Delivered,Ahmedabad,C001,North
1e1c300b,2023-02-14,2023-02-19,Delayed,Bangalore,C007,West
8cc5a117,2023-05-12,2023-05-14,Cancelled,Kolkata,C002,West
89850769,2023-01-31,2023-02-04,Delivered,Hyderabad,C007,East
77218441,2023-04-07,2023-04-10,Delayed,Hyderabad,C001,North
f2bd380a,2023-01-11,2023-01-15,Delivered,Hyderabad,C004,Central
9f25a819,2023-04-20,2023-04-21,Delayed,Delhi,C010,South
d89cad31,2023-03-13,2023-03-18,Delivered,Mumbai,C004,South
ff7994fd,2023-05-23,2023-05-24,Delayed,Ahmedabad,C005,East
244f6b1b,2023-03-09,2023-03-13,Delivered,Bangalore,C010,East
07b9e062,2023-02-03,2023-02-08,Delivered,Mumbai,C001,East
53f81d42,2023-02-11,2023-02-14,Delayed,Mumbai,C007,East
2b9687b1,2023-05-30,2023-05-31,Delivered,Mumbai,C002,East
e501d30a,2023-03-07,2023-03-09,Delivered,Hyderabad,C002,East
53139e3a,2023-01-02,2023-01-07,Delivered,Kolkata,C008,Central
cbecffe8,2023-03-26,2023-03-29,Delayed,Kolkata,C009,Central
6a8428c9,2023-04-30,2023-05-03,Delivered,Hyderabad,C006,South
89524532,2023-02-09,2023-02-12,Delivered,Bangalore,C001,South
d004ff79,2023-01-11,2023-01-14,Delivered,Bangalore,C001,East
23b08921,2023-02-09,2023-02-13,Delivered,Bangalore,C007,South
6a50c22e,2023-03-24,2023-03-28,Delivered,Ahmedabad,C008,East
112afad4,2023-06-02,2023-06-03,Delivered,Kolkata,C003,Central
0ff6a5a2,2023-01-14,2023-01-16,Delivered,Ahmedabad,C009,West
ab1bc1b3,2023-06-10,2023-06-15,Delivered,Kolkata,C004,Central
79263691,2023-06-07,2023-06-12,Delivered,Mumbai,C004,North
c5c305a5,2023-06-19,2023-06-21,Delayed,Hyderabad,C003,Central
40b7d477,2023-03-19,2023-03-24,Delivered,Delhi,C008,North
923754c7,2023-05-06,2023-05-09,Delivered,Mumbai,C009,South
fb033f97,2023-05-27,2023-06-01,Delivered,Chennai,C001,Central
dc112817,2023-05-21,2023-05-25,Delivered,Ahmedabad,C002,West
3e5f987f,2023-04-02,2023-04-06,Delayed,Kolkata,C001,Central
63e140ae,2023-01-19,2023-01-20,Delivered,Mumbai,C004,Central
79e20f50,2023-03-23,2023-03-26,Delivered,Hyderabad,C010,Central
c1c73035,2023-05-15,2023-05-20,Delivered,Chennai,C007,East
65157c3a,2023-02-26,2023-03-02,Delayed,Pune,C007,Central
e6e1b416,2023-02-17,2023-02-19,Delivered,Ahmedabad,C006,Central
46dafdd1,2023-05-14,2023-05-18,Delivered,Mumbai,C005,West
94f7b444,2023-01-18,2023-01-23,Delivered,Hyderabad,C004,North
68ebe228,2023-05-10,2023-05-12,Cancelled,Hyderabad,C008,North
4bc68a29,2023-02-10,2023-02-14,Delivered,Kolkata,C007,West
b9567370,2023-04-17,2023-04-22,Delivered,Delhi,C010,South
aee44013,2023-05-20,2023-05-21,Delayed,Mumbai,C001,Central
32ddca70,2023-05-18,2023-05-19,Delayed,Hyderabad,C006,South
e91886c7,2023-04-14,2023-04-18,Delivered,Ahmedabad,C002,West
b45ef590,2023-01-24,2023-01-26,Delayed,Bangalore,C004,South
1ee7c7cf,2023-03-31,2023-04-02,Delayed,Hyderabad,C005,North
ce363148,2023-02-26,2023-02-27,Delivered,Delhi,C008,East
6e80777c,2023-02-24,2023-03-01,Delivered,Hyderabad,C006,South
b32e2bc3,2023-06-19,2023-06-22,Delivered,Kolkata,C002,East
280c4623,2023-03-26,2023-03-28,Cancelled,Pune,C005,South
0ec95136,2023-03-26,2023-03-28,Delayed,Mumbai,C005,West
c6cbaf26,2023-04-03,2023-04-07,Delivered,Kolkata,C006,East
36b7f9c6,2023-03-17,2023-03-22,Delayed,Mumbai,C001,South
905f8fb6,2023-02-25,2023-03-01,Delivered,Chennai,C008,West
9757a03b,2023-06-08,2023-06-11,Delivered,Mumbai,C003,North
557879ee,2023-05-16,2023-05-18,Delivered,Chennai,C005,Central
fa8bd9d1,2023-05-02,2023-05-06,Delivered,Kolkata,C007,West
89ed6d5b,2023-05-24,2023-05-29,Delayed,Bangalore,C003,West
1d2879e8,2023-06-16,2023-06-19,Delivered,Ahmedabad,C010,North
37a4a63a,2023-01-03,2023-01-06,Delayed,Delhi,C006,East
c60b510c,2023-01-30,2023-02-02,Delivered,Bangalore,C005,South
3103d9d8,2023-06-21,2023-06-22,Delivered,Ahmedabad,C007,East
f083a219,2023-03-30,2023-04-02,Cancelled,Chennai,C010,West
4c583659,2023-04-25,2023-04-30,Delivered,Hyderabad,C003,South
090b1305,2023-03-03,2023-03-08,Delivered,Hyderabad,C002,Central
629b85ab,2023-06-14,2023-06-19,Delivered,Bangalore,C004,Central
5cdf5f63,2023-06-07,2023-06-11,Delayed,Hyderabad,C003,South
b802f377,2023-06-09,2023-06-11,Delivered,Chennai,C004,West
36dbbe52,2023-03-04,2023-03-08,Delivered,Kolkata,C007,North
62c6dd5a,2023-01-11,2023-01-15,Delivered,Delhi,C005,East
ddd8fd9c,2023-06-24,2023-06-28,Delivered,Pune,C004,East
09688cbe,2023-03-24,2023-03-27,Delayed,Mumbai,C006,North
2a4ec454,2023-04-08,2023-04-12,Delivered,Chennai,C007,North
e0e4d07c,2023-01-30,2023-02-01,Delivered,Ahmedabad,C005,Central
b8fe38df,2023-04-09,2023-04-11,Delivered,Pune,C007,North
b054470f,2023-03-07,2023-03-11,Delivered,Chennai,C003,South
13d2c072,2023-05-19,2023-05-22,Delayed,Mumbai,C007,Central
eae11132,2023-03-14,2023-03-15,Delivered,Mumbai,C003,West
5108210e,2023-01-07,2023-01-12,Cancelled,Delhi,C006,Central
ce4fd332,2023-05-13,2023-05-16,Delivered,Delhi,C008,Central
7b865059,2023-04-06,2023-04-10,Delivered,Delhi,C006,East
19288e8f,2023-05-12,2023-05-14,Delayed,Hyderabad,C010,North
1545ff09,2023-05-11,2023-05-12,Delivered,Ahmedabad,C003,South
a4f57630,2023-04-25,2023-04-29,Delayed,Ahmedabad,C005,North
d49e5e02,2023-05-05,2023-05-10,Cancelled,Chennai,C009,East
308c7620,2023-01-12,2023-01-16,Delivered,Kolkata,C008,North
25eb221f,2023-03-17,2023-03-21,Delivered,Mumbai,C006,South
74602f7b,2023-06-16,2023-06-20,Delayed,Chennai,C009,North
8448a425,2023-02-19,2023-02-21,Delivered,Pune,C002,East
e3426a9e,2023-03-24,2023-03-25,Delivered,Chennai,C009,South
c091aa31,2023-05-12,2023-05-17,Delivered,Ahmedabad,C010,North
ee374a26,2023-01-22,2023-01-24,Delivered,Delhi,C010,East
107fa38b,2023-01-25,2023-01-27,Delayed,Delhi,C006,East
d9f1611a,2023-02-12,2023-02-17,Delivered,Chennai,C009,Central
effe9c78,2023-05-18,2023-05-23,Delivered,Ahmedabad,C004,South
42b23bd6,2023-05-17,2023-05-22,Delivered,Ahmedabad,C005,South
dfa01543,2023-01-02,2023-01-03,Delivered,Ahmedabad,C002,North
27f7b22b,2023-06-10,2023-06-15,Delivered,Delhi,C003,Central
ca7c6aad,2023-01-17,2023-01-22,Delayed,Ahmedabad,C001,South
4e2409bf,2023-02-23,2023-02-27,Delivered,Hyderabad,C004,East
8a264170,2023-06-21,2023-06-22,Delayed,Mumbai,C002,South
becc2671,2023-06-11,2023-06-14,Delayed,Pune,C002,Central
6d56d99e,2023-02-24,2023-03-01,Delivered,Ahmedabad,C001,West
1417d0a8,2023-06-25,2023-06-27,Delivered,Chennai,C010,East
18bf0be1,2023-04-19,2023-04-21,Delivered,Mumbai,C002,South
8ab24472,2023-01-27,2023-02-01,Delivered,Hyderabad,C004,East
e111284b,2023-02-22,2023-02-26,Delayed,Pune,C006,North
ead030e6,2023-05-18,2023-05-19,Delayed,Delhi,C007,East
a6ecc41a,2023-06-29,2023-07-02,Delivered,Bangalore,C007,South
bc358327,2023-04-22,2023-04-23,Delivered,Hyderabad,C007,North
f94647c3,2023-06-15,2023-06-20,Delayed,Bangalore,C004,North
eb3ddbb6,2023-01-19,2023-01-23,Cancelled,Mumbai,C005,North
58f38c82,2023-06-25,2023-06-30,Delivered,Chennai,C003,West
25a3a2bd,2023-02-09,2023-02-14,Delivered,Pune,C001,West
60c2cf0a,2023-01-07,2023-01-09,Delivered,Delhi,C008,North
a9b66d1a,2023-04-28,2023-04-30,Cancelled,Pune,C010,South
deec260b,2023-03-26,2023-03-30,Delivered,Hyderabad,C007,North
adaf7b82,2023-01-10,2023-01-13,Delivered,Delhi,C009,North
e843868e,2023-01-23,2023-01-25,Delivered,Bangalore,C010,East
568bdc89,2023-01-19,2023-01-21,Delivered,Bangalore,C004,East
d6277ab8,2023-01-14,2023-01-18,Delivered,Kolkata,C005,East
4b8fc8ff,2023-02-15,2023-02-17,Cancelled,Pune,C005,Central
856fa6ea,2023-03-06,2023-03-09,Delivered,Ahmedabad,C007,East
0a19dde8,2023-05-23,2023-05-25,Delivered,Chennai,C009,East
72a6a1c8,2023-01-19,2023-01-22,Delivered,Ahmedabad,C008,South
c55d7ab6,2023-05-28,2023-05-29,Delivered,Bangalore,C007,West
41f605bf,2023-02-28,2023-03-01,Delivered,Chennai,C001,West
bf601cac,2023-03-08,2023-03-10,Delivered,Kolkata,C010,West
ba97946d,2023-04-15,2023-04-20,Delivered,Hyderabad,C006,Central
d39ba12b,2023-04-10,2023-04-14,Delivered,Kolkata,C010,North
56a4cfc3,2023-04-26,2023-04-30,Delivered,Chennai,C009,East
89295c02,2023-06-11,2023-06-13,Delivered,Bangalore,C007,South
d6b1a9da,2023-04-14,2023-04-19,Cancelled,Mumbai,C001,Central
8f1e2f41,2023-04-21,2023-04-25,Delayed,Chennai,C009,West
890bee7a,2023-03-22,2023-03-24,Delivered,Delhi,C003,Central
3515ae00,2023-01-05,2023-01-07,Delivered,Ahmedabad,C009,South
ffa11cb0,2023-04-10,2023-04-14,Delayed,Mumbai,C004,Central
6b921161,2023-06-22,2023-06-27,Delivered,Pune,C009,West
890accff,2023-01-31,2023-02-01,Delayed,Chennai,C008,North
a3d0f587,2023-05-17,2023-05-22,Delayed,Delhi,C007,West
6b52ec60,2023-01-02,2023-01-05,Delivered,Ahmedabad,C004,West
6a52f71b,2023-06-14,2023-06-16,Delivered,Pune,C009,West
0655051e,2023-06-08,2023-06-10,Cancelled,Kolkata,C004,Central
3cf7228c,2023-01-17,2023-01-21,Delivered,Mumbai,C001,South
daf5ce33,2023-05-30,2023-05-31,Delivered,Chennai,C006,West
d03da41b,2023-01-12,2023-01-13,Delivered,Hyderabad,C004,Central
88714046,2023-06-29,2023-06-30,Delivered,Kolkata,C010,South
cf00743f,2023-01-19,2023-01-23,Delayed,Delhi,C003,North
8a7d70b4,2023-04-02,2023-04-07,Delayed,Hyderabad,C005,West
8292346a,2023-05-09,2023-05-13,Cancelled,Bangalore,C003,East
89fbb16c,2023-01-28,2023-02-01,Delivered,Kolkata,C009,Central
6d68708f,2023-03-16,2023-03-17,Delivered,Ahmedabad,C006,North
4cebddb7,2023-06-25,2023-06-29,Delivered,Kolkata,C003,North
4faf5e73,2023-03-19,2023-03-22,Delivered,Ahmedabad,C005,North
d49e3f65,2023-06-05,2023-06-10,Delivered,Chennai,C008,Central
3e23d210,2023-01-23,2023-01-24,Cancelled,Chennai,C008,South
992e0f40,2023-03-14,2023-03-19,Delayed,Delhi,C006,East
fd5d0430,2023-04-23,2023-04-28,Delivered,Kolkata,C005,South
2e348d49,2023-04-08,2023-04-09,Delivered,Chennai,C005,West
e252cd1c,2023-04-12,2023-04-16,Delivered,Bangalore,C001,East
22e7a4d6,2023-06-19,2023-06-23,Delivered,Ahmedabad,C002,South
6f9781ca,2023-01-08,2023-01-09,Delayed,Pune,C004,West
8ae3e1e9,2023-05-02,2023-05-05,Delivered,Pune,C006,East
c5808f8d,2023-02-10,2023-02-14,Cancelled,Pune,C007,Central
431bdcbc,2023-05-17,2023-05-18,Delivered,Chennai,C001,West
ce53f7b1,2023-02-26,2023-03-01,Delivered,Kolkata,C008,South
c33e3b91,2023-02-04,2023-02-08,Delayed,Pune,C001,East
daac4ec9,2023-04-11,2023-04-16,Delivered,Mumbai,C009,West
013a9a6c,2023-05-20,2023-05-24,Delivered,Hyderabad,C004,West
82dcb1de,2023-03-17,2023-03-21,Delivered,Kolkata,C007,Central
b80f13bc,2023-06-12,2023-06-13,Delivered,Ahmedabad,C006,West
bcdfb81e,2023-02-06,2023-02-07,Delayed,Bangalore,C009,East
8f888261,2023-03-18,2023-03-20,Delivered,Kolkata,C002,North
2172d5b0,2023-06-23,2023-06-26,Delayed,Bangalore,C007,East
5cb59680,2023-06-15,2023-06-20,Delivered,Kolkata,C005,East
4ea9092d,2023-04-06,2023-04-07,Delivered,Pune,C007,Central
5ea110ca,2023-01-03,2023-01-05,Delayed,Hyderabad,C001,Central
b4fa63b6,2023-05-22,2023-05-25,Delivered,Hyderabad,C010,West
5786eeff,2023-05-23,2023-05-27,Delivered,Bangalore,C009,Central
9adce521,2023-02-06,2023-02-09,Delivered,Kolkata,C001,West
d7c2b499,2023-02-01,2023-02-03,Delivered,Hyderabad,C005,North
07da8103,2023-01-11,2023-01-13,Delivered,Delhi,C008,South
f92c62c8,2023-01-02,2023-01-06,Delivered,Kolkata,C001,Central
8c1b73fc,2023-05-27,2023-05-29,Delivered,Hyderabad,C007,Central
5d802913,2023-06-02,2023-06-05,Delivered,Mumbai,C002,North
91b50fd6,2023-04-11,2023-04-12,Cancelled,Mumbai,C007,Central
c8a21ce8,2023-05-18,2023-05-21,Delivered,Delhi,C007,North
c2907f13,2023-05-21,2023-05-22,Delayed,Hyderabad,C009,West
85dc465c,2023-01-22,2023-01-26,Delivered,Mumbai,C006,Central
08b5ed7e,2023-03-20,2023-03-24,Delivered,Pune,C004,Central
a4c3b8c1,2023-02-23,2023-02-25,Delayed,Kolkata,C007,West
087be02e,2023-03-30,2023-04-02,Delivered,Chennai,C007,Central
a559d056,2023-02-24,2023-02-27,Delayed,Hyderabad,C004,East
c87eeb95,2023-04-16,2023-04-19,Delivered,Ahmedabad,C002,North
3bebc929,2023-06-15,2023-06-19,Delivered,Delhi,C009,South
d3cd4c69,2023-05-12,2023-05-15,Delivered,Hyderabad,C008,East
afe93790,2023-02-06,2023-02-10,Delivered,Bangalore,C005,South
b5b91954,2023-02-11,2023-02-14,Delayed,Bangalore,C005,East
1b26aa81,2023-02-17,2023-02-22,Delivered,Mumbai,C001,East
d2ce3a42,2023-02-26,2023-03-01,Cancelled,Ahmedabad,C009,East
f14e783f,2023-06-07,2023-06-12,Cancelled,Bangalore,C010,North
781394e8,2023-03-06,2023-03-07,Delivered,Delhi,C008,South
261afd50,2023-02-19,2023-02-21,Delivered,Ahmedabad,C005,West
44b65603,2023-01-30,2023-02-01,Delayed,Mumbai,C010,West
b98338c5,2023-02-16,2023-02-21,Cancelled,Delhi,C006,Central
953f0c36,2023-06-21,2023-06-24,Delivered,Kolkata,C010,North
2cc049b0,2023-05-26,2023-05-27,Delivered,Delhi,C010,North
4791cc4a,2023-01-14,2023-01-16,Delivered,Bangalore,C008,North
7a1f4cdd,2023-05-21,2023-05-24,Delayed,Kolkata,C006,East
7f3ff209,2023-04-29,2023-05-04,Delivered,Bangalore,C010,North
8b714ea4,2023-06-15,2023-06-18,Delayed,Delhi,C004,West
e517707a,2023-05-21,2023-05-24,Delivered,Bangalore,C003,North
69eaf888,2023-01-19,2023-01-22,Delivered,Ahmedabad,C007,East
387b7875,2023-03-16,2023-03-18,Delivered,Bangalore,C002,South
0f29d9ad,2023-06-21,2023-06-26,Delivered,Bangalore,C007,North
286d85de,2023-01-18,2023-01-21,Delivered,Hyderabad,C001,South
5020dfab,2023-03-06,2023-03-10,Delivered,Kolkata,C010,Central
fb5d5eba,2023-01-26,2023-01-30,Delivered,Ahmedabad,C005,East
b4a02f51,2023-02-20,2023-02-23,Delivered,Kolkata,C009,North
69942cb0,2023-05-29,2023-05-31,Delivered,Pune,C001,Central
19e9a024,2023-05-05,2023-05-07,Cancelled,Kolkata,C008,Central
f5852307,2023-03-26,2023-03-28,Delivered,Pune,C009,South
cac70ca6,2023-04-02,2023-04-07,Delivered,Delhi,C009,West
ed556c5d,2023-02-02,2023-02-05,Delivered,Pune,C008,West
8d41cf58,2023-06-21,2023-06-25,Cancelled,Pune,C004,West
460780e6,2023-06-17,2023-06-20,Delivered,Chennai,C007,West
a2fe4ff2,2023-03-02,2023-03-04,Delayed,Delhi,C001,East
9ff66304,2023-01-26,2023-01-27,Delayed,Kolkata,C007,North
115d7fd1,2023-03-14,2023-03-16,Delivered,Mumbai,C006,North
6d5e4a4b,2023-06-08,2023-06-13,Delivered,Bangalore,C005,East
478edbfb,2023-01-18,2023-01-21,Delivered,Bangalore,C001,South
c3927948,2023-02-19,2023-02-21,Delivered,Chennai,C008,North
7fcbc547,2023-03-23,2023-03-28,Delivered,Mumbai,C010,Central
39089455,2023-05-05,2023-05-06,Delayed,Hyderabad,C001,North
c8b36588,2023-04-26,2023-04-29,Delivered,Pune,C001,East
9275982e,2023-03-26,2023-03-29,Delayed,Ahmedabad,C003,South
481325fb,2023-06-07,2023-06-12,Delivered,Delhi,C008,North
5ad93cef,2023-06-18,2023-06-23,Delayed,Hyderabad,C008,East
10f1dbc5,2023-03-20,2023-03-24,Delivered,Mumbai,C007,Central
04402263,2023-06-27,2023-07-01,Delivered,Chennai,C005,West
4dae6bd3,2023-05-30,2023-06-04,Delivered,Mumbai,C008,Central
f501ceb6,2023-02-09,2023-02-11,Cancelled,Chennai,C002,Central
fd6a99e7,2023-05-25,2023-05-28,Delivered,Hyderabad,C008,South
89fbbde2,2023-05-26,2023-05-28,Delivered,Hyderabad,C002,North
2ec40bae,2023-04-04,2023-04-09,Delivered,Ahmedabad,C010,West
722ab735,2023-03-22,2023-03-27,Delivered,Mumbai,C005,East
40836c06,2023-04-20,2023-04-23,Delivered,Mumbai,C004,West
2ab48213,2023-02-13,2023-02-18,Delivered,Pune,C001,North
299d4ba6,2023-01-02,2023-01-05,Delivered,Bangalore,C005,South
dc1fd8d2,2023-03-22,2023-03-26,Delivered,Chennai,C007,North
fe97b4dc,2023-03-05,2023-03-09,Delivered,Bangalore,C001,East
bb9385bf,2023-02-26,2023-02-28,Delivered,Delhi,C002,West
ff64ab82,2023-06-14,2023-06-19,Delayed,Delhi,C009,Central
60f96f55,2023-04-22,2023-04-26,Delivered,Mumbai,C005,North
83c4d7ad,2023-03-12,2023-03-14,Delivered,Hyderabad,C007,South
8559cc93,2023-04-03,2023-04-07,Delivered,Delhi,C002,South
f8cb4a51,2023-02-04,2023-02-08,Cancelled,Delhi,C007,West
9b35e359,2023-06-23,2023-06-24,Cancelled,Ahmedabad,C007,Central
8d4414ca,2023-03-26,2023-03-27,Delayed,Bangalore,C007,East
594e2171,2023-05-03,2023-05-06,Delivered,Ahmedabad,C005,Central
e88c9d96,2023-04-29,2023-05-01,Delivered,Bangalore,C009,West
7ac50138,2023-04-25,2023-04-28,Delivered,Pune,C002,Central
f8f785cc,2023-04-02,2023-04-04,Delivered,Ahmedabad,C004,West
914851c3,2023-03-20,2023-03-22,Delivered,Pune,C002,Central
0134d636,2023-05-05,2023-05-07,Delayed,Delhi,C008,North
601a9642,2023-05-22,2023-05-25,Delayed,Mumbai,C001,South
7130da27,2023-01-28,2023-02-02,Delayed,Bangalore,C009,West
6570448e,2023-02-14,2023-02-15,Delivered,Delhi,C005,West
58a62e84,2023-06-15,2023-06-17,Delayed,Hyderabad,C003,South
1adb7178,2023-06-05,2023-06-08,Delivered,Bangalore,C004,East
e36adfac,2023-01-21,2023-01-25,Delivered,Delhi,C001,West
6490018f,2023-03-13,2023-03-17,Delayed,Pune,C003,North
8163c668,2023-02-05,2023-02-10,Delivered,Ahmedabad,C008,Central
a9b5998e,2023-05-18,2023-05-19,Delivered,Chennai,C002,North
f0dfe269,2023-02-20,2023-02-25,Delivered,Bangalore,C002,West
058ebec2,2023-03-09,2023-03-11,Delayed,Chennai,C009,East
e55fdb7e,2023-06-10,2023-06-12,Delayed,Bangalore,C005,West
315a7040,2023-01-20,2023-01-23,Delivered,Bangalore,C005,East
ea9d337e,2023-01-20,2023-01-21,Delayed,Ahmedabad,C001,South
0ac89f58,2023-01-05,2023-01-09,Delivered,Pune,C006,Central
0bd3e23b,2023-05-10,2023-05-11,Delivered,Kolkata,C008,North
0a999bf8,2023-06-11,2023-06-14,Delayed,Kolkata,C006,East
c674bdca,2023-01-08,2023-01-13,Delayed,Chennai,C007,North
ad452641,2023-05-29,2023-05-30,Cancelled,Mumbai,C004,South
5f9ac0a8,2023-05-29,2023-06-01,Delivered,Delhi,C002,West
a0b42356,2023-04-14,2023-04-19,Delivered,Mumbai,C001,East
94dc2240,2023-06-01,2023-06-06,Delivered,Mumbai,C006,Central
5642c723,2023-02-24,2023-03-01,Delayed,Kolkata,C009,East
b9a0423c,2023-01-10,2023-01-11,Delivered,Delhi,C010,West
7af3c8df,2023-05-22,2023-05-23,Delayed,Kolkata,C005,West
716c3ec9,2023-03-08,2023-03-12,Delivered,Ahmedabad,C002,Central
5ab15012,2023-05-20,2023-05-25,Delivered,Ahmedabad,C001,Central
9460ff9f,2023-05-19,2023-05-24,Delivered,Kolkata,C003,South
07d8bfe7,2023-05-01,2023-05-03,Delivered,Pune,C004,North
57b4f327,2023-06-17,2023-06-19,Delivered,Kolkata,C007,East
886d60e9,2023-02-08,2023-02-11,Delayed,Hyderabad,C009,South
cffdefd5,2023-04-04,2023-04-06,Delivered,Mumbai,C008,North
8bc17825,2023-04-11,2023-04-13,Delivered,Pune,C009,South
c31b4631,2023-02-27,2023-03-01,Delivered,Pune,C007,Central
81b4e4f5,2023-05-31,2023-06-04,Delivered,Mumbai,C010,Central
f4050bfc,2023-03-16,2023-03-18,Delivered,Pune,C008,West
a3991e2a,2023-02-04,2023-02-05,Delivered,Mumbai,C008,East
a768ff2a,2023-04-29,2023-05-04,Delivered,Hyderabad,C001,East
1dcd940c,2023-05-09,2023-05-12,Delivered,Bangalore,C009,East
f8ad3ce9,2023-05-11,2023-05-16,Delivered,Pune,C002,South
57105121,2023-01-24,2023-01-27,Delivered,Chennai,C007,South
5b078050,2023-04-12,2023-04-13,Delivered,Chennai,C010,East
873b4824,2023-04-04,2023-04-06,Delivered,Hyderabad,C010,West
dfc81f2a,2023-05-09,2023-05-10,Delivered,Mumbai,C005,North
f1d1281a,2023-01-03,2023-01-05,Delayed,Chennai,C004,South
2f4d3c62,2023-06-19,2023-06-24,Delayed,Hyderabad,C001,East
557bde7b,2023-03-03,2023-03-06,Delayed,Kolkata,C001,Central
257e7341,2023-06-07,2023-06-08,Delivered,Delhi,C003,South
2300fcfc,2023-06-25,2023-06-27,Delayed,Chennai,C001,North
4e7d0f3e,2023-02-12,2023-02-14,Delayed,Ahmedabad,C008,South
8aedb6f1,2023-05-12,2023-05-14,Delayed,Delhi,C003,North
5163622e,2023-02-05,2023-02-10,Delivered,Ahmedabad,C010,North
6f7aefc2,2023-04-25,2023-04-30,Delivered,Mumbai,C002,South
25a33d46,2023-02-10,2023-02-14,Delayed,Chennai,C006,North
9abaf18b,2023-02-15,2023-02-19,Delivered,Hyderabad,C004,South
1fd1e17d,2023-05-25,2023-05-26,Delivered,Bangalore,C004,South
d1b741b8,2023-05-25,2023-05-30,Delivered,Chennai,C002,West
05f91656,2023-06-18,2023-06-19,Delivered,Chennai,C002,Central
d6b44375,2023-02-07,2023-02-10,Delivered,Chennai,C006,North
ed39794c,2023-05-04,2023-05-05,Delivered,Chennai,C005,South
88c3b682,2023-04-02,2023-04-04,Delivered,Ahmedabad,C009,North
3e86fb9a,2023-01-11,2023-01-15,Delivered,Hyderabad,C004,South
57146a6e,2023-02-26,2023-02-27,Delivered,Hyderabad,C005,South
0e62ac2d,2023-05-05,2023-05-09,Delivered,Ahmedabad,C001,South
1dd63d39,2023-03-01,2023-03-02,Delivered,Bangalore,C002,Central
dc919e54,2023-01-17,2023-01-21,Delayed,Hyderabad,C003,North
8cba3e80,2023-03-09,2023-03-11,Delayed,Hyderabad,C005,Central
bd98a547,2023-04-05,2023-04-06,Delivered,Mumbai,C005,Central
fc0c81b6,2023-03-01,2023-03-06,Delivered,Pune,C004,Central
a4351de8,2023-01-11,2023-01-16,Delivered,Mumbai,C010,Central
47243588,2023-06-21,2023-06-23,Delayed,Pune,C003,West
0083183c,2023-02-22,2023-02-27,Delivered,Delhi,C009,North
3b5d43a3,2023-05-13,2023-05-17,Delivered,Bangalore,C001,North
15de4927,2023-04-03,2023-04-06,Delivered,Pune,C006,South
9c2bba31,2023-04-10,2023-04-15,Delivered,Mumbai,C007,North
50d1be28,2023-05-01,2023-05-02,Delayed,Bangalore,C010,Central
e6fd6841,2023-04-27,2023-05-02,Delayed,Bangalore,C004,East
eaa2c781,2023-01-12,2023-01-16,Delivered,Chennai,C010,North
11307b33,2023-01-11,2023-01-12,Delivered,Kolkata,C003,East
17f694aa,2023-06-16,2023-06-20,Delivered,Kolkata,C008,West
897d69d0,2023-03-24,2023-03-26,Delivered,Kolkata,C009,South
46afb238,2023-01-27,2023-02-01,Delivered,Bangalore,C001,South
74ebaaaf,2023-06-30,2023-07-05,Delivered,Chennai,C010,South
86c64808,2023-05-14,2023-05-18,Delivered,Delhi,C009,West
8d6ce514,2023-06-12,2023-06-13,Delivered,Delhi,C007,Central
70dd1cf7,2023-03-12,2023-03-15,Delayed,Kolkata,C001,East
cf735ad5,2023-03-09,2023-03-13,Delivered,Delhi,C007,North
b4b73bb3,2023-05-29,2023-06-03,Delayed,Chennai,C005,Central
9f85ffc8,2023-05-20,2023-05-23,Delayed,Kolkata,C010,South
9db260c5,2023-05-26,2023-05-30,Delivered,Pune,C007,South
c00e4d39,2023-02-14,2023-02-16,Delayed,Pune,C009,Central
a3627f60,2023-04-07,2023-04-10,Delivered,Chennai,C008,East
84fa2235,2023-06-17,2023-06-22,Delivered,Ahmedabad,C006,Central
f3ad966e,2023-04-07,2023-04-11,Delivered,Delhi,C002,West
46bc6798,2023-04-04,2023-04-09,Cancelled,Kolkata,C008,South
ac9cc41b,2023-05-31,2023-06-03,Delivered,Pune,C004,East
3bba087c,2023-06-17,2023-06-20,Delivered,Chennai,C008,North
5e3742ed,2023-01-20,2023-01-23,Delayed,Hyderabad,C007,South
601aa513,2023-05-13,2023-05-18,Delivered,Pune,C004,Central
dfc8f32a,2023-03-06,2023-03-08,Delayed,Hyderabad,C008,East
833f82b1,2023-04-07,2023-04-10,Delayed,Chennai,C002,South
a11e2282,2023-02-27,2023-03-02,Delayed,Chennai,C009,North
81d984b4,2023-05-13,2023-05-18,Cancelled,Mumbai,C006,North
222b9144,2023-04-14,2023-04-19,Cancelled,Pune,C007,Central
3e77a4a4,2023-04-01,2023-04-04,Delivered,Mumbai,C010,West
f69e6129,2023-03-30,2023-04-03,Delayed,Bangalore,C001,Central
178d856d,2023-05-05,2023-05-06,Delivered,Pune,C003,East
9ce997ed,2023-05-04,2023-05-06,Delivered,Kolkata,C010,Central
011c2275,2023-06-04,2023-06-08,Delivered,Bangalore,C005,East
2532bbcb,2023-01-02,2023-01-03,Delivered,Bangalore,C007,West
a786639c,2023-05-09,2023-05-12,Cancelled,Delhi,C001,Central
6ac10e86,2023-02-05,2023-02-10,Delayed,Hyderabad,C009,North
8087b3a6,2023-04-23,2023-04-27,Delivered,Delhi,C005,East
beb46d3f,2023-02-12,2023-02-16,Delivered,Kolkata,C003,East
c698bb30,2023-02-28,2023-03-02,Delivered,Chennai,C007,North
e3482535,2023-01-20,2023-01-22,Delayed,Mumbai,C010,Central
986a1e40,2023-05-12,2023-05-13,Delayed,Kolkata,C008,West
2d64f8f3,2023-06-14,2023-06-18,Delivered,Chennai,C010,South
19b30cdd,2023-03-13,2023-03-16,Delivered,Kolkata,C010,Central
5ed60c27,2023-02-24,2023-02-25,Delivered,Chennai,C003,Central
467d6e86,2023-02-08,2023-02-12,Delivered,Pune,C007,East
c256cadc,2023-02-17,2023-02-20,Delayed,Mumbai,C007,East
7c3b52f0,2023-02-10,2023-02-15,Delivered,Chennai,C004,West
f373ec89,2023-04-03,2023-04-05,Delivered,Bangalore,C010,West
a6453884,2023-06-04,2023-06-06,Delivered,Kolkata,C009,West
2a1103ba,2023-01-31,2023-02-01,Delivered,Mumbai,C001,North
95a0fd21,2023-06-19,2023-06-21,Cancelled,Chennai,C001,South
4734fb70,2023-02-28,2023-03-02,Delivered,Bangalore,C005,South
2c9a61ba,2023-04-17,2023-04-20,Delivered,Bangalore,C003,West
12b44909,2023-03-26,2023-03-31,Delivered,Pune,C010,East
8ff6983c,2023-01-30,2023-02-02,Delayed,Hyderabad,C009,South
2fd70870,2023-05-04,2023-05-07,Delivered,Bangalore,C005,Central
928e5732,2023-06-22,2023-06-27,Delayed,Delhi,C007,North
25efa760,2023-05-03,2023-05-07,Delivered,Mumbai,C001,East
0bb9597f,2023-05-03,2023-05-04,Delivered,Mumbai,C002,North
7c8715d7,2023-02-23,2023-02-26,Delivered,Ahmedabad,C004,Central
66d53190,2023-06-01,2023-06-06,Delivered,Mumbai,C009,South
cb4af267,2023-02-11,2023-02-13,Delivered,Chennai,C005,North
6404a290,2023-06-15,2023-06-20,Delivered,Kolkata,C005,North
1bb63dc6,2023-04-16,2023-04-18,Delayed,Chennai,C009,North
d07d84b6,2023-01-06,2023-01-09,Delayed,Delhi,C008,Central
f8a6cb4e,2023-03-04,2023-03-06,Delivered,Ahmedabad,C002,East
e1ac3a0f,2023-01-12,2023-01-14,Delivered,Kolkata,C007,East
1e01fa46,2023-02-02,2023-02-06,Delivered,Pune,C001,Central
d5684044,2023-05-27,2023-05-29,Delivered,Bangalore,C010,North
7122bcf3,2023-06-01,2023-06-03,Delayed,Ahmedabad,C009,North
4fea4c96,2023-02-11,2023-02-16,Delivered,Chennai,C003,West
d30e6b00,2023-02-04,2023-02-06,Delivered,Kolkata,C002,South
1187d3d1,2023-06-11,2023-06-14,Delayed,Bangalore,C004,South
d046885d,2023-05-12,2023-05-17,Delayed,Kolkata,C004,East
01503b50,2023-01-11,2023-01-15,Delivered,Bangalore,C003,Central
bf958c4a,2023-05-27,2023-06-01,Delivered,Kolkata,C002,North
ef5360cf,2023-02-07,2023-02-11,Delivered,Chennai,C005,South
960305e9,2023-01-15,2023-01-18,Delivered,Ahmedabad,C004,Central
8903bff2,2023-02-12,2023-02-14,Delayed,Chennai,C005,Central
9a1b729a,2023-03-08,2023-03-11,Delayed,Delhi,C008,North
f1a192b4,2023-02-16,2023-02-20,Delayed,Pune,C002,Central
5b159244,2023-05-13,2023-05-16,Delivered,Pune,C009,South
5ccf087b,2023-04-14,2023-04-17,Delayed,Hyderabad,C010,West
60f2ba4d,2023-06-03,2023-06-05,Delivered,Mumbai,C001,South
b7d444db,2023-05-25,2023-05-28,Delivered,Chennai,C008,West
364539be,2023-06-13,2023-06-16,Delivered,Chennai,C005,Central
81148dc9,2023-01-05,2023-01-08,Delivered,Bangalore,C002,South
0c6cf0dd,2023-06-19,2023-06-22,Delayed,Hyderabad,C008,North
138bd976,2023-03-14,2023-03-18,Delivered,Pune,C005,Central
cc78b6cf,2023-01-22,2023-01-25,Delivered,Chennai,C010,North
5dddccf1,2023-02-25,2023-03-01,Delivered,Kolkata,C010,West
a60214b5,2023-04-25,2023-04-30,Delivered,Pune,C003,East
d6a986ad,2023-06-05,2023-06-09,Delivered,Hyderabad,C007,East
0a095d2e,2023-05-01,2023-05-05,Delivered,Mumbai,C004,West
f5476558,2023-05-04,2023-05-05,Delayed,Kolkata,C010,East
5af7f023,2023-02-13,2023-02-17,Delivered,Bangalore,C006,Central
4e2ad903,2023-02-26,2023-02-27,Delivered,Delhi,C010,Central
0a33fb2d,2023-04-16,2023-04-20,Delivered,Kolkata,C008,South
1608c029,2023-06-03,2023-06-06,Delayed,Ahmedabad,C001,Central
1fb15d8c,2023-02-06,2023-02-08,Delivered,Pune,C002,East
9a2a6867,2023-05-30,2023-06-03,Delivered,Ahmedabad,C008,North
1f1b6af3,2023-02-16,2023-02-19,Delivered,Mumbai,C007,South
c5d8fc17,2023-06-09,2023-06-10,Delivered,Kolkata,C010,North
01abd6d6,2023-06-18,2023-06-20,Delivered,Hyderabad,C009,East
dbe840f5,2023-05-11,2023-05-13,Delayed,Hyderabad,C002,North
06fa8aa0,2023-03-09,2023-03-12,Delivered,Mumbai,C008,East
aa908ce2,2023-02-12,2023-02-15,Delivered,Pune,C006,Central
a68d278b,2023-06-25,2023-06-28,Delayed,Hyderabad,C001,South
54fe1ce2,2023-03-29,2023-03-30,Delivered,Kolkata,C004,West
11201fdd,2023-04-27,2023-04-30,Delivered,Delhi,C002,East
185367e4,2023-06-02,2023-06-06,Delivered,Kolkata,C007,Central
09540d87,2023-06-01,2023-06-05,Delivered,Delhi,C009,North
f6f7b2f3,2023-01-18,2023-01-21,Delivered,Hyderabad,C006,Central
9bf89c33,2023-02-28,2023-03-05,Delivered,Kolkata,C004,North
47f8ae5d,2023-04-07,2023-04-12,Delayed,Hyderabad,C005,North
17c31e95,2023-04-09,2023-04-11,Cancelled,Pune,C001,North
32dd9f50,2023-02-03,2023-02-05,Delivered,Delhi,C004,North
77cb25a2,2023-01-28,2023-02-02,Delivered,Pune,C010,South
af2a5c5c,2023-01-05,2023-01-10,Delivered,Hyderabad,C003,North
9208880a,2023-02-21,2023-02-25,Delayed,Chennai,C009,South
4448934b,2023-05-14,2023-05-17,Delivered,Bangalore,C006,West
024ed9f6,2023-05-10,2023-05-11,Delivered,Kolkata,C004,South
118ac352,2023-06-25,2023-06-26,Delayed,Chennai,C003,North
7d4ff42f,2023-04-18,2023-04-20,Delayed,Pune,C004,West
84973944,2023-02-08,2023-02-10,Delayed,Ahmedabad,C008,Central
71190e40,2023-06-05,2023-06-08,Delivered,Hyderabad,C005,South
f2dfb7d5,2023-01-25,2023-01-29,Delayed,Hyderabad,C001,Central
f510e60f,2023-02-15,2023-02-20,Delayed,Bangalore,C005,West
01ef8e09,2023-05-02,2023-05-06,Delivered,Hyderabad,C008,South
b2c665eb,2023-06-07,2023-06-08,Delivered,Bangalore,C004,North
40e2db6d,2023-06-03,2023-06-07,Delivered,Kolkata,C002,South
92fbe0ad,2023-01-10,2023-01-14,Cancelled,Delhi,C003,North
87863180,2023-05-17,2023-05-19,Delivered,Bangalore,C009,East
e1c465f5,2023-05-09,2023-05-12,Delivered,Bangalore,C007,South
f6cb6cb3,2023-01-31,2023-02-05,Delivered,Chennai,C003,South
821eec45,2023-01-24,2023-01-29,Delayed,Hyderabad,C005,Central
990c4d0f,2023-05-04,2023-05-08,Delivered,Kolkata,C003,Central
36d185ab,2023-06-18,2023-06-19,Delivered,Delhi,C010,West
73956823,2023-02-03,2023-02-04,Delivered,Mumbai,C004,North
f2a2b011,2023-06-04,2023-06-05,Delayed,Pune,C008,Central
99d15d9e,2023-05-19,2023-05-22,Delivered,Bangalore,C003,West
1655b9fb,2023-01-01,2023-01-04,Delivered,Mumbai,C003,North
27aef1b6,2023-06-23,2023-06-28,Delayed,Hyderabad,C008,North
a0fb8c46,2023-06-16,2023-06-19,Delivered,Pune,C010,North
369c12ce,2023-04-21,2023-04-25,Delayed,Bangalore,C010,East
20c0f3ca,2023-05-14,2023-05-17,Delivered,Ahmedabad,C007,North
69884e92,2023-04-18,2023-04-19,Delivered,Ahmedabad,C007,West
1061dc63,2023-04-05,2023-04-09,Delivered,Mumbai,C010,North
c4603093,2023-01-12,2023-01-14,Delivered,Chennai,C002,North
8629aba4,2023-06-28,2023-06-29,Delayed,Mumbai,C007,West
0ff4e875,2023-05-16,2023-05-19,Delivered,Pune,C010,South
904dee42,2023-04-20,2023-04-24,Delayed,Chennai,C010,North
9793d396,2023-02-28,2023-03-02,Delivered,Pune,C003,West
18f0ec59,2023-05-04,2023-05-06,Delivered,Delhi,C007,Central
57bb3755,2023-04-08,2023-04-13,Delivered,Hyderabad,C004,West
23592f54,2023-03-31,2023-04-03,Cancelled,Ahmedabad,C008,East
61c1e881,2023-05-31,2023-06-05,Delivered,Kolkata,C008,Central
e44ee962,2023-06-28,2023-06-30,Delivered,Mumbai,C006,South
5435b9e9,2023-05-28,2023-06-02,Delivered,Bangalore,C003,South
43536a05,2023-01-26,2023-01-27,Delivered,Pune,C006,West
bfcb8aa6,2023-04-19,2023-04-23,Delivered,Pune,C006,West
1b463de8,2023-02-04,2023-02-06,Delayed,Hyderabad,C003,North
ffd803b6,2023-03-07,2023-03-10,Delivered,Mumbai,C004,North
235d03c1,2023-05-03,2023-05-08,Delayed,Bangalore,C002,East
67fee793,2023-03-01,2023-03-06,Delivered,Bangalore,C001,North
d34062ff,2023-01-22,2023-01-25,Delivered,Pune,C002,West
f028cb17,2023-03-14,2023-03-19,Delayed,Kolkata,C007,West
b2cc1605,2023-06-03,2023-06-08,Delivered,Pune,C010,North
34539dfc,2023-05-20,2023-05-23,Cancelled,Kolkata,C005,East
a3f80892,2023-04-15,2023-04-16,Delivered,Pune,C009,West
9eeaa036,2023-03-07,2023-03-09,Delayed,Pune,C003,East
55f80b6b,2023-02-18,2023-02-19,Delivered,Bangalore,C002,West
dd3aba65,2023-01-02,2023-01-05,Delivered,Kolkata,C004,East
c619dfe0,2023-01-02,2023-01-05,Delivered,Bangalore,C002,East
ad2437e3,2023-05-28,2023-06-01,Delivered,Mumbai,C007,East
f471d135,2023-05-14,2023-05-16,Delivered,Pune,C010,North
540995c6,2023-01-31,2023-02-02,Delivered,Delhi,C006,South
c1cb9f59,2023-05-14,2023-05-17,Delivered,Kolkata,C008,East
fa5ff71b,2023-01-02,2023-01-06,Delivered,Chennai,C005,East
2cc7fd51,2023-04-07,2023-04-09,Delayed,Ahmedabad,C002,West
dfb8ec41,2023-06-17,2023-06-21,Delivered,Chennai,C004,South
47e6b616,2023-02-22,2023-02-25,Delivered,Chennai,C001,West
17152abe,2023-06-26,2023-06-29,Delivered,Delhi,C002,West
9d575286,2023-03-22,2023-03-24,Delivered,Bangalore,C004,East
d8da2b1e,2023-04-15,2023-04-18,Delivered,Bangalore,C006,Central
e6e0a7d4,2023-04-03,2023-04-06,Delivered,Ahmedabad,C004,South
afbf086e,2023-01-28,2023-02-02,Delayed,Ahmedabad,C004,West
1a72b79f,2023-02-09,2023-02-10,Delayed,Hyderabad,C010,Central
24e167d3,2023-04-20,2023-04-22,Delivered,Ahmedabad,C010,Central
9563934c,2023-06-16,2023-06-17,Delivered,Chennai,C002,West
5d7397c1,2023-05-30,2023-06-03,Delivered,Chennai,C009,East
8889be75,2023-03-06,2023-03-10,Delivered,Bangalore,C010,North
af60c13d,2023-03-08,2023-03-12,Delayed,Chennai,C008,West
37121612,2023-05-18,2023-05-22,Delivered,Bangalore,C008,East
ee672abd,2023-04-19,2023-04-20,Delivered,Pune,C005,South
24c0d919,2023-05-25,2023-05-30,Delivered,Pune,C003,East
46329a4b,2023-04-04,2023-04-05,Delivered,Bangalore,C006,Central
b10dba47,2023-06-06,2023-06-11,Delayed,Kolkata,C009,South
4d672e4c,2023-03-12,2023-03-15,Delivered,Bangalore,C008,South
b69fe468,2023-06-24,2023-06-25,Delayed,Mumbai,C007,North
c8989a6b,2023-04-12,2023-04-17,Cancelled,Mumbai,C008,North
4429b7f2,2023-02-22,2023-02-26,Delivered,Mumbai,C004,West
71597a2e,2023-04-16,2023-04-17,Delayed,Mumbai,C006,East
2cc6081d,2023-05-22,2023-05-27,Delivered,Delhi,C005,West
ea43b70b,2023-05-23,2023-05-26,Cancelled,Hyderabad,C002,North
cad4cde0,2023-05-04,2023-05-09,Cancelled,Hyderabad,C008,Central
9a93240c,2023-02-15,2023-02-19,Delayed,Bangalore,C003,North
db3f076f,2023-04-05,2023-04-08,Delivered,Pune,C005,East
3ea6c9ab,2023-05-24,2023-05-29,Delayed,Chennai,C008,Central
f399145e,2023-05-23,2023-05-26,Delivered,Mumbai,C009,West
31d373bc,2023-05-04,2023-05-05,Delayed,Hyderabad,C009,West
c848cb56,2023-03-06,2023-03-07,Delayed,Hyderabad,C005,North
b5f0a58b,2023-03-20,2023-03-25,Delivered,Mumbai,C002,North
2d40cbf4,2023-05-28,2023-05-29,Delivered,Pune,C007,West
aed62703,2023-03-30,2023-04-04,Delivered,Delhi,C007,West
b29b6eae,2023-06-30,2023-07-01,Delivered,Delhi,C008,South
8ea6eec8,2023-04-12,2023-04-17,Delivered,Ahmedabad,C008,East
a35ce63f,2023-02-05,2023-02-07,Delayed,Hyderabad,C005,South
a22be538,2023-06-18,2023-06-23,Delayed,Ahmedabad,C001,South
10f29a5f,2023-01-31,2023-02-01,Delayed,Delhi,C004,West
bfce164d,2023-02-28,2023-03-05,Delivered,Kolkata,C004,East
b8e61db2,2023-04-25,2023-04-29,Delayed,Mumbai,C003,West
862ab2ef,2023-06-29,2023-07-04,Delayed,Pune,C008,South
9b3f48c5,2023-02-11,2023-02-13,Delivered,Hyderabad,C003,South
664618f3,2023-01-26,2023-01-27,Delivered,Mumbai,C005,West
ef5b05e4,2023-02-24,2023-02-28,Delivered,Delhi,C002,North
d4641d3c,2023-05-11,2023-05-14,Delayed,Mumbai,C006,North
066b6f0a,2023-04-13,2023-04-17,Delivered,Delhi,C006,West
8c835639,2023-03-28,2023-04-01,Delayed,Pune,C008,Central
2882e528,2023-05-21,2023-05-23,Delivered,Delhi,C008,Central
05059b0e,2023-06-07,2023-06-10,Delayed,Mumbai,C001,North
8f455741,2023-06-28,2023-06-29,Delivered,Pune,C005,East
e002c950,2023-06-25,2023-06-27,Delivered,Delhi,C002,South
429aab5f,2023-06-30,2023-07-05,Delivered,Ahmedabad,C010,East
47b6bb22,2023-01-14,2023-01-17,Delivered,Kolkata,C005,North
04abbb05,2023-02-11,2023-02-15,Delayed,Bangalore,C010,West
795ba4d8,2023-04-10,2023-04-15,Delivered,Mumbai,C009,Central
0a328c46,2023-06-12,2023-06-16,Delivered,Bangalore,C004,North
e29a0a29,2023-01-02,2023-01-03,Delivered,Mumbai,C008,East
716379d5,2023-01-24,2023-01-28,Delivered,Delhi,C001,East
79ff799c,2023-02-07,2023-02-12,Delivered,Delhi,C008,North
3e90d303,2023-05-01,2023-05-04,Delivered,Pune,C006,South
ba2e16c9,2023-06-03,2023-06-04,Delayed,Hyderabad,C008,East
debe03f8,2023-04-22,2023-04-27,Delivered,Kolkata,C006,South
f5fbd544,2023-01-23,2023-01-27,Delayed,Ahmedabad,C003,South
3af3f4c4,2023-01-17,2023-01-18,Cancelled,Hyderabad,C008,West
3c1ece36,2023-03-09,2023-03-10,Delivered,Bangalore,C005,North
87a87b44,2023-02-26,2023-02-28,Delivered,Delhi,C010,North
160418b6,2023-04-05,2023-04-08,Delivered,Hyderabad,C005,South
3187dcb1,2023-01-21,2023-01-25,Cancelled,Delhi,C007,West
3aaa2ac9,2023-06-05,2023-06-07,Delayed,Mumbai,C006,East
3e3d0189,2023-01-10,2023-01-13,Delivered,Hyderabad,C009,East
c322e0e4,2023-04-09,2023-04-11,Delayed,Bangalore,C007,North
04f7d453,2023-04-13,2023-04-18,Delivered,Pune,C003,South
8cbd01dd,2023-06-07,2023-06-10,Cancelled,Hyderabad,C005,West
f40dd294,2023-06-17,2023-06-22,Cancelled,Delhi,C009,West
66c4c557,2023-05-14,2023-05-18,Delivered,Chennai,C010,East
4a5735ff,2023-03-15,2023-03-17,Delivered,Chennai,C002,East
586a1a57,2023-06-02,2023-06-07,Delivered,Pune,C001,Central
c367db4d,2023-01-15,2023-01-18,Delivered,Pune,C008,Central
c3287cdb,2023-02-14,2023-02-19,Delayed,Kolkata,C008,South
789cfe53,2023-06-13,2023-06-15,Delivered,Pune,C002,Central
a502869f,2023-05-07,2023-05-09,Delivered,Delhi,C008,West
47a4b467,2023-04-23,2023-04-25,Delivered,Ahmedabad,C005,Central
4ef9770c,2023-01-03,2023-01-05,Cancelled,Mumbai,C002,North
62bfdd01,2023-02-21,2023-02-24,Delivered,Hyderabad,C007,North
08213ce0,2023-06-18,2023-06-20,Delivered,Pune,C007,East
2496ac2f,2023-05-13,2023-05-14,Delivered,Chennai,C003,East
e32ba217,2023-03-15,2023-03-16,Cancelled,Mumbai,C001,South
38aeb962,2023-02-19,2023-02-24,Delayed,Ahmedabad,C004,North
cc62c9a6,2023-01-09,2023-01-14,Delivered,Delhi,C002,South
37582ed0,2023-06-03,2023-06-04,Delivered,Mumbai,C004,South
38a36bb6,2023-05-11,2023-05-13,Delivered,Delhi,C008,Central
276ba398,2023-05-13,2023-05-18,Delivered,Ahmedabad,C002,East
597369e9,2023-06-28,2023-07-01,Delivered,Ahmedabad,C001,South
a24c87ad,2023-03-01,2023-03-02,Delayed,Kolkata,C003,South
47f88031,2023-06-07,2023-06-10,Delivered,Hyderabad,C010,East
ef8c1613,2023-02-13,2023-02-16,Delayed,Mumbai,C007,East
632ed283,2023-06-22,2023-06-24,Delivered,Ahmedabad,C006,North
0011c1da,2023-01-10,2023-01-12,Delayed,Hyderabad,C006,East
c1f824a6,2023-04-03,2023-04-05,Delayed,Mumbai,C007,Central
74a50c22,2023-03-03,2023-03-06,Delivered,Delhi,C008,North
83c3e71e,2023-06-17,2023-06-19,Delivered,Ahmedabad,C003,South
f8c553f2,2023-01-01,2023-01-05,Delivered,Delhi,C003,Central
b42b39cf,2023-02-10,2023-02-13,Delivered,Mumbai,C010,Central
22ce871c,2023-01-23,2023-01-25,Delivered,Kolkata,C008,North
41907cd1,2023-03-12,2023-03-14,Delivered,Delhi,C007,South
35f28ec3,2023-04-13,2023-04-16,Cancelled,Bangalore,C010,North
a3f886d4,2023-04-01,2023-04-02,Delivered,Bangalore,C005,West
e7a46eed,2023-06-21,2023-06-23,Delayed,Hyderabad,C004,West
6cfae0fb,2023-04-12,2023-04-16,Delivered,Pune,C006,North
75cc06bf,2023-04-14,2023-04-15,Delayed,Bangalore,C009,South
659ba6de,2023-05-31,2023-06-04,Delivered,Bangalore,C006,South
3d741f0f,2023-02-21,2023-02-22,Delayed,Kolkata,C008,East
6a2bc096,2023-05-13,2023-05-17,Delivered,Kolkata,C001,Central
06156734,2023-01-04,2023-01-06,Delivered,Pune,C006,North
b3ea0264,2023-06-30,2023-07-04,Delivered,Chennai,C002,Central
b8423650,2023-01-18,2023-01-19,Delivered,Pune,C003,Central
dca01b1e,2023-01-24,2023-01-28,Delivered,Chennai,C006,West
a597930d,2023-05-21,2023-05-25,Delivered,Kolkata,C002,West
b64c133f,2023-03-14,2023-03-18,Delivered,Chennai,C004,North
6b34b3e4,2023-05-24,2023-05-26,Delayed,Kolkata,C006,North
38ceb2f0,2023-05-30,2023-06-01,Delivered,Chennai,C005,South
0b2fe18c,2023-03-31,2023-04-04,Delivered,Delhi,C006,North
7f8a26e6,2023-03-30,2023-04-04,Delayed,Kolkata,C006,South
66634182,2023-03-12,2023-03-13,Delivered,Pune,C008,South
771bba55,2023-02-27,2023-02-28,Delivered,Hyderabad,C009,North
9ba95be8,2023-06-05,2023-06-07,Delivered,Hyderabad,C005,South
e319e304,2023-02-19,2023-02-24,Cancelled,Kolkata,C006,Central
7173494a,2023-04-27,2023-05-02,Delayed,Bangalore,C006,South
101d758a,2023-04-14,2023-04-19,Delayed,Ahmedabad,C006,Central
81fc3855,2023-05-28,2023-05-29,Delivered,Hyderabad,C002,Central
34876450,2023-01-02,2023-01-04,Delayed,Pune,C004,Central
fc41d1d3,2023-03-08,2023-03-10,Delivered,Bangalore,C001,East
242a6b2e,2023-02-14,2023-02-15,Delivered,Hyderabad,C001,East
55e9a3fd,2023-04-15,2023-04-19,Delivered,Ahmedabad,C001,South
18dce94a,2023-05-10,2023-05-15,Delivered,Mumbai,C007,North
fccd8382,2023-01-28,2023-01-31,Delivered,Mumbai,C001,South
f4e48bb0,2023-05-24,2023-05-27,Delivered,Kolkata,C006,East
a96f76b2,2023-01-19,2023-01-23,Delivered,Ahmedabad,C002,West
c8ab58ff,2023-05-09,2023-05-11,Delivered,Pune,C006,West
2e6e5c63,2023-03-17,2023-03-19,Delayed,Pune,C006,South
8ee48f89,2023-03-29,2023-03-30,Delivered,Hyderabad,C003,East
410a8568,2023-01-30,2023-02-04,Delayed,Delhi,C008,Central
03e26edc,2023-05-12,2023-05-15,Delivered,Bangalore,C004,East
56c7d838,2023-03-07,2023-03-11,Delayed,Ahmedabad,C007,South
9fa0de54,2023-05-18,2023-05-21,Delivered,Hyderabad,C004,East
affb169a,2023-05-28,2023-06-02,Delivered,Kolkata,C001,West
f908f0f9,2023-03-06,2023-03-07,Delivered,Ahmedabad,C006,Central
8e0d0904,2023-06-27,2023-07-01,Delivered,Bangalore,C005,South
9ad9f302,2023-04-24,2023-04-25,Delayed,Chennai,C009,South
a51d63f2,2023-04-07,2023-04-08,Delivered,Kolkata,C009,North
ca505d0a,2023-05-25,2023-05-29,Delivered,Hyderabad,C008,Central
06b7d7ba,2023-05-04,2023-05-08,Delayed,Delhi,C007,South
82a4d2e4,2023-03-04,2023-03-08,Delivered,Ahmedabad,C002,East
3101349e,2023-03-28,2023-03-29,Delivered,Chennai,C008,East
fb2cb942,2023-04-28,2023-05-01,Delivered,Kolkata,C003,East
9a2d9682,2023-06-24,2023-06-27,Delivered,Hyderabad,C006,East
189031c8,2023-04-28,2023-05-01,Delivered,Mumbai,C010,South
4146c04c,2023-05-31,2023-06-01,Delivered,Pune,C007,West
cd0789c3,2023-01-08,2023-01-12,Cancelled,Hyderabad,C006,Central
4896fa11,2023-05-04,2023-05-07,Delivered,Mumbai,C005,East
bd80603e,2023-01-30,2023-02-01,Delivered,Mumbai,C004,South
d3b78e9c,2023-03-08,2023-03-09,Delivered,Kolkata,C002,South
23ca246a,2023-01-18,2023-01-22,Delayed,Hyderabad,C009,East
853b61f3,2023-04-08,2023-04-12,Delayed,Pune,C007,North
9743fe04,2023-06-12,2023-06-13,Delivered,Hyderabad,C007,South
26dd59ee,2023-02-26,2023-03-01,Delayed,Mumbai,C004,Central
ecf60244,2023-06-23,2023-06-26,Delivered,Bangalore,C005,Central
b979b94f,2023-06-29,2023-06-30,Delivered,Chennai,C006,North
ec291e4a,2023-02-28,2023-03-02,Delivered,Delhi,C002,South
08855169,2023-03-22,2023-03-24,Delivered,Hyderabad,C004,North
033d908d,2023-04-16,2023-04-18,Delivered,Chennai,C004,South
e2652404,2023-04-01,2023-04-06,Delayed,Chennai,C004,South
2d9836f1,2023-05-13,2023-05-14,Delivered,Ahmedabad,C007,North
93c5f5ec,2023-05-18,2023-05-20,Cancelled,Bangalore,C007,West
a391bf7b,2023-01-03,2023-01-08,Delivered,Chennai,C007,East
34a8095a,2023-06-29,2023-07-01,Delivered,Hyderabad,C007,East
0057779b,2023-03-09,2023-03-11,Delivered,Kolkata,C002,East
cee7e001,2023-03-05,2023-03-09,Delivered,Kolkata,C005,North
8ca8b4fc,2023-03-15,2023-03-16,Delivered,Ahmedabad,C010,South
0d912487,2023-01-24,2023-01-25,Delivered,Chennai,C002,South
f1e20ad3,2023-04-13,2023-04-18,Delivered,Hyderabad,C005,Central
2dbeba54,2023-06-22,2023-06-24,Delivered,Hyderabad,C006,South
f9130207,2023-03-29,2023-04-01,Delayed,Mumbai,C003,West
c1297b3a,2023-01-20,2023-01-23,Delivered,Bangalore,C006,East
76fac0f9,2023-05-22,2023-05-27,Delivered,Pune,C005,West
a9079a69,2023-02-15,2023-02-19,Delivered,Delhi,C004,East
69c0a5ba,2023-05-02,2023-05-04,Delayed,Pune,C010,North
b606436b,2023-03-22,2023-03-26,Delayed,Ahmedabad,C009,West
8a0df4ae,2023-04-01,2023-04-03,Delivered,Mumbai,C008,South
593f1218,2023-02-25,2023-02-27,Delivered,Delhi,C007,East
15a836a7,2023-05-27,2023-06-01,Delivered,Pune,C001,Central
b54c5778,2023-03-10,2023-03-12,Cancelled,Hyderabad,C009,West
77cdf40f,2023-02-16,2023-02-18,Delivered,Kolkata,C009,North
3834c313,2023-06-24,2023-06-27,Delivered,Mumbai,C006,Central
0d3ebb68,2023-02-18,2023-02-19,Delivered,Pune,C007,North
286e48b6,2023-05-08,2023-05-10,Delivered,Ahmedabad,C003,East
2ba60e25,2023-02-21,2023-02-22,Cancelled,Chennai,C005,West
5f718c64,2023-03-02,2023-03-06,Delivered,Ahmedabad,C007,North
39b873ce,2023-03-03,2023-03-05,Delivered,Ahmedabad,C001,Central
cb0a05a5,2023-03-09,2023-03-12,Delivered,Ahmedabad,C001,Central
9828aeea,2023-02-22,2023-02-26,Delayed,Chennai,C005,South
c663ee1a,2023-02-28,2023-03-03,Delayed,Delhi,C009,North
4628403a,2023-02-21,2023-02-24,Delivered,Hyderabad,C007,West
900522aa,2023-03-05,2023-03-10,Delivered,Kolkata,C001,West
fcd202a9,2023-06-08,2023-06-11,Delayed,Delhi,C005,South
03e6b06a,2023-04-02,2023-04-03,Delivered,Pune,C008,Central
33ac4111,2023-02-09,2023-02-10,Delivered,Pune,C008,North
07e2a253,2023-01-28,2023-01-31,Delivered,Kolkata,C002,Central
40920790,2023-01-31,2023-02-01,Cancelled,Pune,C007,North
682b272f,2023-01-21,2023-01-25,Delivered,Bangalore,C010,North
a57ac1cc,2023-06-23,2023-06-24,Delayed,Kolkata,C005,North
99cd208e,2023-06-19,2023-06-21,Delayed,Chennai,C009,Central
af059ea1,2023-05-07,2023-05-11,Delivered,Pune,C003,Central
9fc20020,2023-06-07,2023-06-08,Delivered,Pune,C001,Central
b614d49a,2023-01-02,2023-01-07,Delivered,Mumbai,C004,East
9236ffeb,2023-05-19,2023-05-23,Delivered,Mumbai,C007,Central
725e02ee,2023-01-11,2023-01-16,Delivered,Mumbai,C001,South
a9842d49,2023-05-04,2023-05-09,Delivered,Kolkata,C002,East
e128966a,2023-04-06,2023-04-08,Delayed,Chennai,C005,North
00f4a2e5,2023-06-08,2023-06-10,Cancelled,Kolkata,C009,West
92252001,2023-03-22,2023-03-23,Delivered,Ahmedabad,C001,East
988dc62d,2023-05-07,2023-05-08,Delivered,Hyderabad,C004,East
dac7f4b4,2023-05-28,2023-05-31,Delivered,Chennai,C003,North
6fd7e10c,2023-03-12,2023-03-14,Delayed,Chennai,C005,Central
516d34af,2023-05-06,2023-05-07,Delayed,Ahmedabad,C005,Central
cbb3a6d0,2023-02-16,2023-02-20,Delivered,Kolkata,C010,East
c1d40432,2023-05-11,2023-05-12,Delivered,Kolkata,C002,Central
d6c7efe2,2023-03-13,2023-03-14,Delayed,Mumbai,C005,East
a0c4c428,2023-04-12,2023-04-16,Delivered,Chennai,C009,West
de3c80a9,2023-02-26,2023-03-02,Delivered,Mumbai,C005,West
9bc12fa9,2023-05-28,2023-06-01,Delivered,Hyderabad,C010,North
abed9c39,2023-02-02,2023-02-07,Delivered,Bangalore,C002,South
68d96da5,2023-01-14,2023-01-18,Delivered,Mumbai,C007,South
b0b8ea56,2023-05-15,2023-05-17,Delayed,Kolkata,C006,Central
60bb7dad,2023-04-19,2023-04-24,Delayed,Pune,C007,South
3a187629,2023-05-03,2023-05-04,Delivered,Delhi,C008,West
041df7e9,2023-05-19,2023-05-22,Delayed,Bangalore,C010,North
ba09400a,2023-01-09,2023-01-13,Delivered,Hyderabad,C005,West
97745431,2023-05-09,2023-05-13,Delayed,Pune,C002,East
6657223f,2023-03-30,2023-04-02,Delivered,Kolkata,C007,Central
4469faba,2023-04-11,2023-04-13,Delayed,Bangalore,C007,Central
3368a35d,2023-06-25,2023-06-28,Delayed,Ahmedabad,C008,South
175238c1,2023-02-14,2023-02-19,Delivered,Kolkata,C007,East
abfbb502,2023-04-28,2023-05-01,Delayed,Mumbai,C010,South
0026a29e,2023-01-31,2023-02-05,Delayed,Pune,C007,South
2b98f010,2023-06-28,2023-06-29,Delayed,Kolkata,C009,South
0188eadc,2023-05-13,2023-05-17,Delivered,Pune,C008,East
0b956af4,2023-04-28,2023-05-02,Delayed,Hyderabad,C002,South
9a130094,2023-03-22,2023-03-27,Delayed,Delhi,C002,Central
1210b6df,2023-06-26,2023-06-28,Delivered,Mumbai,C007,South
b918a65d,2023-01-03,2023-01-05,Cancelled,Mumbai,C010,East
51316f46,2023-01-04,2023-01-06,Delivered,Pune,C010,East
17932ae5,2023-06-22,2023-06-27,Delivered,Hyderabad,C003,West
1a66ed59,2023-02-23,2023-02-25,Delivered,Hyderabad,C001,South
9e84bb34,2023-04-08,2023-04-10,Delivered,Bangalore,C009,East
99776c62,2023-05-29,2023-05-31,Delivered,Delhi,C003,South
1eaf29ca,2023-01-26,2023-01-27,Delivered,Kolkata,C001,North
80f15a1d,2023-03-25,2023-03-26,Cancelled,Bangalore,C006,Central
260ee006,2023-04-03,2023-04-07,Delivered,Kolkata,C004,Central
43d75d46,2023-06-06,2023-06-09,Delivered,Kolkata,C001,South
55bf12df,2023-03-08,2023-03-13,Delivered,Kolkata,C004,Central
64881931,2023-02-17,2023-02-18,Delivered,Bangalore,C008,Central
1bd7166a,2023-05-21,2023-05-23,Delayed,Mumbai,C007,North
b7977d84,2023-03-09,2023-03-11,Delivered,Hyderabad,C001,Central
16c4dafe,2023-03-02,2023-03-05,Delayed,Mumbai,C010,Central
b1f20bce,2023-03-10,2023-03-12,Delivered,Delhi,C009,East
d94ef431,2023-05-01,2023-05-04,Delivered,Bangalore,C006,Central
7f26752f,2023-06-06,2023-06-09,Delivered,Ahmedabad,C002,South
0cde3b6a,2023-03-29,2023-04-02,Delivered,Delhi,C003,Central
08f4f194,2023-04-04,2023-04-09,Delivered,Hyderabad,C007,South
2657265c,2023-02-17,2023-02-22,Delayed,Hyderabad,C003,Central
c806ab2c,2023-05-08,2023-05-13,Delivered,Chennai,C003,South
4e08cba1,2023-04-19,2023-04-24,Delayed,Delhi,C005,Central
2b984cdc,2023-02-23,2023-02-26,Delivered,Ahmedabad,C003,South
9f2a0c87,2023-04-18,2023-04-20,Delivered,Mumbai,C003,Central
19dcadf6,2023-06-29,2023-07-02,Delivered,Pune,C005,North
fcd016ea,2023-04-06,2023-04-10,Delivered,Ahmedabad,C005,East
a9895bb9,2023-04-04,2023-04-07,Delayed,Delhi,C009,East
abbc4e97,2023-04-13,2023-04-15,Delivered,Bangalore,C001,East
9b2e0f33,2023-03-13,2023-03-18,Delivered,Hyderabad,C001,East
f2c4f0a8,2023-04-26,2023-04-27,Cancelled,Hyderabad,C009,North
1fb97d04,2023-02-16,2023-02-20,Delivered,Delhi,C005,North
feae67ad,2023-05-27,2023-05-28,Delivered,Ahmedabad,C004,Central
3544d776,2023-02-03,2023-02-05,Delivered,Delhi,C002,North
3e55e03a,2023-05-28,2023-05-30,Delivered,Kolkata,C009,East
df8644b4,2023-06-25,2023-06-26,Delayed,Delhi,C006,West
896635c1,2023-02-28,2023-03-02,Delayed,Kolkata,C009,Central
d2dab18b,2023-01-26,2023-01-27,Cancelled,Ahmedabad,C005,South
3931c5fa,2023-03-11,2023-03-13,Delivered,Bangalore,C004,East
704bacea,2023-03-02,2023-03-04,Delivered,Bangalore,C007,East
b489ee94,2023-05-23,2023-05-27,Delayed,Mumbai,C005,East
f397208b,2023-04-21,2023-04-24,Delivered,Delhi,C008,North
933f1ad0,2023-04-08,2023-04-09,Delivered,Ahmedabad,C008,South
e8deedd1,2023-02-20,2023-02-25,Delivered,Ahmedabad,C002,Central
9fa46a4d,2023-02-07,2023-02-11,Delivered,Mumbai,C005,East
d6dffcc2,2023-02-08,2023-02-12,Delivered,Pune,C010,South
a2000067,2023-05-02,2023-05-05,Delayed,Ahmedabad,C008,West
56456a1b,2023-01-03,2023-01-05,Delayed,Chennai,C003,North
96174225,2023-02-15,2023-02-20,Delivered,Bangalore,C007,East
d7f8ef36,2023-04-18,2023-04-22,Delivered,Hyderabad,C003,South
0125f3b5,2023-05-08,2023-05-12,Delivered,Kolkata,C006,South
ae1262cd,2023-02-04,2023-02-06,Delayed,Chennai,C002,East
fb8a90e3,2023-06-11,2023-06-15,Delivered,Hyderabad,C006,South
58f21eb5,2023-05-13,2023-05-18,Delayed,Chennai,C006,South
48d615c1,2023-05-17,2023-05-20,Delivered,Mumbai,C008,Central
e6b46c79,2023-03-22,2023-03-27,Delivered,Mumbai,C005,North
1e14206e,2023-05-05,2023-05-09,Delivered,Kolkata,C001,Central
b894a899,2023-03-18,2023-03-19,Delayed,Bangalore,C008,North
a43c6833,2023-03-06,2023-03-09,Delivered,Pune,C009,North
d20db376,2023-05-24,2023-05-29,Delivered,Ahmedabad,C001,Central
e7825982,2023-05-26,2023-05-29,Delivered,Kolkata,C005,East
228dc156,2023-01-13,2023-01-16,Delayed,Pune,C006,South
b03c4840,2023-04-12,2023-04-14,Delayed,Hyderabad,C004,West
b367fb70,2023-01-26,2023-01-29,Delivered,Ahmedabad,C002,Central
ededf911,2023-06-26,2023-06-29,Delayed,Chennai,C005,Central
31102179,2023-02-11,2023-02-15,Delivered,Kolkata,C004,East
b8b2c0e6,2023-01-16,2023-01-21,Delivered,Pune,C007,South
7e7627b6,2023-02-25,2023-03-01,Delivered,Delhi,C006,Central
c4bc5f17,2023-03-07,2023-03-08,Delivered,Delhi,C003,West
669cb64f,2023-05-02,2023-05-05,Delayed,Bangalore,C009,South
ad7ac2e8,2023-06-11,2023-06-16,Delayed,Pune,C004,Central
9e98bd8f,2023-01-25,2023-01-28,Delivered,Kolkata,C005,Central
70f46898,2023-04-26,2023-04-27,Delivered,Hyderabad,C003,North
be79a429,2023-03-27,2023-03-30,Delayed,Delhi,C008,North
b5ef5e02,2023-03-08,2023-03-12,Delayed,Bangalore,C007,Central
0ff54226,2023-04-03,2023-04-04,Delivered,Kolkata,C007,East
9a9f9838,2023-04-03,2023-04-08,Cancelled,Bangalore,C008,North
c5dfa236,2023-05-24,2023-05-26,Delivered,Hyderabad,C007,Central
a683dd0b,2023-05-23,2023-05-24,Delivered,Delhi,C003,South
c6f7672a,2023-03-07,2023-03-09,Delayed,Ahmedabad,C003,West
08920fef,2023-03-30,2023-04-03,Delivered,Delhi,C002,North
d82d5e80,2023-01-06,2023-01-07,Delivered,Delhi,C001,Central
990082d8,2023-04-16,2023-04-17,Delivered,Pune,C005,North
90f98976,2023-02-01,2023-02-06,Delayed,Mumbai,C004,South
52892bca,2023-03-31,2023-04-03,Delayed,Pune,C002,East
c9e9dae8,2023-06-23,2023-06-25,Delivered,Delhi,C001,Central
98535bb1,2023-06-05,2023-06-08,Delivered,Chennai,C003,South
89730244,2023-02-20,2023-02-23,Delivered,Mumbai,C006,West
e11503a3,2023-05-28,2023-06-01,Delivered,Ahmedabad,C002,Central
c499cc1e,2023-05-28,2023-06-01,Delivered,Kolkata,C010,West
cea873c0,2023-06-16,2023-06-21,Delayed,Pune,C007,East
16d79a1a,2023-06-16,2023-06-17,Delivered,Mumbai,C007,Central
9b4f8b0c,2023-05-18,2023-05-23,Delivered,Mumbai,C003,Central
85108bd1,2023-02-14,2023-02-16,Delivered,Pune,C001,South
f9f6f7c7,2023-03-14,2023-03-18,Delivered,Pune,C009,North
ac887611,2023-04-01,2023-04-06,Delayed,Mumbai,C005,Central
495ca376,2023-03-25,2023-03-27,Delivered,Bangalore,C002,East
fae6f4df,2023-06-22,2023-06-24,Delivered,Ahmedabad,C008,Central
d886fdb6,2023-05-11,2023-05-13,Delivered,Chennai,C010,Central
42a11c39,2023-05-05,2023-05-06,Delivered,Hyderabad,C010,Central
2d7d81bc,2023-04-25,2023-04-27,Delivered,Delhi,C004,Central
af12e243,2023-01-21,2023-01-24,Delivered,Ahmedabad,C010,East
e7307116,2023-04-08,2023-04-13,Delivered,Pune,C007,South
f4952115,2023-06-07,2023-06-12,Delivered,Mumbai,C005,North
f400f423,2023-03-15,2023-03-17,Delivered,Hyderabad,C003,East
b3ca581e,2023-04-29,2023-05-04,Delivered,Pune,C010,East
a391ea41,2023-06-11,2023-06-16,Cancelled,Bangalore,C008,West
241c5847,2023-02-07,2023-02-12,Delivered,Hyderabad,C002,North
2c4b25e4,2023-02-12,2023-02-13,Delivered,Mumbai,C001,South
109897b3,2023-06-13,2023-06-18,Delivered,Ahmedabad,C005,South
0395e57a,2023-03-28,2023-03-31,Delivered,Kolkata,C004,West
abecabbf,2023-04-18,2023-04-23,Delayed,Ahmedabad,C010,West
aaf9e381,2023-06-11,2023-06-13,Delivered,Ahmedabad,C007,East
09b691d8,2023-06-06,2023-06-11,Delayed,Chennai,C009,South
f567ea78,2023-05-27,2023-05-29,Delivered,Hyderabad,C006,South
dd83638c,2023-04-14,2023-04-17,Delivered,Pune,C001,South
d32dd6f3,2023-01-19,2023-01-21,Delayed,Mumbai,C008,East
7f9e7e1b,2023-01-21,2023-01-22,Delivered,Pune,C002,South
de09426d,2023-02-11,2023-02-13,Delivered,Mumbai,C004,Central
015eb87c,2023-03-29,2023-04-03,Delivered,Delhi,C003,West
e44194d2,2023-02-28,2023-03-02,Delayed,Kolkata,C006,West
b6d55c45,2023-03-22,2023-03-24,Delivered,Delhi,C002,West
1f1c00d5,2023-03-23,2023-03-28,Delayed,Ahmedabad,C005,West
f9f56905,2023-06-17,2023-06-22,Delivered,Kolkata,C009,Central
41411448,2023-03-16,2023-03-20,Delayed,Chennai,C003,North
2af2eec5,2023-03-10,2023-03-12,Delivered,Delhi,C002,South
64461ba7,2023-06-04,2023-06-07,Delayed,Chennai,C002,West
9d5f9ec1,2023-06-15,2023-06-16,Delivered,Pune,C009,South
34f25450,2023-04-12,2023-04-16,Delayed,Ahmedabad,C006,South
c585715d,2023-03-11,2023-03-14,Delivered,Bangalore,C002,Central
03b3a1b3,2023-04-24,2023-04-28,Delivered,Bangalore,C003,South
e6246edb,2023-04-03,2023-04-08,Delivered,Kolkata,C001,West
641f4f06,2023-05-31,2023-06-04,Delivered,Kolkata,C002,South
652d9acf,2023-05-14,2023-05-18,Delivered,Delhi,C002,Central
5bab2a6c,2023-04-26,2023-04-30,Delayed,Bangalore,C002,West
27ec9f51,2023-04-16,2023-04-19,Cancelled,Hyderabad,C007,Central
4b12ccaa,2023-02-12,2023-02-14,Delivered,Hyderabad,C003,East
9b971d15,2023-02-17,2023-02-20,Delayed,Pune,C004,North
b711d5c9,2023-01-06,2023-01-07,Delivered,Hyderabad,C002,South
e24ae335,2023-02-02,2023-02-03,Delivered,Pune,C005,South
9bda4ff5,2023-03-02,2023-03-05,Delayed,Bangalore,C009,South
ec7ffc37,2023-06-19,2023-06-24,Delivered,Hyderabad,C009,East
f7b76c97,2023-03-06,2023-03-09,Cancelled,Chennai,C007,North
96f0a44e,2023-06-29,2023-07-01,Delivered,Mumbai,C008,Central
fdfb88bb,2023-01-21,2023-01-26,Delivered,Kolkata,C005,East
1a2847c2,2023-02-23,2023-02-28,Delivered,Ahmedabad,C005,East
a30f33a2,2023-02-12,2023-02-13,Delivered,Delhi,C003,West
4e4d5ff8,2023-04-12,2023-04-13,Delivered,Pune,C006,East
aeeaf219,2023-01-27,2023-01-31,Cancelled,Chennai,C001,East
2b9b8960,2023-01-25,2023-01-27,Delayed,Hyderabad,C003,South
3df5094c,2023-01-17,2023-01-19,Delayed,Ahmedabad,C002,West
02689085,2023-05-02,2023-05-06,Delivered,Ahmedabad,C007,Central
076ab985,2023-05-21,2023-05-23,Delivered,Mumbai,C009,North
42a240ae,2023-01-14,2023-01-16,Delivered,Delhi,C004,Central
c08f86a7,2023-01-07,2023-01-11,Delivered,Chennai,C007,West
ad8c1c15,2023-04-12,2023-04-14,Delivered,Delhi,C008,South
aa3dd357,2023-05-15,2023-05-19,Delayed,Pune,C010,North
72ac77b9,2023-01-22,2023-01-26,Delivered,Pune,C002,Central
e82f8790,2023-01-27,2023-02-01,Delivered,Kolkata,C007,North
bcdf51af,2023-03-09,2023-03-11,Delivered,Bangalore,C003,North
09b09d39,2023-06-08,2023-06-10,Delivered,Pune,C008,North
9d27dd67,2023-02-09,2023-02-12,Delivered,Hyderabad,C006,East
ace104cc,2023-01-22,2023-01-23,Delayed,Ahmedabad,C003,West
7d50227e,2023-06-17,2023-06-19,Delivered,Chennai,C008,West
d3a83c86,2023-04-10,2023-04-13,Delayed,Chennai,C003,South
1c79786d,2023-03-21,2023-03-23,Delivered,Mumbai,C009,Central
06ba5cd2,2023-02-28,2023-03-04,Delivered,Ahmedabad,C003,South
d8c8023d,2023-03-05,2023-03-06,Delivered,Mumbai,C001,Central
77da38e7,2023-03-14,2023-03-19,Delayed,Mumbai,C002,North
7edca25d,2023-04-24,2023-04-26,Delayed,Ahmedabad,C004,Central
7e7b0a6e,2023-06-10,2023-06-12,Delivered,Delhi,C002,Central
b79bf291,2023-02-02,2023-02-06,Delivered,Hyderabad,C004,North
6fb3acd8,2023-02-03,2023-02-05,Delivered,Delhi,C004,South
177eadd3,2023-05-15,2023-05-18,Delivered,Hyderabad,C004,Central
1e20be59,2023-02-13,2023-02-16,Delayed,Chennai,C001,South
ff56e578,2023-01-08,2023-01-09,Delivered,Pune,C009,South
60fdf8c5,2023-01-09,2023-01-10,Delivered,Pune,C010,West
4c43baa9,2023-06-19,2023-06-24,Delivered,Delhi,C007,North
d1f1d5c6,2023-04-02,2023-04-05,Delivered,Delhi,C002,North
04827180,2023-03-25,2023-03-30,Delivered,Delhi,C003,East
ae5dfb72,2023-05-02,2023-05-03,Delivered,Bangalore,C008,South
8ce285c4,2023-04-30,2023-05-05,Delayed,Kolkata,C007,East
8dcf6b08,2023-05-19,2023-05-23,Delayed,Ahmedabad,C004,North
ae59033d,2023-03-11,2023-03-13,Delivered,Hyderabad,C004,North
4ab6f0d9,2023-05-21,2023-05-25,Delayed,Pune,C009,East
7504f60e,2023-04-24,2023-04-27,Delivered,Hyderabad,C005,North
2c00cb3f,2023-02-04,2023-02-05,Delivered,Delhi,C005,North
8fef5b85,2023-06-28,2023-07-03,Delivered,Bangalore,C007,West
23ca53be,2023-05-19,2023-05-24,Delivered,Delhi,C001,Central
3a9878c7,2023-02-15,2023-02-19,Delivered,Hyderabad,C003,West
faeb9380,2023-06-01,2023-06-03,Delivered,Kolkata,C002,Central
29ed3054,2023-06-02,2023-06-03,Delivered,Pune,C010,West
a3daf1a6,2023-04-27,2023-04-30,Cancelled,Kolkata,C006,West
f80f23c0,2023-06-11,2023-06-14,Delivered,Ahmedabad,C006,South
1abe3b7c,2023-06-12,2023-06-13,Delivered,Chennai,C010,East
4e71f1b2,2023-05-25,2023-05-29,Delivered,Bangalore,C001,West
f5b6ce77,2023-04-22,2023-04-25,Delivered,Kolkata,C006,South
c13df10a,2023-05-15,2023-05-16,Delivered,Bangalore,C010,West
47c7fc44,2023-06-13,2023-06-17,Delayed,Delhi,C002,East
52cbd436,2023-06-13,2023-06-17,Delivered,Chennai,C004,South
264ad6fd,2023-05-17,2023-05-22,Delivered,Hyderabad,C006,Central
869e7927,2023-03-21,2023-03-23,Delivered,Kolkata,C003,East
f29787e7,2023-03-30,2023-04-03,Delivered,Kolkata,C003,North
7f5256ad,2023-05-04,2023-05-07,Delivered,Mumbai,C003,South
27bbb8ec,2023-05-19,2023-05-21,Delivered,Pune,C004,North
86860e42,2023-02-28,2023-03-05,Delivered,Hyderabad,C009,South
8e2ef7fd,2023-01-23,2023-01-24,Delivered,Kolkata,C004,Central
c451b906,2023-04-24,2023-04-25,Delivered,Kolkata,C004,South
fa4ce5b2,2023-03-20,2023-03-25,Cancelled,Hyderabad,C004,West
2fdb41f4,2023-04-04,2023-04-09,Delivered,Chennai,C007,North
e46ae0de,2023-04-16,2023-04-19,Delayed,Bangalore,C005,North
5afb8718,2023-03-08,2023-03-10,Delayed,Hyderabad,C002,South
97a1ea07,2023-02-09,2023-02-13,Delivered,Bangalore,C007,West
595c684e,2023-03-19,2023-03-23,Delivered,Chennai,C003,West
4ee53e21,2023-01-03,2023-01-07,Delivered,Chennai,C001,South
8ebedf60,2023-01-01,2023-01-02,Delayed,Ahmedabad,C009,East
2ac53af9,2023-05-14,2023-05-15,Delivered,Delhi,C005,Central
213b9978,2023-02-04,2023-02-07,Delayed,Mumbai,C010,South
6318b9d7,2023-03-30,2023-04-02,Delayed,Chennai,C001,West
b12c20fa,2023-03-15,2023-03-18,Delayed,Ahmedabad,C001,Central
2e154790,2023-05-01,2023-05-06,Delivered,Ahmedabad,C001,South
599bdafb,2023-05-17,2023-05-20,Delivered,Ahmedabad,C009,Central
af8a2f4e,2023-01-03,2023-01-07,Delayed,Chennai,C008,East
cb7d357a,2023-06-26,2023-06-29,Delivered,Bangalore,C006,West
8eeaf8ec,2023-05-06,2023-05-09,Delivered,Chennai,C010,East
d197644c,2023-05-03,2023-05-04,Delayed,Hyderabad,C006,East
3b964071,2023-03-18,2023-03-19,Delivered,Delhi,C006,West
da6c52e5,2023-01-03,2023-01-04,Delayed,Delhi,C004,East
5796e68a,2023-04-21,2023-04-25,Delivered,Hyderabad,C005,South
d3e1ea2c,2023-03-16,2023-03-18,Delivered,Kolkata,C010,South
9311dd80,2023-06-02,2023-06-07,Delayed,Chennai,C003,Central
dcfe008b,2023-03-01,2023-03-05,Delivered,Pune,C003,South
70324a4e,2023-01-02,2023-01-04,Delivered,Mumbai,C010,South
e4a1af5e,2023-05-21,2023-05-26,Delivered,Ahmedabad,C007,Central
33d9e800,2023-04-06,2023-04-10,Delivered,Chennai,C005,North
48f182fb,2023-02-18,2023-02-21,Delivered,Delhi,C008,West
6bd7bdfc,2023-04-16,2023-04-17,Delivered,Mumbai,C005,South
1f0a11cb,2023-05-24,2023-05-28,Delivered,Pune,C004,Central
4daea63d,2023-04-22,2023-04-27,Delivered,Kolkata,C003,East
4ab1d7b3,2023-04-12,2023-04-17,Delayed,Bangalore,C002,East
1f919894,2023-03-05,2023-03-10,Delayed,Bangalore,C003,South
87ea5676,2023-02-11,2023-02-15,Delivered,Pune,C007,West
6b765c06,2023-06-15,2023-06-20,Delivered,Chennai,C008,Central
5784b689,2023-04-10,2023-04-15,Delivered,Chennai,C005,Central
9db4fcf7,2023-04-07,2023-04-11,Delivered,Mumbai,C001,Central
b191b435,2023-02-26,2023-02-27,Delayed,Mumbai,C003,Central
70ad2227,2023-03-09,2023-03-14,Delayed,Kolkata,C004,Central
a7346a5c,2023-01-21,2023-01-22,Delivered,Chennai,C010,West
2817fd01,2023-04-19,2023-04-24,Delivered,Delhi,C004,Central
7ed87a95,2023-06-10,2023-06-11,Delivered,Bangalore,C001,West
7bf0d6dd,2023-03-03,2023-03-08,Delivered,Kolkata,C010,West
067c394c,2023-05-13,2023-05-14,Delivered,Ahmedabad,C009,West
d0bc3f9b,2023-06-06,2023-06-07,Cancelled,Mumbai,C010,East
aac7392e,2023-06-27,2023-06-29,Delayed,Ahmedabad,C004,North
e707575b,2023-06-25,2023-06-28,Delivered,Delhi,C002,South
7867e45a,2023-03-11,2023-03-16,Delivered,Chennai,C009,East
b7e88a9f,2023-03-14,2023-03-19,Delayed,Hyderabad,C004,North
1e9ac701,2023-06-16,2023-06-20,Delivered,Mumbai,C004,East
0fe427f1,2023-05-17,2023-05-21,Delivered,Kolkata,C006,West
6646dd57,2023-03-10,2023-03-11,Delivered,Hyderabad,C008,West
50908c53,2023-04-16,2023-04-19,Delayed,Delhi,C005,Central
b4c1c81c,2023-02-18,2023-02-22,Delivered,Ahmedabad,C008,West
5293f342,2023-01-18,2023-01-22,Delivered,Pune,C001,East
e08c2273,2023-02-16,2023-02-21,Delayed,Bangalore,C004,South
e423df60,2023-02-04,2023-02-09,Delayed,Pune,C001,West
c72d30d9,2023-03-16,2023-03-17,Delayed,Pune,C003,North
7549e33e,2023-01-29,2023-02-02,Delivered,Pune,C007,East
bc58e29f,2023-06-13,2023-06-17,Delivered,Delhi,C001,North
36d02168,2023-04-27,2023-04-28,Delayed,Bangalore,C005,Central
1c9acbdb,2023-06-08,2023-06-10,Delayed,Delhi,C001,Central
bed7b8f2,2023-04-26,2023-05-01,Delivered,Pune,C006,South
624447cd,2023-03-11,2023-03-13,Delivered,Mumbai,C009,East
04915941,2023-06-29,2023-06-30,Delayed,Pune,C003,South
1496075a,2023-06-09,2023-06-12,Delayed,Mumbai,C006,North
8836f36f,2023-05-06,2023-05-07,Delivered,Kolkata,C004,South
fa5e362d,2023-02-18,2023-02-21,Delivered,Pune,C006,North
90c67121,2023-03-24,2023-03-28,Delivered,Hyderabad,C002,South
7c1f4973,2023-01-05,2023-01-06,Delivered,Delhi,C004,Central
726ba67f,2023-02-08,2023-02-12,Delivered,Pune,C007,East
cb1ff619,2023-01-13,2023-01-16,Delivered,Delhi,C006,South
716fba08,2023-05-17,2023-05-20,Delivered,Ahmedabad,C009,North
8ef38eee,2023-01-06,2023-01-09,Delivered,Pune,C007,East
109b0bc5,2023-02-17,2023-02-20,Delivered,Hyderabad,C001,Central
5c11e676,2023-01-27,2023-01-29,Delayed,Pune,C006,Central
5a45c47b,2023-03-14,2023-03-17,Delivered,Chennai,C003,West
cc5ca1e2,2023-03-10,2023-03-14,Delivered,Kolkata,C008,East
98a9fd38,2023-02-02,2023-02-03,Delayed,Ahmedabad,C001,South
fa5bd510,2023-04-23,2023-04-26,Delivered,Delhi,C010,Central
2305a80c,2023-01-03,2023-01-07,Cancelled,Ahmedabad,C002,South
fd693f84,2023-03-01,2023-03-04,Delayed,Kolkata,C003,South
77a34166,2023-01-24,2023-01-26,Delivered,Delhi,C003,North
d4af5ed9,2023-02-08,2023-02-10,Cancelled,Delhi,C007,South
6b647833,2023-01-04,2023-01-09,Delivered,Chennai,C008,West
214359d2,2023-05-07,2023-05-12,Delivered,Pune,C009,East
709b86c2,2023-02-25,2023-02-28,Delivered,Mumbai,C007,East
60947993,2023-03-29,2023-04-02,Delivered,Kolkata,C008,North
0e70164f,2023-04-18,2023-04-21,Delayed,Hyderabad,C006,West
4525845c,2023-03-21,2023-03-23,Delivered,Kolkata,C002,West
992df951,2023-05-08,2023-05-12,Delivered,Pune,C001,East
a30a7405,2023-04-06,2023-04-07,Delivered,Chennai,C003,West
f432f682,2023-04-29,2023-05-02,Delivered,Bangalore,C009,Central
f482ecf9,2023-06-28,2023-07-01,Delivered,Ahmedabad,C007,South
2e7d77af,2023-01-09,2023-01-14,Delivered,Bangalore,C002,South
9fcfff33,2023-03-26,2023-03-31,Delayed,Chennai,C001,East
a445716d,2023-01-21,2023-01-23,Delivered,Ahmedabad,C002,East
7ae54d71,2023-02-07,2023-02-10,Delayed,Pune,C003,West
191e53e8,2023-01-15,2023-01-18,Delivered,Chennai,C006,North
857acbb7,2023-03-10,2023-03-11,Delayed,Mumbai,C009,East
a1d3571a,2023-04-11,2023-04-12,Delayed,Kolkata,C008,East
564bb574,2023-01-19,2023-01-23,Delivered,Pune,C010,East
75fd533e,2023-05-20,2023-05-23,Delivered,Ahmedabad,C009,West
071c15c9,2023-05-01,2023-05-06,Delayed,Kolkata,C008,Central
37c14611,2023-02-16,2023-02-20,Delivered,Bangalore,C007,East
b8fa8a32,2023-02-19,2023-02-21,Cancelled,Pune,C006,Central
7e7e2029,2023-03-06,2023-03-10,Delivered,Hyderabad,C008,West
2d98a828,2023-04-08,2023-04-10,Delivered,Kolkata,C006,North
d55588ee,2023-01-04,2023-01-07,Delivered,Delhi,C002,South
0c599931,2023-02-01,2023-02-05,Cancelled,Ahmedabad,C009,South
56631a9f,2023-03-05,2023-03-08,Delivered,Delhi,C009,South
c760df46,2023-04-09,2023-04-12,Delayed,Mumbai,C003,South
cc39009c,2023-04-24,2023-04-28,Delayed,Ahmedabad,C009,West
f1c35b28,2023-03-05,2023-03-08,Delivered,Pune,C002,South
1344ba0e,2023-01-09,2023-01-11,Delivered,Ahmedabad,C003,West
d97de0ba,2023-02-20,2023-02-22,Delayed,Mumbai,C006,North
ee4b71dd,2023-04-28,2023-05-01,Delivered,Ahmedabad,C004,East
cf2d7bd5,2023-01-25,2023-01-26,Delayed,Pune,C008,East
ec43c692,2023-05-14,2023-05-15,Delivered,Bangalore,C001,East
8fb80172,2023-06-20,2023-06-22,Delivered,Hyderabad,C006,West
d78aaa5e,2023-02-23,2023-02-28,Delayed,Hyderabad,C002,West
b146f2a0,2023-05-02,2023-05-05,Delivered,Chennai,C006,West
1afeb325,2023-04-10,2023-04-15,Delivered,Mumbai,C001,North
6a947291,2023-06-24,2023-06-29,Delivered,Pune,C002,Central
f788f0c7,2023-03-21,2023-03-24,Delivered,Kolkata,C009,West
c84be8ff,2023-03-24,2023-03-29,Delivered,Delhi,C006,West
31f5c2a9,2023-02-10,2023-02-15,Delayed,Kolkata,C008,East
2f25b9ad,2023-06-11,2023-06-13,Delivered,Delhi,C007,South
dacfbcef,2023-01-11,2023-01-15,Delivered,Bangalore,C009,South
c3975393,2023-05-21,2023-05-26,Delivered,Delhi,C009,North
3b97f28e,2023-05-14,2023-05-15,Delivered,Kolkata,C004,South
4da0cfb8,2023-02-01,2023-02-03,Delivered,Ahmedabad,C007,Central
0de08f90,2023-03-06,2023-03-07,Delayed,Kolkata,C005,East
2f844e63,2023-05-04,2023-05-05,Delayed,Hyderabad,C007,North
7e92aa4a,2023-06-13,2023-06-18,Delivered,Pune,C004,South
515db3fb,2023-03-18,2023-03-22,Delivered,Hyderabad,C010,South
6fe23cbb,2023-02-20,2023-02-23,Delivered,Mumbai,C001,East
3fddd283,2023-04-03,2023-04-05,Delivered,Ahmedabad,C004,North
e21644e2,2023-01-14,2023-01-17,Delivered,Kolkata,C010,East
15a47e09,2023-06-20,2023-06-25,Delivered,Ahmedabad,C003,North
1be51b72,2023-02-25,2023-02-28,Delivered,Ahmedabad,C009,South
dd5c1496,2023-01-29,2023-02-02,Delivered,Pune,C005,East
def17208,2023-03-02,2023-03-04,Delivered,Bangalore,C004,East
012f0a16,2023-06-12,2023-06-16,Cancelled,Delhi,C008,Central
b7ccddcd,2023-04-22,2023-04-23,Delivered,Mumbai,C005,East
e0855073,2023-03-25,2023-03-28,Delivered,Chennai,C003,North
d7c66691,2023-01-04,2023-01-09,Delivered,Ahmedabad,C002,Central
152631ff,2023-02-12,2023-02-17,Delivered,Chennai,C008,East
8872a668,2023-03-12,2023-03-13,Delayed,Pune,C002,East
686805ca,2023-05-30,2023-06-02,Delivered,Delhi,C008,Central
aab90ddb,2023-01-31,2023-02-02,Delivered,Delhi,C005,South
7593dda5,2023-04-12,2023-04-16,Delivered,Pune,C008,East
09d5e30e,2023-03-04,2023-03-05,Delayed,Delhi,C005,West
6808707a,2023-01-03,2023-01-05,Delivered,Hyderabad,C001,South
b8d5e5eb,2023-01-11,2023-01-16,Delivered,Delhi,C002,East
53171add,2023-05-29,2023-05-31,Delivered,Chennai,C006,South
5d892942,2023-06-26,2023-06-29,Delivered,Delhi,C003,North
f5c38dac,2023-05-02,2023-05-03,Delivered,Kolkata,C008,South
b70f1297,2023-06-26,2023-06-30,Delivered,Pune,C005,Central
0cf1e155,2023-06-02,2023-06-04,Delivered,Bangalore,C003,East
e09a1ddc,2023-02-09,2023-02-11,Delayed,Chennai,C010,South
cedd5460,2023-04-06,2023-04-08,Delivered,Bangalore,C007,West
290df533,2023-01-23,2023-01-25,Delivered,Chennai,C008,North
03ee8cc0,2023-03-05,2023-03-09,Delivered,Ahmedabad,C004,North
2b223b14,2023-02-10,2023-02-12,Cancelled,Mumbai,C009,South
d7629b7d,2023-05-08,2023-05-10,Delivered,Kolkata,C006,Central
09be3c6f,2023-01-24,2023-01-25,Delayed,Chennai,C001,North
ee3ec439,2023-06-25,2023-06-28,Delivered,Ahmedabad,C005,South
bef2ea65,2023-06-08,2023-06-10,Delivered,Kolkata,C005,South
cd8c5b54,2023-03-28,2023-03-29,Delivered,Chennai,C007,North
d2d35ddb,2023-06-10,2023-06-15,Delivered,Bangalore,C007,South
40f4e173,2023-01-16,2023-01-20,Delayed,Bangalore,C006,South
55163238,2023-01-16,2023-01-20,Cancelled,Pune,C008,West
b0f553f2,2023-04-02,2023-04-06,Delivered,Chennai,C002,South
21d00732,2023-06-15,2023-06-20,Delivered,Chennai,C007,South
f8934dfa,2023-02-09,2023-02-14,Delayed,Hyderabad,C010,Central
5694a540,2023-06-29,2023-07-04,Delivered,Kolkata,C007,North
c2b9e769,2023-05-18,2023-05-20,Delivered,Kolkata,C004,Central
a0c23c08,2023-01-28,2023-02-01,Delivered,Kolkata,C010,East
33ccdb62,2023-02-02,2023-02-04,Delivered,Kolkata,C002,Central
dad13d9f,2023-05-05,2023-05-10,Delivered,Mumbai,C004,East
9693f68b,2023-03-01,2023-03-06,Delivered,Mumbai,C004,East
565d2bc4,2023-03-23,2023-03-27,Delivered,Ahmedabad,C006,Central
7f162243,2023-05-23,2023-05-28,Delivered,Delhi,C007,West
3faf6487,2023-06-15,2023-06-19,Delivered,Chennai,C003,Central
79a8c2ef,2023-03-30,2023-04-02,Delivered,Chennai,C010,North
849f4b40,2023-04-23,2023-04-26,Delayed,Chennai,C001,Central
64f3d1f2,2023-02-19,2023-02-22,Delivered,Chennai,C003,West
99380d00,2023-01-06,2023-01-10,Delivered,Kolkata,C009,Central
4aef1e64,2023-06-26,2023-06-29,Delayed,Kolkata,C001,West
461def14,2023-04-07,2023-04-10,Delayed,Mumbai,C008,North
713bb435,2023-04-02,2023-04-04,Delivered,Bangalore,C002,South
45e8a714,2023-02-04,2023-02-07,Delivered,Hyderabad,C006,West
cdf1528c,2023-03-06,2023-03-11,Delayed,Kolkata,C003,West
280e3cbd,2023-01-11,2023-01-14,Delayed,Kolkata,C007,West
02d321c6,2023-05-05,2023-05-06,Cancelled,Pune,C002,North
17d70ea4,2023-06-30,2023-07-02,Delayed,Kolkata,C004,East
57a2a105,2023-04-23,2023-04-26,Delivered,Bangalore,C010,West
ff5e2b8b,2023-05-24,2023-05-26,Delivered,Bangalore,C009,North
cee9edf0,2023-03-17,2023-03-22,Delivered,Mumbai,C006,South
7d35500b,2023-05-19,2023-05-24,Delivered,Kolkata,C004,West
c59da0fa,2023-06-28,2023-06-30,Delivered,Ahmedabad,C002,East
90b6a646,2023-05-06,2023-05-07,Delivered,Pune,C010,North
bb7ce176,2023-02-18,2023-02-23,Delivered,Hyderabad,C009,South
8d14e454,2023-05-26,2023-05-30,Delayed,Chennai,C004,East
ce2b64c0,2023-02-17,2023-02-22,Delivered,Kolkata,C009,South
004d84e5,2023-05-20,2023-05-23,Delivered,Mumbai,C002,East
e153273f,2023-03-31,2023-04-01,Delivered,Mumbai,C007,Central
c3ce8118,2023-03-24,2023-03-29,Delivered,Ahmedabad,C005,Central
71fb011a,2023-04-30,2023-05-02,Delayed,Hyderabad,C008,Central
f73b4a8a,2023-03-12,2023-03-15,Delayed,Pune,C008,South
d3343b9e,2023-06-03,2023-06-08,Cancelled,Delhi,C004,Central
89a1a1cd,2023-05-22,2023-05-24,Delivered,Mumbai,C004,North
ad1e79fa,2023-02-11,2023-02-15,Delivered,Bangalore,C008,North
16f1e349,2023-01-18,2023-01-21,Delivered,Bangalore,C003,Central
7df5b2b7,2023-05-16,2023-05-21,Delivered,Chennai,C007,East
948e141d,2023-02-09,2023-02-10,Delayed,Mumbai,C008,East
d8e0712c,2023-04-26,2023-04-30,Delayed,Pune,C008,South
fddd74aa,2023-03-17,2023-03-22,Delayed,Chennai,C010,East
41a233fd,2023-03-09,2023-03-13,Delivered,Mumbai,C004,West
9b5bab21,2023-05-19,2023-05-23,Delayed,Hyderabad,C009,East
3321ad16,2023-04-04,2023-04-09,Delivered,Kolkata,C010,North
b49dd3a0,2023-04-27,2023-05-01,Delayed,Pune,C004,East
37a79f03,2023-01-01,2023-01-02,Delivered,Mumbai,C008,South
1c770b42,2023-06-13,2023-06-15,Delivered,Pune,C006,East
ab57bc67,2023-05-10,2023-05-11,Delivered,Delhi,C005,South
a215086f,2023-04-08,2023-04-13,Delayed,Pune,C004,West
940e28d8,2023-02-17,2023-02-21,Delivered,Pune,C005,Central
1b1f4e0e,2023-01-05,2023-01-10,Delivered,Bangalore,C001,West
43c7b748,2023-06-08,2023-06-09,Delayed,Hyderabad,C007,North
ab284d55,2023-04-04,2023-04-07,Delivered,Kolkata,C008,West
14e6c135,2023-06-08,2023-06-12,Delivered,Kolkata,C009,West
2365abfd,2023-03-03,2023-03-05,Delivered,Bangalore,C003,North
389e9a0e,2023-03-24,2023-03-25,Delivered,Pune,C009,North
d64eb9f4,2023-01-17,2023-01-20,Delayed,Kolkata,C010,Central
3e1a9b3d,2023-06-18,2023-06-19,Delayed,Chennai,C005,Central
ff2f7a6e,2023-05-18,2023-05-21,Delivered,Hyderabad,C010,East
b81a4cfc,2023-04-10,2023-04-15,Cancelled,Delhi,C006,South
1b10202e,2023-02-18,2023-02-21,Delivered,Bangalore,C001,North
c36a51fc,2023-05-15,2023-05-16,Delivered,Mumbai,C009,West
aa811a39,2023-06-24,2023-06-29,Delivered,Mumbai,C009,West
46255a3b,2023-05-08,2023-05-12,Delivered,Mumbai,C006,Central
2c24333c,2023-05-22,2023-05-26,Delivered,Ahmedabad,C008,South
3984ced2,2023-02-09,2023-02-11,Delayed,Hyderabad,C004,North
be4e08f2,2023-06-06,2023-06-10,Delayed,Delhi,C005,Central
4f3a92cc,2023-03-14,2023-03-16,Delivered,Kolkata,C005,South
7ee2aead,2023-03-24,2023-03-28,Delivered,Delhi,C007,North
f81af166,2023-04-15,2023-04-18,Delayed,Delhi,C007,West
e86098bb,2023-06-14,2023-06-19,Delayed,Bangalore,C007,West
08c82bc3,2023-03-24,2023-03-27,Delayed,Hyderabad,C005,Central
7c183fb8,2023-01-29,2023-02-01,Delivered,Mumbai,C004,South
febf17cb,2023-01-25,2023-01-27,Delayed,Bangalore,C008,West
de8b1416,2023-05-14,2023-05-19,Delivered,Kolkata,C001,South
27b9a0ec,2023-06-18,2023-06-23,Delivered,Delhi,C001,Central
38613715,2023-01-18,2023-01-22,Delivered,Pune,C006,East
b94d127f,2023-01-12,2023-01-14,Delivered,Mumbai,C002,South
3e826a0d,2023-02-03,2023-02-08,Delivered,Ahmedabad,C003,South
e47979ef,2023-02-15,2023-02-20,Delivered,Hyderabad,C004,Central
2e17cb9a,2023-01-09,2023-01-12,Delivered,Chennai,C002,East
7cb89e77,2023-02-21,2023-02-22,Delayed,Ahmedabad,C010,West
d74c491e,2023-01-28,2023-02-02,Delivered,Delhi,C007,North
571ef6b7,2023-05-05,2023-05-06,Delivered,Delhi,C010,Central
3a3f2f77,2023-02-19,2023-02-22,Delivered,Delhi,C001,North
0b30ff36,2023-01-26,2023-01-31,Cancelled,Delhi,C003,East
6f4d580d,2023-01-09,2023-01-10,Delivered,Mumbai,C002,East
bfcc36ec,2023-05-27,2023-05-28,Delivered,Hyderabad,C009,South
1bcf57ec,2023-06-14,2023-06-19,Delivered,Ahmedabad,C008,North
5ebbc09f,2023-04-10,2023-04-11,Delayed,Bangalore,C003,North
8b05532c,2023-06-18,2023-06-23,Cancelled,Mumbai,C005,East
5ea7f548,2023-05-06,2023-05-10,Delivered,Hyderabad,C003,North
87808946,2023-05-15,2023-05-17,Delivered,Ahmedabad,C006,West
7333473d,2023-06-09,2023-06-11,Delayed,Bangalore,C005,East
1703365e,2023-06-29,2023-07-01,Delivered,Delhi,C002,South
e605c16a,2023-06-01,2023-06-06,Delivered,Hyderabad,C010,South
59ffb2fe,2023-03-07,2023-03-09,Delivered,Delhi,C008,South
bbd3507c,2023-01-13,2023-01-15,Delivered,Pune,C006,North
9725db2e,2023-04-04,2023-04-05,Delivered,Hyderabad,C003,East
da53639f,2023-02-26,2023-03-02,Delivered,Kolkata,C001,South
1287751b,2023-06-05,2023-06-06,Delayed,Chennai,C005,East
cca1ed1d,2023-01-19,2023-01-22,Delayed,Delhi,C002,North
6a5458e6,2023-01-04,2023-01-05,Delivered,Delhi,C002,West
7e099d97,2023-02-23,2023-02-24,Delayed,Delhi,C009,West
3fa9fbb7,2023-06-17,2023-06-21,Delivered,Kolkata,C010,West
b509f309,2023-05-06,2023-05-11,Delivered,Mumbai,C007,North
5056d7e5,2023-01-21,2023-01-25,Delivered,Bangalore,C006,South
a3f2ff48,2023-04-30,2023-05-04,Delayed,Delhi,C001,North
d78bbdf3,2023-06-13,2023-06-17,Delayed,Delhi,C010,East
aaeaf395,2023-01-16,2023-01-20,Delivered,Ahmedabad,C002,West
d7512544,2023-04-03,2023-04-05,Delayed,Ahmedabad,C007,East
1d1154b6,2023-05-23,2023-05-26,Delivered,Mumbai,C003,North
4335a276,2023-04-17,2023-04-19,Cancelled,Mumbai,C002,Central
fc6fcdb1,2023-04-05,2023-04-06,Delayed,Chennai,C006,Central
bdd35f26,2023-01-15,2023-01-18,Delayed,Hyderabad,C008,North
40797b87,2023-06-07,2023-06-10,Delivered,Delhi,C008,South
85e8c910,2023-03-10,2023-03-12,Delivered,Hyderabad,C002,East
4517150e,2023-05-16,2023-05-20,Delivered,Pune,C006,North
9153d60e,2023-01-11,2023-01-14,Delivered,Mumbai,C005,North
f2134614,2023-01-19,2023-01-23,Delivered,Mumbai,C007,Central
2498b6f2,2023-03-19,2023-03-20,Delivered,Chennai,C004,West
50021476,2023-01-20,2023-01-22,Delivered,Bangalore,C002,West
fd6aa2b6,2023-02-25,2023-02-28,Delivered,Kolkata,C010,South
7cbace46,2023-05-13,2023-05-17,Delivered,Kolkata,C003,South
e4780705,2023-01-25,2023-01-27,Delivered,Kolkata,C009,South
a48a2a27,2023-01-26,2023-01-28,Cancelled,Mumbai,C010,Central
52c1f63f,2023-03-01,2023-03-04,Delivered,Delhi,C008,North
afacbf8f,2023-05-17,2023-05-18,Delivered,Ahmedabad,C009,South
fccc8d06,2023-04-09,2023-04-12,Delayed,Chennai,C005,Central
e12fd5f1,2023-02-18,2023-02-22,Delivered,Bangalore,C005,East
89f9c06e,2023-02-19,2023-02-20,Delivered,Pune,C007,North
def869b8,2023-05-15,2023-05-20,Delivered,Kolkata,C007,East
5d2f9a37,2023-06-18,2023-06-21,Delivered,Chennai,C001,West
f367569f,2023-03-05,2023-03-06,Cancelled,Ahmedabad,C005,West
5bfa3439,2023-05-26,2023-05-31,Delivered,Ahmedabad,C008,North
fb83d0fc,2023-06-10,2023-06-11,Delivered,Mumbai,C007,South
a4a5f186,2023-02-15,2023-02-20,Delivered,Kolkata,C002,North
d740d1ad,2023-05-23,2023-05-24,Delivered,Bangalore,C008,South
154cadef,2023-05-23,2023-05-26,Delayed,Pune,C002,West
2c358dd0,2023-04-17,2023-04-18,Delivered,Hyderabad,C010,North
1bf69259,2023-01-28,2023-01-30,Delivered,Ahmedabad,C001,North
631322a6,2023-06-13,2023-06-14,Delivered,Ahmedabad,C003,South
2fafeaae,2023-05-28,2023-06-02,Delivered,Pune,C003,West
cb9cf8df,2023-04-02,2023-04-03,Delivered,Ahmedabad,C006,West
72d1a6f8,2023-06-22,2023-06-23,Delayed,Bangalore,C003,South
a0550ed1,2023-04-28,2023-05-01,Delayed,Pune,C007,South
5fd7e938,2023-06-29,2023-07-03,Delayed,Delhi,C008,South
581b4f34,2023-06-20,2023-06-23,Delayed,Kolkata,C003,West
2f5b257a,2023-04-20,2023-04-21,Delayed,Kolkata,C009,West
01c52c1b,2023-01-27,2023-02-01,Delivered,Hyderabad,C001,North
e2c084b3,2023-02-12,2023-02-17,Delayed,Pune,C003,West
4cffee50,2023-02-16,2023-02-19,Delayed,Hyderabad,C003,East
7d30216d,2023-05-21,2023-05-22,Delayed,Pune,C007,East
30cc7518,2023-04-13,2023-04-15,Delivered,Kolkata,C005,South
a9ad3809,2023-05-10,2023-05-12,Delivered,Delhi,C004,South
369e8df9,2023-03-28,2023-04-02,Delayed,Ahmedabad,C002,South
1c4dd68b,2023-06-18,2023-06-22,Delayed,Pune,C007,North
eb9e340d,2023-02-10,2023-02-12,Cancelled,Hyderabad,C003,East
3b9c7c35,2023-05-17,2023-05-22,Delivered,Mumbai,C007,East
3dbbcb43,2023-06-03,2023-06-05,Delivered,Ahmedabad,C010,West
933819c3,2023-04-24,2023-04-27,Delivered,Kolkata,C007,East
7120769b,2023-04-01,2023-04-02,Delayed,Bangalore,C002,West
eb47ba07,2023-03-22,2023-03-24,Delivered,Bangalore,C007,North
16da4b21,2023-05-21,2023-05-26,Delivered,Ahmedabad,C006,South
1701e99d,2023-03-25,2023-03-28,Cancelled,Delhi,C010,South
0d76317b,2023-04-06,2023-04-11,Delivered,Mumbai,C004,West
9706890f,2023-04-16,2023-04-18,Delayed,Hyderabad,C005,Central
14ec4f19,2023-06-12,2023-06-16,Delivered,Pune,C008,West
d622e257,2023-04-21,2023-04-23,Delayed,Kolkata,C005,North
d6867b7b,2023-03-24,2023-03-29,Delivered,Bangalore,C003,East
69703357,2023-06-05,2023-06-07,Delayed,Bangalore,C002,West
cf17cb82,2023-03-03,2023-03-07,Delayed,Bangalore,C006,North
de7ab8cc,2023-05-25,2023-05-26,Delivered,Bangalore,C006,South
a028f699,2023-05-20,2023-05-25,Delivered,Chennai,C007,Central
a990bf3e,2023-02-24,2023-02-25,Delivered,Delhi,C008,Central
993759b7,2023-04-07,2023-04-12,Delivered,Hyderabad,C004,West
ece75046,2023-05-21,2023-05-22,Delayed,Kolkata,C008,East
302552a8,2023-03-07,2023-03-10,Delivered,Kolkata,C001,West
e8553125,2023-04-03,2023-04-06,Delivered,Kolkata,C006,Central
421b7c9c,2023-04-26,2023-04-27,Delivered,Hyderabad,C006,Central
f443838b,2023-04-25,2023-04-28,Delayed,Delhi,C003,South
937fcce5,2023-04-12,2023-04-14,Cancelled,Ahmedabad,C009,East
ea017e76,2023-01-01,2023-01-06,Delivered,Ahmedabad,C005,East
919cd81a,2023-01-09,2023-01-14,Delivered,Mumbai,C001,Central
d0053074,2023-03-14,2023-03-16,Delivered,Pune,C007,Central
a9ebbf03,2023-06-02,2023-06-03,Delivered,Ahmedabad,C010,West
51d70b61,2023-01-05,2023-01-09,Delivered,Pune,C003,West
fc34766b,2023-05-13,2023-05-15,Delivered,Delhi,C010,South
4ed42d1a,2023-02-04,2023-02-09,Delivered,Bangalore,C010,Central
f9d142f7,2023-03-19,2023-03-21,Delivered,Pune,C004,West
ac706afd,2023-01-02,2023-01-07,Delivered,Bangalore,C006,South
5d4e1c1a,2023-03-18,2023-03-21,Delivered,Delhi,C008,East
dffb9cc2,2023-02-26,2023-03-02,Delivered,Delhi,C004,Central
2e92b100,2023-02-24,2023-03-01,Delayed,Hyderabad,C009,North
64cc91a3,2023-03-22,2023-03-26,Delayed,Hyderabad,C008,Central
c98cbac6,2023-01-06,2023-01-10,Delivered,Chennai,C010,West
a617e920,2023-06-26,2023-06-27,Delivered,Kolkata,C010,Central
f3526097,2023-03-12,2023-03-17,Delayed,Chennai,C006,North
126287bb,2023-05-22,2023-05-23,Cancelled,Kolkata,C007,Central
1a3b1863,2023-05-11,2023-05-14,Delivered,Bangalore,C008,West
b9dd194d,2023-05-23,2023-05-25,Delivered,Chennai,C002,East
6d444491,2023-05-27,2023-05-30,Delivered,Chennai,C005,West
f48f4a22,2023-05-27,2023-05-29,Delivered,Mumbai,C007,South
5eb84e3a,2023-02-09,2023-02-11,Delivered,Delhi,C008,West
f0d495b8,2023-01-25,2023-01-29,Delivered,Hyderabad,C005,South
7b0d7dc7,2023-01-10,2023-01-12,Delayed,Chennai,C003,Central
76f17af8,2023-04-28,2023-05-02,Delivered,Hyderabad,C006,South
92bbcc95,2023-04-02,2023-04-03,Delivered,Kolkata,C005,Central
2fb91f75,2023-02-09,2023-02-12,Delivered,Chennai,C008,South
eb33c867,2023-02-05,2023-02-06,Delivered,Kolkata,C009,West
d880e28a,2023-03-09,2023-03-13,Delivered,Ahmedabad,C009,North
964c244c,2023-04-04,2023-04-09,Delivered,Ahmedabad,C006,Central
b10f60b8,2023-05-30,2023-05-31,Delayed,Chennai,C004,South
3a8fed3a,2023-03-05,2023-03-10,Delivered,Ahmedabad,C004,North
fc1ea58b,2023-03-01,2023-03-02,Delayed,Pune,C009,South
49ba1475,2023-03-07,2023-03-10,Delayed,Bangalore,C004,South
99e42544,2023-03-18,2023-03-23,Delivered,Mumbai,C008,South
7b599ac1,2023-01-24,2023-01-29,Delivered,Kolkata,C009,West
84c8f3e2,2023-05-27,2023-06-01,Delivered,Delhi,C005,South
2cc37869,2023-04-13,2023-04-18,Delayed,Delhi,C006,North
7890ac81,2023-05-26,2023-05-31,Delayed,Bangalore,C003,South
4846a85c,2023-02-25,2023-03-01,Delayed,Ahmedabad,C005,East
50e933d9,2023-01-20,2023-01-25,Delivered,Bangalore,C005,Central
a4daea00,2023-03-25,2023-03-27,Delivered,Ahmedabad,C002,West
2b4a6178,2023-05-04,2023-05-07,Delivered,Pune,C010,East
841f4189,2023-02-14,2023-02-17,Delivered,Delhi,C006,East
13f8eb13,2023-05-05,2023-05-07,Delivered,Kolkata,C009,North
fdcde67e,2023-06-26,2023-06-30,Delivered,Delhi,C007,North
36ab9a16,2023-06-29,2023-07-01,Delayed,Mumbai,C008,West
3dfde585,2023-05-28,2023-05-31,Delivered,Chennai,C002,West
e7f9c26f,2023-01-25,2023-01-29,Delivered,Ahmedabad,C009,Central
bc925c30,2023-06-02,2023-06-06,Delivered,Mumbai,C003,South
d9aa434c,2023-06-14,2023-06-18,Delayed,Pune,C010,West
171368fb,2023-03-18,2023-03-22,Delayed,Pune,C005,West
a1ad9d2b,2023-01-10,2023-01-11,Delivered,Ahmedabad,C007,South
ced7d735,2023-05-28,2023-06-01,Delivered,Ahmedabad,C004,Central
e6feb94f,2023-04-08,2023-04-09,Delivered,Delhi,C007,North
c5c647a0,2023-01-21,2023-01-25,Delayed,Chennai,C008,Central
9210df3d,2023-01-15,2023-01-16,Delivered,Delhi,C010,South
bd2bd713,2023-03-27,2023-03-30,Delivered,Mumbai,C010,North
fe6055aa,2023-03-31,2023-04-05,Delivered,Mumbai,C004,North
a3ee15a1,2023-04-22,2023-04-26,Delivered,Ahmedabad,C005,North
c6eb5463,2023-04-17,2023-04-22,Delayed,Kolkata,C003,Central
42f10b4a,2023-01-31,2023-02-04,Delivered,Kolkata,C005,South
3087881d,2023-02-28,2023-03-03,Delivered,Mumbai,C008,Central
57685477,2023-06-17,2023-06-21,Delivered,Chennai,C003,Central
63dff51c,2023-06-04,2023-06-07,Delivered,Ahmedabad,C005,East
3d3a3c9b,2023-01-03,2023-01-04,Delayed,Pune,C010,West
ef138e3b,2023-06-12,2023-06-17,Delivered,Kolkata,C001,Central
4b179b7c,2023-06-11,2023-06-12,Delayed,Kolkata,C002,East
8976496e,2023-04-08,2023-04-10,Delayed,Hyderabad,C003,South
265761e5,2023-01-14,2023-01-15,Delivered,Hyderabad,C001,East
254b7a76,2023-03-20,2023-03-23,Delivered,Kolkata,C009,Central
ce23a231,2023-05-15,2023-05-20,Delivered,Delhi,C009,South
9d1669f6,2023-01-11,2023-01-16,Delayed,Chennai,C005,East
68a257d8,2023-03-23,2023-03-28,Delivered,Bangalore,C004,Central
458fa50b,2023-05-19,2023-05-21,Delivered,Kolkata,C005,South
b2858242,2023-05-25,2023-05-28,Delivered,Hyderabad,C004,South
2f142466,2023-02-08,2023-02-09,Delayed,Chennai,C005,West
ece1823b,2023-03-25,2023-03-30,Delivered,Chennai,C007,Central
b8fb4591,2023-05-09,2023-05-10,Delivered,Hyderabad,C008,West
7ed0c89e,2023-06-28,2023-06-29,Delivered,Ahmedabad,C002,South
d7496e52,2023-02-26,2023-03-01,Delivered,Chennai,C004,South
7abce11e,2023-02-09,2023-02-13,Delayed,Ahmedabad,C008,East
2fdbcec2,2023-01-13,2023-01-15,Delivered,Chennai,C007,West
b25087a8,2023-06-22,2023-06-25,Delayed,Hyderabad,C009,North
6a32bb62,2023-04-11,2023-04-16,Delayed,Mumbai,C005,Central
6c76927c,2023-04-25,2023-04-26,Delivered,Kolkata,C006,West
479b0a79,2023-06-02,2023-06-06,Delayed,Delhi,C008,South
ebf220cf,2023-05-28,2023-06-02,Delivered,Ahmedabad,C005,East
9b7b172f,2023-05-10,2023-05-15,Delivered,Bangalore,C009,Central
1068e0f0,2023-01-24,2023-01-26,Delivered,Delhi,C004,Central
bdb02043,2023-02-26,2023-03-03,Delivered,Mumbai,C008,East
4187dac2,2023-04-21,2023-04-24,Delivered,Pune,C003,South
380a06fa,2023-03-16,2023-03-17,Delivered,Mumbai,C005,North
26c29442,2023-04-11,2023-04-13,Delayed,Chennai,C008,East
6238da9b,2023-02-07,2023-02-08,Delivered,Delhi,C010,North
f9237bed,2023-02-03,2023-02-07,Delivered,Ahmedabad,C007,West
b06eff7d,2023-03-28,2023-03-30,Delivered,Ahmedabad,C001,Central
62e6ddd6,2023-01-22,2023-01-24,Delayed,Mumbai,C004,South
86115787,2023-05-02,2023-05-05,Delayed,Delhi,C002,North
63a8a72f,2023-05-27,2023-05-28,Delivered,Mumbai,C002,South
82f3b118,2023-01-13,2023-01-15,Delayed,Bangalore,C007,West
4a26caa0,2023-05-21,2023-05-25,Delivered,Mumbai,C003,North
dec62779,2023-04-13,2023-04-15,Delivered,Delhi,C003,South
91173e46,2023-03-09,2023-03-14,Delayed,Chennai,C006,South
032cb101,2023-01-22,2023-01-27,Delayed,Delhi,C006,West
5814c29d,2023-04-13,2023-04-14,Delayed,Hyderabad,C001,East
930516ed,2023-05-09,2023-05-10,Delayed,Delhi,C001,West
a8e79b51,2023-04-22,2023-04-26,Delivered,Bangalore,C006,North
f352c729,2023-06-28,2023-06-30,Delayed,Kolkata,C007,North
16b7f56e,2023-02-03,2023-02-04,Delivered,Bangalore,C009,Central
8903c2e5,2023-02-04,2023-02-07,Delivered,Bangalore,C004,South
1ecf85b2,2023-05-04,2023-05-05,Delivered,Mumbai,C010,North
a6134eb3,2023-05-24,2023-05-26,Delivered,Bangalore,C006,East
631f7f9e,2023-02-20,2023-02-23,Delivered,Delhi,C003,East
b0f4c845,2023-05-05,2023-05-07,Delivered,Ahmedabad,C004,West
d14819fd,2023-04-12,2023-04-16,Delivered,Kolkata,C009,North
d430a977,2023-06-16,2023-06-18,Delivered,Ahmedabad,C001,North
7fa43b30,2023-05-27,2023-05-30,Delivered,Pune,C005,Central
407898e3,2023-02-20,2023-02-24,Delivered,Chennai,C007,Central
0dbb706b,2023-05-24,2023-05-25,Delivered,Pune,C003,Central
365de916,2023-06-07,2023-06-09,Delayed,Bangalore,C002,North
ccf8bc39,2023-05-15,2023-05-17,Delayed,Ahmedabad,C002,West
58167a60,2023-03-05,2023-03-10,Delayed,Delhi,C001,West
3668a97d,2023-03-04,2023-03-06,Delivered,Mumbai,C005,West
a5c59d58,2023-01-19,2023-01-24,Delayed,Mumbai,C003,West
077dd3fc,2023-03-10,2023-03-13,Delivered,Chennai,C007,East
9f719e25,2023-04-21,2023-04-25,Delivered,Chennai,C001,North
1f9b815c,2023-03-24,2023-03-29,Delivered,Delhi,C009,South
4b3d1b36,2023-06-25,2023-06-28,Delayed,Chennai,C002,North
2b4b64d1,2023-05-28,2023-05-30,Delivered,Ahmedabad,C008,West
0e65a681,2023-01-23,2023-01-26,Delivered,Ahmedabad,C010,East
30db47ce,2023-01-29,2023-02-02,Delivered,Chennai,C004,East
369ca670,2023-06-21,2023-06-22,Delayed,Mumbai,C006,North
34f834b7,2023-04-16,2023-04-20,Delivered,Delhi,C009,South
fd7c112b,2023-04-19,2023-04-23,Delivered,Kolkata,C007,West
03e6a4ce,2023-04-04,2023-04-08,Delivered,Chennai,C008,East
9260b214,2023-03-31,2023-04-03,Delivered,Delhi,C007,West
f70ca22a,2023-02-18,2023-02-20,Delivered,Bangalore,C002,West
3a5f1c34,2023-03-24,2023-03-28,Delivered,Mumbai,C009,West
a13a8b39,2023-03-30,2023-04-02,Delayed,Kolkata,C001,Central
12c0aa47,2023-06-02,2023-06-07,Delivered,Ahmedabad,C002,West
eab9122e,2023-06-17,2023-06-18,Delayed,Mumbai,C003,West
7fed2ac7,2023-01-07,2023-01-11,Delivered,Mumbai,C003,South
ca483d61,2023-03-20,2023-03-21,Delivered,Ahmedabad,C010,South
1173df76,2023-02-13,2023-02-17,Delivered,Hyderabad,C004,Central
ba27f96f,2023-03-31,2023-04-02,Delivered,Delhi,C005,Central
18deff19,2023-06-07,2023-06-09,Delivered,Ahmedabad,C006,West
7c8249c6,2023-04-24,2023-04-25,Delayed,Bangalore,C001,East
2c459233,2023-06-09,2023-06-10,Delivered,Chennai,C008,East
238fb0d5,2023-02-07,2023-02-08,Delivered,Bangalore,C006,North
0e04a94d,2023-04-23,2023-04-25,Delayed,Delhi,C010,East
7bc6171f,2023-01-12,2023-01-16,Delivered,Ahmedabad,C009,East
19aa2835,2023-03-01,2023-03-02,Delayed,Mumbai,C005,South
c2de68b4,2023-02-21,2023-02-23,Delivered,Ahmedabad,C007,North
6210bec1,2023-06-25,2023-06-30,Delivered,Hyderabad,C004,North
b0dd512e,2023-04-06,2023-04-09,Delayed,Delhi,C006,South
ec18dc22,2023-02-09,2023-02-11,Delivered,Kolkata,C006,East
92c3c437,2023-01-22,2023-01-25,Delivered,Kolkata,C004,East
de68786f,2023-01-29,2023-02-02,Delayed,Delhi,C006,North
018a95ba,2023-01-14,2023-01-17,Delivered,Chennai,C008,East
9acc7dbe,2023-03-04,2023-03-09,Delivered,Bangalore,C005,North
d495ab41,2023-06-08,2023-06-11,Delivered,Bangalore,C002,East
5f6fc53f,2023-02-07,2023-02-10,Delayed,Chennai,C009,West
654a4d2e,2023-03-15,2023-03-20,Delayed,Hyderabad,C004,South
ab2de9be,2023-01-04,2023-01-07,Delivered,Mumbai,C004,Central
b474f11b,2023-03-29,2023-03-30,Delivered,Pune,C007,West
a7f10fcf,2023-06-27,2023-06-28,Delayed,Pune,C010,East
f6d84d51,2023-01-29,2023-02-02,Delivered,Mumbai,C010,Central
82794654,2023-03-20,2023-03-22,Delivered,Kolkata,C006,West
cff6896a,2023-04-26,2023-04-27,Delayed,Hyderabad,C004,South
f0d42948,2023-05-01,2023-05-06,Delayed,Chennai,C006,Central
9e0ea644,2023-01-06,2023-01-10,Delayed,Pune,C003,Central
16cfcbd8,2023-03-26,2023-03-28,Delivered,Delhi,C007,South
ea2ceedb,2023-02-23,2023-02-25,Delivered,Ahmedabad,C006,West
e1f8ada8,2023-05-18,2023-05-23,Delivered,Bangalore,C003,Central
8fa59bac,2023-02-24,2023-02-25,Delivered,Ahmedabad,C001,South
16c2bdea,2023-02-22,2023-02-26,Delivered,Delhi,C010,West
79334372,2023-05-20,2023-05-24,Delayed,Bangalore,C005,East
1b9f205f,2023-05-14,2023-05-15,Delivered,Delhi,C010,North
20682af7,2023-03-08,2023-03-09,Delayed,Chennai,C002,East
ce8ee162,2023-05-21,2023-05-23,Delivered,Chennai,C007,East
5bed4840,2023-05-04,2023-05-05,Delivered,Hyderabad,C007,North
fe0435a7,2023-06-09,2023-06-13,Delivered,Delhi,C004,East
ed3faabe,2023-02-06,2023-02-08,Delivered,Delhi,C006,East
4d00200d,2023-06-27,2023-06-28,Delivered,Hyderabad,C001,South
ed8afb55,2023-06-28,2023-06-29,Cancelled,Hyderabad,C002,South
4b395af0,2023-06-21,2023-06-23,Delayed,Ahmedabad,C006,West
2310200a,2023-01-05,2023-01-09,Delivered,Chennai,C002,Central
7bac1ea6,2023-04-07,2023-04-12,Delivered,Ahmedabad,C004,West
f7d819d7,2023-05-30,2023-06-02,Delayed,Chennai,C004,South
23dfcba3,2023-06-19,2023-06-23,Delivered,Ahmedabad,C010,South
03224b02,2023-05-15,2023-05-17,Delivered,Kolkata,C009,North
3afe306c,2023-01-12,2023-01-16,Delivered,Delhi,C010,North
0c63314e,2023-03-07,2023-03-12,Delayed,Ahmedabad,C007,South
c53dfc13,2023-02-13,2023-02-14,Delivered,Ahmedabad,C007,East
d0b993bc,2023-01-16,2023-01-21,Delivered,Chennai,C001,West
a65c6d9d,2023-03-14,2023-03-16,Delayed,Pune,C005,South
83a56788,2023-02-21,2023-02-23,Delivered,Chennai,C003,South
de209bcd,2023-06-28,2023-07-01,Delivered,Delhi,C003,North
20abffde,2023-06-08,2023-06-09,Delivered,Hyderabad,C006,West
1c8bea1e,2023-03-11,2023-03-16,Delayed,Delhi,C004,West
4d76e987,2023-01-14,2023-01-15,Delivered,Pune,C008,Central
20e2fdb3,2023-04-30,2023-05-02,Cancelled,Mumbai,C004,South
c7848a42,2023-06-17,2023-06-20,Delivered,Delhi,C008,Central
21f6ebd1,2023-01-03,2023-01-06,Delivered,Mumbai,C004,North
631a60d6,2023-01-18,2023-01-20,Cancelled,Ahmedabad,C003,Central
0ed93ea4,2023-04-10,2023-04-13,Delivered,Delhi,C005,East
a9e22fde,2023-06-19,2023-06-23,Delivered,Pune,C005,South
91f5dced,2023-03-11,2023-03-13,Delivered,Mumbai,C010,South
e3436475,2023-06-19,2023-06-20,Delivered,Mumbai,C010,West
950b3a56,2023-06-18,2023-06-22,Delivered,Pune,C001,Central
7b4df7da,2023-04-03,2023-04-07,Delivered,Delhi,C008,West
cbad2d24,2023-01-28,2023-01-30,Delivered,Kolkata,C008,Central
df3aee97,2023-01-05,2023-01-08,Delayed,Chennai,C008,Central
3f0c316c,2023-03-16,2023-03-21,Delivered,Bangalore,C010,North
3f13ae34,2023-06-16,2023-06-17,Cancelled,Chennai,C004,Central
c3b4698a,2023-04-09,2023-04-11,Delivered,Mumbai,C009,West
07912d1a,2023-03-01,2023-03-03,Delivered,Ahmedabad,C010,Central
350a7db9,2023-04-08,2023-04-10,Delivered,Delhi,C003,Central
58971b7e,2023-05-11,2023-05-14,Delivered,Delhi,C007,South
679f5cf8,2023-01-26,2023-01-30,Delivered,Ahmedabad,C006,South
619ffb25,2023-03-22,2023-03-23,Delayed,Delhi,C009,South
c5fc3a15,2023-05-05,2023-05-09,Delayed,Delhi,C004,East
4c0891d3,2023-06-02,2023-06-03,Cancelled,Kolkata,C004,South
655bdd30,2023-05-17,2023-05-19,Delivered,Bangalore,C006,East
5738fd07,2023-01-23,2023-01-28,Delayed,Hyderabad,C008,East
dea844df,2023-02-17,2023-02-22,Delivered,Mumbai,C003,West
5aa24647,2023-02-20,2023-02-23,Delivered,Bangalore,C008,South
e8a04447,2023-05-09,2023-05-14,Delayed,Chennai,C008,Central
80fc980c,2023-04-28,2023-04-30,Delivered,Hyderabad,C007,North
61ace40b,2023-05-24,2023-05-26,Delivered,Hyderabad,C007,Central
e5151cf0,2023-01-06,2023-01-11,Delivered,Ahmedabad,C005,South
58114d17,2023-01-11,2023-01-14,Delivered,Delhi,C002,Central
1ec3b29e,2023-03-05,2023-03-06,Delayed,Bangalore,C002,South
99a89dba,2023-05-16,2023-05-17,Delivered,Ahmedabad,C010,South
091614d1,2023-03-20,2023-03-21,Cancelled,Chennai,C008,Central
dfeb58fc,2023-03-27,2023-03-31,Delivered,Delhi,C006,East
21fe140e,2023-05-06,2023-05-11,Delivered,Delhi,C008,West
4944ac4d,2023-04-11,2023-04-16,Delivered,Pune,C003,West
76ea9001,2023-02-10,2023-02-11,Delivered,Pune,C001,West
9275722a,2023-01-05,2023-01-10,Delivered,Pune,C006,West
90487346,2023-03-30,2023-04-01,Delayed,Kolkata,C002,North
be074304,2023-06-25,2023-06-28,Delayed,Ahmedabad,C009,South
a18c7b47,2023-04-01,2023-04-04,Delayed,Mumbai,C005,North
62052753,2023-04-01,2023-04-02,Delayed,Hyderabad,C005,West
33b5051f,2023-06-10,2023-06-12,Delayed,Chennai,C010,West
7d17c45f,2023-03-19,2023-03-20,Delivered,Hyderabad,C008,Central
c5e97f4a,2023-03-02,2023-03-04,Delayed,Bangalore,C006,West
7a259173,2023-05-09,2023-05-10,Delivered,Mumbai,C003,South
6293461c,2023-03-12,2023-03-16,Delivered,Delhi,C009,West
97b27a42,2023-01-16,2023-01-17,Delivered,Mumbai,C010,West
a6f87da9,2023-06-10,2023-06-15,Delivered,Delhi,C004,North
134840ee,2023-03-07,2023-03-08,Delivered,Ahmedabad,C010,South
b142884c,2023-04-10,2023-04-14,Cancelled,Pune,C004,East
f45036fc,2023-01-08,2023-01-13,Delivered,Mumbai,C002,Central
a4cb14e0,2023-05-23,2023-05-24,Delivered,Delhi,C003,East
9f97b8c1,2023-03-13,2023-03-15,Delivered,Hyderabad,C004,North
6d931d49,2023-02-27,2023-02-28,Delivered,Pune,C007,West
51923eb7,2023-02-08,2023-02-13,Delivered,Pune,C003,Central
2479afa6,2023-03-29,2023-04-03,Delivered,Pune,C008,South
74a5f658,2023-04-11,2023-04-12,Delivered,Hyderabad,C008,Central
a97806fd,2023-06-18,2023-06-19,Delivered,Hyderabad,C010,North
292253ed,2023-02-05,2023-02-09,Delayed,Hyderabad,C002,West
313d610b,2023-01-23,2023-01-28,Delayed,Pune,C004,North
8440ac02,2023-04-08,2023-04-12,Delivered,Mumbai,C008,South
b4d49c1d,2023-05-14,2023-05-17,Delivered,Delhi,C001,East
2681cf4b,2023-06-23,2023-06-28,Delivered,Hyderabad,C001,West
c001c3e4,2023-06-06,2023-06-10,Delayed,Mumbai,C004,West
1da8257d,2023-06-10,2023-06-14,Delivered,Delhi,C002,North
b8115b09,2023-06-25,2023-06-27,Delivered,Pune,C001,North
b75224b8,2023-02-28,2023-03-04,Delayed,Mumbai,C008,North
b866d115,2023-04-17,2023-04-22,Delivered,Pune,C002,West
120d4bc6,2023-03-03,2023-03-06,Delivered,Kolkata,C004,North
5b4668d9,2023-05-27,2023-05-30,Delivered,Hyderabad,C003,Central
b1e1bffd,2023-02-09,2023-02-13,Delayed,Bangalore,C002,Central
7e666e2f,2023-04-20,2023-04-24,Delayed,Mumbai,C008,Central
5737df58,2023-03-21,2023-03-23,Delayed,Hyderabad,C003,West
b3dd0f73,2023-06-04,2023-06-08,Delivered,Chennai,C009,North
9579f2c6,2023-03-26,2023-03-31,Delivered,Delhi,C010,South
ca9623d2,2023-04-25,2023-04-28,Cancelled,Kolkata,C005,North
0cedc9de,2023-05-19,2023-05-21,Cancelled,Hyderabad,C009,West
a0f41f58,2023-02-03,2023-02-05,Delivered,Chennai,C003,Central
fee4c81f,2023-02-22,2023-02-25,Delayed,Mumbai,C005,West
2e4617ec,2023-06-17,2023-06-19,Delivered,Mumbai,C010,North
716b60d7,2023-02-05,2023-02-09,Delivered,Chennai,C006,West
7c1f38fb,2023-05-29,2023-06-01,Delivered,Kolkata,C009,South
d03892d7,2023-05-19,2023-05-21,Delivered,Chennai,C008,West
9d342ef0,2023-06-25,2023-06-28,Delayed,Delhi,C002,East
fca5a437,2023-02-21,2023-02-22,Delivered,Mumbai,C002,West
8a9ac85d,2023-02-05,2023-02-09,Delivered,Chennai,C005,North
bc7b83bc,2023-03-21,2023-03-24,Delayed,Bangalore,C005,East
a26ad6ac,2023-06-26,2023-06-28,Delayed,Bangalore,C005,Central
40285e96,2023-06-30,2023-07-01,Delivered,Chennai,C004,North
fe75202f,2023-05-15,2023-05-19,Delivered,Delhi,C008,South
db052dd4,2023-02-04,2023-02-08,Delivered,Mumbai,C005,West
808e1895,2023-04-21,2023-04-26,Delivered,Bangalore,C001,West
97bd0454,2023-02-07,2023-02-09,Cancelled,Chennai,C010,North
df510b3f,2023-06-17,2023-06-21,Delayed,Pune,C005,West
dd24f316,2023-05-25,2023-05-27,Delivered,Chennai,C001,West
75469526,2023-02-10,2023-02-13,Delivered,Hyderabad,C004,Central
72e1b7bc,2023-03-23,2023-03-25,Delivered,Chennai,C001,West
0108b165,2023-01-18,2023-01-22,Delayed,Delhi,C006,West
1a636f3b,2023-05-23,2023-05-27,Delivered,Bangalore,C006,Central
8cd1e11d,2023-05-17,2023-05-21,Delivered,Hyderabad,C001,West
457ecb80,2023-01-31,2023-02-04,Delivered,Bangalore,C008,Central
8f3fb171,2023-02-17,2023-02-21,Delivered,Bangalore,C004,South
114f9e0e,2023-03-23,2023-03-27,Delivered,Delhi,C002,West
80512921,2023-02-07,2023-02-11,Delivered,Chennai,C001,North
843b6829,2023-01-08,2023-01-12,Delayed,Delhi,C003,East
fbc1c6fa,2023-03-23,2023-03-26,Delayed,Chennai,C007,South
b07b9118,2023-04-16,2023-04-19,Delayed,Hyderabad,C010,West
0f12d794,2023-04-16,2023-04-19,Delivered,Delhi,C010,North
b4b8fe63,2023-03-19,2023-03-23,Delivered,Delhi,C008,East
82f511c9,2023-04-24,2023-04-26,Delivered,Pune,C005,Central
4d14a557,2023-06-13,2023-06-18,Delivered,Kolkata,C007,West
57c0580c,2023-03-12,2023-03-14,Delayed,Mumbai,C002,Central
e0b23ef8,2023-02-08,2023-02-10,Delivered,Delhi,C004,South
47694042,2023-02-18,2023-02-20,Delivered,Kolkata,C006,East
c4ebe58f,2023-01-28,2023-01-30,Delayed,Ahmedabad,C005,East
e6bd6573,2023-02-03,2023-02-08,Cancelled,Mumbai,C006,Central
873d099c,2023-02-17,2023-02-19,Delivered,Pune,C002,Central
27bff662,2023-01-07,2023-01-12,Delivered,Chennai,C007,South
0f4a04c6,2023-06-06,2023-06-09,Delivered,Ahmedabad,C008,North
0f0e8f3d,2023-06-07,2023-06-11,Delivered,Chennai,C009,West
8d342f28,2023-03-10,2023-03-15,Delivered,Chennai,C006,North
d11e1a02,2023-06-05,2023-06-09,Delivered,Kolkata,C007,East
015424d1,2023-05-26,2023-05-29,Cancelled,Kolkata,C001,West
6b3ef808,2023-06-06,2023-06-09,Delivered,Mumbai,C009,South
8e897513,2023-03-01,2023-03-03,Delivered,Chennai,C006,North
5f89c9ad,2023-06-02,2023-06-06,Delivered,Bangalore,C004,North
86be6238,2023-03-01,2023-03-03,Delivered,Ahmedabad,C010,West
979909c1,2023-03-01,2023-03-05,Delayed,Delhi,C009,South
25f03e8d,2023-06-25,2023-06-26,Delivered,Kolkata,C001,South
b209bd20,2023-01-07,2023-01-12,Delivered,Kolkata,C002,North
2205b7ef,2023-04-02,2023-04-06,Delivered,Kolkata,C003,North
c8358cad,2023-01-21,2023-01-24,Delayed,Mumbai,C001,Central
45a68cba,2023-06-26,2023-07-01,Delivered,Chennai,C002,West
a7aafab8,2023-05-03,2023-05-07,Delayed,Bangalore,C002,South
9bbc43ae,2023-02-04,2023-02-05,Delivered,Delhi,C007,East
bbecdbf1,2023-05-09,2023-05-11,Delivered,Delhi,C010,West
93813f4e,2023-06-04,2023-06-06,Delivered,Chennai,C006,Central
994079b2,2023-05-01,2023-05-04,Delayed,Bangalore,C009,West
9347bb40,2023-06-16,2023-06-21,Delayed,Mumbai,C005,North
89c239a8,2023-04-06,2023-04-08,Delivered,Kolkata,C009,West
2105d42a,2023-02-17,2023-02-21,Delivered,Kolkata,C010,West
37a03d67,2023-04-10,2023-04-15,Delivered,Ahmedabad,C009,West
e85a39bd,2023-05-06,2023-05-10,Delivered,Ahmedabad,C002,East
0f91e003,2023-05-02,2023-05-04,Delivered,Ahmedabad,C009,Central
536cc5df,2023-02-05,2023-02-09,Delayed,Pune,C003,West
64aa26d3,2023-02-11,2023-02-12,Delayed,Chennai,C003,West
555197de,2023-02-19,2023-02-21,Delivered,Delhi,C009,East
2835a9b2,2023-02-27,2023-03-03,Delivered,Kolkata,C007,South
d5b3f284,2023-01-09,2023-01-14,Delayed,Pune,C008,West
cf4436df,2023-04-15,2023-04-17,Delayed,Delhi,C007,West
5070026e,2023-01-04,2023-01-07,Delivered,Delhi,C009,South
72dc53ae,2023-03-11,2023-03-16,Delivered,Chennai,C008,West
43b55303,2023-04-16,2023-04-18,Delivered,Hyderabad,C004,West
64ad2a82,2023-02-26,2023-03-02,Delivered,Ahmedabad,C002,West
6763ec26,2023-06-21,2023-06-26,Delivered,Pune,C005,Central
888d371b,2023-02-21,2023-02-23,Delivered,Hyderabad,C002,North
0a97171e,2023-02-22,2023-02-24,Delivered,Hyderabad,C004,Central
7e05e5b1,2023-01-17,2023-01-21,Delivered,Pune,C002,South
04baa1a2,2023-02-15,2023-02-18,Delivered,Bangalore,C005,Central
08f9416f,2023-04-23,2023-04-27,Delivered,Ahmedabad,C006,Central
b2f2e29c,2023-06-07,2023-06-09,Delayed,Chennai,C001,East
6752df7d,2023-05-06,2023-05-08,Delayed,Pune,C008,South
ba749548,2023-06-26,2023-06-30,Delivered,Delhi,C002,South
b8203b2e,2023-03-25,2023-03-28,Delivered,Pune,C005,South
b6e5616b,2023-04-28,2023-05-03,Cancelled,Kolkata,C008,Central
4d24839f,2023-03-05,2023-03-10,Delivered,Pune,C005,South
bff25c05,2023-04-20,2023-04-25,Delivered,Bangalore,C003,East
d4ee38dc,2023-04-14,2023-04-15,Delivered,Ahmedabad,C006,West
fd7db935,2023-01-11,2023-01-12,Delivered,Ahmedabad,C001,Central
0309018b,2023-06-05,2023-06-06,Delivered,Hyderabad,C001,West
ffedd60a,2023-04-08,2023-04-09,Delayed,Mumbai,C008,West
086985d0,2023-03-22,2023-03-23,Delivered,Ahmedabad,C007,Central
d41b3a38,2023-04-11,2023-04-12,Delivered,Ahmedabad,C010,Central
03489cc8,2023-06-06,2023-06-07,Delayed,Bangalore,C010,South
cf0d1de7,2023-05-27,2023-05-30,Delivered,Bangalore,C003,East
0dbe8fcc,2023-06-02,2023-06-03,Delivered,Chennai,C008,Central
e0246e3d,2023-05-18,2023-05-21,Delivered,Kolkata,C008,West
28854eb5,2023-05-15,2023-05-18,Delivered,Bangalore,C001,Central
4f71ad7f,2023-06-14,2023-06-16,Delivered,Pune,C010,East
1a0dd92d,2023-06-30,2023-07-02,Delivered,Kolkata,C007,North
16665e9f,2023-01-10,2023-01-12,Delivered,Chennai,C002,West
f8bf7cb9,2023-05-14,2023-05-17,Delayed,Pune,C002,North
534a2b28,2023-01-28,2023-01-29,Delivered,Ahmedabad,C002,North
1a099350,2023-04-26,2023-04-29,Delivered,Mumbai,C005,East
6be3884a,2023-04-27,2023-05-02,Delivered,Delhi,C007,Central
8a31f89e,2023-01-11,2023-01-14,Delivered,Delhi,C004,North
8722105d,2023-03-04,2023-03-09,Delivered,Hyderabad,C004,South
70a0a786,2023-05-13,2023-05-17,Delayed,Ahmedabad,C009,Central
2c9dc89d,2023-05-18,2023-05-22,Delivered,Hyderabad,C010,West
74f64305,2023-04-12,2023-04-15,Delivered,Mumbai,C009,Central
3bce271d,2023-01-11,2023-01-13,Delayed,Delhi,C007,East
ef1d5b3a,2023-05-23,2023-05-26,Delivered,Hyderabad,C010,East
d1b5115e,2023-04-10,2023-04-13,Delivered,Ahmedabad,C004,West
d8e6543a,2023-05-13,2023-05-14,Delayed,Kolkata,C008,West
ae0aa648,2023-06-11,2023-06-16,Delayed,Bangalore,C010,West
d9d1c1c7,2023-01-13,2023-01-15,Delivered,Chennai,C003,East
5adb7d8a,2023-02-18,2023-02-20,Delivered,Pune,C003,Central
12f8b01b,2023-03-16,2023-03-18,Delivered,Hyderabad,C007,North
6042f952,2023-04-23,2023-04-27,Delayed,Mumbai,C009,North
eba34aeb,2023-04-12,2023-04-13,Delivered,Pune,C004,South
f3843491,2023-03-19,2023-03-24,Delivered,Delhi,C004,East
03a0dad2,2023-03-15,2023-03-20,Delayed,Ahmedabad,C001,West
6058d373,2023-04-29,2023-05-03,Delivered,Mumbai,C001,Central
bf7e21cf,2023-02-12,2023-02-14,Delayed,Chennai,C003,East
d0030ac5,2023-04-19,2023-04-24,Delivered,Chennai,C007,South
204e7629,2023-03-17,2023-03-22,Delivered,Mumbai,C009,North
1a2859f9,2023-06-06,2023-06-10,Delivered,Hyderabad,C004,Central
fe2503be,2023-01-14,2023-01-17,Delayed,Hyderabad,C002,North
254d4f5a,2023-06-26,2023-06-28,Delivered,Delhi,C006,Central
fa0300a0,2023-05-13,2023-05-14,Delivered,Kolkata,C006,West
e59741d8,2023-02-06,2023-02-08,Delivered,Delhi,C009,Central
2beaa9c2,2023-04-29,2023-05-03,Delayed,Bangalore,C004,West
4b3baf33,2023-06-15,2023-06-16,Cancelled,Kolkata,C008,East
51936d38,2023-04-26,2023-04-27,Delivered,Ahmedabad,C003,North
cc897752,2023-01-24,2023-01-26,Delivered,Pune,C002,Central
85520218,2023-05-09,2023-05-13,Cancelled,Ahmedabad,C009,Central
d3bbeb12,2023-01-29,2023-02-02,Delivered,Bangalore,C006,South
75f81c47,2023-02-16,2023-02-20,Delivered,Delhi,C008,North
ed99710f,2023-05-30,2023-06-03,Delivered,Kolkata,C010,East
9477ef3b,2023-06-28,2023-06-30,Delayed,Kolkata,C009,West
460a6f42,2023-05-20,2023-05-21,Delivered,Bangalore,C001,East
2cb09004,2023-02-04,2023-02-09,Delivered,Ahmedabad,C001,South
d17b73bc,2023-04-11,2023-04-14,Delivered,Mumbai,C005,East
511e8b28,2023-04-16,2023-04-20,Delivered,Hyderabad,C009,West
a225267b,2023-03-24,2023-03-29,Delivered,Kolkata,C007,North
e7524657,2023-04-26,2023-05-01,Delivered,Pune,C007,South
0750f168,2023-01-07,2023-01-09,Delivered,Pune,C002,Central
44dd994b,2023-02-15,2023-02-19,Delivered,Kolkata,C003,Central
86afa726,2023-04-27,2023-04-28,Delivered,Bangalore,C004,North
4307e834,2023-06-01,2023-06-05,Delayed,Kolkata,C002,East
ef8338e5,2023-02-21,2023-02-26,Delayed,Ahmedabad,C010,Central
997e9db0,2023-04-27,2023-04-30,Delayed,Bangalore,C009,South
8667296a,2023-01-24,2023-01-27,Delivered,Mumbai,C005,West
6c81625f,2023-03-06,2023-03-07,Delivered,Pune,C007,East
4a7e03da,2023-03-24,2023-03-27,Delivered,Kolkata,C009,West
c09f4f79,2023-06-27,2023-06-28,Delayed,Chennai,C005,East
c465c09b,2023-06-16,2023-06-18,Delayed,Delhi,C006,South
2214823e,2023-02-11,2023-02-13,Delayed,Pune,C004,West
7fc4faaf,2023-02-01,2023-02-06,Delivered,Mumbai,C008,South
5245ef70,2023-01-24,2023-01-27,Delivered,Chennai,C001,West
15fb5509,2023-01-30,2023-02-03,Delivered,Pune,C001,East
9d26d0e1,2023-06-30,2023-07-02,Delivered,Mumbai,C005,South
a471c936,2023-04-26,2023-04-27,Delivered,Hyderabad,C010,East
0b18467e,2023-06-12,2023-06-14,Delayed,Mumbai,C009,East
613c1f53,2023-04-03,2023-04-06,Delivered,Mumbai,C002,West
aec15f2c,2023-01-22,2023-01-25,Delivered,Hyderabad,C003,West
fa69791a,2023-05-15,2023-05-16,Delivered,Kolkata,C008,South
6297c971,2023-04-09,2023-04-12,Delayed,Delhi,C005,Central
5bd10d52,2023-05-11,2023-05-16,Delivered,Ahmedabad,C003,North
d5f4bbda,2023-06-06,2023-06-10,Delivered,Chennai,C006,West
2fbc4d39,2023-02-10,2023-02-11,Delayed,Pune,C006,East
e3fbc9b6,2023-04-07,2023-04-12,Delivered,Ahmedabad,C005,North
86aba22d,2023-05-21,2023-05-26,Delivered,Bangalore,C005,South
1ffe34d5,2023-04-08,2023-04-12,Delivered,Delhi,C006,North
ec44cfde,2023-01-12,2023-01-14,Delivered,Ahmedabad,C002,North
f9b9e77f,2023-02-13,2023-02-16,Delayed,Pune,C006,Central
10e6946d,2023-03-27,2023-03-30,Delayed,Mumbai,C002,Central
fba2e3cc,2023-05-25,2023-05-27,Delivered,Ahmedabad,C003,North
13a646e4,2023-06-18,2023-06-23,Delivered,Bangalore,C002,Central
155f5269,2023-02-08,2023-02-11,Delivered,Hyderabad,C001,Central
d2ebd038,2023-02-11,2023-02-16,Delivered,Ahmedabad,C001,North
b50ac6fa,2023-02-07,2023-02-08,Delivered,Delhi,C009,West
a8b32618,2023-02-15,2023-02-19,Delivered,Kolkata,C004,Central
a5c083c3,2023-01-14,2023-01-17,Delivered,Chennai,C005,North
54a1d77c,2023-04-18,2023-04-20,Delayed,Delhi,C010,West
b16826ee,2023-03-20,2023-03-21,Delivered,Delhi,C007,Central
210fc734,2023-03-21,2023-03-23,Delivered,Kolkata,C002,North
87f81525,2023-04-25,2023-04-28,Delivered,Bangalore,C010,Central
1658c37c,2023-03-15,2023-03-18,Delayed,Hyderabad,C009,West
0bc5488a,2023-06-10,2023-06-14,Delivered,Kolkata,C004,North
d5a41b94,2023-02-16,2023-02-20,Delivered,Pune,C010,West
d89aed73,2023-01-31,2023-02-03,Delivered,Hyderabad,C010,East
1a59cf00,2023-02-03,2023-02-04,Delayed,Kolkata,C001,South
e9ea16ea,2023-02-21,2023-02-24,Delivered,Delhi,C008,East
d171171b,2023-01-01,2023-01-05,Delayed,Hyderabad,C004,Central
7a9f9301,2023-06-09,2023-06-10,Cancelled,Bangalore,C007,West
10b3c6c0,2023-03-06,2023-03-09,Delayed,Bangalore,C003,North
907ea0ed,2023-01-04,2023-01-09,Delivered,Chennai,C009,West
f3a9d71e,2023-04-28,2023-04-29,Delivered,Hyderabad,C005,Central
907b3c4a,2023-05-08,2023-05-10,Delivered,Chennai,C005,North
d560cb74,2023-05-08,2023-05-13,Cancelled,Pune,C003,East
27db4d8a,2023-05-20,2023-05-21,Delivered,Kolkata,C009,West
1dcda0a2,2023-01-02,2023-01-07,Delivered,Mumbai,C003,South
84c55091,2023-06-05,2023-06-06,Delivered,Pune,C002,Central
b26a3aa0,2023-05-07,2023-05-10,Delivered,Bangalore,C009,Central
597a306a,2023-03-02,2023-03-06,Delivered,Delhi,C009,West
24cb4976,2023-02-25,2023-02-27,Delivered,Ahmedabad,C010,East
2e61d7b2,2023-05-31,2023-06-04,Delivered,Bangalore,C004,East
b4807b72,2023-06-18,2023-06-22,Delayed,Mumbai,C004,South
3d312f4f,2023-05-02,2023-05-06,Delivered,Delhi,C010,South
83405601,2023-04-27,2023-04-28,Delivered,Hyderabad,C006,West
d9f4f7c4,2023-04-15,2023-04-18,Delivered,Ahmedabad,C009,North
4035110a,2023-04-24,2023-04-28,Delivered,Hyderabad,C008,East
70aab60f,2023-01-21,2023-01-24,Delayed,Pune,C010,North
afcb83e4,2023-06-03,2023-06-06,Delivered,Ahmedabad,C003,North
25b74b8f,2023-06-03,2023-06-08,Delivered,Bangalore,C006,West
8a27dc4d,2023-01-02,2023-01-06,Delivered,Delhi,C007,South
994c7667,2023-03-04,2023-03-08,Delayed,Kolkata,C006,North
6e79d155,2023-05-21,2023-05-24,Delivered,Ahmedabad,C003,West
24cb61f3,2023-03-13,2023-03-15,Delayed,Delhi,C009,South
9490b7ac,2023-06-08,2023-06-11,Delivered,Chennai,C004,North
fca410a2,2023-06-10,2023-06-13,Delivered,Mumbai,C002,North
38262eb4,2023-05-23,2023-05-28,Delivered,Pune,C009,South
a01ffde7,2023-02-23,2023-02-25,Delayed,Hyderabad,C003,South
629942b4,2023-01-13,2023-01-17,Delivered,Bangalore,C006,Central
a8b2ee94,2023-02-17,2023-02-20,Delayed,Delhi,C005,Central
4c19a77c,2023-02-07,2023-02-10,Delivered,Hyderabad,C002,West
c179f392,2023-01-15,2023-01-16,Delivered,Bangalore,C001,West
4f1d5799,2023-06-17,2023-06-21,Delivered,Ahmedabad,C009,East
f025ce35,2023-03-31,2023-04-01,Delayed,Hyderabad,C003,Central
71460452,2023-01-10,2023-01-13,Delivered,Bangalore,C007,South
7e926425,2023-02-07,2023-02-12,Delayed,Hyderabad,C009,Central
f8b4d45f,2023-01-09,2023-01-10,Delayed,Kolkata,C009,West
c1bc14e3,2023-06-20,2023-06-21,Delayed,Chennai,C010,West
063827b9,2023-05-28,2023-05-30,Delivered,Mumbai,C006,West
a8705681,2023-06-04,2023-06-05,Delivered,Hyderabad,C008,South
7a2d079e,2023-03-18,2023-03-20,Delayed,Mumbai,C009,North
38829f26,2023-03-26,2023-03-27,Delivered,Hyderabad,C003,West
4113310b,2023-01-23,2023-01-25,Delivered,Pune,C006,Central
d74899eb,2023-01-13,2023-01-16,Delivered,Delhi,C005,North
0bd73541,2023-01-28,2023-01-29,Delivered,Chennai,C007,Central
4602756e,2023-04-17,2023-04-19,Delivered,Pune,C007,West
a87387a8,2023-02-15,2023-02-20,Delivered,Kolkata,C009,South
817fa7cd,2023-02-11,2023-02-13,Delivered,Chennai,C001,North
be58078e,2023-06-22,2023-06-23,Delivered,Mumbai,C006,North
1995a968,2023-03-14,2023-03-15,Delivered,Delhi,C005,West
2279b955,2023-06-06,2023-06-07,Delivered,Bangalore,C004,West
69c179f3,2023-06-19,2023-06-20,Delivered,Pune,C010,West
2bc23fb3,2023-06-27,2023-06-30,Delivered,Chennai,C001,East
f9fb7d59,2023-06-29,2023-07-04,Delivered,Kolkata,C004,South
eea0e360,2023-06-02,2023-06-03,Delivered,Pune,C010,South
91480d71,2023-05-27,2023-05-29,Delivered,Delhi,C007,West
848e6c9f,2023-05-24,2023-05-29,Delayed,Delhi,C004,East
d26215c2,2023-02-15,2023-02-19,Delivered,Mumbai,C001,West
421ab70a,2023-04-27,2023-04-30,Delayed,Kolkata,C010,West
ff6d5613,2023-05-29,2023-05-30,Delivered,Delhi,C001,South
e14c9f4a,2023-04-03,2023-04-08,Delivered,Ahmedabad,C001,East
09ca1a49,2023-01-10,2023-01-11,Delivered,Delhi,C010,South
b2352d4a,2023-01-24,2023-01-25,Delivered,Bangalore,C005,West
2b361320,2023-03-18,2023-03-20,Delivered,Mumbai,C007,Central
f0b6fea5,2023-03-24,2023-03-26,Delivered,Mumbai,C009,North
b18c88a5,2023-04-05,2023-04-06,Delivered,Kolkata,C008,West
19a29299,2023-04-08,2023-04-10,Delivered,Delhi,C002,East
822f8733,2023-01-18,2023-01-19,Delivered,Bangalore,C009,Central
427864c9,2023-04-20,2023-04-21,Delayed,Hyderabad,C004,East
1b526172,2023-05-21,2023-05-22,Delayed,Chennai,C010,West
5154fbe3,2023-01-17,2023-01-21,Delivered,Ahmedabad,C005,West
abc064ca,2023-03-16,2023-03-18,Delivered,Pune,C005,North
0fc58d87,2023-05-01,2023-05-03,Delivered,Mumbai,C004,East
1d45a226,2023-02-04,2023-02-05,Delayed,Bangalore,C006,Central
09785997,2023-02-01,2023-02-02,Delivered,Kolkata,C001,North
c9944332,2023-06-27,2023-07-01,Delivered,Bangalore,C002,East
aad049e3,2023-03-12,2023-03-15,Delayed,Delhi,C004,West
0d4662a7,2023-03-26,2023-03-31,Delivered,Ahmedabad,C004,North
cf62ca6c,2023-05-15,2023-05-17,Delivered,Chennai,C008,West
508108cd,2023-04-16,2023-04-20,Cancelled,Mumbai,C009,South
73570139,2023-05-15,2023-05-17,Delivered,Hyderabad,C004,South
6e4b15d4,2023-02-23,2023-02-27,Delivered,Delhi,C006,North
ea562514,2023-06-28,2023-07-03,Delivered,Mumbai,C004,North
43ba12f5,2023-02-23,2023-02-25,Delivered,Pune,C004,East
6dfc9850,2023-06-06,2023-06-10,Delivered,Kolkata,C009,Central
2f4e8784,2023-01-15,2023-01-18,Delayed,Mumbai,C004,Central
b94e8486,2023-01-28,2023-02-02,Delivered,Bangalore,C006,South
746c8768,2023-05-27,2023-05-28,Delayed,Pune,C009,South
0f9b2935,2023-06-11,2023-06-15,Delayed,Chennai,C003,South
75fccc62,2023-05-16,2023-05-18,Delivered,Ahmedabad,C007,West
a74e1675,2023-01-23,2023-01-28,Delivered,Hyderabad,C007,Central
d136ea03,2023-05-04,2023-05-05,Delivered,Chennai,C001,North
f304457d,2023-06-26,2023-06-27,Delayed,Bangalore,C002,South
41a21c3d,2023-06-04,2023-06-06,Delayed,Hyderabad,C005,East
0c9dc8a3,2023-06-30,2023-07-02,Delivered,Hyderabad,C008,North
f8112d23,2023-03-15,2023-03-18,Delayed,Ahmedabad,C006,North
a8414f4c,2023-04-20,2023-04-22,Delivered,Delhi,C007,North
9788c482,2023-06-05,2023-06-10,Delayed,Hyderabad,C003,Central
ab58ffdd,2023-03-23,2023-03-28,Delivered,Mumbai,C006,South
e936ec4e,2023-03-08,2023-03-10,Delivered,Chennai,C009,East
3c27fb33,2023-05-15,2023-05-16,Delayed,Kolkata,C003,West
b89c4631,2023-05-28,2023-05-29,Delivered,Kolkata,C006,East
a76fb3a0,2023-06-09,2023-06-11,Delivered,Chennai,C007,East
46cc6b72,2023-04-01,2023-04-03,Delivered,Delhi,C005,East
f934b796,2023-02-03,2023-02-06,Delivered,Hyderabad,C010,West
53a40b8d,2023-06-07,2023-06-09,Delivered,Bangalore,C008,East
a78a4f9e,2023-05-25,2023-05-27,Delayed,Pune,C008,East
b878242d,2023-05-08,2023-05-12,Delivered,Pune,C006,South
4a50d64f,2023-05-14,2023-05-19,Delivered,Mumbai,C007,South
60882c18,2023-06-11,2023-06-14,Delivered,Delhi,C003,South
75bff202,2023-05-08,2023-05-13,Delivered,Pune,C007,North
ccc6d7a1,2023-05-07,2023-05-11,Delivered,Ahmedabad,C007,East
a07345a1,2023-02-16,2023-02-21,Delayed,Ahmedabad,C004,Central
158cc0c7,2023-06-06,2023-06-09,Delayed,Hyderabad,C010,Central
28cf299c,2023-03-01,2023-03-03,Delivered,Kolkata,C004,Central
5c9315bf,2023-03-16,2023-03-20,Delivered,Bangalore,C003,West
cb134a2b,2023-02-19,2023-02-22,Delivered,Hyderabad,C010,South
9312c38d,2023-01-01,2023-01-04,Delayed,Delhi,C007,South
68e94818,2023-01-31,2023-02-02,Delivered,Ahmedabad,C005,South
75ea9e56,2023-01-07,2023-01-12,Delayed,Bangalore,C003,West
7540d675,2023-04-30,2023-05-01,Delivered,Pune,C006,East
34b244c6,2023-06-10,2023-06-13,Delayed,Bangalore,C006,North
2b3572d1,2023-01-31,2023-02-03,Delayed,Bangalore,C006,South
4d284fcc,2023-02-23,2023-02-25,Delayed,Bangalore,C002,East
d989b299,2023-06-07,2023-06-08,Delivered,Ahmedabad,C010,Central
f3055473,2023-04-17,2023-04-18,Delivered,Pune,C007,North
c61ed648,2023-04-16,2023-04-17,Delivered,Hyderabad,C007,Central
6e209645,2023-01-12,2023-01-16,Delayed,Bangalore,C010,East
a8068d1d,2023-03-27,2023-03-30,Delivered,Hyderabad,C004,East
9055025c,2023-03-31,2023-04-01,Cancelled,Bangalore,C006,Central
189d7ae7,2023-05-24,2023-05-29,Delayed,Ahmedabad,C004,North
2be06ff1,2023-06-13,2023-06-17,Delivered,Bangalore,C004,Central
1c6d1347,2023-02-24,2023-02-25,Delayed,Delhi,C006,Central
92e3352b,2023-01-03,2023-01-07,Delivered,Hyderabad,C009,Central
88ee4918,2023-06-13,2023-06-14,Delivered,Kolkata,C007,North
5468751a,2023-02-21,2023-02-22,Delivered,Ahmedabad,C002,West
bf54be7f,2023-06-26,2023-06-29,Delivered,Hyderabad,C006,North
190bf428,2023-03-14,2023-03-19,Delayed,Ahmedabad,C005,Central
f5df88f8,2023-03-07,2023-03-10,Delivered,Chennai,C006,South
5975950b,2023-01-18,2023-01-23,Delivered,Pune,C008,South
13428e20,2023-03-20,2023-03-21,Delayed,Kolkata,C008,East
ada4da9d,2023-03-18,2023-03-23,Delayed,Delhi,C003,West
8c6fac42,2023-05-10,2023-05-13,Delivered,Hyderabad,C009,East
3c4df576,2023-05-21,2023-05-24,Delayed,Delhi,C006,East
8813b0cd,2023-03-24,2023-03-28,Delivered,Kolkata,C007,South
88f38637,2023-01-02,2023-01-05,Delivered,Delhi,C009,North
308fc1a0,2023-01-30,2023-02-03,Delivered,Delhi,C007,East
2cb9136b,2023-06-25,2023-06-28,Delivered,Mumbai,C010,East
f0a38495,2023-03-27,2023-03-31,Delayed,Hyderabad,C009,West
564ab83b,2023-03-29,2023-04-01,Delivered,Delhi,C001,South
5c35643d,2023-04-12,2023-04-16,Delayed,Mumbai,C001,North
709f3347,2023-05-26,2023-05-29,Delivered,Mumbai,C003,West
e0f1b428,2023-06-07,2023-06-12,Delivered,Ahmedabad,C009,North
e854b9db,2023-01-08,2023-01-10,Cancelled,Bangalore,C001,North
bc17b366,2023-02-14,2023-02-16,Delayed,Bangalore,C001,East
ab969f5a,2023-02-19,2023-02-24,Delivered,Pune,C005,West
731471ce,2023-03-26,2023-03-28,Delivered,Kolkata,C008,East
56075873,2023-03-28,2023-03-29,Delivered,Hyderabad,C002,Central
58cdff0f,2023-06-22,2023-06-25,Delivered,Bangalore,C004,North
024cb52b,2023-05-03,2023-05-07,Delayed,Kolkata,C006,West
f3cad715,2023-05-02,2023-05-06,Delayed,Hyderabad,C001,South
3164b9f5,2023-01-10,2023-01-14,Delivered,Kolkata,C004,East
74204ec7,2023-06-15,2023-06-18,Delayed,Pune,C004,Central
eeccdf26,2023-02-04,2023-02-08,Delivered,Pune,C009,Central
760bc242,2023-05-04,2023-05-08,Delivered,Mumbai,C009,Central
add8bdf3,2023-02-09,2023-02-13,Delivered,Mumbai,C006,East
6c55e79f,2023-06-10,2023-06-14,Delivered,Hyderabad,C008,South
c96fa23a,2023-04-28,2023-04-30,Delivered,Kolkata,C010,West
f39050ff,2023-05-18,2023-05-20,Delivered,Kolkata,C004,North
f4c4e5bf,2023-03-27,2023-03-31,Delivered,Bangalore,C010,South
eed7e1f8,2023-04-29,2023-05-03,Delivered,Bangalore,C008,East
0bd82438,2023-04-16,2023-04-17,Delayed,Hyderabad,C003,West
7421d035,2023-01-15,2023-01-17,Delivered,Chennai,C002,North
3696203e,2023-05-14,2023-05-17,Delivered,Bangalore,C006,West
4973344c,2023-03-18,2023-03-22,Delayed,Delhi,C005,North
30582796,2023-05-25,2023-05-27,Delayed,Bangalore,C008,North
1d933f4e,2023-06-23,2023-06-27,Delayed,Chennai,C001,Central
862ffeb6,2023-03-22,2023-03-25,Delivered,Kolkata,C010,East
de1128f2,2023-05-23,2023-05-24,Delivered,Mumbai,C003,South
116ad0a2,2023-05-18,2023-05-22,Delivered,Ahmedabad,C007,Central
77e10091,2023-01-05,2023-01-07,Delivered,Ahmedabad,C010,Central
ddd5568b,2023-02-23,2023-02-25,Delayed,Mumbai,C004,West
ca33ab06,2023-05-28,2023-06-02,Delivered,Kolkata,C010,North
63b02624,2023-06-25,2023-06-27,Delivered,Mumbai,C005,North
9c692a61,2023-03-26,2023-03-28,Delivered,Bangalore,C008,West
79587d30,2023-04-01,2023-04-02,Delivered,Pune,C001,East
cf1c8d5c,2023-01-17,2023-01-18,Delayed,Mumbai,C001,North
ae4694be,2023-02-08,2023-02-12,Delivered,Pune,C007,Central
8fae9686,2023-03-13,2023-03-17,Delivered,Chennai,C009,Central
9beb9f1d,2023-01-08,2023-01-10,Delivered,Pune,C004,North
4a4a753a,2023-03-28,2023-03-31,Delivered,Chennai,C008,North
9b93fde3,2023-04-07,2023-04-10,Delivered,Bangalore,C010,East
dda9f097,2023-06-10,2023-06-12,Delivered,Kolkata,C007,North
88c9afcb,2023-05-17,2023-05-18,Delivered,Delhi,C002,East
405f02e9,2023-02-12,2023-02-16,Delayed,Bangalore,C005,Central
63230173,2023-05-27,2023-05-31,Delayed,Mumbai,C009,East
1dbe3267,2023-06-05,2023-06-07,Delayed,Bangalore,C009,North
6471bbf2,2023-04-10,2023-04-13,Delayed,Ahmedabad,C003,South
33e9143f,2023-02-17,2023-02-22,Delivered,Ahmedabad,C003,North
7b7c6733,2023-06-02,2023-06-05,Delivered,Chennai,C002,South
08f09b42,2023-01-30,2023-02-01,Delivered,Bangalore,C007,Central
d7f9b039,2023-03-20,2023-03-22,Delayed,Bangalore,C006,West
78f5f161,2023-06-30,2023-07-04,Cancelled,Delhi,C005,Central
8f902fd4,2023-03-22,2023-03-27,Delayed,Chennai,C007,Central
cb37f27b,2023-01-09,2023-01-13,Delivered,Hyderabad,C004,Central
1f697e0c,2023-03-11,2023-03-15,Delayed,Hyderabad,C005,East
e1a4e912,2023-04-16,2023-04-20,Delivered,Chennai,C009,Central
158eb827,2023-01-23,2023-01-25,Delivered,Hyderabad,C009,West
8e154b0f,2023-05-08,2023-05-12,Delivered,Mumbai,C004,North
6a15c505,2023-03-02,2023-03-03,Delivered,Hyderabad,C006,South
051c4f1a,2023-04-06,2023-04-09,Delivered,Ahmedabad,C002,Central
efa15cbc,2023-04-26,2023-04-27,Delivered,Mumbai,C003,South
ca7eac13,2023-03-19,2023-03-20,Delivered,Chennai,C009,Central
1e32b52e,2023-02-25,2023-02-28,Delivered,Hyderabad,C006,East
53e3532c,2023-05-15,2023-05-19,Delayed,Hyderabad,C008,South
5e0c67a0,2023-03-19,2023-03-24,Delivered,Kolkata,C005,Central
f75fd3bb,2023-02-14,2023-02-17,Delivered,Pune,C002,Central
357ec0f6,2023-01-29,2023-01-31,Delayed,Mumbai,C007,West
0bbf777b,2023-04-06,2023-04-08,Delayed,Mumbai,C006,West
af8b49b6,2023-01-10,2023-01-15,Delivered,Bangalore,C002,West
f5d98707,2023-02-21,2023-02-25,Delivered,Delhi,C006,East
6fd9f90b,2023-01-24,2023-01-26,Delivered,Ahmedabad,C008,South
895ed04e,2023-04-24,2023-04-28,Delivered,Hyderabad,C001,East
34623fd0,2023-05-10,2023-05-14,Delivered,Kolkata,C004,North
55fdb903,2023-01-07,2023-01-08,Delayed,Delhi,C001,Central
bb53e309,2023-05-04,2023-05-07,Delivered,Pune,C002,Central
4142c423,2023-05-09,2023-05-11,Delayed,Pune,C001,Central
c2473459,2023-02-09,2023-02-12,Delayed,Ahmedabad,C006,West
7129cc55,2023-02-18,2023-02-21,Delayed,Kolkata,C006,Central
0071422a,2023-03-29,2023-04-03,Delivered,Delhi,C001,West
a8ba8ce8,2023-05-04,2023-05-08,Delayed,Ahmedabad,C004,North
3549ce07,2023-05-15,2023-05-20,Delivered,Ahmedabad,C004,East
6dc243f1,2023-03-21,2023-03-22,Delivered,Ahmedabad,C008,East
24651233,2023-03-25,2023-03-30,Delivered,Ahmedabad,C006,East
0a621028,2023-02-06,2023-02-08,Delivered,Hyderabad,C002,West
3646be38,2023-01-26,2023-01-31,Delayed,Pune,C005,South
acec4664,2023-05-13,2023-05-16,Delivered,Ahmedabad,C004,South
f707db05,2023-06-23,2023-06-26,Delivered,Kolkata,C010,North
06e59ca8,2023-02-03,2023-02-06,Delivered,Mumbai,C004,South
96e8c255,2023-02-22,2023-02-24,Delivered,Bangalore,C008,North
7131950e,2023-01-10,2023-01-13,Delivered,Kolkata,C005,Central
57f02a08,2023-04-28,2023-05-03,Delayed,Chennai,C003,East
e8b064de,2023-04-10,2023-04-14,Delivered,Pune,C010,West
d88d236d,2023-05-14,2023-05-15,Delivered,Ahmedabad,C004,North
cfa98c40,2023-01-30,2023-01-31,Delivered,Pune,C001,West
2075e613,2023-01-02,2023-01-06,Delivered,Ahmedabad,C006,West
5a7127a1,2023-03-21,2023-03-24,Delivered,Hyderabad,C010,East
5f593172,2023-01-12,2023-01-16,Delivered,Hyderabad,C004,Central
91ce2fb5,2023-06-25,2023-06-27,Cancelled,Chennai,C006,Central
d971530a,2023-06-02,2023-06-04,Delivered,Pune,C002,South
4fb0db66,2023-01-23,2023-01-26,Delivered,Ahmedabad,C005,Central
ec0a6f04,2023-03-27,2023-03-29,Delivered,Delhi,C009,East
f97671cb,2023-04-30,2023-05-03,Delayed,Bangalore,C008,West
e50cd531,2023-01-12,2023-01-16,Delivered,Delhi,C003,North
f02015e5,2023-01-27,2023-01-30,Delivered,Chennai,C001,North
e221bda4,2023-05-14,2023-05-19,Delayed,Chennai,C010,Central
5cb891bc,2023-06-18,2023-06-21,Delivered,Bangalore,C003,South
51d8d9ca,2023-03-21,2023-03-26,Delivered,Chennai,C008,North
b6e19ea3,2023-01-06,2023-01-09,Delivered,Chennai,C003,South
7b6071ce,2023-05-28,2023-05-30,Delivered,Pune,C005,North
515f7ad7,2023-03-21,2023-03-23,Delivered,Kolkata,C002,South
ca4e2c7c,2023-06-13,2023-06-16,Delivered,Ahmedabad,C001,South
efabcef8,2023-02-23,2023-02-28,Delivered,Pune,C010,West
ac852e66,2023-03-24,2023-03-26,Delivered,Bangalore,C005,East
94d4c60d,2023-02-21,2023-02-26,Delivered,Hyderabad,C005,North
29e8c115,2023-02-19,2023-02-24,Delayed,Delhi,C006,Central
8d0d0fa7,2023-03-15,2023-03-17,Delayed,Hyderabad,C002,East
fbbbd006,2023-03-12,2023-03-14,Delayed,Hyderabad,C009,West
98df7aa6,2023-05-17,2023-05-21,Delivered,Kolkata,C002,West
e44ac1e2,2023-03-23,2023-03-28,Delivered,Delhi,C002,West
87537fc8,2023-04-23,2023-04-27,Delivered,Hyderabad,C005,Central
1ea81e4b,2023-06-21,2023-06-22,Delivered,Ahmedabad,C009,North
296f6146,2023-01-31,2023-02-03,Cancelled,Bangalore,C004,North
552b691b,2023-03-11,2023-03-16,Delivered,Delhi,C006,South
443b3b3a,2023-02-08,2023-02-09,Delivered,Mumbai,C002,South
21e887b6,2023-02-10,2023-02-14,Delivered,Kolkata,C004,South
0bf2b004,2023-03-12,2023-03-14,Delivered,Ahmedabad,C009,Central
f403e520,2023-01-30,2023-02-04,Delivered,Hyderabad,C002,East
4e71bcc5,2023-01-04,2023-01-07,Delivered,Ahmedabad,C001,North
d0cebefe,2023-06-09,2023-06-10,Delivered,Ahmedabad,C004,South
83a6e02b,2023-05-24,2023-05-29,Delayed,Chennai,C004,Central
920c4ab7,2023-05-12,2023-05-16,Delivered,Delhi,C001,Central
c53acf0e,2023-01-27,2023-01-31,Delayed,Mumbai,C004,South
c24c3ebb,2023-02-22,2023-02-27,Delayed,Chennai,C003,West
4579b730,2023-05-19,2023-05-22,Delivered,Ahmedabad,C002,West
c17a856d,2023-03-31,2023-04-01,Delayed,Mumbai,C010,West
d5f27d95,2023-05-21,2023-05-25,Delivered,Ahmedabad,C004,South
ad97a477,2023-03-23,2023-03-27,Cancelled,Hyderabad,C008,Central
68d86ad3,2023-03-11,2023-03-13,Delivered,Ahmedabad,C007,Central
3dd3b033,2023-02-06,2023-02-09,Delivered,Chennai,C009,North
47d05c8a,2023-06-30,2023-07-02,Delivered,Hyderabad,C008,West
8c9a4945,2023-03-14,2023-03-17,Delivered,Chennai,C001,South
7ffbd3c4,2023-05-27,2023-05-28,Cancelled,Delhi,C002,North
fc2dcf7e,2023-03-04,2023-03-08,Delivered,Ahmedabad,C002,Central
b326f955,2023-02-13,2023-02-15,Delivered,Pune,C008,North
86459647,2023-01-19,2023-01-21,Delivered,Bangalore,C004,West
5f8319f8,2023-03-21,2023-03-22,Delayed,Pune,C009,East
0c726316,2023-06-06,2023-06-09,Delivered,Bangalore,C002,West
721e4fda,2023-03-28,2023-03-31,Delivered,Pune,C004,West
be393165,2023-05-19,2023-05-24,Delivered,Mumbai,C001,South
23a5de57,2023-04-24,2023-04-28,Delayed,Kolkata,C003,East
0d18416b,2023-01-13,2023-01-18,Delivered,Chennai,C006,East
e50c2693,2023-02-03,2023-02-05,Delivered,Hyderabad,C009,East
ec56d2b7,2023-01-08,2023-01-11,Delivered,Kolkata,C001,Central
1ce9f87e,2023-05-01,2023-05-04,Delayed,Delhi,C005,North
f339eded,2023-06-22,2023-06-26,Delivered,Delhi,C002,Central
4c4cd177,2023-01-13,2023-01-16,Delivered,Delhi,C007,East
d0d72557,2023-01-28,2023-02-02,Delivered,Bangalore,C004,South
170d4779,2023-04-09,2023-04-14,Delayed,Hyderabad,C005,West
0334737e,2023-01-14,2023-01-16,Delayed,Delhi,C008,West
1b1a044e,2023-01-23,2023-01-25,Delivered,Delhi,C002,Central
8424d016,2023-04-20,2023-04-25,Delivered,Pune,C003,Central
1d92df06,2023-04-11,2023-04-16,Delivered,Mumbai,C005,South
4132ab0b,2023-02-15,2023-02-16,Delivered,Chennai,C010,West
e21d27dc,2023-06-30,2023-07-03,Delivered,Chennai,C004,Central
e778adcd,2023-06-02,2023-06-03,Delivered,Ahmedabad,C005,North
31321286,2023-06-01,2023-06-03,Delivered,Chennai,C003,Central
ed21a1d9,2023-06-11,2023-06-16,Delayed,Kolkata,C009,Central
9bae3c7c,2023-06-26,2023-07-01,Delivered,Pune,C008,East
44ee85db,2023-06-29,2023-07-02,Delayed,Pune,C006,North
0fbb7bdc,2023-04-25,2023-04-27,Delivered,Mumbai,C001,North
15a9f7f5,2023-06-07,2023-06-11,Delivered,Bangalore,C004,South
00d4927a,2023-04-02,2023-04-06,Delivered,Kolkata,C007,East
3d12cd56,2023-03-21,2023-03-22,Delivered,Mumbai,C010,North
415edec8,2023-03-27,2023-03-30,Delivered,Delhi,C005,East
42c059f0,2023-02-20,2023-02-23,Delayed,Hyderabad,C004,East
08e62db8,2023-06-21,2023-06-23,Delayed,Kolkata,C009,West
d182ce7e,2023-05-17,2023-05-19,Delivered,Kolkata,C008,North
1afe7f1f,2023-01-21,2023-01-24,Delivered,Delhi,C003,West
c2754e48,2023-04-30,2023-05-01,Delivered,Delhi,C006,Central
962e71f0,2023-05-26,2023-05-27,Delivered,Hyderabad,C004,Central
3ee60ff5,2023-02-03,2023-02-07,Delivered,Chennai,C007,West
6ee25939,2023-01-24,2023-01-25,Delayed,Kolkata,C001,Central
35606ff1,2023-06-28,2023-07-01,Cancelled,Mumbai,C001,West
af04f4d4,2023-04-30,2023-05-04,Delayed,Bangalore,C006,South
a07a83cf,2023-01-25,2023-01-27,Delivered,Delhi,C010,East
d73a19b6,2023-04-27,2023-05-01,Delayed,Delhi,C007,South
478edc4b,2023-03-21,2023-03-25,Delayed,Bangalore,C009,North
2742f30c,2023-06-25,2023-06-30,Delivered,Mumbai,C007,South
f84e86fa,2023-06-14,2023-06-16,Delivered,Ahmedabad,C009,South
4353e46f,2023-04-30,2023-05-05,Delayed,Delhi,C010,Central
425c306d,2023-05-01,2023-05-05,Delivered,Bangalore,C009,West
1499e98a,2023-03-01,2023-03-04,Delivered,Pune,C008,North
ecead5cd,2023-02-27,2023-02-28,Delivered,Delhi,C007,Central
3aef1230,2023-02-06,2023-02-09,Delivered,Chennai,C003,North
81bf200c,2023-06-07,2023-06-11,Delivered,Chennai,C003,East
d20fba1e,2023-03-08,2023-03-11,Delayed,Delhi,C005,West
7f73df7c,2023-04-04,2023-04-06,Delivered,Pune,C007,Central
d0d80647,2023-04-11,2023-04-16,Delivered,Delhi,C010,South
b1857d09,2023-02-16,2023-02-20,Delivered,Ahmedabad,C007,East
4cecaa39,2023-06-29,2023-07-02,Delivered,Ahmedabad,C001,South
5c6fcb8d,2023-06-20,2023-06-22,Delivered,Chennai,C008,North
fe85f61c,2023-03-26,2023-03-31,Delivered,Ahmedabad,C001,East
d2793ea1,2023-03-25,2023-03-27,Delivered,Pune,C004,Central
506929d4,2023-04-27,2023-04-30,Delivered,Ahmedabad,C002,South
2ce9ef7e,2023-05-05,2023-05-06,Delivered,Delhi,C005,South
7d8a535a,2023-01-08,2023-01-09,Delivered,Pune,C006,North
82f1786e,2023-01-17,2023-01-18,Delivered,Mumbai,C004,North
5d74b653,2023-05-02,2023-05-05,Delivered,Mumbai,C004,West
d0ab29a4,2023-01-29,2023-02-03,Cancelled,Hyderabad,C007,West
61fd6bdd,2023-03-31,2023-04-04,Delivered,Mumbai,C004,North
659bb501,2023-05-03,2023-05-06,Delayed,Kolkata,C002,West
1bce1557,2023-04-29,2023-05-01,Delivered,Pune,C004,South
f99880fb,2023-02-13,2023-02-16,Delivered,Kolkata,C007,North
0c5f66a4,2023-03-14,2023-03-18,Cancelled,Kolkata,C001,East
0c5b79a8,2023-03-31,2023-04-05,Delivered,Delhi,C004,North
f2cd5925,2023-06-04,2023-06-05,Delivered,Delhi,C006,Central
39677ebf,2023-05-28,2023-06-01,Delivered,Bangalore,C008,Central
0d7dc080,2023-02-02,2023-02-05,Delivered,Pune,C008,North
8a1e0ae7,2023-05-11,2023-05-15,Delayed,Kolkata,C009,East
9d4cad63,2023-01-27,2023-01-29,Delivered,Kolkata,C005,North
ed1557ea,2023-04-14,2023-04-17,Delivered,Mumbai,C002,East
e29df3c6,2023-01-28,2023-02-02,Delivered,Chennai,C003,South
6e357756,2023-03-25,2023-03-26,Delivered,Pune,C002,South
87d6b723,2023-05-23,2023-05-26,Delayed,Chennai,C009,East
1946393f,2023-06-16,2023-06-19,Delayed,Pune,C006,West
267e9af9,2023-01-19,2023-01-24,Delivered,Pune,C001,South
ce9626d6,2023-03-19,2023-03-24,Delivered,Hyderabad,C003,Central
734a37c1,2023-05-17,2023-05-18,Delayed,Bangalore,C007,North
5b1eaf71,2023-04-29,2023-05-04,Delivered,Chennai,C007,West
1e7bccd2,2023-04-13,2023-04-14,Delivered,Hyderabad,C005,Central
ba9e9cbd,2023-06-01,2023-06-03,Delivered,Mumbai,C003,North
a3198850,2023-04-16,2023-04-20,Delivered,Bangalore,C007,Central
8574235d,2023-03-03,2023-03-04,Delivered,Bangalore,C005,West
0199b56a,2023-06-08,2023-06-09,Cancelled,Kolkata,C006,East
a4d63301,2023-03-04,2023-03-06,Delivered,Pune,C003,North
3edfca04,2023-05-21,2023-05-23,Delivered,Ahmedabad,C006,Central
b86c3b8c,2023-02-10,2023-02-11,Delivered,Pune,C007,Central
f2de35a2,2023-05-04,2023-05-09,Delivered,Delhi,C008,West
cd3a96de,2023-04-09,2023-04-11,Delivered,Pune,C002,West
57e73463,2023-01-17,2023-01-19,Delayed,Pune,C002,West
b92f5ee0,2023-03-29,2023-03-30,Delivered,Pune,C006,East
a7169f35,2023-02-23,2023-02-26,Delivered,Kolkata,C008,South
55de2225,2023-06-27,2023-06-30,Delivered,Mumbai,C005,Central
239d5b14,2023-06-01,2023-06-04,Delivered,Pune,C001,East
e489a9cf,2023-04-21,2023-04-22,Delivered,Ahmedabad,C001,Central
898542af,2023-04-22,2023-04-26,Delayed,Kolkata,C010,East
1644b5a4,2023-05-26,2023-05-29,Delivered,Ahmedabad,C009,North
1923cac7,2023-03-29,2023-03-30,Delayed,Bangalore,C004,South
68fdde7a,2023-05-20,2023-05-24,Delivered,Kolkata,C010,Central
0516185e,2023-06-27,2023-07-01,Delivered,Pune,C001,West
eed9c275,2023-03-02,2023-03-07,Delivered,Hyderabad,C008,South
8ef13cdf,2023-02-14,2023-02-15,Delivered,Kolkata,C002,Central
70a0e2de,2023-06-19,2023-06-24,Delivered,Chennai,C002,North
dce79f3a,2023-06-21,2023-06-25,Delivered,Mumbai,C001,Central
f6c34d8f,2023-01-20,2023-01-24,Delivered,Mumbai,C001,Central
012d451d,2023-05-27,2023-05-29,Delivered,Bangalore,C009,Central
38957387,2023-05-05,2023-05-10,Delivered,Kolkata,C001,South
5c45b08e,2023-01-30,2023-01-31,Delivered,Ahmedabad,C006,Central
3d664d97,2023-06-01,2023-06-03,Delivered,Ahmedabad,C007,West
76985b76,2023-06-02,2023-06-06,Delivered,Bangalore,C004,East
aecdc85f,2023-04-29,2023-05-01,Delivered,Bangalore,C005,West
31656f1f,2023-03-25,2023-03-26,Delayed,Hyderabad,C004,North
ed62c86f,2023-05-23,2023-05-26,Delivered,Delhi,C004,South
d8811ce7,2023-01-25,2023-01-27,Delivered,Bangalore,C010,East
62832a9a,2023-04-24,2023-04-26,Delivered,Delhi,C001,South
d7c6e8b3,2023-02-15,2023-02-16,Delivered,Ahmedabad,C006,South
c9b733db,2023-03-20,2023-03-25,Delivered,Delhi,C010,Central
b50e15b0,2023-04-14,2023-04-15,Delivered,Mumbai,C010,West
caaf4ef2,2023-01-18,2023-01-19,Delivered,Ahmedabad,C007,East
9ad06b99,2023-06-03,2023-06-05,Delivered,Chennai,C007,Central
8201e6c7,2023-01-28,2023-02-01,Delivered,Ahmedabad,C008,East
1103306a,2023-06-25,2023-06-26,Delayed,Chennai,C007,West
14016514,2023-06-02,2023-06-03,Delivered,Kolkata,C006,Central
feceed8e,2023-04-08,2023-04-10,Delivered,Hyderabad,C008,East
2d0c12ff,2023-03-25,2023-03-27,Delivered,Hyderabad,C003,Central
fb525ef0,2023-05-07,2023-05-09,Delivered,Chennai,C009,South
7b10c8f9,2023-06-15,2023-06-17,Delivered,Kolkata,C003,North
5c34ff14,2023-06-19,2023-06-24,Delivered,Ahmedabad,C004,East
1c761a34,2023-01-16,2023-01-19,Delivered,Pune,C010,West
0902cd2d,2023-01-24,2023-01-27,Delivered,Chennai,C006,East
29e8846a,2023-02-25,2023-03-01,Delayed,Ahmedabad,C008,North
4d1acf02,2023-02-05,2023-02-09,Cancelled,Kolkata,C003,East
226bf97b,2023-05-29,2023-05-30,Delivered,Kolkata,C010,East
95df6ee6,2023-06-12,2023-06-17,Delivered,Kolkata,C006,East
019ef2d4,2023-01-01,2023-01-04,Delivered,Kolkata,C005,West
b5546c71,2023-02-07,2023-02-11,Delivered,Mumbai,C005,North
b7f1f301,2023-06-19,2023-06-20,Delivered,Ahmedabad,C005,North
4bdeb777,2023-02-08,2023-02-12,Delivered,Mumbai,C009,West
a7be20c0,2023-04-26,2023-05-01,Delayed,Chennai,C007,East
0afd24f0,2023-05-17,2023-05-18,Delivered,Kolkata,C009,East
dd8f22fd,2023-03-16,2023-03-17,Delivered,Bangalore,C009,North
b68390e6,2023-04-10,2023-04-12,Delivered,Kolkata,C006,East
d07d99a5,2023-06-07,2023-06-12,Delayed,Bangalore,C006,South
3afab6b4,2023-05-28,2023-05-29,Delivered,Mumbai,C004,East
562e2fc5,2023-04-25,2023-04-27,Delivered,Kolkata,C008,East
a7ae5f7b,2023-02-20,2023-02-22,Delivered,Delhi,C002,Central
fa3a43c8,2023-02-22,2023-02-27,Delayed,Chennai,C005,North
2cdb2442,2023-06-24,2023-06-28,Delivered,Kolkata,C001,North
7179474c,2023-03-23,2023-03-24,Delayed,Hyderabad,C010,South
f99b0f2d,2023-03-18,2023-03-21,Delivered,Bangalore,C002,South
1c3e66a9,2023-05-26,2023-05-27,Delivered,Pune,C001,South
1f4ed0f8,2023-06-23,2023-06-28,Delivered,Pune,C006,North
8093cfe2,2023-03-19,2023-03-22,Delivered,Kolkata,C002,Central
991aaa09,2023-04-22,2023-04-27,Delivered,Ahmedabad,C004,Central
9756e4c5,2023-03-30,2023-04-01,Delayed,Delhi,C005,West
2d6c953b,2023-01-23,2023-01-27,Delivered,Bangalore,C007,North
d349921e,2023-05-30,2023-06-01,Delivered,Delhi,C010,West
023b55c0,2023-01-03,2023-01-05,Delivered,Pune,C001,East
5a528913,2023-06-06,2023-06-11,Delivered,Chennai,C005,South
1ea92365,2023-05-11,2023-05-12,Delivered,Pune,C004,West
26a53db9,2023-04-14,2023-04-19,Delivered,Chennai,C007,West
c7a7911f,2023-02-02,2023-02-05,Delivered,Chennai,C010,North
76c0e436,2023-03-17,2023-03-20,Delivered,Mumbai,C007,South
ec6fdebd,2023-01-16,2023-01-21,Cancelled,Pune,C008,South
816e2b3a,2023-04-05,2023-04-08,Delivered,Ahmedabad,C004,Central
184fcf6e,2023-05-21,2023-05-26,Delayed,Pune,C004,West
a23fe33d,2023-01-14,2023-01-18,Delivered,Delhi,C010,Central
b3b471b0,2023-01-01,2023-01-03,Delivered,Kolkata,C005,West
525a3ebd,2023-06-30,2023-07-02,Delivered,Hyderabad,C005,North
ee79b3a9,2023-05-24,2023-05-29,Delivered,Hyderabad,C003,North
204f9f37,2023-04-02,2023-04-05,Delayed,Ahmedabad,C005,East
c68abce0,2023-01-29,2023-02-01,Delivered,Chennai,C005,West
4e63c497,2023-03-14,2023-03-16,Delivered,Ahmedabad,C008,West
87ed0f20,2023-01-08,2023-01-11,Delayed,Hyderabad,C007,South
39d5d9d4,2023-03-02,2023-03-05,Delivered,Ahmedabad,C008,South
639985ff,2023-04-21,2023-04-25,Delivered,Bangalore,C005,Central
55bb0aed,2023-06-29,2023-06-30,Delivered,Delhi,C002,East
047f8c7b,2023-06-01,2023-06-04,Delayed,Delhi,C008,North
6f12923c,2023-04-11,2023-04-15,Delivered,Ahmedabad,C009,West
7230511a,2023-06-10,2023-06-11,Delivered,Delhi,C002,Central
0812907c,2023-03-23,2023-03-27,Delivered,Bangalore,C001,East
0d6c475f,2023-04-08,2023-04-13,Delayed,Kolkata,C006,South
6704051f,2023-04-14,2023-04-19,Delivered,Mumbai,C003,East
93629354,2023-04-08,2023-04-12,Delivered,Bangalore,C001,Central
2d216441,2023-04-22,2023-04-24,Delivered,Delhi,C006,North
0caa4d57,2023-05-20,2023-05-22,Delayed,Delhi,C008,South
064f9ca3,2023-02-24,2023-02-25,Delayed,Pune,C009,South
6b96d596,2023-06-19,2023-06-20,Cancelled,Delhi,C006,North
d135e10e,2023-02-14,2023-02-18,Delivered,Kolkata,C006,South
57913d80,2023-05-02,2023-05-03,Delivered,Hyderabad,C001,Central
cfe992d6,2023-02-05,2023-02-07,Delivered,Mumbai,C005,South
3dd83f9a,2023-02-18,2023-02-20,Delayed,Bangalore,C003,West
1b0d66f9,2023-05-23,2023-05-28,Delivered,Ahmedabad,C007,East
455828cd,2023-04-09,2023-04-12,Delivered,Delhi,C009,Central
ec95dc35,2023-04-03,2023-04-05,Delayed,Pune,C006,North
171516f4,2023-04-17,2023-04-22,Delivered,Pune,C005,Central
694d8988,2023-02-09,2023-02-12,Delivered,Chennai,C007,West
5db3876d,2023-03-15,2023-03-18,Delivered,Mumbai,C009,South
dd3ba293,2023-06-21,2023-06-25,Delivered,Pune,C005,South
f29b7178,2023-02-02,2023-02-03,Delayed,Chennai,C005,Central
fee45a69,2023-02-04,2023-02-06,Delivered,Mumbai,C010,South
730044f7,2023-01-03,2023-01-08,Delivered,Delhi,C004,South
93fbe776,2023-01-19,2023-01-22,Delivered,Mumbai,C005,West
515a3242,2023-06-15,2023-06-17,Delivered,Mumbai,C007,North
de9388b4,2023-01-05,2023-01-10,Delivered,Ahmedabad,C003,East
3397a8bc,2023-02-06,2023-02-07,Delivered,Delhi,C004,Central
6ced94be,2023-05-05,2023-05-08,Delivered,Kolkata,C009,North
dbbfb1f8,2023-06-18,2023-06-19,Delivered,Pune,C002,East
d953ad30,2023-04-22,2023-04-24,Delivered,Chennai,C008,North
4d39cede,2023-02-04,2023-02-06,Delivered,Ahmedabad,C009,Central
3141755c,2023-01-22,2023-01-25,Delayed,Ahmedabad,C005,West
be1584f0,2023-02-05,2023-02-07,Delayed,Kolkata,C007,West
d50d6fe0,2023-06-14,2023-06-18,Delayed,Chennai,C006,West
322b14c4,2023-04-17,2023-04-21,Delivered,Hyderabad,C001,North
e19c471f,2023-04-27,2023-04-30,Delivered,Pune,C008,Central
2b0e1865,2023-06-28,2023-07-02,Delivered,Chennai,C009,South
6c9d3b6f,2023-06-04,2023-06-08,Delivered,Chennai,C010,South
c7f14342,2023-04-19,2023-04-24,Delivered,Mumbai,C001,West
de44861c,2023-06-09,2023-06-11,Delivered,Hyderabad,C008,North
225e5cee,2023-02-16,2023-02-20,Cancelled,Delhi,C003,South
1aa0b934,2023-04-27,2023-05-01,Delivered,Delhi,C006,North
f7769083,2023-05-11,2023-05-16,Delivered,Bangalore,C010,Central
987a8313,2023-04-19,2023-04-24,Delayed,Hyderabad,C008,West
355c14b2,2023-05-22,2023-05-25,Delivered,Mumbai,C005,East
7d8dcddc,2023-04-26,2023-04-28,Delayed,Bangalore,C008,West
386a16ae,2023-04-09,2023-04-10,Delayed,Bangalore,C007,East
448e73c9,2023-04-01,2023-04-06,Delayed,Delhi,C007,South
d3b451bb,2023-02-27,2023-02-28,Delivered,Chennai,C007,East
75b62427,2023-02-17,2023-02-18,Delivered,Mumbai,C009,North
ab343462,2023-04-19,2023-04-20,Delivered,Ahmedabad,C006,East
9a7e2c30,2023-06-04,2023-06-09,Delivered,Ahmedabad,C006,South
222108ae,2023-01-02,2023-01-03,Delivered,Hyderabad,C009,South
13322ff3,2023-05-28,2023-05-29,Delivered,Bangalore,C006,West
7b25dc1b,2023-05-08,2023-05-11,Delivered,Mumbai,C007,South
5121e0f3,2023-03-02,2023-03-03,Delivered,Delhi,C007,North
4dfc3131,2023-05-09,2023-05-12,Delayed,Bangalore,C002,East
e0f46825,2023-03-10,2023-03-14,Delayed,Bangalore,C008,Central
a1069899,2023-04-16,2023-04-20,Delivered,Kolkata,C006,South
dd5b058e,2023-05-20,2023-05-25,Delivered,Delhi,C004,East
85422c44,2023-05-28,2023-05-30,Delayed,Ahmedabad,C007,West
d1644b54,2023-04-04,2023-04-05,Delivered,Kolkata,C008,Central
1bf279b8,2023-01-09,2023-01-10,Delayed,Delhi,C001,West
7631cf1d,2023-01-10,2023-01-13,Delayed,Delhi,C010,North
c880c84a,2023-05-26,2023-05-28,Delivered,Kolkata,C004,West
5756392b,2023-05-04,2023-05-06,Delayed,Ahmedabad,C004,East
9c502124,2023-06-30,2023-07-04,Delivered,Pune,C010,Central
7dd42331,2023-04-05,2023-04-08,Delivered,Mumbai,C009,West
91f69568,2023-01-29,2023-01-30,Delivered,Mumbai,C006,West
d277fdea,2023-05-29,2023-06-01,Delivered,Pune,C004,North
caf6e2d4,2023-05-04,2023-05-08,Delayed,Mumbai,C001,East
8fe2212f,2023-06-26,2023-06-27,Delivered,Chennai,C008,West
e02c857c,2023-01-21,2023-01-24,Delivered,Bangalore,C009,East
6dd8d3a6,2023-02-06,2023-02-07,Delivered,Mumbai,C005,South
32b86243,2023-05-15,2023-05-16,Delayed,Chennai,C005,North
70a47e60,2023-03-13,2023-03-16,Delayed,Bangalore,C010,North
b0e6c3f0,2023-04-30,2023-05-02,Delayed,Mumbai,C008,North
426051cb,2023-05-13,2023-05-16,Delivered,Delhi,C008,East
5759ebc0,2023-01-21,2023-01-25,Delivered,Pune,C005,West
881d1d8a,2023-05-14,2023-05-16,Delivered,Hyderabad,C004,West
9628f677,2023-06-06,2023-06-07,Delivered,Mumbai,C006,East
06a5e9e3,2023-01-23,2023-01-24,Delivered,Hyderabad,C010,East
29bc92ba,2023-03-04,2023-03-08,Delivered,Mumbai,C005,South
ca647b54,2023-05-01,2023-05-03,Delivered,Delhi,C008,Central
6773a3b6,2023-06-11,2023-06-12,Delayed,Pune,C009,Central
fbc89bc5,2023-06-19,2023-06-20,Delivered,Ahmedabad,C001,North
f11c57b3,2023-06-21,2023-06-22,Delivered,Pune,C009,West
9a126526,2023-01-20,2023-01-22,Delivered,Hyderabad,C009,North
715ef001,2023-06-25,2023-06-29,Delayed,Chennai,C006,West
1199e949,2023-06-12,2023-06-17,Delayed,Delhi,C010,West
84f80e95,2023-05-19,2023-05-24,Delayed,Hyderabad,C005,South
45794fe4,2023-05-29,2023-06-01,Delivered,Hyderabad,C007,East
a7534368,2023-03-21,2023-03-24,Cancelled,Kolkata,C008,East
4bd042e3,2023-06-06,2023-06-07,Delivered,Kolkata,C009,East
a34a8516,2023-01-14,2023-01-19,Delivered,Delhi,C009,Central
f779876d,2023-03-29,2023-04-02,Cancelled,Delhi,C010,East
2bb1f907,2023-05-17,2023-05-18,Delivered,Delhi,C003,Central
f730513f,2023-01-03,2023-01-05,Delivered,Bangalore,C008,North
733dfce4,2023-05-01,2023-05-03,Delivered,Chennai,C001,Central
23bda711,2023-04-27,2023-04-28,Delivered,Mumbai,C007,West
0ffd73ea,2023-05-12,2023-05-16,Delayed,Ahmedabad,C005,South
7b21a1fa,2023-05-01,2023-05-05,Delivered,Kolkata,C002,South
e3aa82de,2023-05-27,2023-05-28,Delivered,Pune,C002,West
5523cfb0,2023-03-26,2023-03-27,Delivered,Pune,C008,North
ef328b01,2023-04-18,2023-04-22,Delivered,Hyderabad,C005,South
db97d575,2023-04-01,2023-04-05,Delivered,Kolkata,C003,West
f193d630,2023-03-17,2023-03-21,Delivered,Mumbai,C001,South
14d69af2,2023-03-16,2023-03-20,Delivered,Delhi,C007,Central
b4ab0a4a,2023-02-12,2023-02-14,Delivered,Pune,C003,South
3eae0001,2023-01-10,2023-01-11,Delayed,Kolkata,C007,Central
4828df71,2023-06-27,2023-07-02,Delivered,Chennai,C002,Central
527354e5,2023-06-02,2023-06-03,Delivered,Chennai,C004,South
eb247fdc,2023-03-19,2023-03-20,Delivered,Ahmedabad,C002,South
7d99cbd7,2023-05-25,2023-05-28,Delivered,Bangalore,C004,Central
cf67c23c,2023-03-08,2023-03-11,Delayed,Kolkata,C005,South
74647b5b,2023-01-16,2023-01-20,Cancelled,Delhi,C008,North
4f6dd0b9,2023-06-11,2023-06-13,Delivered,Hyderabad,C002,East
d274abe9,2023-05-02,2023-05-05,Delayed,Ahmedabad,C010,East
19cbc7aa,2023-05-29,2023-05-30,Delivered,Ahmedabad,C003,West
03f55b69,2023-02-13,2023-02-16,Delivered,Bangalore,C010,East
d0bbf8fa,2023-05-27,2023-05-29,Delayed,Delhi,C005,North
df3fc09e,2023-01-14,2023-01-16,Delivered,Ahmedabad,C009,East
edc89e76,2023-06-18,2023-06-22,Delivered,Bangalore,C010,East
1e6c071f,2023-03-16,2023-03-17,Delayed,Kolkata,C005,North
7b9604b8,2023-06-09,2023-06-10,Delivered,Mumbai,C009,Central
1f97f6be,2023-01-07,2023-01-12,Delayed,Ahmedabad,C004,East
ee375c86,2023-03-15,2023-03-19,Delayed,Pune,C010,West
d8857a51,2023-05-05,2023-05-10,Delivered,Kolkata,C005,East
0c2b70f3,2023-01-22,2023-01-26,Delivered,Delhi,C009,East
80c38d95,2023-02-02,2023-02-04,Delivered,Hyderabad,C004,North
4b5ae955,2023-05-10,2023-05-11,Cancelled,Hyderabad,C005,North
ddc316a7,2023-01-20,2023-01-23,Delivered,Delhi,C005,West
e4f6c08d,2023-03-13,2023-03-16,Delivered,Bangalore,C004,South
20a6f771,2023-03-06,2023-03-07,Delivered,Chennai,C004,North
7c0e6974,2023-02-03,2023-02-08,Delivered,Delhi,C005,South
82715ae2,2023-06-07,2023-06-10,Delivered,Pune,C006,West
f78cc139,2023-03-13,2023-03-17,Delivered,Ahmedabad,C007,East
594c4296,2023-03-12,2023-03-16,Delivered,Kolkata,C006,East
951c4cf5,2023-03-07,2023-03-12,Delivered,Hyderabad,C001,South
b126ba36,2023-01-04,2023-01-06,Delivered,Mumbai,C002,West
9e405ca3,2023-01-29,2023-02-01,Delivered,Hyderabad,C007,West
7dfb6ef8,2023-06-04,2023-06-07,Delivered,Chennai,C003,North
dbd69f47,2023-02-14,2023-02-19,Delayed,Ahmedabad,C010,South
d829171a,2023-06-01,2023-06-06,Delivered,Hyderabad,C002,North
f69bf799,2023-02-08,2023-02-10,Delivered,Chennai,C006,South
51325eba,2023-06-18,2023-06-21,Delivered,Ahmedabad,C004,North
0f1639fb,2023-04-25,2023-04-28,Delivered,Pune,C005,North
438ad1ec,2023-04-05,2023-04-09,Delivered,Ahmedabad,C006,West
62c68eee,2023-02-14,2023-02-16,Delivered,Delhi,C003,West
c51f3482,2023-03-08,2023-03-13,Delivered,Hyderabad,C001,East
3930e9f1,2023-06-29,2023-07-03,Delayed,Bangalore,C003,East
dca0f860,2023-03-02,2023-03-05,Delayed,Kolkata,C003,West
670a1f12,2023-05-05,2023-05-09,Delayed,Bangalore,C006,West
c3736cbe,2023-02-16,2023-02-19,Delayed,Kolkata,C004,North
9755f51e,2023-05-16,2023-05-19,Delivered,Hyderabad,C007,East
6a9c5ec8,2023-01-09,2023-01-11,Delivered,Pune,C002,West
d075dc81,2023-03-29,2023-04-02,Delivered,Hyderabad,C004,South
23602ac6,2023-01-22,2023-01-27,Delivered,Kolkata,C008,South
2b8e231a,2023-02-07,2023-02-11,Delivered,Pune,C006,East
0d3d762f,2023-06-02,2023-06-05,Delayed,Mumbai,C010,South
dd1ac3de,2023-02-09,2023-02-13,Delivered,Pune,C003,North
757c886a,2023-05-07,2023-05-08,Delivered,Hyderabad,C010,East
d2111a9a,2023-04-16,2023-04-21,Delivered,Mumbai,C002,West
9276bb2e,2023-04-09,2023-04-12,Delivered,Mumbai,C003,South
386e79b5,2023-03-02,2023-03-04,Delayed,Kolkata,C001,North
db1d9f5e,2023-06-19,2023-06-22,Delayed,Mumbai,C001,West
0c7c947c,2023-04-23,2023-04-26,Delivered,Mumbai,C002,Central
1d1dc66a,2023-06-13,2023-06-17,Delayed,Delhi,C003,North
ca0ba736,2023-02-12,2023-02-16,Delivered,Pune,C009,South
bc38930b,2023-02-23,2023-02-28,Delayed,Ahmedabad,C008,North
acffdc06,2023-05-28,2023-05-30,Delivered,Bangalore,C009,Central
30cb8520,2023-03-30,2023-03-31,Delivered,Mumbai,C007,Central
288c2a3f,2023-01-14,2023-01-17,Delivered,Ahmedabad,C007,North
24862c0b,2023-06-14,2023-06-19,Delayed,Bangalore,C005,West
320f25dd,2023-03-09,2023-03-11,Cancelled,Ahmedabad,C007,West
5dd0f292,2023-01-30,2023-02-04,Delivered,Mumbai,C004,Central
1da9cb43,2023-01-14,2023-01-17,Delivered,Bangalore,C005,East
25410158,2023-02-12,2023-02-17,Delayed,Hyderabad,C001,East
3123d71c,2023-04-29,2023-05-01,Delivered,Hyderabad,C004,West
56abc93f,2023-04-13,2023-04-18,Delivered,Bangalore,C003,East
3e8c9ce9,2023-05-02,2023-05-04,Delivered,Pune,C002,West
e90f27b6,2023-03-19,2023-03-21,Delivered,Mumbai,C002,South
7182f920,2023-05-02,2023-05-06,Delayed,Delhi,C008,West
8a3a4aa2,2023-05-17,2023-05-18,Delayed,Ahmedabad,C001,South
ff056720,2023-03-01,2023-03-05,Delivered,Pune,C008,Central
7e166b08,2023-04-08,2023-04-09,Delivered,Bangalore,C009,East
9d5bdb6f,2023-06-24,2023-06-29,Delayed,Pune,C006,Central
01a5bfb9,2023-06-30,2023-07-05,Delivered,Ahmedabad,C001,North
5432f75d,2023-04-10,2023-04-11,Delayed,Chennai,C010,North
19c47b80,2023-05-02,2023-05-07,Delivered,Delhi,C007,Central
c8a1a534,2023-03-09,2023-03-10,Delivered,Ahmedabad,C005,West
51d308b8,2023-02-07,2023-02-12,Delayed,Chennai,C009,West
9f111030,2023-05-16,2023-05-17,Delivered,Ahmedabad,C007,East
ac2ad663,2023-04-22,2023-04-25,Delivered,Ahmedabad,C005,Central
2faa72ec,2023-01-04,2023-01-09,Delayed,Bangalore,C002,North
5e083597,2023-03-15,2023-03-17,Delivered,Mumbai,C004,Central
257a367d,2023-04-25,2023-04-27,Delivered,Pune,C002,Central
b67fff3e,2023-04-08,2023-04-11,Cancelled,Pune,C009,East
b937e600,2023-06-23,2023-06-27,Delayed,Chennai,C002,West
9e49e4f9,2023-03-22,2023-03-23,Delivered,Pune,C002,North
280dc1ec,2023-05-16,2023-05-19,Delivered,Bangalore,C002,East
dd4054a4,2023-06-24,2023-06-27,Delivered,Delhi,C001,North
c9f15e91,2023-01-11,2023-01-16,Delivered,Mumbai,C009,North
d8f32d5c,2023-01-25,2023-01-29,Delivered,Chennai,C008,West
f276ab86,2023-05-17,2023-05-22,Delayed,Pune,C002,West
fe9371ff,2023-06-13,2023-06-17,Delivered,Bangalore,C002,East
cb183e9b,2023-04-01,2023-04-03,Delayed,Mumbai,C005,South
6772d688,2023-04-21,2023-04-26,Delivered,Mumbai,C004,East
2ca3b3e6,2023-06-06,2023-06-09,Delivered,Hyderabad,C002,East
6d56f0e4,2023-06-16,2023-06-20,Delivered,Mumbai,C008,South
72853a04,2023-03-11,2023-03-12,Delivered,Ahmedabad,C008,North
d44ed302,2023-03-27,2023-03-29,Delivered,Bangalore,C004,Central
4cc74733,2023-03-11,2023-03-15,Cancelled,Delhi,C004,South
b8a8205e,2023-03-10,2023-03-12,Delivered,Kolkata,C009,Central
6fa0aa90,2023-01-26,2023-01-28,Delayed,Hyderabad,C004,North
1753472f,2023-03-07,2023-03-08,Delivered,Bangalore,C010,South
92895646,2023-06-17,2023-06-22,Cancelled,Bangalore,C009,West
ef532d4b,2023-05-30,2023-05-31,Delivered,Bangalore,C003,East
057dfff1,2023-04-11,2023-04-15,Delayed,Chennai,C002,South
35a14d08,2023-04-29,2023-05-01,Delivered,Pune,C008,South
b13f703c,2023-06-22,2023-06-23,Delayed,Chennai,C003,North
cec84003,2023-03-03,2023-03-06,Delayed,Ahmedabad,C002,West
eb3feae8,2023-06-22,2023-06-24,Delivered,Delhi,C008,South
a438c092,2023-05-31,2023-06-04,Delivered,Ahmedabad,C008,West
0f239966,2023-02-19,2023-02-22,Delivered,Bangalore,C005,Central
ca0b6eb5,2023-05-14,2023-05-16,Delayed,Pune,C009,South
3bf4dcd7,2023-03-28,2023-04-02,Delivered,Ahmedabad,C006,West
92e2cd6d,2023-06-23,2023-06-24,Delivered,Chennai,C005,East
80e52ecd,2023-06-26,2023-06-28,Delivered,Chennai,C003,North
69081367,2023-02-16,2023-02-17,Delivered,Chennai,C007,West
6ed877e3,2023-03-22,2023-03-23,Delayed,Delhi,C009,North
43914004,2023-05-21,2023-05-22,Delivered,Delhi,C004,South
b811d1c9,2023-01-03,2023-01-06,Delivered,Bangalore,C007,South
6aacd2c6,2023-06-22,2023-06-23,Delayed,Hyderabad,C003,Central
bde10dbb,2023-01-03,2023-01-05,Delivered,Ahmedabad,C002,North
98c8d0d4,2023-01-18,2023-01-20,Delivered,Bangalore,C001,East
7eb6f223,2023-01-04,2023-01-05,Delivered,Chennai,C006,East
c78fc7f0,2023-04-16,2023-04-17,Delivered,Kolkata,C005,West
bc1addc8,2023-01-26,2023-01-29,Delivered,Ahmedabad,C002,East
4bec8a6b,2023-05-15,2023-05-19,Delayed,Pune,C003,North
d50c0f7e,2023-01-27,2023-01-28,Delivered,Chennai,C009,South
f2c24fac,2023-06-25,2023-06-29,Delivered,Mumbai,C003,North
b5eaa2b8,2023-04-25,2023-04-28,Delivered,Kolkata,C007,North
f26a5ed5,2023-03-31,2023-04-04,Delivered,Kolkata,C001,South
20390941,2023-02-26,2023-02-27,Delayed,Pune,C007,North
165cc044,2023-03-14,2023-03-19,Delivered,Bangalore,C009,East
b4845bd4,2023-03-06,2023-03-09,Delivered,Chennai,C008,West
8192ee35,2023-02-19,2023-02-22,Delivered,Chennai,C007,West
fa213d0b,2023-01-09,2023-01-13,Delayed,Hyderabad,C010,North
57c79a3a,2023-01-07,2023-01-10,Delivered,Mumbai,C008,South
49bd13b0,2023-06-08,2023-06-10,Delivered,Bangalore,C004,Central
1a0ab609,2023-01-24,2023-01-27,Delivered,Delhi,C002,North
3f067dbe,2023-01-15,2023-01-19,Delayed,Bangalore,C009,North
638398d9,2023-06-02,2023-06-07,Delivered,Ahmedabad,C003,Central
807bb99d,2023-06-18,2023-06-23,Delayed,Ahmedabad,C004,West
bf2ba087,2023-02-25,2023-03-01,Delayed,Kolkata,C007,West
0fd77f7c,2023-06-03,2023-06-08,Delivered,Bangalore,C002,Central
14a4ff2f,2023-06-13,2023-06-18,Delivered,Hyderabad,C008,South
b5ef908a,2023-02-01,2023-02-02,Delivered,Bangalore,C010,North
9355ad2b,2023-01-31,2023-02-04,Delivered,Hyderabad,C008,East
dff9dc7f,2023-01-23,2023-01-24,Delayed,Kolkata,C005,West
a8fdaafb,2023-06-04,2023-06-08,Delivered,Hyderabad,C009,West
b663f1aa,2023-02-03,2023-02-06,Delivered,Pune,C008,West
6661dc52,2023-04-07,2023-04-10,Delivered,Pune,C001,South
2de52583,2023-06-18,2023-06-19,Delivered,Ahmedabad,C009,Central
f92745a5,2023-06-15,2023-06-18,Delivered,Chennai,C005,South
86fbc0e3,2023-05-25,2023-05-29,Delayed,Delhi,C009,West
efdb06d5,2023-02-17,2023-02-21,Delivered,Kolkata,C009,North
13c3bd6f,2023-01-29,2023-02-03,Delayed,Ahmedabad,C010,West
bd6fad2c,2023-06-28,2023-06-29,Delivered,Hyderabad,C010,North
8fca716c,2023-02-17,2023-02-21,Delivered,Mumbai,C003,North
f30f50ab,2023-03-06,2023-03-11,Delivered,Kolkata,C008,West
1c93f1a8,2023-03-17,2023-03-22,Delivered,Mumbai,C007,West
8a08a42a,2023-04-30,2023-05-03,Delivered,Delhi,C007,North
9f0076a1,2023-06-19,2023-06-23,Delayed,Hyderabad,C010,South
3559dea4,2023-01-20,2023-01-21,Delayed,Kolkata,C002,South
db8d11dd,2023-06-13,2023-06-17,Delivered,Kolkata,C002,South
b9986c9e,2023-04-27,2023-04-28,Delivered,Delhi,C002,East
7b7a45f2,2023-03-12,2023-03-16,Delivered,Chennai,C002,North
08102734,2023-04-20,2023-04-21,Delayed,Mumbai,C004,East
3682d9ad,2023-06-27,2023-07-01,Delivered,Kolkata,C007,East
fc0385b9,2023-06-20,2023-06-23,Delayed,Bangalore,C002,North
43eec985,2023-03-24,2023-03-29,Delivered,Mumbai,C005,East
a74fbb8c,2023-03-07,2023-03-08,Delivered,Ahmedabad,C007,North
e37d4b37,2023-02-11,2023-02-12,Delayed,Hyderabad,C009,Central
ad112e20,2023-01-19,2023-01-21,Delivered,Delhi,C008,Central
15c7376d,2023-03-12,2023-03-13,Delivered,Ahmedabad,C009,North
8c68faac,2023-01-16,2023-01-20,Delivered,Mumbai,C007,North
baedc4e1,2023-04-08,2023-04-12,Delivered,Bangalore,C003,North
09551d34,2023-04-10,2023-04-13,Delivered,Pune,C001,South
be0b0969,2023-03-27,2023-03-29,Delivered,Bangalore,C010,North
7d583beb,2023-01-16,2023-01-21,Delayed,Ahmedabad,C007,West
798c4c78,2023-03-08,2023-03-12,Delivered,Delhi,C006,Central
a7e8bbe6,2023-03-09,2023-03-10,Delayed,Ahmedabad,C002,Central
13a84d86,2023-02-15,2023-02-18,Delivered,Delhi,C001,North
0ec97833,2023-04-23,2023-04-26,Delivered,Pune,C010,Central
ba9c75bf,2023-01-18,2023-01-23,Delivered,Mumbai,C004,North
a81a1e1f,2023-05-06,2023-05-10,Delivered,Hyderabad,C004,North
1b571c01,2023-02-21,2023-02-23,Delivered,Chennai,C006,Central
fe2d2d99,2023-06-06,2023-06-11,Cancelled,Bangalore,C005,Central
0fe13681,2023-04-11,2023-04-15,Delivered,Delhi,C009,West
de959ee5,2023-02-15,2023-02-16,Delivered,Chennai,C008,East
bae8e8ab,2023-06-15,2023-06-16,Delivered,Ahmedabad,C009,West
c3357eac,2023-05-06,2023-05-08,Delayed,Chennai,C010,West
a321606c,2023-01-28,2023-02-02,Delayed,Chennai,C007,Central
b2beb7f7,2023-02-06,2023-02-07,Delivered,Hyderabad,C009,West
32e76b43,2023-05-19,2023-05-24,Delivered,Delhi,C003,Central
2a187099,2023-04-21,2023-04-25,Delivered,Ahmedabad,C009,South
8479a603,2023-02-25,2023-02-26,Delivered,Bangalore,C002,North
32d69659,2023-06-07,2023-06-12,Delivered,Delhi,C009,East
351849da,2023-06-14,2023-06-16,Delivered,Mumbai,C006,South
c3f2c135,2023-01-28,2023-02-01,Delivered,Ahmedabad,C004,North
056da8f9,2023-04-24,2023-04-27,Delivered,Bangalore,C002,North
dbb6a850,2023-03-08,2023-03-13,Delivered,Ahmedabad,C010,East
e22fabfe,2023-01-27,2023-01-31,Delayed,Delhi,C003,West
d4dd18bc,2023-01-09,2023-01-14,Delayed,Bangalore,C005,North
7d542275,2023-01-19,2023-01-20,Delivered,Mumbai,C009,East
413d1518,2023-01-19,2023-01-22,Delivered,Kolkata,C007,Central
0e5b95b0,2023-05-27,2023-06-01,Delivered,Bangalore,C003,North
9ccd4e1a,2023-03-06,2023-03-07,Delivered,Kolkata,C004,North
655141da,2023-04-25,2023-04-30,Delayed,Chennai,C002,West
286566fa,2023-01-05,2023-01-09,Delivered,Pune,C008,West
55455fbd,2023-05-08,2023-05-10,Delayed,Ahmedabad,C006,Central
e915deeb,2023-02-08,2023-02-12,Delayed,Hyderabad,C003,North
d39284de,2023-06-17,2023-06-20,Delivered,Mumbai,C005,West
31967b00,2023-06-13,2023-06-15,Delivered,Bangalore,C005,East
17a0f416,2023-01-01,2023-01-02,Delivered,Mumbai,C001,North
e65e51cd,2023-01-10,2023-01-13,Delivered,Chennai,C005,East
00ede20a,2023-06-20,2023-06-25,Delivered,Kolkata,C006,South
37e821aa,2023-04-10,2023-04-13,Delivered,Hyderabad,C010,Central
fdfb9e59,2023-03-10,2023-03-14,Delayed,Mumbai,C010,West
19c7f81a,2023-02-08,2023-02-09,Delivered,Kolkata,C002,South
20befe40,2023-06-29,2023-07-01,Delivered,Chennai,C003,West
5773eb18,2023-03-26,2023-03-27,Delivered,Chennai,C010,South
73c9ccce,2023-04-11,2023-04-13,Delayed,Chennai,C005,West
791875bb,2023-05-28,2023-06-01,Delivered,Ahmedabad,C003,Central
a90cb414,2023-01-01,2023-01-05,Delayed,Pune,C005,North
a49a3db5,2023-05-12,2023-05-14,Delivered,Ahmedabad,C005,East
15347810,2023-05-06,2023-05-07,Delivered,Kolkata,C008,South
02297664,2023-05-03,2023-05-07,Delivered,Bangalore,C010,East
6a9022c2,2023-04-22,2023-04-24,Delivered,Delhi,C009,East
208a275a,2023-04-14,2023-04-18,Delayed,Mumbai,C008,West
f654d900,2023-01-18,2023-01-19,Delivered,Pune,C003,North
7c0c307a,2023-05-19,2023-05-22,Delayed,Delhi,C001,West
5f52358c,2023-02-27,2023-03-01,Delivered,Chennai,C003,East
d05a6515,2023-01-01,2023-01-03,Delivered,Delhi,C001,Central
f55ea82f,2023-04-09,2023-04-12,Delivered,Kolkata,C009,North
24d5ee2d,2023-06-26,2023-07-01,Delivered,Ahmedabad,C003,North
85bfa54d,2023-05-04,2023-05-08,Delayed,Chennai,C008,East
c9bc9a24,2023-02-01,2023-02-03,Delayed,Ahmedabad,C006,West
03b98819,2023-05-26,2023-05-30,Delivered,Pune,C003,Central
b5134dc0,2023-05-18,2023-05-19,Delivered,Chennai,C009,South
cc7bba46,2023-04-02,2023-04-03,Delivered,Hyderabad,C008,West
11bf5b4f,2023-03-27,2023-03-29,Delivered,Hyderabad,C003,North
6a318281,2023-06-24,2023-06-26,Delivered,Pune,C007,West
f1fde0e9,2023-03-19,2023-03-21,Delivered,Kolkata,C005,South
b80b2f8f,2023-04-13,2023-04-18,Delivered,Kolkata,C002,Central
69750d89,2023-01-15,2023-01-20,Delivered,Delhi,C008,Central
4f27befe,2023-06-11,2023-06-12,Delivered,Pune,C001,South
40f12942,2023-06-15,2023-06-19,Delivered,Ahmedabad,C004,South
fe295e55,2023-01-24,2023-01-28,Delivered,Mumbai,C004,East
3bfeff26,2023-04-04,2023-04-07,Delivered,Pune,C010,North
eefe8675,2023-05-17,2023-05-21,Cancelled,Delhi,C005,East
3d4eca36,2023-03-29,2023-03-30,Delivered,Kolkata,C004,West
f40129ec,2023-01-21,2023-01-26,Delivered,Mumbai,C001,South
05edb79c,2023-04-28,2023-05-01,Delivered,Pune,C007,East
1e3cf413,2023-03-16,2023-03-21,Delivered,Delhi,C010,North
0c8a33b9,2023-06-15,2023-06-16,Delayed,Bangalore,C002,North
e6f2d2b6,2023-02-21,2023-02-25,Delivered,Ahmedabad,C010,South
79c77c27,2023-02-15,2023-02-19,Delayed,Bangalore,C003,East
e1065898,2023-05-22,2023-05-23,Delayed,Ahmedabad,C005,Central
188b1451,2023-01-11,2023-01-14,Delivered,Mumbai,C008,South
f1ad7701,2023-04-09,2023-04-13,Delivered,Hyderabad,C010,West
a7e92c34,2023-06-19,2023-06-24,Delivered,Ahmedabad,C008,East
701c0a09,2023-02-18,2023-02-22,Delivered,Mumbai,C002,East
91fdc355,2023-03-18,2023-03-19,Delivered,Delhi,C009,South
7f1fba07,2023-06-28,2023-06-29,Delivered,Chennai,C006,East
4434ec3b,2023-04-10,2023-04-11,Delivered,Bangalore,C009,East
79858a03,2023-01-28,2023-01-31,Delivered,Chennai,C004,West
8ce7e1ff,2023-06-11,2023-06-14,Delivered,Bangalore,C003,West
69b81275,2023-06-26,2023-06-30,Delayed,Delhi,C005,Central
d94b7b2d,2023-04-02,2023-04-06,Delivered,Bangalore,C005,West
75ba85d3,2023-05-05,2023-05-10,Delayed,Mumbai,C004,Central
9c65a5d2,2023-01-22,2023-01-24,Delivered,Chennai,C007,West
7faa4156,2023-06-11,2023-06-13,Delivered,Kolkata,C008,Central
89f207e4,2023-04-23,2023-04-24,Delivered,Chennai,C005,West
cde4948d,2023-02-18,2023-02-19,Delivered,Delhi,C009,West
6d4f8a65,2023-02-05,2023-02-07,Delivered,Kolkata,C007,South
22f67a61,2023-01-10,2023-01-11,Delivered,Chennai,C007,West
7f750603,2023-02-19,2023-02-24,Delayed,Ahmedabad,C008,Central
f266afbd,2023-01-07,2023-01-09,Delivered,Pune,C004,South
f16921a6,2023-06-01,2023-06-03,Delivered,Ahmedabad,C010,Central
26a5cbb5,2023-03-03,2023-03-07,Delayed,Delhi,C006,West
d7c90448,2023-05-06,2023-05-11,Delayed,Pune,C005,West
08234b27,2023-04-10,2023-04-13,Delivered,Hyderabad,C001,Central
2502e5e2,2023-01-17,2023-01-22,Delivered,Mumbai,C009,East
65bf4971,2023-05-19,2023-05-22,Delayed,Ahmedabad,C002,South
b3bab58d,2023-06-14,2023-06-18,Delivered,Bangalore,C006,South
6a3e1255,2023-03-20,2023-03-21,Delivered,Pune,C008,West
03102ba2,2023-05-08,2023-05-10,Delivered,Bangalore,C003,South
9ccb5ea3,2023-05-17,2023-05-22,Delayed,Bangalore,C005,Central
1aa4a4d7,2023-04-26,2023-04-30,Delivered,Hyderabad,C007,West
0f99336b,2023-01-05,2023-01-06,Cancelled,Mumbai,C004,South
13f3a6b2,2023-01-10,2023-01-15,Delivered,Chennai,C005,North
fc1bb7e0,2023-03-28,2023-03-29,Delayed,Pune,C001,South
49848f60,2023-01-15,2023-01-17,Delivered,Chennai,C004,Central
87659cbf,2023-03-28,2023-03-30,Delivered,Ahmedabad,C007,South
28029acf,2023-01-11,2023-01-13,Delayed,Mumbai,C010,East
eae07f98,2023-04-14,2023-04-17,Delivered,Kolkata,C007,East
58201452,2023-01-31,2023-02-02,Delivered,Mumbai,C010,West
4d5d2f07,2023-02-24,2023-02-28,Delivered,Bangalore,C010,East
965f4583,2023-06-17,2023-06-18,Delivered,Chennai,C004,Central
6d82378f,2023-06-20,2023-06-23,Delivered,Mumbai,C006,North
9595b6d4,2023-05-14,2023-05-15,Delayed,Chennai,C005,North
ed374540,2023-04-28,2023-05-03,Delivered,Mumbai,C001,West
7865bcf9,2023-06-23,2023-06-24,Delivered,Delhi,C008,West
1c9e6c1a,2023-05-18,2023-05-19,Delivered,Ahmedabad,C007,East
25ad7ecf,2023-02-08,2023-02-13,Delivered,Pune,C005,Central
ae14184a,2023-05-29,2023-06-01,Delayed,Bangalore,C010,East
c3f2bec1,2023-03-01,2023-03-06,Delivered,Mumbai,C010,Central
30a83449,2023-01-19,2023-01-24,Delivered,Hyderabad,C007,Central
8216a72d,2023-01-10,2023-01-11,Delayed,Mumbai,C010,North
ab7a491c,2023-02-06,2023-02-09,Delivered,Delhi,C003,Central
7eabc498,2023-05-06,2023-05-08,Delayed,Ahmedabad,C008,South
681231f1,2023-06-17,2023-06-20,Delayed,Hyderabad,C005,Central
563b9bca,2023-01-05,2023-01-07,Delayed,Hyderabad,C002,North
9cc0c8c9,2023-05-01,2023-05-05,Delivered,Ahmedabad,C002,East
bc082fa5,2023-06-08,2023-06-10,Delayed,Mumbai,C004,Central
b77cce0b,2023-01-12,2023-01-14,Delayed,Delhi,C007,South
f0d9d436,2023-03-04,2023-03-08,Delivered,Hyderabad,C010,West
1e215341,2023-06-29,2023-07-03,Delivered,Pune,C004,East
d8a8b42f,2023-06-16,2023-06-20,Delivered,Bangalore,C009,West
094cf0a5,2023-02-03,2023-02-05,Delivered,Kolkata,C002,South
f4045201,2023-01-04,2023-01-05,Delivered,Bangalore,C006,North
283267f7,2023-02-14,2023-02-16,Delivered,Chennai,C004,North
d8570642,2023-06-11,2023-06-15,Delivered,Chennai,C006,East
6c54cce1,2023-01-13,2023-01-18,Delivered,Delhi,C010,Central
79c6202c,2023-03-20,2023-03-25,Delivered,Hyderabad,C009,Central
1081bb27,2023-01-25,2023-01-26,Delivered,Bangalore,C010,West
60ce757b,2023-04-27,2023-04-29,Delayed,Bangalore,C009,North
fec2f311,2023-06-06,2023-06-08,Delivered,Kolkata,C009,Central
3a4f34a2,2023-02-13,2023-02-18,Delivered,Delhi,C009,Central
46d06398,2023-06-01,2023-06-03,Delivered,Pune,C003,North
79126b6f,2023-01-17,2023-01-18,Delivered,Hyderabad,C009,North
9a7a43a5,2023-01-28,2023-02-01,Delayed,Delhi,C003,South
291988d6,2023-01-30,2023-02-04,Delayed,Mumbai,C010,West
71530646,2023-05-08,2023-05-09,Delivered,Bangalore,C003,North
f03e499d,2023-06-02,2023-06-07,Cancelled,Delhi,C005,South
b998c942,2023-06-07,2023-06-09,Delivered,Delhi,C006,North
1ca39279,2023-02-26,2023-02-28,Delivered,Kolkata,C009,East
695f9a83,2023-01-17,2023-01-21,Delivered,Pune,C001,East
870e3be0,2023-02-21,2023-02-24,Delayed,Mumbai,C008,East
d77fbfc8,2023-04-20,2023-04-22,Delivered,Chennai,C004,North
543b6999,2023-03-28,2023-03-31,Delivered,Bangalore,C010,Central
16a0078f,2023-06-23,2023-06-27,Delayed,Kolkata,C007,Central
ce5cdf23,2023-04-13,2023-04-14,Delivered,Pune,C006,East
e375250b,2023-03-25,2023-03-29,Delivered,Pune,C006,West
8c82d455,2023-01-31,2023-02-01,Delayed,Delhi,C007,South
d261233d,2023-06-25,2023-06-28,Delivered,Bangalore,C004,East
f5f65db7,2023-05-28,2023-06-01,Delivered,Ahmedabad,C006,South
2d09454a,2023-05-20,2023-05-21,Delivered,Chennai,C003,South
32cf1381,2023-02-05,2023-02-07,Delivered,Ahmedabad,C005,East
b33f8e7c,2023-03-24,2023-03-27,Delivered,Ahmedabad,C002,Central
a6ed0fee,2023-02-24,2023-02-28,Delivered,Ahmedabad,C003,West
42b50cc7,2023-01-12,2023-01-16,Delivered,Pune,C009,East
daec8894,2023-06-01,2023-06-06,Delivered,Delhi,C006,South
120b7c1d,2023-02-14,2023-02-16,Delayed,Pune,C003,North
7f70e080,2023-03-27,2023-03-29,Cancelled,Mumbai,C002,North
f900d6f5,2023-01-17,2023-01-21,Delivered,Pune,C005,South
87397a6a,2023-01-31,2023-02-05,Delivered,Bangalore,C010,East
2c10b43a,2023-03-12,2023-03-17,Delayed,Pune,C005,Central
2d9eebb2,2023-02-06,2023-02-10,Delivered,Pune,C001,East
588f2a46,2023-04-17,2023-04-19,Delivered,Ahmedabad,C003,West
1df37235,2023-02-13,2023-02-15,Delayed,Kolkata,C007,North
4afd286d,2023-06-28,2023-07-03,Delayed,Mumbai,C009,South
d215fd31,2023-04-05,2023-04-10,Delayed,Chennai,C005,Central
e1f4f1e3,2023-05-22,2023-05-25,Delayed,Chennai,C004,East
55163899,2023-02-12,2023-02-16,Delivered,Bangalore,C003,West
9a0e0498,2023-04-23,2023-04-24,Delivered,Chennai,C010,East
1410d7cb,2023-03-04,2023-03-08,Delayed,Hyderabad,C009,West
db87a76d,2023-05-29,2023-06-03,Delivered,Kolkata,C007,East
21126700,2023-01-11,2023-01-12,Delivered,Bangalore,C007,Central
37ab28d7,2023-02-04,2023-02-08,Delayed,Pune,C008,Central
7a56aef0,2023-01-26,2023-01-27,Delayed,Hyderabad,C010,South
98d05dff,2023-06-11,2023-06-16,Delivered,Chennai,C001,Central
9c1cbd28,2023-06-06,2023-06-07,Delayed,Pune,C004,West
2a6c6803,2023-04-07,2023-04-09,Delayed,Bangalore,C005,South
7859b993,2023-02-10,2023-02-11,Delivered,Ahmedabad,C005,Central
0196e209,2023-01-05,2023-01-08,Delivered,Hyderabad,C001,North
9f2c29db,2023-05-05,2023-05-08,Delivered,Chennai,C003,West
85209535,2023-01-21,2023-01-25,Delivered,Delhi,C002,South
3325c42d,2023-01-02,2023-01-05,Delivered,Delhi,C007,West
868591b2,2023-01-02,2023-01-06,Delivered,Mumbai,C005,South
31856195,2023-02-15,2023-02-18,Delivered,Delhi,C003,West
c44566ed,2023-01-23,2023-01-26,Delivered,Ahmedabad,C008,North
94e886fa,2023-06-30,2023-07-05,Delayed,Hyderabad,C001,Central
210387a9,2023-06-16,2023-06-21,Delivered,Ahmedabad,C001,East
62908b79,2023-06-01,2023-06-04,Delayed,Kolkata,C006,East
2904ec19,2023-03-14,2023-03-17,Delayed,Delhi,C001,East
0865a9be,2023-04-17,2023-04-21,Delivered,Bangalore,C004,South
355d5506,2023-06-27,2023-07-02,Delayed,Bangalore,C006,Central
8a6e4ad0,2023-05-02,2023-05-06,Delivered,Bangalore,C001,South
fbca894b,2023-06-27,2023-07-01,Delivered,Delhi,C009,South
72178c68,2023-02-02,2023-02-07,Delayed,Pune,C004,South
0cc2df8e,2023-02-22,2023-02-27,Delivered,Ahmedabad,C009,South
e6341a6b,2023-02-06,2023-02-11,Delayed,Delhi,C009,Central
adeed30b,2023-06-13,2023-06-18,Delivered,Mumbai,C006,East
493c5fad,2023-03-11,2023-03-16,Delayed,Kolkata,C007,West
79bb6a69,2023-05-14,2023-05-16,Delivered,Pune,C001,South
eaa7dfbe,2023-04-26,2023-04-30,Delivered,Kolkata,C005,Central
b953f385,2023-04-16,2023-04-19,Delivered,Pune,C003,North
83115da3,2023-03-03,2023-03-04,Delivered,Pune,C010,West
d82be0c5,2023-02-14,2023-02-18,Delayed,Chennai,C010,South
2dde8623,2023-06-06,2023-06-09,Delivered,Mumbai,C006,South
96fa9a85,2023-06-27,2023-07-02,Delivered,Hyderabad,C004,West
d5050215,2023-01-10,2023-01-15,Delivered,Bangalore,C009,West
ce0e14b1,2023-06-02,2023-06-07,Delayed,Delhi,C007,South
f56dcd3f,2023-02-16,2023-02-17,Delivered,Chennai,C004,Central
d4d73621,2023-05-08,2023-05-11,Delayed,Chennai,C006,North
ebf74406,2023-06-06,2023-06-09,Delayed,Pune,C002,Central
f25fd606,2023-01-23,2023-01-26,Delivered,Delhi,C003,East
f68711ba,2023-06-10,2023-06-13,Delivered,Mumbai,C007,East
d1013f92,2023-03-19,2023-03-24,Delivered,Chennai,C004,East
8f39dd0e,2023-03-31,2023-04-05,Delayed,Kolkata,C010,South
3de9b7cf,2023-04-18,2023-04-20,Delivered,Mumbai,C007,North
c693d65e,2023-01-02,2023-01-05,Delivered,Delhi,C009,North
38305170,2023-05-23,2023-05-26,Delayed,Pune,C005,South
a625c229,2023-03-02,2023-03-04,Delivered,Mumbai,C001,South
654d3c8d,2023-02-19,2023-02-24,Delivered,Pune,C005,South
645b06ff,2023-01-31,2023-02-02,Delivered,Kolkata,C006,North
e7ee9bc2,2023-05-16,2023-05-19,Delivered,Bangalore,C002,South
d6e78ef0,2023-01-25,2023-01-28,Delayed,Pune,C008,West
e83caecb,2023-06-08,2023-06-10,Delivered,Pune,C002,West
e4433b79,2023-04-03,2023-04-06,Delivered,Ahmedabad,C009,West
1727ce1a,2023-05-19,2023-05-24,Delayed,Delhi,C002,South
ed41c7ce,2023-05-10,2023-05-14,Delivered,Kolkata,C003,West
076d12ff,2023-02-26,2023-03-01,Cancelled,Delhi,C008,South
5d7464ed,2023-04-29,2023-05-02,Cancelled,Kolkata,C006,West
3b4d98b6,2023-06-10,2023-06-15,Delivered,Kolkata,C001,South
fe05a03c,2023-06-18,2023-06-22,Delivered,Chennai,C004,Central
07766ea0,2023-02-23,2023-02-25,Delayed,Chennai,C005,East
6c0fa46e,2023-03-12,2023-03-17,Delivered,Chennai,C003,Central
168a4cb2,2023-01-14,2023-01-16,Delivered,Bangalore,C001,East
b0655056,2023-02-19,2023-02-22,Delayed,Bangalore,C003,East
89eb015b,2023-01-29,2023-01-31,Delivered,Kolkata,C009,West
b4c275ac,2023-02-08,2023-02-11,Delayed,Hyderabad,C002,East
e94de2ce,2023-06-25,2023-06-30,Delivered,Delhi,C001,East
6d394021,2023-05-02,2023-05-07,Delivered,Chennai,C007,Central
80ba133c,2023-05-08,2023-05-11,Delivered,Delhi,C007,East
e1adae8a,2023-02-15,2023-02-17,Cancelled,Pune,C005,South
87b740bd,2023-02-10,2023-02-14,Delayed,Kolkata,C002,South
1c4212a4,2023-06-21,2023-06-26,Delayed,Mumbai,C001,West
789a98f8,2023-01-12,2023-01-17,Delivered,Kolkata,C005,Central
fb90c94b,2023-01-14,2023-01-16,Delivered,Bangalore,C010,North
75aaf569,2023-06-15,2023-06-16,Delivered,Hyderabad,C004,Central
27bf586b,2023-04-04,2023-04-07,Delivered,Mumbai,C009,North
3bcc7f34,2023-03-14,2023-03-16,Delivered,Delhi,C005,East
c7c99030,2023-02-23,2023-02-25,Delivered,Bangalore,C010,North
d3b28baa,2023-04-22,2023-04-27,Delivered,Chennai,C002,East
5e3b21dd,2023-03-06,2023-03-09,Delayed,Mumbai,C004,Central
0d83aa68,2023-03-27,2023-03-29,Delivered,Bangalore,C009,Central
8a43beff,2023-06-07,2023-06-11,Cancelled,Delhi,C008,West
3546ea1f,2023-04-27,2023-04-30,Delivered,Kolkata,C003,West
939385d2,2023-01-12,2023-01-14,Delivered,Delhi,C008,East
92f3408b,2023-01-27,2023-01-31,Delivered,Mumbai,C002,East
e711f62e,2023-01-14,2023-01-18,Delivered,Ahmedabad,C003,South
bfe4596a,2023-05-18,2023-05-21,Delivered,Mumbai,C005,South
4ab16b6a,2023-02-15,2023-02-20,Delivered,Kolkata,C010,South
c26d22a9,2023-02-10,2023-02-14,Delivered,Mumbai,C010,Central
4afe977b,2023-01-08,2023-01-13,Delayed,Hyderabad,C008,North
a2f6d6a2,2023-05-05,2023-05-08,Delayed,Chennai,C001,East
a5c3ee83,2023-05-12,2023-05-14,Delayed,Bangalore,C004,West
ece0f523,2023-01-30,2023-02-02,Delivered,Kolkata,C001,East
99bfabe0,2023-01-19,2023-01-24,Delivered,Delhi,C001,North
c5bf5f92,2023-03-02,2023-03-03,Delivered,Delhi,C005,East
e05a1b3c,2023-04-24,2023-04-27,Delivered,Chennai,C006,West
38860708,2023-06-01,2023-06-02,Delivered,Mumbai,C001,West
2589ec3e,2023-05-29,2023-06-02,Delivered,Mumbai,C006,North
9bcf8239,2023-03-25,2023-03-30,Delivered,Delhi,C005,West
25b3d766,2023-04-18,2023-04-22,Delivered,Chennai,C004,Central
80ff3b43,2023-02-20,2023-02-21,Delivered,Delhi,C010,West
d04f9743,2023-06-23,2023-06-24,Delayed,Mumbai,C005,North
fff0d53f,2023-03-25,2023-03-27,Delivered,Kolkata,C008,North
f473eb4f,2023-02-28,2023-03-03,Cancelled,Bangalore,C009,East
1b2f05cc,2023-01-29,2023-02-02,Delayed,Mumbai,C002,West
2fff5f2d,2023-03-25,2023-03-29,Delivered,Kolkata,C006,West
fa0118b9,2023-02-28,2023-03-05,Delayed,Bangalore,C003,North
3bc68d0d,2023-01-26,2023-01-31,Delayed,Pune,C002,East
23727ef0,2023-03-02,2023-03-05,Delivered,Hyderabad,C001,East
b911e12e,2023-04-16,2023-04-21,Delivered,Chennai,C004,Central
73bc21be,2023-02-21,2023-02-26,Cancelled,Kolkata,C008,Central
c0966fb1,2023-04-07,2023-04-11,Delivered,Hyderabad,C003,North
10b8aa91,2023-02-26,2023-02-28,Delayed,Mumbai,C005,East
6f059eba,2023-01-19,2023-01-22,Delivered,Pune,C010,East
25a0b641,2023-05-01,2023-05-02,Delivered,Chennai,C005,Central
003e37f4,2023-05-30,2023-06-03,Delivered,Kolkata,C005,Central
0e258a3a,2023-05-05,2023-05-09,Delivered,Pune,C009,North
8d9cfcf6,2023-01-14,2023-01-19,Delayed,Ahmedabad,C008,East
cee4a197,2023-04-22,2023-04-23,Cancelled,Mumbai,C008,North
a71395e7,2023-02-07,2023-02-11,Delivered,Chennai,C001,Central
6767fd75,2023-02-25,2023-03-01,Delivered,Ahmedabad,C001,West
069c62c8,2023-06-06,2023-06-10,Delayed,Chennai,C002,Central
5f94b11b,2023-04-27,2023-04-30,Delivered,Mumbai,C008,East
63cdae0c,2023-02-15,2023-02-16,Delivered,Mumbai,C010,North
7a5cfb78,2023-04-10,2023-04-12,Delivered,Pune,C001,East
294badf7,2023-04-06,2023-04-08,Delayed,Pune,C004,Central
f2e13c70,2023-02-04,2023-02-05,Delayed,Kolkata,C009,Central
8f5c87bc,2023-04-28,2023-05-01,Delivered,Chennai,C002,South
f47b0843,2023-02-19,2023-02-20,Delivered,Kolkata,C003,Central
c828978c,2023-06-11,2023-06-12,Cancelled,Pune,C006,East
a5ad36c5,2023-04-02,2023-04-03,Delivered,Chennai,C010,North
6de93e8c,2023-03-11,2023-03-14,Delivered,Kolkata,C003,North
c6b83524,2023-02-21,2023-02-22,Delivered,Mumbai,C004,South
9e05d947,2023-03-27,2023-04-01,Delayed,Mumbai,C009,East
65de3c7a,2023-02-02,2023-02-07,Delivered,Ahmedabad,C009,Central
208a4763,2023-01-09,2023-01-12,Delivered,Delhi,C010,West
a5757d26,2023-06-27,2023-06-29,Delivered,Pune,C005,North
0f9339dc,2023-05-26,2023-05-27,Delivered,Kolkata,C007,East
016515b5,2023-01-16,2023-01-20,Delivered,Delhi,C009,South
b20c6a20,2023-03-13,2023-03-15,Delivered,Delhi,C008,West
30f3d6cd,2023-02-04,2023-02-05,Delivered,Hyderabad,C007,East
52e8386b,2023-01-29,2023-02-03,Delivered,Chennai,C008,Central
1610844a,2023-04-30,2023-05-01,Delivered,Bangalore,C005,North
2d0bb42c,2023-04-28,2023-04-29,Delivered,Hyderabad,C005,Central
b4779296,2023-04-18,2023-04-19,Delayed,Pune,C005,South
0575b11a,2023-02-13,2023-02-16,Delayed,Ahmedabad,C001,North
75790d26,2023-03-29,2023-04-03,Delivered,Chennai,C006,West
b3d46a70,2023-02-26,2023-03-01,Delayed,Bangalore,C005,North
e190dbd9,2023-03-17,2023-03-20,Delivered,Delhi,C008,Central
1b2a4a90,2023-06-04,2023-06-08,Cancelled,Ahmedabad,C008,East
497948d2,2023-02-10,2023-02-12,Delivered,Bangalore,C002,East
fdaf6c19,2023-06-13,2023-06-15,Delayed,Mumbai,C006,East
eac4f14c,2023-06-06,2023-06-08,Delivered,Pune,C010,South
79dc3756,2023-02-13,2023-02-18,Delivered,Ahmedabad,C010,South
566385f2,2023-05-28,2023-06-02,Cancelled,Mumbai,C006,East
57042c4a,2023-05-22,2023-05-27,Delivered,Kolkata,C003,West
bbc5bdfe,2023-02-28,2023-03-03,Delivered,Ahmedabad,C001,Central
967068d0,2023-01-23,2023-01-28,Delivered,Ahmedabad,C007,West
2a4214f0,2023-04-16,2023-04-19,Delayed,Chennai,C010,East
2dca5033,2023-05-14,2023-05-16,Delivered,Hyderabad,C005,Central
27d35ea0,2023-05-06,2023-05-08,Delivered,Pune,C010,South
2a3a2c8c,2023-02-25,2023-02-26,Cancelled,Delhi,C005,North
a43d905b,2023-06-01,2023-06-06,Delivered,Pune,C008,North
c412f063,2023-05-02,2023-05-07,Delivered,Chennai,C005,Central
d5ce14b6,2023-04-29,2023-05-02,Delayed,Ahmedabad,C005,West
9e6b4c65,2023-03-13,2023-03-15,Delivered,Delhi,C001,Central
4e16bcb8,2023-01-04,2023-01-06,Delivered,Mumbai,C002,West
7833efe5,2023-04-20,2023-04-24,Delivered,Pune,C005,West
f00c951a,2023-03-05,2023-03-07,Delayed,Hyderabad,C007,North
b2bd7a44,2023-03-05,2023-03-10,Delivered,Hyderabad,C003,South
3968802d,2023-03-25,2023-03-30,Delayed,Mumbai,C001,East
6cf92d35,2023-04-22,2023-04-23,Delayed,Bangalore,C002,South
d7f30478,2023-05-29,2023-05-31,Delivered,Hyderabad,C003,East
88ba3a81,2023-02-26,2023-02-27,Delayed,Bangalore,C009,North
8576ed72,2023-06-01,2023-06-06,Delivered,Delhi,C008,East
0ed31b7b,2023-02-08,2023-02-13,Delivered,Hyderabad,C004,West
c5fefee7,2023-05-27,2023-05-30,Delayed,Kolkata,C008,Central
a257b3da,2023-01-02,2023-01-06,Cancelled,Ahmedabad,C009,East
138abc7b,2023-04-17,2023-04-18,Delivered,Mumbai,C003,South
ed469352,2023-01-12,2023-01-13,Delivered,Ahmedabad,C006,North
27be924b,2023-01-11,2023-01-13,Delivered,Ahmedabad,C008,North
0a4bddfa,2023-05-01,2023-05-05,Delivered,Pune,C010,Central
6d50ede9,2023-05-10,2023-05-12,Delivered,Bangalore,C007,West
c67b4e65,2023-01-09,2023-01-11,Delivered,Kolkata,C009,West
c4a82ee0,2023-04-19,2023-04-23,Delayed,Delhi,C007,North
1dc60d3a,2023-05-16,2023-05-21,Delivered,Delhi,C001,West
61c13e3f,2023-04-11,2023-04-13,Delivered,Hyderabad,C009,Central
1f4c31c9,2023-05-03,2023-05-05,Delayed,Hyderabad,C005,North
97cdfbc9,2023-06-28,2023-06-30,Delayed,Kolkata,C006,West
09e45352,2023-01-26,2023-01-29,Delivered,Chennai,C002,East
f8c6dea1,2023-04-26,2023-04-27,Delivered,Chennai,C002,East
24fd4e0f,2023-05-07,2023-05-08,Delivered,Hyderabad,C004,West
9fabc11a,2023-03-03,2023-03-05,Delivered,Chennai,C004,East
0a938d7e,2023-01-22,2023-01-25,Delivered,Mumbai,C005,Central
5e18908d,2023-05-23,2023-05-27,Delayed,Kolkata,C007,South
73a1d7c0,2023-01-04,2023-01-09,Delivered,Mumbai,C001,Central
5b6b84b4,2023-06-27,2023-07-02,Delivered,Chennai,C010,Central
9d9f304e,2023-04-15,2023-04-19,Delivered,Hyderabad,C004,West
5200a58f,2023-02-25,2023-03-01,Delivered,Ahmedabad,C009,Central
1cb6bfe2,2023-02-03,2023-02-05,Delivered,Ahmedabad,C008,West
28d4daad,2023-04-02,2023-04-04,Cancelled,Mumbai,C003,North
769c5d3e,2023-03-17,2023-03-18,Delivered,Delhi,C006,West
8e65f3d6,2023-03-03,2023-03-04,Delivered,Pune,C009,West
c6d3cfc9,2023-06-15,2023-06-19,Delivered,Ahmedabad,C008,North
5218cedd,2023-01-24,2023-01-28,Delayed,Ahmedabad,C007,South
5f14c215,2023-01-05,2023-01-09,Delivered,Hyderabad,C007,North
c7f07103,2023-05-03,2023-05-05,Delivered,Kolkata,C001,West
75822be1,2023-06-21,2023-06-25,Delayed,Bangalore,C005,East
021d1a63,2023-03-20,2023-03-25,Delivered,Bangalore,C007,West
79916e68,2023-02-11,2023-02-15,Delivered,Hyderabad,C002,North
9d4a5e01,2023-06-30,2023-07-01,Delivered,Chennai,C006,West
6e1a7a42,2023-04-28,2023-05-03,Delivered,Ahmedabad,C002,North
c23f4eb7,2023-05-27,2023-05-30,Delivered,Ahmedabad,C003,Central
d536cbcb,2023-05-30,2023-06-01,Delivered,Mumbai,C001,South
30c054e7,2023-01-07,2023-01-11,Delivered,Mumbai,C003,South
1d13a10e,2023-04-27,2023-05-01,Delivered,Hyderabad,C007,North
c876c43b,2023-04-29,2023-05-04,Delivered,Delhi,C005,South
4bd3027a,2023-02-05,2023-02-08,Delivered,Kolkata,C004,East
24cf4f39,2023-06-30,2023-07-03,Delivered,Chennai,C008,East
6726d581,2023-04-14,2023-04-15,Delayed,Ahmedabad,C008,South
d69a7d87,2023-02-17,2023-02-21,Delivered,Delhi,C001,North
b9b2e6fe,2023-04-05,2023-04-10,Delivered,Hyderabad,C009,East
a16c402b,2023-06-10,2023-06-15,Delivered,Hyderabad,C009,South
1ccfc35e,2023-04-29,2023-05-03,Delivered,Ahmedabad,C002,West
46843edb,2023-06-30,2023-07-04,Delivered,Delhi,C002,East
4f560bfb,2023-06-12,2023-06-17,Delivered,Bangalore,C008,Central
8f1dcfad,2023-01-01,2023-01-03,Delivered,Hyderabad,C006,East
585cb702,2023-06-10,2023-06-13,Delivered,Kolkata,C003,South
336d3e67,2023-01-19,2023-01-21,Delayed,Pune,C002,South
93078835,2023-04-09,2023-04-10,Delivered,Chennai,C005,South
8d1e03f3,2023-06-26,2023-07-01,Delivered,Delhi,C008,North
f76e7d5c,2023-03-27,2023-03-31,Delivered,Bangalore,C006,North
8cc6fee7,2023-05-16,2023-05-18,Delivered,Delhi,C003,West
d4d27afc,2023-01-09,2023-01-13,Delivered,Bangalore,C009,West
fb96258f,2023-03-17,2023-03-19,Delivered,Bangalore,C008,East
1e56940b,2023-04-20,2023-04-22,Delivered,Kolkata,C010,South
e6cd6e38,2023-03-11,2023-03-14,Delayed,Chennai,C006,West
6b2a1c7f,2023-06-28,2023-07-01,Delayed,Hyderabad,C001,South
5e401016,2023-06-06,2023-06-10,Delivered,Bangalore,C002,East
4907150d,2023-05-19,2023-05-22,Delivered,Hyderabad,C004,North
b397f0e2,2023-05-28,2023-05-30,Delayed,Chennai,C002,West
baf85048,2023-02-23,2023-02-26,Delivered,Hyderabad,C003,Central
35c52ccf,2023-06-25,2023-06-27,Delivered,Ahmedabad,C008,Central
04a3b5e4,2023-01-21,2023-01-25,Delivered,Kolkata,C009,Central
7310a5a1,2023-06-08,2023-06-13,Delivered,Kolkata,C006,Central
f49e52a9,2023-03-27,2023-03-31,Delivered,Mumbai,C004,Central
d2bd652b,2023-01-15,2023-01-16,Delivered,Kolkata,C002,Central
9a85b0e7,2023-05-12,2023-05-17,Delivered,Bangalore,C007,Central
5f7b6644,2023-06-22,2023-06-24,Delivered,Chennai,C010,West
dc310124,2023-04-04,2023-04-05,Delayed,Kolkata,C007,Central
c23bfa63,2023-01-14,2023-01-18,Delivered,Delhi,C010,Central
d70d13ea,2023-01-29,2023-01-30,Delivered,Chennai,C009,East
42a2ec2e,2023-04-09,2023-04-13,Delivered,Bangalore,C005,West
23fb19ad,2023-04-04,2023-04-09,Delayed,Chennai,C010,East
bfc098a3,2023-04-30,2023-05-03,Delayed,Kolkata,C004,South
153a542d,2023-06-08,2023-06-11,Delivered,Delhi,C010,Central
5460dbad,2023-01-11,2023-01-15,Delivered,Mumbai,C006,North
7445e33c,2023-04-04,2023-04-05,Delayed,Bangalore,C002,Central
b156b80c,2023-04-04,2023-04-08,Delivered,Pune,C002,Central
4c8cb2f0,2023-02-14,2023-02-18,Delivered,Ahmedabad,C009,East
5719a84e,2023-06-15,2023-06-19,Delivered,Bangalore,C007,South
00734468,2023-05-24,2023-05-28,Delivered,Chennai,C007,East
575026a1,2023-06-30,2023-07-01,Delivered,Pune,C005,West
6623e156,2023-01-18,2023-01-22,Delivered,Pune,C007,South
b18be763,2023-05-24,2023-05-27,Delivered,Hyderabad,C009,South
f411234d,2023-02-22,2023-02-25,Delayed,Pune,C010,South
f405329e,2023-02-05,2023-02-07,Delayed,Hyderabad,C005,East
88243e13,2023-03-27,2023-03-30,Delayed,Ahmedabad,C009,Central
f5648a8b,2023-03-03,2023-03-06,Cancelled,Pune,C001,Central
1b710566,2023-05-19,2023-05-22,Delivered,Delhi,C003,Central
e8d19013,2023-01-30,2023-02-03,Delivered,Mumbai,C007,Central
a2ea9b2f,2023-06-16,2023-06-18,Delivered,Mumbai,C004,Central
bcba2bce,2023-05-03,2023-05-05,Delayed,Pune,C002,West
fb64bb35,2023-05-29,2023-05-31,Delivered,Chennai,C003,North
241e34c3,2023-06-29,2023-07-04,Cancelled,Chennai,C007,South
97d8975a,2023-02-23,2023-02-28,Delivered,Hyderabad,C008,North
854da528,2023-02-27,2023-03-04,Delayed,Kolkata,C009,West
e3ec3ff2,2023-03-24,2023-03-29,Delivered,Mumbai,C006,Central
e8c9b17a,2023-04-01,2023-04-03,Delivered,Kolkata,C010,West
45dbb40c,2023-03-10,2023-03-11,Delayed,Mumbai,C009,West
e69d871d,2023-05-09,2023-05-13,Delivered,Kolkata,C004,North
e1e1aadf,2023-06-24,2023-06-27,Delayed,Kolkata,C005,South
6883a976,2023-04-19,2023-04-20,Delivered,Mumbai,C001,East
0761fbf2,2023-03-12,2023-03-14,Delivered,Ahmedabad,C009,East
aa2db34e,2023-01-14,2023-01-15,Delivered,Delhi,C009,South
e7975338,2023-01-17,2023-01-19,Delivered,Delhi,C009,Central
1cc070b4,2023-04-06,2023-04-07,Delayed,Chennai,C003,West
3e2920f3,2023-03-30,2023-04-04,Delivered,Kolkata,C010,Central
42562a7f,2023-04-26,2023-05-01,Delivered,Kolkata,C010,West
e9d7a812,2023-05-05,2023-05-06,Delivered,Ahmedabad,C010,East
3a9f0353,2023-05-09,2023-05-12,Delivered,Kolkata,C008,South
e2e78c75,2023-05-15,2023-05-16,Delivered,Ahmedabad,C003,North
8e43f6c4,2023-02-01,2023-02-06,Delayed,Kolkata,C006,North
65c449b0,2023-05-01,2023-05-04,Delivered,Kolkata,C005,South
c48a361a,2023-05-17,2023-05-21,Delivered,Ahmedabad,C008,East
74f09726,2023-06-23,2023-06-25,Delivered,Hyderabad,C003,West
acd3b27f,2023-05-17,2023-05-20,Delivered,Bangalore,C001,North
b92688c3,2023-03-16,2023-03-18,Delivered,Kolkata,C009,East
ab2d2bd5,2023-04-26,2023-04-30,Cancelled,Hyderabad,C010,South
6a8c30a5,2023-06-08,2023-06-11,Delayed,Delhi,C009,Central
7aa89d94,2023-04-05,2023-04-07,Delivered,Kolkata,C003,East
0364015a,2023-06-22,2023-06-24,Delivered,Delhi,C002,East
4c18a0eb,2023-06-27,2023-07-01,Delayed,Chennai,C004,Central
22283c64,2023-01-17,2023-01-20,Delivered,Bangalore,C008,East
7a58fd29,2023-02-18,2023-02-20,Delivered,Mumbai,C006,North
7a981a72,2023-04-28,2023-05-03,Delivered,Bangalore,C010,North
591950db,2023-01-23,2023-01-24,Delivered,Kolkata,C001,North
b7fede78,2023-01-21,2023-01-23,Cancelled,Kolkata,C008,East
bf4b99cb,2023-04-11,2023-04-12,Delayed,Ahmedabad,C005,East
bedc804e,2023-02-15,2023-02-20,Delivered,Bangalore,C006,East
c8d25eeb,2023-03-15,2023-03-16,Delivered,Bangalore,C005,South
934a1da1,2023-01-20,2023-01-25,Delayed,Chennai,C010,Central
9a9ac54d,2023-01-28,2023-01-30,Delayed,Pune,C005,East
ca5d7d94,2023-02-12,2023-02-15,Delivered,Delhi,C003,Central
b36f87ab,2023-03-12,2023-03-17,Delivered,Ahmedabad,C004,West
9b1b52f2,2023-01-29,2023-02-02,Delivered,Mumbai,C005,North
b1e6903e,2023-06-28,2023-07-02,Delayed,Ahmedabad,C002,South
ed442660,2023-02-07,2023-02-09,Delayed,Pune,C006,Central
c3bbe025,2023-05-08,2023-05-10,Delivered,Bangalore,C002,North
5b733c87,2023-02-08,2023-02-09,Delayed,Mumbai,C004,South
1c651ebb,2023-02-22,2023-02-24,Delivered,Bangalore,C001,North
9b2e66b1,2023-05-14,2023-05-19,Delivered,Ahmedabad,C004,East
8221fd47,2023-06-10,2023-06-11,Delivered,Delhi,C007,East
06772c53,2023-01-06,2023-01-07,Delivered,Mumbai,C008,North
9df2b079,2023-03-17,2023-03-18,Delivered,Pune,C002,South
e6573638,2023-04-17,2023-04-20,Delivered,Hyderabad,C003,North
9e9b1a04,2023-06-24,2023-06-26,Delivered,Delhi,C001,West
a3c2eba5,2023-05-19,2023-05-24,Delivered,Pune,C007,South
9fa3a133,2023-02-03,2023-02-04,Delivered,Mumbai,C004,South
762c93c3,2023-05-02,2023-05-06,Delivered,Bangalore,C010,North
6dc6fbfb,2023-03-30,2023-04-04,Delivered,Pune,C008,Central
23135001,2023-04-18,2023-04-21,Delivered,Bangalore,C005,North
a9fca9d3,2023-04-24,2023-04-26,Delivered,Delhi,C009,Central
5afcd93a,2023-06-15,2023-06-17,Delayed,Delhi,C006,South
5aaba644,2023-01-06,2023-01-11,Delayed,Pune,C010,East
fdb0e75a,2023-03-16,2023-03-18,Delayed,Bangalore,C002,East
48e30638,2023-02-18,2023-02-20,Delivered,Mumbai,C001,North
6293f40b,2023-01-17,2023-01-18,Delivered,Pune,C001,Central
00cdb42f,2023-01-06,2023-01-09,Delayed,Hyderabad,C009,North
a27bcf68,2023-03-01,2023-03-03,Delivered,Ahmedabad,C001,West
6c22b466,2023-05-14,2023-05-17,Delivered,Chennai,C003,North
e0c765ba,2023-06-15,2023-06-20,Delivered,Delhi,C002,North
dde6d335,2023-03-27,2023-03-28,Delayed,Bangalore,C004,North
99df73e5,2023-04-16,2023-04-21,Delivered,Mumbai,C001,North
ac5befda,2023-05-29,2023-06-03,Delayed,Delhi,C001,Central
4081de34,2023-03-29,2023-03-30,Delayed,Mumbai,C004,Central
bc873455,2023-06-17,2023-06-21,Delivered,Delhi,C004,Central
c1122dbd,2023-06-15,2023-06-17,Delayed,Bangalore,C007,West
66fd633f,2023-03-25,2023-03-27,Delivered,Mumbai,C008,West
62fb9bee,2023-05-05,2023-05-06,Delayed,Bangalore,C008,North
b404cad7,2023-06-01,2023-06-05,Delivered,Mumbai,C008,Central
babd9099,2023-06-20,2023-06-22,Delayed,Delhi,C009,West
6be8639f,2023-06-28,2023-06-30,Delivered,Chennai,C001,East
9a8c8766,2023-05-16,2023-05-18,Delayed,Ahmedabad,C009,North
5dbb45be,2023-05-21,2023-05-26,Delivered,Ahmedabad,C010,South
3f42adcb,2023-04-24,2023-04-27,Delivered,Chennai,C008,Central
fc1342dc,2023-04-28,2023-05-03,Delayed,Ahmedabad,C001,North
00463efe,2023-03-19,2023-03-22,Delayed,Pune,C007,North
18f79f45,2023-05-26,2023-05-30,Delivered,Hyderabad,C009,South
97a6028c,2023-02-03,2023-02-05,Delivered,Hyderabad,C004,East
5fee734c,2023-03-20,2023-03-24,Delivered,Pune,C009,West
162e5c05,2023-02-13,2023-02-15,Cancelled,Pune,C001,West
d242510f,2023-03-08,2023-03-09,Delayed,Kolkata,C009,South
8f825733,2023-02-28,2023-03-02,Delayed,Bangalore,C006,South
c022590e,2023-05-04,2023-05-06,Delivered,Mumbai,C004,West
77888a67,2023-04-06,2023-04-11,Delivered,Hyderabad,C005,East
be519f22,2023-03-15,2023-03-16,Delivered,Delhi,C007,East
bd5ef742,2023-01-13,2023-01-14,Delayed,Pune,C010,North
882313c8,2023-02-07,2023-02-11,Delivered,Ahmedabad,C004,South
7ca63aa3,2023-04-01,2023-04-03,Delayed,Chennai,C008,South
88f61220,2023-03-14,2023-03-15,Delivered,Mumbai,C003,South
41ae8675,2023-04-27,2023-04-30,Delivered,Kolkata,C002,West
76915ec0,2023-02-12,2023-02-16,Delivered,Chennai,C001,West
e389a126,2023-06-08,2023-06-13,Delivered,Ahmedabad,C006,West
c1dc9905,2023-02-11,2023-02-15,Delivered,Pune,C002,East
ecf67d56,2023-05-18,2023-05-22,Delivered,Mumbai,C008,West
8969155e,2023-03-15,2023-03-20,Delivered,Pune,C010,North
d73a303b,2023-02-16,2023-02-21,Delayed,Hyderabad,C004,West
8902a1e9,2023-02-14,2023-02-18,Delivered,Hyderabad,C009,East
05192cc5,2023-06-27,2023-07-02,Delivered,Bangalore,C004,South
264abc22,2023-06-20,2023-06-24,Delivered,Ahmedabad,C004,North
6973e46d,2023-02-09,2023-02-14,Delivered,Kolkata,C008,East
baa620ee,2023-02-11,2023-02-14,Delayed,Mumbai,C008,Central
17ce1f20,2023-03-02,2023-03-07,Delivered,Kolkata,C005,South
9d837c1f,2023-01-30,2023-02-04,Delayed,Delhi,C003,West
a8327d1a,2023-01-11,2023-01-15,Delivered,Kolkata,C002,East
9fd3169f,2023-03-23,2023-03-26,Delivered,Pune,C009,Central
4fc10392,2023-05-28,2023-06-02,Delivered,Pune,C009,East
c2b591b4,2023-02-02,2023-02-06,Delivered,Hyderabad,C005,West
c1324445,2023-04-23,2023-04-25,Delivered,Bangalore,C008,East
0e7df03c,2023-03-08,2023-03-13,Delayed,Ahmedabad,C007,Central
dadd71fb,2023-04-05,2023-04-09,Delivered,Pune,C003,East
0d088359,2023-02-17,2023-02-19,Delivered,Hyderabad,C005,North
199bb314,2023-02-22,2023-02-23,Delivered,Chennai,C009,North
ebc68af2,2023-05-24,2023-05-26,Delivered,Hyderabad,C004,West
256caf4e,2023-01-09,2023-01-10,Delivered,Mumbai,C003,Central
d0fdc85e,2023-06-20,2023-06-25,Delivered,Ahmedabad,C007,Central
cea59bf8,2023-03-23,2023-03-26,Delivered,Bangalore,C008,Central
ed4209d0,2023-03-30,2023-04-02,Delivered,Pune,C005,Central
1b8151ac,2023-02-07,2023-02-08,Delivered,Mumbai,C008,Central
60fe4ffe,2023-04-06,2023-04-11,Delayed,Delhi,C005,South
59e24075,2023-04-25,2023-04-29,Delivered,Delhi,C009,East
7785187c,2023-05-19,2023-05-23,Delivered,Hyderabad,C007,Central
1cfdc964,2023-02-11,2023-02-15,Cancelled,Bangalore,C005,North
8548dfcb,2023-05-17,2023-05-20,Delivered,Kolkata,C009,East
494972a1,2023-03-19,2023-03-22,Delivered,Bangalore,C005,West
b1eadb28,2023-02-01,2023-02-02,Delivered,Bangalore,C008,West
3c255a9f,2023-01-07,2023-01-10,Delivered,Bangalore,C004,Central
b76404e3,2023-04-14,2023-04-18,Delivered,Hyderabad,C009,South
454936bd,2023-05-08,2023-05-10,Cancelled,Mumbai,C006,South
65b73e58,2023-02-07,2023-02-08,Delayed,Hyderabad,C006,East
d929e78a,2023-04-28,2023-04-30,Delayed,Kolkata,C003,South
ea077b95,2023-03-23,2023-03-27,Delayed,Mumbai,C003,West
620e2c44,2023-02-09,2023-02-11,Delivered,Kolkata,C004,Central
06e9c32e,2023-01-02,2023-01-06,Delivered,Chennai,C001,North
e701a4ad,2023-05-20,2023-05-25,Delayed,Chennai,C006,West
460e80e0,2023-05-10,2023-05-12,Cancelled,Ahmedabad,C001,West
07b0b577,2023-03-26,2023-03-29,Delivered,Pune,C004,East
2556f0da,2023-06-15,2023-06-19,Delayed,Pune,C007,South
26ae8f5f,2023-06-30,2023-07-02,Delivered,Mumbai,C006,North
b4ffd3fe,2023-03-17,2023-03-19,Delivered,Hyderabad,C008,North
2d7bb63e,2023-05-02,2023-05-03,Delivered,Kolkata,C004,South
c6fe988f,2023-03-16,2023-03-18,Delivered,Kolkata,C009,Central
39c1e43a,2023-05-27,2023-05-31,Delivered,Pune,C010,South
6cf19780,2023-06-20,2023-06-23,Delivered,Pune,C008,Central
028c4c43,2023-02-07,2023-02-11,Delivered,Delhi,C005,North
b15d01ea,2023-05-25,2023-05-29,Delivered,Kolkata,C006,East
19e45789,2023-04-24,2023-04-28,Delivered,Hyderabad,C005,West
872ef4c1,2023-03-28,2023-04-01,Cancelled,Delhi,C006,North
363b82ea,2023-06-26,2023-06-29,Delivered,Hyderabad,C001,North
ff5dedb4,2023-01-29,2023-01-31,Delivered,Bangalore,C004,North
bdcd3e24,2023-05-03,2023-05-07,Delivered,Kolkata,C009,West
4e4378f1,2023-01-11,2023-01-13,Delivered,Bangalore,C004,Central
429797ae,2023-02-05,2023-02-09,Delayed,Chennai,C002,East
5134d6df,2023-06-23,2023-06-24,Delivered,Chennai,C006,East
1718bd96,2023-05-22,2023-05-24,Delayed,Mumbai,C002,East
74a4c9b9,2023-01-30,2023-02-01,Delivered,Kolkata,C003,Central
29cead4c,2023-03-20,2023-03-21,Delivered,Pune,C007,South
e0e81956,2023-01-07,2023-01-10,Delivered,Delhi,C004,South
dedf6cfe,2023-04-13,2023-04-16,Delivered,Bangalore,C001,East
54f61b70,2023-06-08,2023-06-09,Delivered,Hyderabad,C009,North
21670714,2023-02-26,2023-03-01,Delivered,Kolkata,C006,North
13d1bf32,2023-04-25,2023-04-29,Delivered,Mumbai,C009,West
2ae69896,2023-04-02,2023-04-06,Delivered,Hyderabad,C003,South
f84e8b7a,2023-01-24,2023-01-28,Cancelled,Bangalore,C005,North
b48d9528,2023-03-25,2023-03-26,Delivered,Kolkata,C009,East
ad596495,2023-01-15,2023-01-20,Delivered,Pune,C006,West
eae24e81,2023-06-05,2023-06-08,Delivered,Bangalore,C002,South
145287a9,2023-06-14,2023-06-17,Delivered,Kolkata,C001,West
6c0aabbd,2023-02-19,2023-02-24,Delivered,Kolkata,C009,North
e55f5961,2023-05-30,2023-06-04,Delayed,Bangalore,C001,East
b4e15f71,2023-05-15,2023-05-19,Cancelled,Bangalore,C005,East
49b3f6e8,2023-02-26,2023-02-27,Delivered,Hyderabad,C001,East
9275b118,2023-03-13,2023-03-17,Delivered,Mumbai,C005,North
e1536098,2023-02-20,2023-02-21,Delivered,Bangalore,C005,Central
162ad2f7,2023-01-06,2023-01-09,Delivered,Chennai,C007,East
34bfe977,2023-01-22,2023-01-25,Delivered,Ahmedabad,C007,Central
7c78e5ac,2023-05-18,2023-05-20,Delivered,Mumbai,C010,East
ca2da77b,2023-04-25,2023-04-28,Delivered,Chennai,C001,Central
8e4cdbd9,2023-06-23,2023-06-28,Delivered,Hyderabad,C009,South
eced844e,2023-06-21,2023-06-23,Delivered,Bangalore,C001,South
643eeb3e,2023-01-23,2023-01-24,Delivered,Mumbai,C005,East
f70eb9b1,2023-05-12,2023-05-13,Delayed,Pune,C007,West
9f396c9c,2023-04-11,2023-04-13,Delivered,Bangalore,C008,West
91baa676,2023-02-19,2023-02-24,Delayed,Kolkata,C002,North
8ccad279,2023-05-06,2023-05-09,Delivered,Bangalore,C001,South
34bf539c,2023-03-23,2023-03-24,Delayed,Pune,C004,South
f91a513c,2023-06-04,2023-06-05,Delivered,Mumbai,C004,West
0ae14e43,2023-06-04,2023-06-09,Delivered,Bangalore,C010,East
c9f2f520,2023-05-11,2023-05-13,Delayed,Bangalore,C006,North
e89738e0,2023-01-15,2023-01-20,Delivered,Delhi,C001,South
f8a80d10,2023-06-20,2023-06-23,Delayed,Delhi,C001,North
36d716be,2023-04-03,2023-04-04,Delivered,Mumbai,C003,South
b00e2af1,2023-04-12,2023-04-16,Delivered,Mumbai,C005,Central
20e3b46b,2023-02-07,2023-02-11,Delivered,Kolkata,C006,Central
aeb89234,2023-04-20,2023-04-23,Cancelled,Kolkata,C005,North
d258b07f,2023-04-05,2023-04-10,Delivered,Ahmedabad,C005,West
4c1fac59,2023-04-09,2023-04-13,Cancelled,Bangalore,C009,West
485e05b9,2023-04-06,2023-04-09,Delayed,Chennai,C002,South
74542277,2023-01-04,2023-01-09,Delivered,Mumbai,C001,Central
6a683334,2023-03-14,2023-03-17,Delayed,Pune,C006,Central
54fdad08,2023-03-30,2023-04-02,Cancelled,Bangalore,C009,North
686c50e0,2023-03-31,2023-04-03,Delivered,Chennai,C007,North
fb714f3c,2023-03-20,2023-03-21,Delivered,Delhi,C008,West
5f3a178b,2023-04-25,2023-04-30,Delivered,Kolkata,C005,West
d4b5ed39,2023-05-24,2023-05-29,Delivered,Pune,C010,West
11c816e9,2023-01-23,2023-01-24,Delivered,Mumbai,C004,East
b3c5eab5,2023-02-25,2023-03-01,Delivered,Bangalore,C006,Central
025d8a42,2023-04-24,2023-04-28,Delivered,Delhi,C003,Central
0d3865bb,2023-04-17,2023-04-21,Delivered,Ahmedabad,C001,North
1463266f,2023-04-24,2023-04-29,Delivered,Hyderabad,C004,Central
e60e3bd7,2023-03-15,2023-03-16,Delayed,Delhi,C009,North
4a6140eb,2023-02-11,2023-02-16,Delayed,Bangalore,C004,East
dd6b1ece,2023-04-19,2023-04-24,Delivered,Ahmedabad,C001,West
b5267ce5,2023-04-17,2023-04-22,Delivered,Kolkata,C004,East
65af1bcc,2023-02-05,2023-02-06,Delivered,Chennai,C007,West
4c6c33a7,2023-05-31,2023-06-02,Cancelled,Pune,C003,West
f06352e6,2023-06-03,2023-06-07,Delivered,Pune,C010,North
8d79ff39,2023-01-23,2023-01-26,Delivered,Hyderabad,C006,West
50bb3ea0,2023-02-06,2023-02-10,Delayed,Pune,C001,East
117a317e,2023-02-23,2023-02-26,Delayed,Hyderabad,C004,South
212d6b52,2023-03-19,2023-03-21,Delayed,Ahmedabad,C003,North
7a6391ce,2023-05-02,2023-05-04,Delayed,Kolkata,C001,West
0531288b,2023-05-15,2023-05-17,Delivered,Hyderabad,C003,West
2e08b326,2023-03-27,2023-03-28,Delivered,Mumbai,C004,Central
530816d7,2023-01-17,2023-01-22,Delivered,Bangalore,C005,North
9abaa5bd,2023-06-01,2023-06-05,Delivered,Ahmedabad,C006,North
31677eea,2023-04-07,2023-04-10,Delayed,Pune,C002,East
485bfdeb,2023-01-23,2023-01-27,Delivered,Hyderabad,C002,South
2750ab1a,2023-01-02,2023-01-04,Delivered,Delhi,C006,East
2146cc16,2023-04-15,2023-04-16,Delayed,Chennai,C005,East
3883bd2d,2023-06-13,2023-06-14,Delivered,Bangalore,C001,East
1d487965,2023-03-11,2023-03-14,Cancelled,Kolkata,C003,South
354cea67,2023-04-17,2023-04-18,Cancelled,Pune,C005,East
e3cc08a6,2023-02-14,2023-02-16,Delivered,Delhi,C002,North
d7fc22a4,2023-05-23,2023-05-25,Delivered,Mumbai,C001,South
d9bfbf8d,2023-04-29,2023-05-03,Delivered,Hyderabad,C009,West
40b93e70,2023-05-26,2023-05-31,Delivered,Delhi,C005,Central
cd8ac64d,2023-02-05,2023-02-07,Delivered,Bangalore,C002,Central
64429997,2023-02-21,2023-02-25,Delivered,Pune,C010,North
7020c4bd,2023-02-17,2023-02-19,Cancelled,Delhi,C004,Central
7048814d,2023-04-08,2023-04-12,Delivered,Mumbai,C003,Central
453eef54,2023-03-16,2023-03-21,Delayed,Chennai,C007,Central
15935371,2023-05-22,2023-05-27,Delivered,Ahmedabad,C001,West
5151842e,2023-05-06,2023-05-09,Delivered,Hyderabad,C010,Central
e2936897,2023-01-11,2023-01-13,Delayed,Bangalore,C004,East
6c3cbf89,2023-03-19,2023-03-20,Delivered,Pune,C007,North
431d322a,2023-05-30,2023-05-31,Delivered,Ahmedabad,C010,North
884fbb06,2023-03-19,2023-03-21,Delivered,Hyderabad,C005,North
68ae5cd5,2023-05-07,2023-05-08,Delayed,Hyderabad,C004,West
ed911a4e,2023-05-24,2023-05-27,Delayed,Kolkata,C004,West
bc51990a,2023-04-29,2023-05-03,Delivered,Hyderabad,C002,Central
f613b510,2023-02-27,2023-02-28,Delivered,Delhi,C008,East
646a0623,2023-01-07,2023-01-09,Cancelled,Delhi,C004,Central
f2a6a420,2023-01-01,2023-01-05,Delayed,Ahmedabad,C002,North
235e81e6,2023-02-09,2023-02-11,Delivered,Chennai,C009,East
e27bd03a,2023-03-09,2023-03-13,Delayed,Mumbai,C010,North
817a08e1,2023-03-18,2023-03-19,Delivered,Pune,C007,East
30fef937,2023-06-13,2023-06-14,Delivered,Ahmedabad,C003,South
9529dba4,2023-06-12,2023-06-16,Delivered,Pune,C007,West
34cd4f20,2023-05-01,2023-05-04,Delivered,Ahmedabad,C001,West
b40a0c33,2023-02-01,2023-02-06,Delivered,Bangalore,C001,North
4fb5688c,2023-06-17,2023-06-20,Delivered,Delhi,C004,North
9c30964b,2023-06-20,2023-06-24,Delivered,Hyderabad,C004,South
28a1dad2,2023-03-15,2023-03-18,Delayed,Mumbai,C004,Central
fdca7a8c,2023-04-17,2023-04-22,Delayed,Ahmedabad,C009,East
8b6ba5db,2023-02-15,2023-02-20,Delivered,Bangalore,C006,South
ace92c0c,2023-05-06,2023-05-11,Delayed,Pune,C003,South
9b66c68c,2023-06-26,2023-06-29,Delivered,Bangalore,C006,North
fe9b7d04,2023-06-15,2023-06-18,Delivered,Bangalore,C002,North
4ec82501,2023-03-04,2023-03-09,Delayed,Pune,C002,Central
01d0be27,2023-01-08,2023-01-10,Delivered,Bangalore,C007,Central
cc3c3ac7,2023-01-31,2023-02-05,Delivered,Chennai,C003,North
4d3610ae,2023-03-12,2023-03-17,Delivered,Bangalore,C007,West
0d12064e,2023-05-07,2023-05-10,Delayed,Mumbai,C003,Central
5075e970,2023-01-18,2023-01-23,Delivered,Ahmedabad,C002,South
75f699ac,2023-06-03,2023-06-05,Delayed,Delhi,C004,North
7e94393c,2023-04-03,2023-04-05,Delivered,Mumbai,C004,East
bcdd47d0,2023-05-29,2023-05-30,Delivered,Hyderabad,C003,East
d132be75,2023-05-04,2023-05-08,Delayed,Kolkata,C009,West
97139fc9,2023-05-25,2023-05-29,Delivered,Chennai,C006,North
bfe5b23b,2023-04-22,2023-04-25,Delivered,Chennai,C005,South
386b42d2,2023-03-08,2023-03-11,Delivered,Hyderabad,C006,West
47ed55ca,2023-06-10,2023-06-15,Delayed,Pune,C008,South
dd2187d3,2023-06-25,2023-06-28,Delivered,Mumbai,C005,East
7c3b11a3,2023-05-02,2023-05-06,Delivered,Mumbai,C004,South
4466936f,2023-06-27,2023-07-01,Delivered,Hyderabad,C007,East
c4a3cc1e,2023-01-31,2023-02-01,Delayed,Pune,C005,Central
1115bad9,2023-04-06,2023-04-11,Delivered,Kolkata,C004,East
c109126a,2023-05-12,2023-05-15,Delivered,Bangalore,C005,East
5688b135,2023-05-28,2023-05-31,Delivered,Pune,C004,West
9fecfd83,2023-01-05,2023-01-06,Delivered,Ahmedabad,C008,West
27c8b0f0,2023-03-08,2023-03-10,Delivered,Bangalore,C008,North
576af065,2023-02-11,2023-02-16,Delivered,Ahmedabad,C001,North
23d45307,2023-05-29,2023-05-31,Delivered,Delhi,C003,East
8e252679,2023-01-15,2023-01-17,Delayed,Mumbai,C004,Central
e041159a,2023-02-07,2023-02-09,Delayed,Mumbai,C002,North
9ce5d826,2023-03-23,2023-03-27,Delivered,Hyderabad,C005,East
bf9f9a1e,2023-04-29,2023-05-01,Delayed,Hyderabad,C008,West
a63e5eca,2023-06-27,2023-06-28,Delivered,Bangalore,C002,North
5f9e5fa4,2023-02-04,2023-02-09,Delayed,Pune,C009,North
b288a0c2,2023-04-02,2023-04-07,Delivered,Mumbai,C007,East
d67d9b43,2023-02-11,2023-02-14,Delivered,Mumbai,C006,East
f6dacc44,2023-01-14,2023-01-18,Delayed,Chennai,C008,South
faa4346f,2023-03-11,2023-03-15,Delayed,Ahmedabad,C002,South
321a6a25,2023-04-03,2023-04-07,Delivered,Delhi,C005,Central
ed6eb232,2023-04-18,2023-04-23,Delivered,Delhi,C004,North
6a1397da,2023-06-12,2023-06-15,Delivered,Ahmedabad,C008,South
8057ea51,2023-04-02,2023-04-05,Delivered,Bangalore,C001,East
d34bf850,2023-01-13,2023-01-14,Delivered,Kolkata,C003,North
3bbd3554,2023-03-16,2023-03-18,Delivered,Pune,C010,South
aec073a8,2023-03-16,2023-03-18,Delayed,Mumbai,C008,Central
a70746c0,2023-05-16,2023-05-21,Delivered,Chennai,C005,Central
0aaa984e,2023-06-13,2023-06-17,Delivered,Pune,C004,Central
48a752c1,2023-01-20,2023-01-21,Delivered,Mumbai,C006,Central
85f0e3ce,2023-05-12,2023-05-15,Delivered,Hyderabad,C005,East
57eff261,2023-02-19,2023-02-20,Delivered,Pune,C003,Central
fa855d56,2023-06-10,2023-06-14,Delivered,Bangalore,C005,West
a2fc654d,2023-02-16,2023-02-20,Delayed,Pune,C004,Central
eb64f2a9,2023-01-25,2023-01-29,Delayed,Kolkata,C001,South
3ab0fb50,2023-06-03,2023-06-05,Delivered,Pune,C001,North
8b7ff1d3,2023-02-12,2023-02-16,Delivered,Pune,C007,South
6552e37c,2023-05-20,2023-05-24,Delivered,Pune,C004,North
14e5d698,2023-03-24,2023-03-25,Delayed,Delhi,C001,East
5b6650fb,2023-03-22,2023-03-25,Delayed,Mumbai,C006,North
776e8b74,2023-06-25,2023-06-28,Delivered,Kolkata,C001,West
ebfc7a1e,2023-03-19,2023-03-20,Delivered,Ahmedabad,C008,Central
fe07300d,2023-03-11,2023-03-14,Delayed,Bangalore,C009,South
d72882f7,2023-06-25,2023-06-27,Delivered,Ahmedabad,C003,North
1998e05a,2023-06-28,2023-07-02,Delivered,Delhi,C007,South
be7039af,2023-06-26,2023-06-30,Delayed,Mumbai,C005,Central
aec484d8,2023-04-03,2023-04-07,Delayed,Chennai,C003,East
856dcd49,2023-01-25,2023-01-30,Delivered,Bangalore,C005,Central
e60487d8,2023-05-17,2023-05-19,Delivered,Mumbai,C010,East
1efb8475,2023-05-29,2023-06-02,Delivered,Delhi,C007,South
bbf77ac2,2023-04-01,2023-04-05,Delivered,Delhi,C007,East
feda259c,2023-02-06,2023-02-08,Delivered,Chennai,C009,East
3579f330,2023-01-04,2023-01-07,Delivered,Bangalore,C008,East
89af711e,2023-02-05,2023-02-07,Delayed,Bangalore,C004,East
2bd64aac,2023-05-13,2023-05-18,Delayed,Kolkata,C005,East
96af6e83,2023-03-14,2023-03-16,Delivered,Mumbai,C005,North
82f1fe5b,2023-04-06,2023-04-09,Delivered,Kolkata,C010,East
b075c683,2023-05-05,2023-05-07,Delivered,Delhi,C002,East
91288f74,2023-04-16,2023-04-21,Delayed,Ahmedabad,C007,Central
92a141a8,2023-03-29,2023-04-01,Delivered,Delhi,C007,Central
d574b2f0,2023-02-11,2023-02-16,Delivered,Pune,C009,Central
a3cbe9c2,2023-01-27,2023-01-31,Delayed,Chennai,C009,East
423c12f4,2023-02-25,2023-02-26,Delivered,Chennai,C004,Central
c8adcb12,2023-02-09,2023-02-10,Delayed,Ahmedabad,C005,North
81abda86,2023-05-09,2023-05-10,Cancelled,Ahmedabad,C007,South
aaa1f0e3,2023-02-26,2023-02-27,Delivered,Bangalore,C010,Central
b8b88a99,2023-02-18,2023-02-19,Delivered,Ahmedabad,C007,Central
2663c264,2023-05-24,2023-05-26,Cancelled,Kolkata,C010,North
6883310b,2023-06-07,2023-06-12,Cancelled,Delhi,C008,West
535ea004,2023-06-26,2023-06-30,Delivered,Pune,C008,West
cf75521b,2023-05-15,2023-05-19,Delivered,Mumbai,C002,North
a53c54c5,2023-05-17,2023-05-18,Delivered,Pune,C009,Central
d96f4d14,2023-05-22,2023-05-24,Cancelled,Hyderabad,C004,South
f809154a,2023-06-29,2023-06-30,Delivered,Mumbai,C001,Central
28e2ddc7,2023-01-30,2023-01-31,Delivered,Chennai,C001,North
b7d693f6,2023-04-17,2023-04-21,Delayed,Mumbai,C005,North
24be1d43,2023-04-28,2023-04-30,Delivered,Ahmedabad,C007,East
c62d4a31,2023-01-20,2023-01-21,Delivered,Delhi,C005,North
40cb5ef9,2023-01-30,2023-02-01,Delivered,Kolkata,C003,East
50b20f12,2023-02-03,2023-02-06,Delayed,Ahmedabad,C007,North
c68e6304,2023-01-05,2023-01-08,Delivered,Ahmedabad,C001,East
857e6393,2023-05-03,2023-05-06,Delayed,Pune,C001,East
46ee4f97,2023-03-31,2023-04-05,Delivered,Bangalore,C002,Central
31362206,2023-03-21,2023-03-22,Delivered,Kolkata,C001,East
b79362fe,2023-06-26,2023-06-27,Delivered,Hyderabad,C009,West
04850c7b,2023-04-03,2023-04-05,Delivered,Bangalore,C004,North
39f3ca98,2023-02-05,2023-02-08,Delivered,Hyderabad,C007,South
177f268c,2023-04-24,2023-04-27,Delayed,Hyderabad,C005,North
efba1c11,2023-06-02,2023-06-03,Delayed,Delhi,C007,Central
a0fe4df9,2023-05-14,2023-05-15,Delivered,Delhi,C007,Central
144ebc65,2023-03-29,2023-04-03,Delivered,Ahmedabad,C001,East
e8dbee49,2023-02-14,2023-02-15,Delivered,Chennai,C001,Central
06548d7c,2023-03-19,2023-03-20,Delayed,Chennai,C003,Central
75c3b392,2023-01-08,2023-01-13,Delivered,Hyderabad,C010,North
b0946b29,2023-01-31,2023-02-01,Delivered,Kolkata,C002,West
64df4e91,2023-02-26,2023-02-28,Delivered,Chennai,C007,West
99a2c6ef,2023-02-02,2023-02-04,Delivered,Delhi,C003,East
3d4aa68c,2023-06-27,2023-07-01,Delivered,Chennai,C007,Central
b475f94b,2023-02-06,2023-02-10,Delivered,Hyderabad,C009,Central
e52f6c48,2023-06-26,2023-06-27,Delivered,Pune,C001,West
1fe19a56,2023-02-28,2023-03-03,Delayed,Bangalore,C003,East
40aeb02a,2023-03-20,2023-03-25,Delivered,Kolkata,C006,Central
25f0a807,2023-02-02,2023-02-05,Delivered,Kolkata,C009,East
d10fdd35,2023-02-23,2023-02-28,Delivered,Mumbai,C005,North
16c58fb2,2023-02-03,2023-02-08,Delivered,Ahmedabad,C003,Central
ead6af2f,2023-01-21,2023-01-22,Delivered,Chennai,C008,Central
30ffe44a,2023-04-19,2023-04-24,Delivered,Ahmedabad,C005,Central
f8bcf255,2023-06-26,2023-06-29,Delivered,Ahmedabad,C006,West
4489de38,2023-01-29,2023-01-31,Delivered,Kolkata,C002,West
928dd0f0,2023-01-20,2023-01-21,Delivered,Pune,C004,Central
3bcf2118,2023-01-05,2023-01-09,Delivered,Pune,C001,Central
270a63ce,2023-05-04,2023-05-09,Delayed,Delhi,C004,North
486b051d,2023-04-21,2023-04-24,Delivered,Bangalore,C001,North
b70a85ff,2023-01-11,2023-01-13,Delivered,Delhi,C004,East
9c1527d6,2023-02-20,2023-02-25,Delivered,Chennai,C002,East
f046c07c,2023-01-28,2023-01-29,Delivered,Hyderabad,C006,West
4359c483,2023-01-09,2023-01-13,Delivered,Pune,C006,South
17b21a92,2023-06-18,2023-06-23,Delivered,Pune,C008,North
723ebfd5,2023-05-12,2023-05-14,Delayed,Mumbai,C009,East
816e57f2,2023-06-01,2023-06-04,Delivered,Mumbai,C008,North
04c6306a,2023-01-16,2023-01-17,Delivered,Pune,C001,North
24d7333d,2023-05-01,2023-05-05,Delayed,Bangalore,C003,South
c951128a,2023-01-31,2023-02-03,Delayed,Kolkata,C006,North
91289328,2023-03-06,2023-03-08,Delivered,Kolkata,C001,South
dab53b3b,2023-01-12,2023-01-16,Delivered,Pune,C008,South
b816529b,2023-01-17,2023-01-21,Delivered,Kolkata,C006,North
d98034b1,2023-03-19,2023-03-22,Delivered,Mumbai,C001,North
00bb02a4,2023-06-20,2023-06-25,Delivered,Hyderabad,C010,East
16ff76fc,2023-01-03,2023-01-06,Delivered,Kolkata,C002,North
dec48b79,2023-01-25,2023-01-28,Delayed,Ahmedabad,C006,North
db33c26e,2023-02-01,2023-02-05,Delivered,Delhi,C010,North
454ffe9d,2023-06-04,2023-06-08,Delivered,Pune,C008,East
b2574092,2023-02-22,2023-02-24,Delivered,Kolkata,C005,South
b8648943,2023-05-31,2023-06-03,Delayed,Ahmedabad,C001,East
6a62a9cb,2023-02-21,2023-02-24,Delivered,Hyderabad,C010,North
70742774,2023-02-17,2023-02-19,Delivered,Pune,C002,Central
24eff20e,2023-06-21,2023-06-23,Delivered,Ahmedabad,C004,North
94e283c6,2023-03-31,2023-04-04,Delivered,Bangalore,C004,East
501e1d48,2023-01-08,2023-01-10,Delivered,Bangalore,C007,East
9006372c,2023-01-24,2023-01-26,Delivered,Ahmedabad,C002,West
f9c2e929,2023-02-07,2023-02-08,Delivered,Mumbai,C007,Central
9737937f,2023-03-13,2023-03-14,Delivered,Hyderabad,C007,East
a76d16fe,2023-05-29,2023-05-30,Delivered,Ahmedabad,C007,South
51b13c65,2023-03-31,2023-04-05,Delivered,Delhi,C003,North
921aaab4,2023-04-01,2023-04-02,Delivered,Hyderabad,C006,South
ed78d5a0,2023-02-11,2023-02-13,Delivered,Delhi,C006,East
5c4917ad,2023-05-09,2023-05-10,Delivered,Delhi,C004,East
92058012,2023-06-06,2023-06-10,Delivered,Hyderabad,C001,South
1b7834ad,2023-03-03,2023-03-05,Cancelled,Pune,C009,South
911e5cbe,2023-05-10,2023-05-12,Delivered,Chennai,C002,West
0f01dc85,2023-05-26,2023-05-27,Delivered,Hyderabad,C009,North
7c4a14bc,2023-01-18,2023-01-21,Delivered,Ahmedabad,C008,South
0d860da7,2023-01-26,2023-01-29,Delayed,Pune,C001,North
7d7e72fb,2023-05-29,2023-06-01,Delayed,Delhi,C007,Central
2352e61d,2023-01-04,2023-01-09,Delivered,Pune,C010,East
f6fd4ad0,2023-05-16,2023-05-18,Delivered,Pune,C003,South
bae45615,2023-02-25,2023-03-01,Delivered,Kolkata,C010,Central
6af58bd5,2023-02-19,2023-02-23,Delivered,Ahmedabad,C010,East
ae2b5df7,2023-03-14,2023-03-18,Delayed,Bangalore,C009,West
39f5a895,2023-02-13,2023-02-14,Delivered,Bangalore,C005,East
494a98af,2023-05-18,2023-05-23,Delivered,Ahmedabad,C003,South
6efb094e,2023-01-02,2023-01-07,Delayed,Ahmedabad,C008,Central
597ab58d,2023-01-26,2023-01-29,Delayed,Mumbai,C003,Central
61dda2cd,2023-02-24,2023-02-26,Delivered,Bangalore,C007,Central
4af64340,2023-05-10,2023-05-14,Delivered,Chennai,C007,East
89c2eb46,2023-05-02,2023-05-03,Delivered,Delhi,C007,North
0ed45922,2023-04-04,2023-04-07,Delayed,Hyderabad,C001,North
bf373a0e,2023-06-28,2023-06-30,Delayed,Hyderabad,C005,East
86180dae,2023-05-31,2023-06-04,Delivered,Chennai,C001,South
7afcff7c,2023-02-17,2023-02-19,Delayed,Bangalore,C007,East
eac9fa8b,2023-04-23,2023-04-26,Delayed,Delhi,C008,North
f6ae5ce3,2023-06-22,2023-06-23,Delivered,Bangalore,C007,East
e66e745e,2023-01-28,2023-01-29,Delivered,Pune,C001,Central
9e50650f,2023-02-16,2023-02-17,Delayed,Mumbai,C003,South
06b7116d,2023-04-01,2023-04-04,Delivered,Bangalore,C010,South
85c74624,2023-04-08,2023-04-12,Delivered,Mumbai,C003,West
ed26f8e2,2023-04-19,2023-04-21,Delayed,Ahmedabad,C007,East
5951a18a,2023-02-24,2023-02-28,Delayed,Ahmedabad,C004,Central
de19bdf1,2023-05-12,2023-05-16,Delivered,Hyderabad,C003,East
79d7ba9c,2023-02-28,2023-03-04,Delivered,Delhi,C006,West
f9edb1a2,2023-04-15,2023-04-18,Delivered,Kolkata,C010,West
b624986d,2023-01-29,2023-02-02,Delivered,Pune,C006,East
354810a5,2023-03-22,2023-03-24,Delivered,Mumbai,C010,East
58f7b20d,2023-02-01,2023-02-04,Delayed,Bangalore,C005,East
d673d3f3,2023-04-30,2023-05-04,Delivered,Ahmedabad,C006,North
09f214e5,2023-01-29,2023-02-01,Delivered,Pune,C003,West
528d4e45,2023-05-14,2023-05-19,Delivered,Bangalore,C010,South
f8b67b6d,2023-02-04,2023-02-06,Cancelled,Pune,C005,North
4a87348e,2023-05-07,2023-05-08,Delivered,Hyderabad,C009,Central
85ba0005,2023-04-03,2023-04-05,Delivered,Chennai,C004,South
95044a2f,2023-06-30,2023-07-03,Delivered,Pune,C002,South
71f888aa,2023-03-15,2023-03-19,Delivered,Ahmedabad,C005,South
2ee67524,2023-05-23,2023-05-24,Delivered,Kolkata,C003,West
34dc3a82,2023-01-11,2023-01-15,Delivered,Chennai,C003,Central
935ae608,2023-01-22,2023-01-25,Delivered,Ahmedabad,C004,North
ffad7f01,2023-03-25,2023-03-27,Delivered,Bangalore,C004,Central
843a80b7,2023-05-07,2023-05-08,Delivered,Ahmedabad,C005,North
2b2b3f48,2023-01-30,2023-02-01,Delivered,Chennai,C007,West
3f1becae,2023-04-09,2023-04-11,Delivered,Pune,C004,Central
4040f9cc,2023-03-14,2023-03-19,Delivered,Kolkata,C007,South
43ca98c3,2023-04-27,2023-05-02,Delivered,Kolkata,C009,Central
3711c1ed,2023-06-03,2023-06-07,Delivered,Delhi,C003,West
65a3d2fe,2023-03-21,2023-03-24,Delivered,Ahmedabad,C005,West
21b415fc,2023-06-25,2023-06-27,Delivered,Chennai,C004,West
92184c2a,2023-04-24,2023-04-26,Delivered,Delhi,C009,North
cd1acc91,2023-02-27,2023-03-03,Delivered,Bangalore,C005,Central
eb47d555,2023-05-22,2023-05-23,Cancelled,Bangalore,C010,South
f63c013d,2023-04-15,2023-04-16,Delayed,Bangalore,C002,South
4b10a6ec,2023-03-16,2023-03-19,Delivered,Hyderabad,C010,East
c495c220,2023-04-20,2023-04-23,Delivered,Chennai,C001,West
56c5ef7c,2023-02-18,2023-02-23,Delivered,Mumbai,C007,South
002225ee,2023-01-18,2023-01-21,Delivered,Kolkata,C001,West
6f89384c,2023-05-02,2023-05-05,Delivered,Mumbai,C008,South
40b03ad6,2023-06-23,2023-06-24,Delivered,Bangalore,C009,Central
da0a666a,2023-04-05,2023-04-06,Delivered,Pune,C007,East
cd9976d3,2023-02-15,2023-02-19,Delayed,Ahmedabad,C009,West
7914ae4a,2023-01-04,2023-01-09,Delivered,Pune,C010,North
79784df2,2023-06-22,2023-06-24,Delayed,Chennai,C006,North
168991dc,2023-05-06,2023-05-08,Delayed,Pune,C007,South
b5232a83,2023-06-22,2023-06-24,Delivered,Delhi,C003,Central
1b57cc5f,2023-01-27,2023-01-30,Delivered,Ahmedabad,C009,West
ae0c6afd,2023-04-12,2023-04-17,Delivered,Ahmedabad,C003,East
15ddf740,2023-04-23,2023-04-26,Delivered,Mumbai,C006,Central
b6c450c1,2023-05-14,2023-05-19,Delivered,Pune,C004,South
b07017d6,2023-06-18,2023-06-22,Delivered,Bangalore,C009,Central
8ee31034,2023-06-23,2023-06-28,Delivered,Mumbai,C001,East
ca5b1df0,2023-01-22,2023-01-27,Delayed,Mumbai,C009,Central
8b6f3bdc,2023-01-31,2023-02-05,Delivered,Kolkata,C004,West
61fadb6e,2023-02-06,2023-02-11,Cancelled,Mumbai,C010,South
ee1699f5,2023-04-12,2023-04-14,Delivered,Bangalore,C005,East
bc2af4ca,2023-04-13,2023-04-17,Delayed,Kolkata,C001,South
e8f43449,2023-06-27,2023-06-28,Delivered,Ahmedabad,C001,West
31dc05a6,2023-06-01,2023-06-05,Delivered,Bangalore,C006,East
60b236a3,2023-01-27,2023-02-01,Delayed,Hyderabad,C010,East
b9cd4779,2023-02-13,2023-02-18,Delivered,Ahmedabad,C001,South
8e98ddfc,2023-01-17,2023-01-20,Delivered,Ahmedabad,C002,Central
a2b39fdc,2023-04-04,2023-04-09,Delivered,Pune,C003,Central
d27ec7ed,2023-02-20,2023-02-24,Delivered,Hyderabad,C007,North
b792efb1,2023-03-28,2023-03-29,Delivered,Pune,C002,North
4f1a49d2,2023-02-21,2023-02-24,Delayed,Hyderabad,C005,East
439da0da,2023-06-02,2023-06-05,Delivered,Mumbai,C009,South
79656881,2023-04-14,2023-04-15,Delivered,Chennai,C010,East
70491bee,2023-02-01,2023-02-05,Delayed,Bangalore,C008,South
00e8dec1,2023-03-01,2023-03-06,Delivered,Hyderabad,C008,West
5f45a3bd,2023-04-19,2023-04-20,Delivered,Ahmedabad,C002,North
7d51f308,2023-05-08,2023-05-12,Delayed,Ahmedabad,C001,East
a7c1f9bb,2023-03-13,2023-03-17,Delivered,Chennai,C009,West
9e566c53,2023-05-29,2023-06-02,Delivered,Hyderabad,C010,Central
be0041c0,2023-06-01,2023-06-06,Delivered,Ahmedabad,C004,North
4535a667,2023-03-11,2023-03-16,Delivered,Pune,C009,South
159f62ce,2023-06-14,2023-06-16,Delivered,Hyderabad,C007,Central
4764ed0a,2023-04-13,2023-04-16,Delivered,Chennai,C006,Central
3e67dac8,2023-04-02,2023-04-07,Delayed,Hyderabad,C010,West
a9fe37be,2023-05-02,2023-05-04,Delivered,Mumbai,C009,East
4c5d2ae9,2023-06-20,2023-06-24,Delivered,Mumbai,C010,East
956682ae,2023-06-04,2023-06-07,Cancelled,Kolkata,C004,West
2cdeddc5,2023-04-14,2023-04-17,Delayed,Mumbai,C001,Central
af6744b0,2023-05-05,2023-05-06,Delayed,Delhi,C005,North
4e3f9048,2023-05-11,2023-05-13,Delivered,Kolkata,C006,Central
f0e2dd33,2023-03-13,2023-03-18,Delayed,Hyderabad,C006,West
e365af34,2023-02-07,2023-02-10,Delivered,Delhi,C001,Central
ef89c467,2023-04-27,2023-05-01,Delivered,Bangalore,C007,Central
a998fb61,2023-01-28,2023-01-31,Delivered,Chennai,C008,Central
5a625d89,2023-02-01,2023-02-02,Delivered,Bangalore,C005,Central
b4f6998b,2023-03-06,2023-03-11,Delayed,Delhi,C002,North
6e2c0a82,2023-05-06,2023-05-08,Delivered,Ahmedabad,C002,South
9c965a35,2023-05-08,2023-05-09,Delivered,Mumbai,C005,South
c14531ec,2023-03-01,2023-03-03,Delayed,Pune,C007,East
ec436d15,2023-06-10,2023-06-14,Delivered,Hyderabad,C007,South
7ca7e251,2023-02-04,2023-02-06,Delivered,Kolkata,C004,South
9684c20f,2023-01-08,2023-01-12,Delivered,Ahmedabad,C003,South
21f5127f,2023-01-26,2023-01-27,Delivered,Pune,C009,Central
ab77f530,2023-01-14,2023-01-18,Delivered,Ahmedabad,C007,Central
32480211,2023-01-18,2023-01-19,Cancelled,Pune,C002,North
deb39527,2023-05-08,2023-05-09,Delivered,Hyderabad,C001,Central
e537f4fa,2023-06-23,2023-06-26,Delivered,Mumbai,C002,Central
878968f6,2023-01-07,2023-01-12,Delayed,Hyderabad,C003,South
587ecc52,2023-02-15,2023-02-20,Delivered,Chennai,C005,North
b1bae87c,2023-04-08,2023-04-12,Delivered,Pune,C003,North
34678cab,2023-06-04,2023-06-05,Delivered,Chennai,C010,South
ccd1ce07,2023-06-23,2023-06-28,Delivered,Ahmedabad,C009,South
7125daeb,2023-03-25,2023-03-28,Delivered,Chennai,C010,North
2c2e6178,2023-02-09,2023-02-14,Delivered,Bangalore,C004,West
ee26529e,2023-03-19,2023-03-20,Delivered,Ahmedabad,C007,South
2099c242,2023-06-09,2023-06-13,Delayed,Mumbai,C004,South
68f9c1d4,2023-06-09,2023-06-14,Delivered,Chennai,C003,North
e7fc77d2,2023-01-25,2023-01-27,Delayed,Delhi,C010,West
074a1c96,2023-01-20,2023-01-25,Delivered,Chennai,C001,West
9a5e5f74,2023-06-19,2023-06-24,Delivered,Kolkata,C009,East
0238fc77,2023-05-14,2023-05-17,Delivered,Bangalore,C001,West
dd15669e,2023-05-07,2023-05-08,Delayed,Delhi,C001,South
811d8e90,2023-04-30,2023-05-02,Delivered,Pune,C001,Central
c3cbd04a,2023-02-21,2023-02-25,Delivered,Mumbai,C005,North
38eb301c,2023-03-17,2023-03-22,Delayed,Mumbai,C007,South
f4663120,2023-06-19,2023-06-22,Delivered,Kolkata,C007,North
d6657685,2023-05-08,2023-05-10,Delayed,Pune,C010,West
884bb02f,2023-05-06,2023-05-11,Delivered,Chennai,C001,North
cbb895c6,2023-05-10,2023-05-12,Delayed,Delhi,C006,South
35febd52,2023-03-08,2023-03-09,Delayed,Kolkata,C009,Central
94f5133e,2023-05-19,2023-05-23,Delivered,Delhi,C006,South
8a268156,2023-03-29,2023-03-30,Delivered,Chennai,C004,East
e16b56df,2023-05-19,2023-05-22,Delivered,Pune,C010,North
33171520,2023-05-20,2023-05-22,Delayed,Chennai,C009,South
f24de2e9,2023-01-05,2023-01-09,Delivered,Hyderabad,C003,West
9ee2aabe,2023-01-09,2023-01-10,Delivered,Hyderabad,C010,West
3979f88d,2023-04-21,2023-04-22,Delayed,Chennai,C004,South
1569880b,2023-01-31,2023-02-02,Delivered,Bangalore,C004,East
ff5db81d,2023-04-09,2023-04-12,Delivered,Kolkata,C004,North
f9cd4335,2023-04-26,2023-04-28,Delivered,Hyderabad,C006,East
e31e5b0c,2023-03-22,2023-03-25,Delivered,Ahmedabad,C007,Central
1d4e5b49,2023-04-07,2023-04-10,Delivered,Chennai,C009,South
dd2b48bc,2023-04-24,2023-04-28,Delivered,Ahmedabad,C003,East
6460807d,2023-04-28,2023-04-30,Delivered,Ahmedabad,C008,Central
8f114b53,2023-01-10,2023-01-14,Delayed,Delhi,C008,East
73a6ae90,2023-01-09,2023-01-11,Delayed,Kolkata,C001,Central
af2a5fa0,2023-02-15,2023-02-17,Delivered,Pune,C005,West
95974e46,2023-05-23,2023-05-26,Delivered,Hyderabad,C010,West
a2a63a31,2023-06-18,2023-06-19,Delayed,Pune,C005,South
4f4478d1,2023-03-19,2023-03-22,Delivered,Bangalore,C008,East
349ac73f,2023-06-30,2023-07-03,Delivered,Kolkata,C008,West
4747b5fb,2023-02-12,2023-02-17,Delivered,Kolkata,C002,North
c8978e0a,2023-05-06,2023-05-11,Delivered,Mumbai,C003,West
d2b933ae,2023-04-21,2023-04-22,Delayed,Delhi,C002,West
8a27f8d3,2023-02-04,2023-02-05,Delivered,Bangalore,C001,East
e60ad1d0,2023-03-21,2023-03-23,Delivered,Ahmedabad,C002,Central
f509c5ad,2023-04-10,2023-04-11,Delivered,Bangalore,C010,North
c95dd3d2,2023-05-05,2023-05-06,Delayed,Pune,C006,North
3f623caa,2023-01-29,2023-01-31,Delivered,Bangalore,C001,Central
1f41cc5f,2023-05-26,2023-05-27,Delivered,Delhi,C006,East
398e7bf2,2023-06-22,2023-06-25,Delivered,Bangalore,C001,West
4f9f4820,2023-05-06,2023-05-08,Delivered,Mumbai,C002,Central
0f59c41e,2023-06-18,2023-06-19,Delivered,Hyderabad,C008,North
c09b8e14,2023-05-22,2023-05-26,Delivered,Delhi,C006,North
85121d0b,2023-06-25,2023-06-28,Delivered,Bangalore,C009,West
16a6dbcc,2023-05-19,2023-05-20,Delivered,Chennai,C001,West
400ae105,2023-05-27,2023-06-01,Delivered,Hyderabad,C005,South
211324ba,2023-05-01,2023-05-06,Delayed,Pune,C007,Central
d5885f0c,2023-05-02,2023-05-06,Delayed,Ahmedabad,C009,West
69110be5,2023-05-24,2023-05-29,Delayed,Kolkata,C009,South
ed716128,2023-02-10,2023-02-11,Delayed,Delhi,C004,East
865ffea9,2023-05-10,2023-05-14,Delivered,Chennai,C004,North
b615b193,2023-01-15,2023-01-20,Delivered,Kolkata,C004,Central
70c07a59,2023-04-11,2023-04-14,Delivered,Chennai,C003,East
768c6fc3,2023-03-09,2023-03-10,Delayed,Bangalore,C008,Central
c3d10197,2023-05-07,2023-05-10,Cancelled,Ahmedabad,C005,Central
4966280d,2023-06-01,2023-06-02,Delivered,Delhi,C007,West
58e14a25,2023-04-07,2023-04-10,Delivered,Ahmedabad,C010,South
0352b51f,2023-06-07,2023-06-09,Delivered,Ahmedabad,C006,Central
f3eb3ab3,2023-06-23,2023-06-27,Delivered,Pune,C009,East
58050b35,2023-04-01,2023-04-03,Delivered,Bangalore,C003,Central
f2ee8dfb,2023-03-14,2023-03-19,Delivered,Kolkata,C006,South
b78f9b0b,2023-03-24,2023-03-27,Delayed,Pune,C003,North
4677ac69,2023-01-16,2023-01-17,Delivered,Ahmedabad,C002,Central
35df2cce,2023-01-08,2023-01-13,Delayed,Mumbai,C003,East
f4009fb9,2023-06-01,2023-06-02,Delayed,Chennai,C002,North
c8975f99,2023-01-12,2023-01-13,Delayed,Mumbai,C002,North
09d8d7a8,2023-02-02,2023-02-04,Delivered,Kolkata,C010,West
f27a7325,2023-04-04,2023-04-06,Delivered,Bangalore,C007,West
198bc289,2023-03-31,2023-04-03,Delivered,Pune,C010,Central
4c3aac40,2023-05-30,2023-06-01,Delivered,Pune,C003,East
b1ad8946,2023-01-07,2023-01-12,Delivered,Pune,C008,West
b5bb4ef7,2023-06-10,2023-06-15,Cancelled,Hyderabad,C002,South
7ccbdd31,2023-03-29,2023-03-31,Delayed,Chennai,C007,South
0a4fdd36,2023-04-08,2023-04-12,Delayed,Hyderabad,C003,North
f6a30405,2023-01-25,2023-01-28,Delayed,Delhi,C009,North
b22c535a,2023-04-20,2023-04-21,Delivered,Chennai,C007,North
80bc30a5,2023-03-30,2023-04-02,Delivered,Mumbai,C009,South
07ce5ea4,2023-04-02,2023-04-06,Delivered,Hyderabad,C002,West
50e1a49b,2023-04-16,2023-04-20,Delivered,Kolkata,C006,West
c6514df7,2023-03-31,2023-04-01,Delayed,Delhi,C005,Central
219fede1,2023-01-15,2023-01-20,Delivered,Chennai,C002,East
d0993131,2023-06-19,2023-06-23,Delivered,Pune,C004,South
2c07cbcb,2023-03-04,2023-03-06,Delivered,Kolkata,C004,North
b128384c,2023-03-05,2023-03-07,Delivered,Ahmedabad,C008,East
ec471525,2023-03-02,2023-03-04,Delivered,Delhi,C007,North
746229a3,2023-06-15,2023-06-20,Delayed,Mumbai,C005,East
01590ac4,2023-03-21,2023-03-25,Delivered,Pune,C009,East
404894ae,2023-06-01,2023-06-06,Delivered,Kolkata,C001,West
e9974b5e,2023-01-22,2023-01-23,Delivered,Chennai,C004,Central
ccf2acb2,2023-06-26,2023-06-28,Delivered,Delhi,C005,Central
611dae58,2023-01-17,2023-01-21,Delivered,Bangalore,C008,North
f9d3aeaa,2023-03-20,2023-03-25,Cancelled,Ahmedabad,C003,South
8b5c4983,2023-01-30,2023-02-03,Delivered,Chennai,C005,Central
eef843c5,2023-03-28,2023-04-01,Delivered,Chennai,C003,South
3616bf50,2023-02-13,2023-02-16,Delivered,Pune,C007,North
130bf252,2023-01-06,2023-01-09,Delivered,Chennai,C010,South
5836b1b0,2023-05-18,2023-05-20,Delivered,Pune,C003,East
8ffbef01,2023-03-25,2023-03-26,Delivered,Chennai,C007,East
3c3a50d5,2023-01-10,2023-01-11,Delivered,Bangalore,C002,North
3074a888,2023-04-28,2023-05-02,Delayed,Kolkata,C007,South
a869afdd,2023-06-18,2023-06-20,Delivered,Kolkata,C009,South
f9cb7728,2023-04-19,2023-04-20,Delivered,Kolkata,C005,North
18c2d8a7,2023-05-26,2023-05-31,Delivered,Mumbai,C006,Central
6757c4d5,2023-05-12,2023-05-15,Delivered,Bangalore,C010,West
7ba77083,2023-04-18,2023-04-19,Delayed,Bangalore,C003,Central
115a7ffb,2023-03-10,2023-03-13,Delayed,Ahmedabad,C010,West
da72b6e2,2023-01-06,2023-01-09,Delivered,Delhi,C005,South
aa4f3eff,2023-06-28,2023-07-02,Delayed,Hyderabad,C005,West
ab627c49,2023-05-01,2023-05-02,Delayed,Kolkata,C003,West
d2c55788,2023-05-31,2023-06-03,Delayed,Hyderabad,C008,South
9c759845,2023-01-06,2023-01-10,Delivered,Delhi,C006,East
d2963bb6,2023-03-23,2023-03-24,Delivered,Bangalore,C003,West
290717f5,2023-04-07,2023-04-09,Delivered,Delhi,C001,North
5a98d79d,2023-05-27,2023-05-28,Delayed,Chennai,C010,Central
3779b2cc,2023-04-10,2023-04-15,Delivered,Delhi,C001,South
d65e2b62,2023-03-24,2023-03-29,Delivered,Delhi,C010,South
7078dace,2023-05-27,2023-06-01,Delivered,Pune,C002,West
7a03838d,2023-01-26,2023-01-27,Delivered,Chennai,C010,East
b4d8186d,2023-05-06,2023-05-11,Delivered,Pune,C005,East
ee812101,2023-01-26,2023-01-28,Delayed,Hyderabad,C007,Central
76193305,2023-06-26,2023-06-30,Delivered,Ahmedabad,C001,Central
f62909d9,2023-06-22,2023-06-26,Delayed,Chennai,C001,East
7e578aa0,2023-02-22,2023-02-27,Delivered,Ahmedabad,C004,East
e2d293a0,2023-03-28,2023-04-02,Delivered,Mumbai,C010,East
27847c7d,2023-05-08,2023-05-11,Delivered,Delhi,C006,West
d1b6ebcd,2023-05-09,2023-05-10,Delivered,Ahmedabad,C009,North
a18da14f,2023-06-20,2023-06-25,Delivered,Delhi,C001,Central
b86ba243,2023-03-28,2023-03-29,Delivered,Pune,C010,South
c52d1c30,2023-02-12,2023-02-15,Delivered,Hyderabad,C005,East
aa2797b3,2023-06-07,2023-06-09,Delayed,Pune,C009,East
eb641999,2023-03-18,2023-03-21,Delivered,Bangalore,C008,North
28ee4aee,2023-04-04,2023-04-09,Delivered,Chennai,C007,East
2a3ba552,2023-04-22,2023-04-26,Delivered,Bangalore,C010,Central
ae4f717c,2023-02-21,2023-02-24,Delivered,Mumbai,C002,East
078e099f,2023-05-08,2023-05-09,Delivered,Chennai,C009,North
1e4552e9,2023-06-12,2023-06-13,Delivered,Mumbai,C008,West
c56616aa,2023-01-20,2023-01-21,Delivered,Mumbai,C010,Central
c5065cc2,2023-05-18,2023-05-21,Delivered,Mumbai,C010,West
53de3062,2023-02-24,2023-02-26,Delivered,Kolkata,C009,South
11b7a732,2023-03-15,2023-03-18,Delayed,Chennai,C009,North
8ac048c8,2023-03-09,2023-03-13,Delivered,Ahmedabad,C009,South
85915248,2023-01-13,2023-01-15,Delivered,Chennai,C003,South
f5f6faae,2023-03-18,2023-03-21,Delayed,Kolkata,C007,South
950ac370,2023-05-27,2023-05-30,Delivered,Hyderabad,C001,South
57d34760,2023-04-13,2023-04-17,Delivered,Ahmedabad,C009,North
cdaf1e7a,2023-02-27,2023-02-28,Delivered,Kolkata,C009,West
5cc7026c,2023-06-09,2023-06-14,Delivered,Ahmedabad,C003,East
a55f4beb,2023-01-24,2023-01-27,Delayed,Delhi,C005,South
b05effc9,2023-05-29,2023-05-30,Delivered,Bangalore,C008,East
1d3f0536,2023-01-25,2023-01-29,Delayed,Bangalore,C006,East
445537d9,2023-06-01,2023-06-04,Delayed,Mumbai,C010,South
3a572bcc,2023-03-28,2023-03-31,Delivered,Chennai,C010,Central
b38e0e3e,2023-03-11,2023-03-15,Delivered,Chennai,C009,East
66add838,2023-01-18,2023-01-19,Delivered,Mumbai,C003,Central
2bf279ce,2023-05-26,2023-05-27,Delivered,Delhi,C007,West
83599715,2023-05-16,2023-05-19,Delivered,Bangalore,C006,East
71c88701,2023-05-02,2023-05-05,Delivered,Kolkata,C005,North
9eff67d5,2023-04-20,2023-04-22,Delivered,Hyderabad,C004,West
1edb21c3,2023-02-23,2023-02-24,Delivered,Ahmedabad,C005,West
3ebf647f,2023-03-30,2023-04-01,Cancelled,Ahmedabad,C004,Central
be34a6f4,2023-01-20,2023-01-25,Delivered,Ahmedabad,C003,South
27c301c3,2023-06-16,2023-06-21,Delayed,Ahmedabad,C007,North
bd026469,2023-03-19,2023-03-24,Delayed,Pune,C006,North
5a6bd18d,2023-05-10,2023-05-11,Delivered,Delhi,C004,Central
71234b44,2023-03-18,2023-03-21,Delayed,Ahmedabad,C009,Central
fb5e60f6,2023-04-21,2023-04-22,Delivered,Chennai,C001,West
dd78d5e9,2023-06-19,2023-06-20,Delivered,Pune,C001,Central
0ddc41c6,2023-05-19,2023-05-22,Delivered,Mumbai,C009,South
b1f0df7f,2023-03-22,2023-03-25,Delivered,Bangalore,C007,West
0090645a,2023-02-21,2023-02-24,Delivered,Pune,C002,West
0961c040,2023-04-17,2023-04-18,Delivered,Mumbai,C010,West
048ef876,2023-04-13,2023-04-15,Delivered,Chennai,C005,North
3086f53e,2023-03-06,2023-03-11,Delivered,Ahmedabad,C004,North
03103042,2023-06-09,2023-06-11,Delivered,Mumbai,C001,West
50829327,2023-05-12,2023-05-17,Delivered,Kolkata,C009,South
f411a5d8,2023-04-27,2023-04-28,Delivered,Pune,C006,East
6fc54cf1,2023-06-21,2023-06-23,Delivered,Pune,C006,West
22da6ea9,2023-05-21,2023-05-22,Delivered,Ahmedabad,C004,Central
46ce44ae,2023-02-16,2023-02-19,Delivered,Bangalore,C002,East
6d2667a9,2023-01-05,2023-01-08,Delayed,Mumbai,C008,North
c95eb947,2023-06-10,2023-06-15,Delivered,Bangalore,C008,North
04d6a2d7,2023-06-30,2023-07-05,Delivered,Pune,C003,East
1bb90cd0,2023-05-13,2023-05-14,Delivered,Mumbai,C007,Central
082fbf7c,2023-02-17,2023-02-22,Delayed,Mumbai,C007,North
db4591ba,2023-05-28,2023-06-02,Delivered,Bangalore,C005,North
16c0932f,2023-05-08,2023-05-13,Delivered,Kolkata,C005,West
9aa5b017,2023-02-24,2023-02-27,Delivered,Mumbai,C008,South
36cc698e,2023-06-19,2023-06-24,Delivered,Kolkata,C004,Central
408ad52d,2023-04-30,2023-05-03,Delivered,Delhi,C001,West
e4e225cc,2023-03-10,2023-03-11,Delivered,Hyderabad,C001,South
b66f2cee,2023-06-13,2023-06-17,Cancelled,Delhi,C009,North
4316ee56,2023-05-17,2023-05-18,Delivered,Hyderabad,C004,South
e76d4769,2023-06-07,2023-06-10,Delivered,Delhi,C001,North
b80f5621,2023-04-22,2023-04-26,Delayed,Hyderabad,C002,West
f20e8e10,2023-05-25,2023-05-26,Delivered,Mumbai,C010,North
a038c9c2,2023-06-10,2023-06-13,Delayed,Bangalore,C007,South
87011a7e,2023-01-16,2023-01-19,Delivered,Bangalore,C002,West
ba026673,2023-05-14,2023-05-15,Delayed,Ahmedabad,C001,South
0bcbba9d,2023-02-21,2023-02-23,Delivered,Chennai,C010,South
e7961ce4,2023-04-04,2023-04-05,Delayed,Ahmedabad,C009,East
88015c99,2023-04-29,2023-04-30,Delayed,Hyderabad,C005,North
44b20208,2023-02-07,2023-02-12,Delivered,Chennai,C004,North
ac5e8a2a,2023-03-03,2023-03-04,Delivered,Kolkata,C004,South
e8ee8345,2023-02-08,2023-02-09,Delivered,Kolkata,C001,North
3b6691ee,2023-06-25,2023-06-29,Cancelled,Chennai,C003,Central
5d791ee5,2023-03-18,2023-03-19,Delivered,Hyderabad,C001,North
69b956bf,2023-04-22,2023-04-26,Delivered,Bangalore,C005,West
7e3a91a2,2023-04-16,2023-04-19,Delivered,Hyderabad,C005,North
d5572d82,2023-03-23,2023-03-27,Delivered,Kolkata,C009,Central
580edeba,2023-01-17,2023-01-22,Delivered,Mumbai,C008,South
d07ef37e,2023-06-12,2023-06-13,Cancelled,Chennai,C005,North
905d333d,2023-02-22,2023-02-25,Delivered,Chennai,C005,West
c0dd6f12,2023-04-16,2023-04-18,Delayed,Kolkata,C007,Central
916327e3,2023-03-10,2023-03-15,Delivered,Hyderabad,C002,East
b945376d,2023-03-15,2023-03-20,Delivered,Chennai,C007,South
5799d855,2023-06-15,2023-06-17,Delivered,Bangalore,C001,South
91522ebc,2023-02-11,2023-02-12,Delivered,Chennai,C005,South
c268d1ac,2023-03-07,2023-03-10,Cancelled,Hyderabad,C006,Central
d5ec7260,2023-06-25,2023-06-27,Delayed,Kolkata,C010,North
c2e4ae01,2023-06-03,2023-06-05,Delivered,Bangalore,C001,North
846715cc,2023-03-02,2023-03-07,Delivered,Bangalore,C009,North
c181a8ec,2023-04-14,2023-04-15,Delivered,Chennai,C009,North
14644fe9,2023-03-03,2023-03-04,Delayed,Hyderabad,C001,South
4bd1efde,2023-01-30,2023-02-03,Delayed,Chennai,C004,East
2eb7d987,2023-02-08,2023-02-10,Delayed,Pune,C008,South
11103019,2023-02-19,2023-02-21,Delivered,Mumbai,C002,East
ea2d311c,2023-01-08,2023-01-10,Delivered,Ahmedabad,C008,East
4b984589,2023-03-04,2023-03-09,Delivered,Kolkata,C010,North
d29d4531,2023-03-21,2023-03-23,Delivered,Pune,C009,West
dbeb6a55,2023-04-29,2023-05-03,Delivered,Ahmedabad,C009,Central
dffc7f35,2023-05-05,2023-05-06,Delivered,Mumbai,C001,West
908d2508,2023-05-24,2023-05-29,Delivered,Bangalore,C009,East
e8ade24d,2023-04-22,2023-04-25,Delayed,Chennai,C004,West
feb18c17,2023-04-19,2023-04-24,Delayed,Mumbai,C008,East
222f0182,2023-06-15,2023-06-17,Delivered,Delhi,C009,South
a318a698,2023-01-10,2023-01-14,Delivered,Mumbai,C003,South
d42df1a8,2023-02-21,2023-02-26,Delivered,Chennai,C006,North
9f4a6f8b,2023-02-10,2023-02-12,Delayed,Ahmedabad,C003,Central
586a907a,2023-03-11,2023-03-12,Delayed,Chennai,C001,South
05e56be7,2023-02-04,2023-02-08,Delayed,Kolkata,C010,Central
735a3098,2023-01-08,2023-01-10,Delayed,Mumbai,C006,North
4efc9dba,2023-03-08,2023-03-13,Delivered,Chennai,C005,Central
6972ac13,2023-03-13,2023-03-17,Delivered,Chennai,C003,South
59e66d21,2023-06-18,2023-06-20,Delivered,Pune,C004,South
dc70acd6,2023-05-21,2023-05-26,Delivered,Kolkata,C002,West
c2549b77,2023-02-15,2023-02-18,Delayed,Pune,C010,West
37cc1bd1,2023-06-14,2023-06-17,Delivered,Kolkata,C010,West
c27e0eb8,2023-01-11,2023-01-13,Delivered,Kolkata,C004,Central
8630527d,2023-05-05,2023-05-09,Delivered,Ahmedabad,C004,South
94e576f6,2023-01-06,2023-01-11,Cancelled,Pune,C003,North
744c2128,2023-01-15,2023-01-19,Delivered,Kolkata,C006,East
e14353f2,2023-01-22,2023-01-27,Delivered,Delhi,C001,South
3a82c276,2023-03-22,2023-03-25,Delivered,Ahmedabad,C009,West
2272bee4,2023-06-04,2023-06-07,Delivered,Bangalore,C010,West
69fb787f,2023-03-18,2023-03-20,Delivered,Chennai,C003,Central
e72c2a5c,2023-01-17,2023-01-22,Delayed,Hyderabad,C003,West
eec66f69,2023-04-15,2023-04-16,Delivered,Kolkata,C003,Central
bfc47991,2023-04-04,2023-04-08,Delayed,Bangalore,C007,North
c2eefcb1,2023-06-21,2023-06-24,Delivered,Kolkata,C008,West
699cab75,2023-06-18,2023-06-23,Delivered,Ahmedabad,C002,Central
2b682304,2023-01-24,2023-01-28,Delayed,Ahmedabad,C001,West
f2ce94aa,2023-04-12,2023-04-13,Delivered,Bangalore,C005,Central
275d9854,2023-02-05,2023-02-06,Delivered,Hyderabad,C008,South
a539698e,2023-03-02,2023-03-06,Delayed,Ahmedabad,C003,Central
fc90bf36,2023-01-29,2023-02-03,Delivered,Mumbai,C006,East
aa7d7a52,2023-05-27,2023-05-29,Delayed,Delhi,C003,North
c6a4f14f,2023-05-09,2023-05-12,Delivered,Chennai,C006,South
70ffd718,2023-01-31,2023-02-02,Delivered,Mumbai,C004,North
712c60cc,2023-05-14,2023-05-19,Delivered,Pune,C007,South
d3cf6eb9,2023-06-20,2023-06-22,Delayed,Hyderabad,C010,West
4bd0c760,2023-05-29,2023-06-03,Delivered,Delhi,C001,Central
ed40fdb2,2023-05-15,2023-05-16,Delayed,Delhi,C001,West
f7e47f4d,2023-03-06,2023-03-08,Delayed,Delhi,C005,North
effee494,2023-05-08,2023-05-10,Delivered,Hyderabad,C009,North
f9c7ee34,2023-01-24,2023-01-25,Delivered,Kolkata,C005,South
7334d029,2023-03-02,2023-03-04,Delivered,Kolkata,C004,North
594a5c9c,2023-06-03,2023-06-05,Delivered,Ahmedabad,C008,Central
0dc51c8c,2023-02-01,2023-02-02,Delivered,Pune,C005,North
bb84c791,2023-03-22,2023-03-23,Delivered,Kolkata,C001,West
00292fe8,2023-03-26,2023-03-30,Cancelled,Ahmedabad,C007,Central
c804b3dc,2023-05-30,2023-06-01,Delayed,Mumbai,C004,North
bab4789e,2023-04-10,2023-04-12,Delayed,Ahmedabad,C010,East
0630f8de,2023-03-02,2023-03-05,Delayed,Chennai,C005,East
642f22ab,2023-04-19,2023-04-20,Delivered,Ahmedabad,C006,West
0e9ed0ff,2023-02-25,2023-03-02,Delivered,Delhi,C007,South
d83be4fa,2023-02-06,2023-02-07,Delayed,Pune,C002,South
778d9e4f,2023-01-28,2023-01-30,Delivered,Pune,C001,North
5c4c5936,2023-02-14,2023-02-15,Cancelled,Delhi,C003,Central
ed10d081,2023-02-24,2023-02-25,Delivered,Mumbai,C010,South
62eaeac3,2023-03-12,2023-03-16,Delivered,Ahmedabad,C001,East
0bfdc361,2023-04-23,2023-04-24,Delayed,Kolkata,C004,South
e5004618,2023-04-15,2023-04-18,Cancelled,Ahmedabad,C006,East
58716557,2023-03-07,2023-03-09,Delivered,Delhi,C005,South
bbcffcfb,2023-05-31,2023-06-04,Delayed,Delhi,C004,West
d154127f,2023-01-15,2023-01-17,Delivered,Hyderabad,C007,Central
2cb12751,2023-05-06,2023-05-08,Delivered,Bangalore,C006,North
e66950a3,2023-05-17,2023-05-18,Delayed,Pune,C003,East
282114e0,2023-04-06,2023-04-09,Delivered,Mumbai,C009,South
7a57dbe1,2023-06-29,2023-07-02,Delivered,Ahmedabad,C005,North
d2048d42,2023-01-29,2023-02-02,Delivered,Mumbai,C010,East
23f933b6,2023-03-23,2023-03-27,Delivered,Kolkata,C001,East
72b5e00c,2023-05-20,2023-05-25,Delivered,Mumbai,C006,West
8f560c4e,2023-04-19,2023-04-22,Delivered,Kolkata,C005,South
8767fad7,2023-05-02,2023-05-06,Delivered,Ahmedabad,C010,North
03ec9802,2023-06-24,2023-06-26,Cancelled,Hyderabad,C008,South
2917d1e3,2023-03-05,2023-03-07,Delivered,Ahmedabad,C004,South
0b48c376,2023-03-13,2023-03-15,Delayed,Hyderabad,C001,Central
03675848,2023-02-07,2023-02-11,Delivered,Chennai,C002,East
6a3683ed,2023-04-03,2023-04-06,Delivered,Kolkata,C008,East
7dcce189,2023-05-02,2023-05-04,Delivered,Pune,C010,Central
9dfbf347,2023-04-05,2023-04-07,Delivered,Hyderabad,C008,Central
16783486,2023-03-20,2023-03-24,Delivered,Ahmedabad,C005,South
7aaa59ad,2023-01-06,2023-01-10,Delivered,Kolkata,C006,East
fe1ed58b,2023-06-15,2023-06-18,Delivered,Pune,C002,North
8f3c4d77,2023-06-05,2023-06-09,Delivered,Ahmedabad,C009,West
17765e49,2023-01-09,2023-01-10,Delivered,Pune,C006,Central
10fe8da0,2023-06-19,2023-06-22,Delivered,Ahmedabad,C009,North
dcb1e277,2023-01-14,2023-01-15,Delivered,Mumbai,C010,North
bc224cdc,2023-06-26,2023-06-30,Delayed,Chennai,C003,South
55bf228d,2023-06-21,2023-06-25,Delivered,Bangalore,C006,Central
cd805df2,2023-03-03,2023-03-05,Delivered,Delhi,C010,North
c98de02c,2023-03-06,2023-03-07,Delivered,Delhi,C005,West
cac59e4e,2023-05-22,2023-05-23,Delayed,Chennai,C009,North
37b9dd3b,2023-04-09,2023-04-13,Delivered,Kolkata,C010,West
47aff21d,2023-03-21,2023-03-26,Delayed,Kolkata,C001,West
011895d4,2023-06-13,2023-06-16,Delivered,Kolkata,C009,West
e6678a13,2023-06-29,2023-07-01,Cancelled,Bangalore,C005,Central
a4161600,2023-04-03,2023-04-07,Delayed,Pune,C001,West
9c344927,2023-06-25,2023-06-26,Delayed,Delhi,C010,Central
b8f28f79,2023-02-01,2023-02-04,Delivered,Chennai,C008,North
9aba1713,2023-05-17,2023-05-19,Delivered,Kolkata,C007,West
86ad6bca,2023-03-02,2023-03-05,Delivered,Hyderabad,C006,East
5fdb2905,2023-04-24,2023-04-27,Delivered,Mumbai,C002,North
c17b5272,2023-04-10,2023-04-12,Delayed,Bangalore,C005,East
c70a073f,2023-01-03,2023-01-07,Delivered,Ahmedabad,C003,East
4423f929,2023-04-11,2023-04-12,Delivered,Kolkata,C002,South
0cf06313,2023-03-07,2023-03-11,Delivered,Delhi,C010,Central
600da3ff,2023-03-19,2023-03-24,Delivered,Mumbai,C001,South
bda1f764,2023-01-24,2023-01-25,Delivered,Chennai,C009,Central
c6e8dbc0,2023-03-02,2023-03-07,Delayed,Kolkata,C002,South
79eaa79d,2023-03-18,2023-03-22,Delivered,Delhi,C001,North
2928085d,2023-02-23,2023-02-26,Delivered,Mumbai,C007,East
a5ae445c,2023-02-11,2023-02-14,Delivered,Hyderabad,C009,North
8024268e,2023-04-23,2023-04-25,Delivered,Bangalore,C006,Central
39bb25a4,2023-06-11,2023-06-15,Delivered,Chennai,C008,East
698894fd,2023-03-23,2023-03-25,Delivered,Ahmedabad,C007,East
1d0114f9,2023-06-14,2023-06-17,Delayed,Delhi,C009,Central
d96b7853,2023-04-15,2023-04-19,Delayed,Pune,C007,North
0d130dc4,2023-01-09,2023-01-13,Delayed,Hyderabad,C006,East
4244f345,2023-03-12,2023-03-15,Delivered,Bangalore,C001,North
d0af7ca6,2023-01-21,2023-01-23,Cancelled,Bangalore,C009,North
895b8eef,2023-05-06,2023-05-10,Delayed,Pune,C010,North
4adce2cf,2023-05-01,2023-05-03,Delayed,Ahmedabad,C005,East
391e3ceb,2023-04-16,2023-04-20,Delivered,Hyderabad,C002,West
2e51ed58,2023-03-27,2023-03-29,Delayed,Delhi,C008,South
2bcc4b18,2023-04-19,2023-04-20,Delayed,Bangalore,C004,Central
38c4629a,2023-01-26,2023-01-28,Delayed,Chennai,C003,North
83fb1506,2023-02-11,2023-02-15,Delivered,Mumbai,C001,East
f25bf893,2023-06-28,2023-07-02,Delayed,Chennai,C005,Central
fc05ddcf,2023-03-08,2023-03-10,Cancelled,Ahmedabad,C003,West
28eb2a25,2023-05-10,2023-05-15,Delivered,Kolkata,C004,West
c5600202,2023-01-17,2023-01-22,Delivered,Ahmedabad,C009,East
effc16aa,2023-04-01,2023-04-03,Delayed,Bangalore,C007,North
0d9616d4,2023-04-18,2023-04-19,Delivered,Mumbai,C005,West
5140d690,2023-06-04,2023-06-07,Delivered,Hyderabad,C008,West
84e66623,2023-05-21,2023-05-24,Delivered,Mumbai,C006,West
620f74f5,2023-03-25,2023-03-30,Delayed,Ahmedabad,C010,East
ee3a5c59,2023-04-27,2023-04-30,Delivered,Mumbai,C002,Central
7a7d3f83,2023-06-27,2023-06-28,Delivered,Pune,C007,South
c9e1a3a1,2023-01-08,2023-01-11,Delayed,Mumbai,C001,East
32ae99fd,2023-01-14,2023-01-19,Delayed,Bangalore,C003,North
ce2215ec,2023-06-14,2023-06-17,Delivered,Pune,C001,East
b9dfa3ed,2023-06-14,2023-06-18,Delayed,Ahmedabad,C001,East
069ee96a,2023-02-17,2023-02-18,Delayed,Ahmedabad,C005,South
086439c9,2023-06-11,2023-06-12,Delivered,Ahmedabad,C006,South
d82579aa,2023-04-24,2023-04-29,Delivered,Pune,C003,South
267a5a2a,2023-06-14,2023-06-15,Delivered,Kolkata,C003,Central
fd8d0068,2023-02-04,2023-02-06,Delivered,Kolkata,C003,East
a12315a2,2023-01-01,2023-01-04,Delivered,Pune,C001,North
0cbffcd6,2023-04-13,2023-04-16,Delayed,Pune,C005,South
714d3264,2023-02-21,2023-02-23,Delayed,Ahmedabad,C001,South
3523dbf4,2023-06-10,2023-06-15,Delivered,Ahmedabad,C010,East
0e5af885,2023-03-20,2023-03-25,Delivered,Ahmedabad,C010,North
8e2bd9fc,2023-03-22,2023-03-27,Delivered,Delhi,C003,South
869bb406,2023-05-28,2023-06-02,Delivered,Kolkata,C006,East
fea751d1,2023-01-22,2023-01-24,Delivered,Bangalore,C006,West
c35cfc9b,2023-01-29,2023-02-02,Delayed,Delhi,C003,Central
dbff504e,2023-02-10,2023-02-15,Delayed,Hyderabad,C009,East
20654816,2023-03-05,2023-03-06,Delivered,Hyderabad,C008,South
069777a5,2023-05-13,2023-05-15,Delayed,Hyderabad,C003,North
dde89137,2023-06-16,2023-06-17,Delivered,Hyderabad,C005,West
5c304d2e,2023-02-03,2023-02-06,Delayed,Hyderabad,C005,North
ce621981,2023-06-02,2023-06-07,Delivered,Chennai,C005,North
a9ed3ea3,2023-06-25,2023-06-29,Delivered,Pune,C003,North
30d481e4,2023-04-16,2023-04-21,Delayed,Bangalore,C005,East
bae3952b,2023-03-23,2023-03-26,Delivered,Delhi,C005,East
0e98e825,2023-04-26,2023-04-27,Delayed,Hyderabad,C004,Central
6b77f3e5,2023-05-03,2023-05-07,Delivered,Chennai,C004,West
bf8c040d,2023-02-04,2023-02-06,Delivered,Ahmedabad,C002,North
addc324d,2023-03-08,2023-03-10,Delivered,Ahmedabad,C009,South
6fa87344,2023-02-14,2023-02-15,Delivered,Kolkata,C007,North
e70641bf,2023-06-25,2023-06-28,Delayed,Chennai,C001,West
faabba23,2023-06-01,2023-06-05,Delivered,Chennai,C005,North
f9d057ea,2023-03-25,2023-03-28,Delayed,Bangalore,C002,East
3b8c673f,2023-03-14,2023-03-17,Delayed,Hyderabad,C010,East
c8025cc7,2023-02-20,2023-02-25,Delayed,Chennai,C006,West
db1a7767,2023-01-22,2023-01-24,Delivered,Pune,C007,Central
19394d20,2023-04-17,2023-04-21,Delayed,Chennai,C002,North
a2204325,2023-04-05,2023-04-10,Delivered,Hyderabad,C006,West
192b75c4,2023-02-16,2023-02-21,Delivered,Bangalore,C003,South
fb823b53,2023-04-11,2023-04-16,Delivered,Chennai,C009,South
b4b32efe,2023-04-07,2023-04-10,Delivered,Delhi,C004,Central
489ac780,2023-05-27,2023-05-28,Delivered,Mumbai,C003,East
e74ee75e,2023-02-27,2023-03-03,Delivered,Ahmedabad,C003,West
462f0e4c,2023-01-06,2023-01-10,Delivered,Kolkata,C002,North
f0e19a6e,2023-01-06,2023-01-11,Delivered,Mumbai,C009,West
2ac3d73b,2023-05-23,2023-05-25,Delayed,Mumbai,C008,Central
4d964aee,2023-06-15,2023-06-17,Delivered,Bangalore,C005,West
7237ebd2,2023-06-06,2023-06-09,Delivered,Ahmedabad,C009,Central
5dda23cf,2023-06-10,2023-06-11,Delivered,Chennai,C002,Central
1b77242c,2023-02-28,2023-03-03,Delayed,Mumbai,C006,Central
def7a2e7,2023-01-23,2023-01-26,Delivered,Mumbai,C007,West
bd6cf234,2023-04-29,2023-05-03,Delivered,Ahmedabad,C006,South
39ab34dd,2023-02-20,2023-02-22,Delivered,Kolkata,C003,North
7ca29d9a,2023-03-09,2023-03-14,Delayed,Hyderabad,C010,Central
a64d918e,2023-06-29,2023-07-02,Delivered,Pune,C010,East
e88a671f,2023-02-13,2023-02-17,Delayed,Pune,C010,Central
afecb1af,2023-01-13,2023-01-15,Delivered,Ahmedabad,C009,West
d7e07a90,2023-04-13,2023-04-17,Delivered,Chennai,C008,Central
267e72ee,2023-06-08,2023-06-13,Delivered,Chennai,C008,East
4ee76d88,2023-04-20,2023-04-21,Delivered,Kolkata,C008,South
dca4dbc5,2023-06-03,2023-06-04,Delivered,Hyderabad,C009,West
d249fa6b,2023-03-08,2023-03-09,Delivered,Ahmedabad,C001,West
e7c8e1fd,2023-02-08,2023-02-13,Delivered,Chennai,C008,West
765c657e,2023-01-23,2023-01-25,Delivered,Pune,C002,East
17ee9f4c,2023-04-05,2023-04-07,Delivered,Pune,C004,West
6b1847fe,2023-02-13,2023-02-17,Delayed,Delhi,C001,South
82111c08,2023-05-26,2023-05-27,Delivered,Kolkata,C006,North
5609e10a,2023-01-31,2023-02-02,Delivered,Bangalore,C010,North
1209722d,2023-01-04,2023-01-08,Delivered,Hyderabad,C001,Central
3cc10578,2023-05-15,2023-05-19,Delivered,Kolkata,C005,North
dcbfdf05,2023-04-22,2023-04-27,Delivered,Mumbai,C009,East
aff55081,2023-04-27,2023-04-28,Delivered,Ahmedabad,C001,North
98e6a09d,2023-06-22,2023-06-23,Delayed,Chennai,C009,East
34a9b0d0,2023-05-07,2023-05-12,Delayed,Delhi,C004,East
61bdfa9c,2023-01-31,2023-02-04,Delivered,Pune,C003,Central
c0678391,2023-02-27,2023-03-01,Delayed,Delhi,C008,North
2b4bbbc0,2023-02-22,2023-02-24,Delayed,Bangalore,C006,Central
9b10cf2d,2023-02-18,2023-02-20,Delivered,Ahmedabad,C007,West
840ea631,2023-03-10,2023-03-12,Delayed,Kolkata,C009,South
83b0b2ef,2023-03-15,2023-03-18,Delivered,Delhi,C005,North
6c670133,2023-05-07,2023-05-08,Delivered,Kolkata,C002,West
14c93777,2023-04-08,2023-04-09,Delivered,Ahmedabad,C003,West
da402420,2023-02-03,2023-02-06,Delivered,Chennai,C003,Central
0c53c039,2023-04-21,2023-04-22,Delivered,Chennai,C004,Central
035f5955,2023-02-22,2023-02-27,Delivered,Pune,C010,South
e0cb1f53,2023-06-03,2023-06-07,Delayed,Delhi,C007,South
4c609854,2023-02-25,2023-02-26,Delayed,Chennai,C010,South
0a5719c3,2023-03-14,2023-03-17,Delayed,Ahmedabad,C006,South
9486777d,2023-06-23,2023-06-28,Delayed,Kolkata,C003,Central
e701aacd,2023-02-18,2023-02-22,Delayed,Pune,C007,East
91638d93,2023-04-18,2023-04-20,Delivered,Chennai,C004,Central
5b9348b9,2023-02-16,2023-02-17,Delivered,Ahmedabad,C010,East
1cbf5d0e,2023-04-15,2023-04-18,Delivered,Ahmedabad,C008,Central
b81d4974,2023-02-07,2023-02-09,Delayed,Pune,C007,Central
c303dd8f,2023-01-08,2023-01-13,Delivered,Mumbai,C007,South
3149a490,2023-03-16,2023-03-17,Delayed,Kolkata,C009,East
c2c0a473,2023-03-09,2023-03-10,Delivered,Ahmedabad,C008,West
4c4431d0,2023-03-02,2023-03-05,Delivered,Pune,C001,West
d805a501,2023-06-08,2023-06-13,Delayed,Hyderabad,C007,West
7b72ad79,2023-04-26,2023-05-01,Delivered,Ahmedabad,C003,South
c40a7ea8,2023-03-05,2023-03-07,Delivered,Chennai,C004,West
97215d57,2023-04-05,2023-04-06,Delivered,Chennai,C006,Central
d4809660,2023-05-30,2023-06-03,Delivered,Kolkata,C005,South
d8d4c3bd,2023-06-25,2023-06-28,Delayed,Ahmedabad,C008,West
62d6e7b5,2023-06-15,2023-06-20,Delivered,Bangalore,C002,South
87ed1a56,2023-04-28,2023-04-30,Delivered,Hyderabad,C005,Central
f743bc70,2023-01-22,2023-01-23,Delivered,Pune,C005,South
b3108525,2023-01-03,2023-01-07,Delayed,Hyderabad,C003,West
da0caa29,2023-05-01,2023-05-03,Delivered,Pune,C010,South
8ebaec47,2023-02-04,2023-02-08,Delivered,Ahmedabad,C005,North
01da1aec,2023-03-24,2023-03-27,Delayed,Hyderabad,C004,West
4a3ce183,2023-06-27,2023-06-28,Delivered,Delhi,C005,Central
8b81eb93,2023-04-12,2023-04-13,Delayed,Mumbai,C010,East
10ce288d,2023-06-25,2023-06-30,Delivered,Mumbai,C009,South
26a25a02,2023-02-24,2023-03-01,Delivered,Bangalore,C007,South
5fe8a5b6,2023-04-09,2023-04-11,Delivered,Hyderabad,C001,West
9f787705,2023-04-19,2023-04-24,Delayed,Hyderabad,C003,West
5189e8a0,2023-06-02,2023-06-05,Delayed,Chennai,C009,North
3c639d79,2023-03-07,2023-03-08,Delivered,Pune,C004,Central
bc3e3ef8,2023-01-19,2023-01-23,Delivered,Kolkata,C004,South
5cb57dcd,2023-01-25,2023-01-28,Delayed,Delhi,C010,South
dd17bd31,2023-05-23,2023-05-26,Delayed,Delhi,C006,East
8b8dfcc4,2023-01-16,2023-01-20,Delayed,Ahmedabad,C003,South
db936be9,2023-01-14,2023-01-19,Delivered,Bangalore,C003,South
2b50d1db,2023-03-27,2023-03-29,Delayed,Mumbai,C009,North
1c1b82c0,2023-03-02,2023-03-03,Delivered,Ahmedabad,C005,East
7b9e85d9,2023-05-01,2023-05-02,Delivered,Hyderabad,C007,South
1b464a0e,2023-04-01,2023-04-06,Delivered,Kolkata,C005,South
f8b87e24,2023-06-05,2023-06-06,Cancelled,Bangalore,C006,Central
cabe0263,2023-06-21,2023-06-24,Delivered,Pune,C008,South
fdf688a9,2023-06-03,2023-06-05,Delivered,Delhi,C008,North
fa5ce91e,2023-01-12,2023-01-14,Delivered,Delhi,C002,South
f897269e,2023-01-02,2023-01-04,Delivered,Delhi,C009,South
4eb4e8ec,2023-03-06,2023-03-08,Delayed,Hyderabad,C010,West
22901d42,2023-05-10,2023-05-11,Delayed,Hyderabad,C006,South
ef1ec94e,2023-06-08,2023-06-10,Delivered,Hyderabad,C007,East
5e10df30,2023-04-08,2023-04-10,Cancelled,Chennai,C003,West
26ed1d41,2023-03-19,2023-03-21,Delayed,Mumbai,C004,East
dc8680b0,2023-04-12,2023-04-14,Delayed,Pune,C006,East
aa8926a8,2023-06-21,2023-06-23,Delivered,Delhi,C007,North
6dbe8e62,2023-04-05,2023-04-08,Delayed,Delhi,C006,South
c55a4093,2023-02-03,2023-02-07,Delivered,Ahmedabad,C005,East
438115d1,2023-05-24,2023-05-25,Delivered,Chennai,C002,South
27ce7ee8,2023-01-11,2023-01-15,Delayed,Delhi,C007,South
21eef5e7,2023-05-29,2023-05-31,Delivered,Pune,C005,North
fe6d65d2,2023-02-15,2023-02-20,Delivered,Delhi,C009,North
dcc10a75,2023-03-08,2023-03-10,Delayed,Hyderabad,C004,East
0586b4c9,2023-02-13,2023-02-14,Delayed,Hyderabad,C010,East
4d92a4f0,2023-05-09,2023-05-10,Delivered,Mumbai,C002,West
8c5935eb,2023-05-07,2023-05-09,Delayed,Pune,C007,South
0a1da881,2023-03-28,2023-03-31,Delayed,Pune,C007,South
3fd2c81b,2023-04-30,2023-05-03,Delivered,Delhi,C001,North
c14739d2,2023-02-03,2023-02-07,Delayed,Bangalore,C005,North
dca14348,2023-01-23,2023-01-25,Delivered,Delhi,C003,East
0e5e0c64,2023-03-23,2023-03-24,Delivered,Delhi,C009,West
d366c3a6,2023-05-16,2023-05-18,Delivered,Mumbai,C009,West
584f3762,2023-04-21,2023-04-25,Delivered,Bangalore,C007,North
bfbe2389,2023-02-06,2023-02-10,Delivered,Ahmedabad,C009,North
d8e35d57,2023-03-08,2023-03-09,Delayed,Delhi,C002,West
0deb6010,2023-01-30,2023-02-01,Delayed,Kolkata,C010,West
e7956ea6,2023-03-22,2023-03-25,Delivered,Kolkata,C008,East
0d773301,2023-01-12,2023-01-13,Delayed,Pune,C010,West
e338f96a,2023-02-02,2023-02-07,Delivered,Pune,C010,South
88c1f374,2023-05-08,2023-05-10,Delivered,Bangalore,C010,West
15658067,2023-03-13,2023-03-17,Delayed,Kolkata,C001,Central
c0f6f6b2,2023-04-03,2023-04-04,Delivered,Hyderabad,C003,West
9c812237,2023-04-21,2023-04-22,Delivered,Hyderabad,C008,North
3bbefa76,2023-03-14,2023-03-16,Delayed,Bangalore,C008,North
46b3f01f,2023-03-09,2023-03-11,Delivered,Ahmedabad,C010,Central
67e94ed6,2023-06-06,2023-06-07,Delayed,Delhi,C008,South
4456901d,2023-03-09,2023-03-11,Delivered,Pune,C007,West
fca68ced,2023-05-13,2023-05-17,Delivered,Bangalore,C002,West
4c1c80ca,2023-03-22,2023-03-23,Delivered,Kolkata,C003,Central
a8644db9,2023-04-22,2023-04-26,Delivered,Bangalore,C009,East
fa2cb43f,2023-02-12,2023-02-14,Delivered,Kolkata,C002,East
000ae65d,2023-03-22,2023-03-24,Delivered,Pune,C007,South
8a9a7f59,2023-05-06,2023-05-09,Delayed,Hyderabad,C001,West
56a156ae,2023-02-08,2023-02-13,Delayed,Bangalore,C003,West
a4ea6d55,2023-05-23,2023-05-28,Delivered,Pune,C001,West
412fbddd,2023-06-18,2023-06-23,Delivered,Pune,C006,North
644d481a,2023-06-12,2023-06-17,Delivered,Chennai,C004,East
5fc13466,2023-04-23,2023-04-28,Delayed,Ahmedabad,C001,Central
d3b731c7,2023-01-14,2023-01-17,Cancelled,Kolkata,C005,North
7b966bb3,2023-02-18,2023-02-22,Delivered,Chennai,C004,North
964d56a2,2023-02-08,2023-02-10,Delayed,Hyderabad,C010,East
e2a71958,2023-01-14,2023-01-19,Delivered,Pune,C010,West
c7de8dcb,2023-02-28,2023-03-05,Delivered,Pune,C002,South
965a48b2,2023-02-16,2023-02-21,Delivered,Delhi,C007,Central
01db40ce,2023-01-10,2023-01-12,Delivered,Kolkata,C008,East
2e58840e,2023-05-01,2023-05-05,Delivered,Ahmedabad,C004,South
cbce0e02,2023-03-08,2023-03-12,Delivered,Ahmedabad,C009,East
4ab38058,2023-02-11,2023-02-13,Delayed,Delhi,C003,East
590c4c4c,2023-06-30,2023-07-05,Delivered,Hyderabad,C006,East
bf7fee93,2023-04-30,2023-05-04,Delivered,Delhi,C007,East
865ee060,2023-04-22,2023-04-25,Delivered,Pune,C007,West
7717296f,2023-01-30,2023-02-02,Delivered,Kolkata,C006,North
0e1d08ad,2023-05-07,2023-05-10,Delivered,Mumbai,C009,East
3af95768,2023-01-11,2023-01-16,Delivered,Kolkata,C001,South
d1df82eb,2023-04-24,2023-04-26,Delivered,Kolkata,C009,South
796d5e31,2023-04-02,2023-04-03,Delivered,Chennai,C009,South
2ff911fe,2023-05-24,2023-05-26,Delivered,Mumbai,C004,North
337c4a62,2023-05-05,2023-05-09,Delivered,Mumbai,C005,North
b54aba7d,2023-04-28,2023-05-01,Delivered,Mumbai,C003,South
c819c2ce,2023-05-07,2023-05-11,Delayed,Kolkata,C007,West
26ed9ce3,2023-01-29,2023-02-03,Delivered,Hyderabad,C002,North
a1ae13ae,2023-02-07,2023-02-11,Delivered,Mumbai,C008,North
292ea56e,2023-02-01,2023-02-02,Delivered,Bangalore,C009,West
8782a8da,2023-03-31,2023-04-05,Delivered,Delhi,C006,East
d109682f,2023-01-24,2023-01-25,Delivered,Hyderabad,C009,North
8a77986e,2023-02-22,2023-02-24,Delivered,Bangalore,C006,South
6130e6be,2023-03-14,2023-03-15,Delivered,Kolkata,C003,South
d7d68e41,2023-02-16,2023-02-18,Delayed,Kolkata,C010,West
0af27ae0,2023-02-13,2023-02-18,Delivered,Bangalore,C003,South
6c76e05b,2023-05-11,2023-05-12,Delivered,Chennai,C002,Central
79121e6f,2023-03-11,2023-03-16,Delivered,Chennai,C005,South
2a916ff0,2023-05-25,2023-05-29,Delayed,Bangalore,C004,West
021c9f40,2023-06-19,2023-06-23,Delayed,Ahmedabad,C006,West
3b9e8dbd,2023-05-30,2023-06-04,Delivered,Chennai,C005,West
574d9900,2023-02-24,2023-02-26,Delayed,Delhi,C006,Central
eefd2f74,2023-05-30,2023-05-31,Delivered,Delhi,C004,North
3face82e,2023-01-02,2023-01-07,Delayed,Ahmedabad,C003,East
2ea47dc4,2023-05-15,2023-05-17,Delayed,Kolkata,C001,South
06251924,2023-05-27,2023-06-01,Delivered,Chennai,C005,North
34f150e1,2023-02-16,2023-02-18,Delayed,Ahmedabad,C006,West
5e26428d,2023-04-17,2023-04-19,Delivered,Mumbai,C005,North
9100d8b7,2023-01-20,2023-01-22,Delivered,Ahmedabad,C005,North
2620fbb2,2023-03-05,2023-03-06,Delivered,Bangalore,C006,Central
0ad9590b,2023-05-08,2023-05-13,Delayed,Delhi,C004,West
b6ba7257,2023-06-23,2023-06-28,Delivered,Ahmedabad,C004,West
ecdad716,2023-01-25,2023-01-30,Delivered,Pune,C008,South
25d2d882,2023-03-26,2023-03-27,Delayed,Chennai,C008,South
83ea98f6,2023-01-07,2023-01-09,Delivered,Pune,C003,South
2bc187dc,2023-03-14,2023-03-19,Delivered,Chennai,C007,South
3f5cbb17,2023-06-24,2023-06-29,Delivered,Ahmedabad,C005,North
de13bbe2,2023-06-24,2023-06-25,Delivered,Ahmedabad,C005,North
75e6a2ed,2023-02-01,2023-02-04,Delivered,Delhi,C003,South
19cd735f,2023-04-11,2023-04-16,Delivered,Delhi,C002,South
75c7d543,2023-04-06,2023-04-11,Cancelled,Ahmedabad,C003,South
b22ef3a6,2023-06-01,2023-06-02,Delayed,Mumbai,C007,East
1c44cdfd,2023-01-28,2023-01-31,Delivered,Chennai,C003,South
4e222aed,2023-03-24,2023-03-27,Delivered,Ahmedabad,C002,East
264621fe,2023-02-09,2023-02-12,Delivered,Chennai,C004,South
07780e24,2023-01-08,2023-01-13,Delivered,Hyderabad,C005,West
5ca76d9b,2023-01-21,2023-01-23,Delivered,Kolkata,C007,Central
1aa08f51,2023-04-28,2023-04-30,Delivered,Mumbai,C001,North
c8afe6e5,2023-06-18,2023-06-19,Delayed,Delhi,C008,West
ced1f966,2023-05-03,2023-05-07,Delivered,Pune,C010,Central
ec6025f9,2023-04-27,2023-05-01,Delivered,Delhi,C003,East
70db03d3,2023-06-10,2023-06-12,Delayed,Bangalore,C006,North
9614ca7b,2023-03-10,2023-03-12,Delivered,Kolkata,C004,East
34ec6320,2023-06-02,2023-06-04,Delivered,Delhi,C005,East
87a3aac1,2023-06-18,2023-06-19,Delayed,Chennai,C010,North
1b0418f5,2023-01-02,2023-01-07,Delivered,Delhi,C006,Central
818e16ae,2023-03-26,2023-03-28,Delayed,Ahmedabad,C002,North
49996e21,2023-01-12,2023-01-17,Delivered,Chennai,C003,South
12fa408d,2023-06-17,2023-06-21,Delayed,Chennai,C008,East
f941af29,2023-06-09,2023-06-10,Cancelled,Mumbai,C008,South
0077a582,2023-04-26,2023-04-30,Delayed,Delhi,C001,North
e4ac0b19,2023-03-25,2023-03-30,Delayed,Mumbai,C010,North
cc98a235,2023-05-26,2023-05-27,Delivered,Pune,C008,Central
42a48d82,2023-02-03,2023-02-06,Delivered,Pune,C002,East
f8174f56,2023-02-24,2023-02-28,Delivered,Kolkata,C010,West
f60a7ea4,2023-01-13,2023-01-15,Delayed,Chennai,C010,North
57f7d45d,2023-06-14,2023-06-17,Delayed,Ahmedabad,C008,West
5d102bda,2023-03-14,2023-03-17,Delivered,Ahmedabad,C010,East
4f5de734,2023-03-24,2023-03-25,Delayed,Pune,C005,South
b4ba72cc,2023-01-15,2023-01-16,Delayed,Kolkata,C001,East
6bc9c98a,2023-01-19,2023-01-20,Cancelled,Delhi,C008,Central
3653f8b5,2023-05-21,2023-05-22,Delayed,Kolkata,C005,West
8973f293,2023-06-04,2023-06-05,Delivered,Kolkata,C001,West
6cee6fbe,2023-04-08,2023-04-09,Delivered,Delhi,C004,South
7ff00ff2,2023-01-24,2023-01-25,Delivered,Mumbai,C001,South
4f1e7f11,2023-04-13,2023-04-16,Delivered,Mumbai,C009,North
0cdaffa6,2023-03-07,2023-03-09,Delivered,Chennai,C010,East
1b29d487,2023-02-15,2023-02-20,Delayed,Ahmedabad,C002,Central
6f80ca61,2023-03-03,2023-03-04,Delayed,Chennai,C008,North
e21ca6b4,2023-04-13,2023-04-14,Delivered,Delhi,C004,East
5fc5927d,2023-01-23,2023-01-25,Delivered,Delhi,C009,South
2807ba7c,2023-01-06,2023-01-10,Delivered,Hyderabad,C002,Central
fdc72a4f,2023-02-23,2023-02-24,Delivered,Hyderabad,C003,South
ed7eaaa4,2023-02-11,2023-02-15,Delivered,Bangalore,C002,South
1328922d,2023-04-10,2023-04-15,Delivered,Ahmedabad,C010,West
66e77eea,2023-04-14,2023-04-17,Delivered,Pune,C005,East
a3eaa77e,2023-03-14,2023-03-15,Delivered,Chennai,C001,North
eed18c8b,2023-06-15,2023-06-20,Delivered,Kolkata,C003,West
fdcb70b7,2023-06-17,2023-06-18,Delivered,Pune,C001,East
efd20b1b,2023-02-09,2023-02-11,Delivered,Bangalore,C010,East
2ffc3878,2023-01-31,2023-02-03,Delivered,Pune,C008,East
4e3ebc7b,2023-03-18,2023-03-21,Delivered,Ahmedabad,C004,Central
06f28d12,2023-05-06,2023-05-10,Cancelled,Ahmedabad,C003,West
19c7f8cf,2023-04-21,2023-04-22,Delivered,Ahmedabad,C008,North
4807131c,2023-03-21,2023-03-26,Delivered,Bangalore,C009,West
9c764f5b,2023-06-25,2023-06-28,Delayed,Mumbai,C008,South
9a790fdc,2023-06-04,2023-06-07,Delivered,Kolkata,C006,East
2e7fe801,2023-02-03,2023-02-06,Delayed,Ahmedabad,C003,South
372f86e6,2023-04-02,2023-04-04,Delivered,Mumbai,C008,West
d9543415,2023-06-20,2023-06-21,Delivered,Ahmedabad,C005,North
16e1f4cb,2023-01-25,2023-01-30,Delivered,Hyderabad,C005,South
d99ec18d,2023-04-05,2023-04-07,Delivered,Bangalore,C009,South
8651aa58,2023-05-12,2023-05-17,Delivered,Pune,C001,Central
c264256d,2023-02-21,2023-02-26,Delivered,Hyderabad,C007,West
bb56caf6,2023-05-06,2023-05-11,Delivered,Kolkata,C008,South
07106f5a,2023-04-25,2023-04-29,Delivered,Ahmedabad,C010,West
3d775f8c,2023-04-10,2023-04-13,Delivered,Kolkata,C003,North
6b3414ff,2023-05-02,2023-05-06,Delayed,Chennai,C008,South
18855f91,2023-03-10,2023-03-15,Delivered,Ahmedabad,C001,North
c0c3e562,2023-05-25,2023-05-26,Delivered,Delhi,C008,South
9e5e9c0d,2023-06-03,2023-06-05,Delivered,Mumbai,C007,East
38679ea0,2023-04-19,2023-04-21,Delayed,Chennai,C004,Central
4d782f23,2023-01-24,2023-01-27,Delivered,Pune,C007,Central
27163698,2023-04-19,2023-04-24,Delivered,Chennai,C010,Central
29efd22a,2023-04-05,2023-04-10,Delivered,Pune,C007,North
79337113,2023-06-07,2023-06-08,Delivered,Mumbai,C010,West
c6a0bc77,2023-02-17,2023-02-20,Delayed,Mumbai,C001,Central
ce07a203,2023-04-22,2023-04-26,Delivered,Kolkata,C003,South
8ecf2287,2023-06-11,2023-06-15,Delivered,Kolkata,C007,South
b8de506f,2023-04-20,2023-04-21,Delivered,Bangalore,C005,East
0cad70b5,2023-01-24,2023-01-29,Delayed,Hyderabad,C009,North
1079cb7f,2023-01-11,2023-01-15,Delivered,Kolkata,C007,South
8174dd65,2023-05-12,2023-05-16,Cancelled,Chennai,C003,South
2ea0ef34,2023-03-29,2023-03-30,Delayed,Bangalore,C001,East
729a1a18,2023-04-29,2023-04-30,Delivered,Pune,C005,East
3abfa3ab,2023-06-23,2023-06-28,Delayed,Bangalore,C010,West
66d3d5c8,2023-02-27,2023-02-28,Delivered,Chennai,C005,West
cacf7c15,2023-06-15,2023-06-16,Delayed,Kolkata,C007,West
4fc24979,2023-06-25,2023-06-28,Delivered,Ahmedabad,C001,South
34dbe43a,2023-02-09,2023-02-11,Delivered,Pune,C010,East
dc5392fb,2023-05-07,2023-05-11,Delivered,Chennai,C002,North
677a8ce7,2023-05-15,2023-05-18,Delayed,Delhi,C006,West
abb4f714,2023-06-11,2023-06-14,Delivered,Kolkata,C008,Central
16a869a8,2023-06-15,2023-06-16,Delivered,Hyderabad,C004,South
92afbe63,2023-05-15,2023-05-18,Delivered,Pune,C003,North
2af03d71,2023-01-22,2023-01-27,Delivered,Chennai,C003,South
b282e76b,2023-03-16,2023-03-19,Delivered,Kolkata,C003,West
982566a9,2023-04-30,2023-05-05,Delivered,Mumbai,C002,South
4bde6db2,2023-04-22,2023-04-24,Delivered,Delhi,C001,West
d3b99c60,2023-01-21,2023-01-25,Delivered,Pune,C005,South
116e6e0d,2023-05-03,2023-05-07,Delivered,Pune,C010,West
ac2407a4,2023-03-18,2023-03-23,Delivered,Hyderabad,C005,East
6829207e,2023-02-08,2023-02-09,Delivered,Kolkata,C005,East
d06a652d,2023-02-02,2023-02-04,Cancelled,Mumbai,C004,East
ac80490b,2023-06-25,2023-06-29,Delivered,Kolkata,C003,East
33c51435,2023-03-18,2023-03-20,Delayed,Mumbai,C003,East
e034887b,2023-03-05,2023-03-08,Delayed,Hyderabad,C002,Central
b9c7999c,2023-05-14,2023-05-19,Delivered,Delhi,C005,South
04a29a63,2023-04-20,2023-04-22,Delivered,Pune,C004,East
e2bd0f7e,2023-03-17,2023-03-20,Delayed,Mumbai,C006,Central
6ff9eaf0,2023-05-26,2023-05-29,Delivered,Bangalore,C002,Central
811cdff5,2023-01-13,2023-01-14,Delivered,Hyderabad,C002,South
9e906aff,2023-05-22,2023-05-25,Delayed,Hyderabad,C008,South
ab9f8b96,2023-01-20,2023-01-23,Delivered,Chennai,C006,West
dde2c10d,2023-01-12,2023-01-14,Delayed,Delhi,C003,West
eeb5424a,2023-05-12,2023-05-17,Delivered,Bangalore,C005,East
4a609993,2023-01-28,2023-02-01,Delayed,Bangalore,C003,North
213294fd,2023-05-11,2023-05-12,Delivered,Chennai,C002,West
87b92779,2023-04-19,2023-04-24,Delivered,Mumbai,C003,North
1b6a5026,2023-04-16,2023-04-17,Delivered,Mumbai,C001,West
7d4a31c5,2023-01-25,2023-01-29,Delivered,Ahmedabad,C007,Central
1603a675,2023-04-29,2023-04-30,Delayed,Ahmedabad,C006,Central
af0b5e1b,2023-06-19,2023-06-23,Delivered,Bangalore,C005,Central
b681f6f4,2023-05-26,2023-05-28,Delayed,Delhi,C006,North
bfea3edc,2023-03-06,2023-03-08,Delivered,Mumbai,C008,East
3dd5b7d0,2023-04-01,2023-04-05,Delivered,Hyderabad,C003,West
71c3ead0,2023-03-07,2023-03-12,Delivered,Kolkata,C003,West
78556eb2,2023-05-30,2023-06-04,Delivered,Chennai,C005,North
597c5404,2023-01-21,2023-01-26,Delivered,Delhi,C005,Central
6f1e00b2,2023-05-09,2023-05-13,Delivered,Mumbai,C001,East
ce6712b7,2023-01-05,2023-01-10,Delayed,Kolkata,C004,West
2dacdb99,2023-01-30,2023-02-02,Delayed,Bangalore,C009,East
fda33bf5,2023-06-19,2023-06-20,Delivered,Chennai,C008,East
2e3c6048,2023-04-29,2023-05-04,Delivered,Mumbai,C003,South
db9f0adb,2023-02-15,2023-02-20,Delivered,Bangalore,C005,East
fea639b5,2023-02-16,2023-02-18,Delivered,Mumbai,C005,South
cc9e2da0,2023-04-11,2023-04-13,Delivered,Chennai,C007,North
c1e5bed0,2023-01-12,2023-01-13,Delivered,Hyderabad,C008,Central
be88a1f7,2023-01-22,2023-01-23,Delayed,Pune,C009,South
a0ae14a4,2023-04-17,2023-04-20,Delayed,Hyderabad,C007,East
431c5334,2023-06-30,2023-07-01,Delivered,Pune,C002,Central
db1fd6e5,2023-03-18,2023-03-19,Delivered,Kolkata,C008,East
dd6476f2,2023-03-22,2023-03-26,Delivered,Bangalore,C008,East
b2de65cd,2023-05-31,2023-06-03,Delayed,Pune,C002,South
2d5b8eda,2023-04-27,2023-05-02,Delivered,Hyderabad,C006,North
a27b517d,2023-06-21,2023-06-22,Delivered,Chennai,C010,East
24637026,2023-04-26,2023-05-01,Delayed,Bangalore,C001,South
cb60bc82,2023-06-09,2023-06-14,Delivered,Mumbai,C007,East
e6080952,2023-03-09,2023-03-10,Delivered,Pune,C010,Central
0357ccd0,2023-03-29,2023-04-01,Delivered,Ahmedabad,C002,North
45c30abf,2023-02-17,2023-02-20,Delivered,Pune,C005,East
6d0309f0,2023-02-24,2023-02-26,Delivered,Delhi,C007,North
a434745c,2023-02-17,2023-02-22,Delivered,Pune,C010,North
5c475d21,2023-01-21,2023-01-25,Delivered,Pune,C009,Central
703bba63,2023-06-04,2023-06-08,Delivered,Mumbai,C001,Central
87f03638,2023-03-08,2023-03-10,Delayed,Chennai,C009,West
b55e96a9,2023-06-22,2023-06-27,Delivered,Kolkata,C005,North
0c31cf53,2023-01-28,2023-01-30,Delivered,Bangalore,C006,East
beeb15ce,2023-04-22,2023-04-26,Delivered,Mumbai,C008,Central
98ede5c3,2023-05-17,2023-05-19,Delayed,Bangalore,C002,East
8443f24e,2023-01-05,2023-01-10,Delayed,Ahmedabad,C007,North
dca4c5da,2023-01-02,2023-01-03,Delivered,Hyderabad,C004,Central
fedc6f07,2023-04-12,2023-04-16,Delivered,Delhi,C009,West
cdaa5dcd,2023-01-30,2023-02-02,Delayed,Ahmedabad,C006,North
de50549a,2023-01-04,2023-01-06,Delayed,Chennai,C007,East
e88ba2e1,2023-02-13,2023-02-15,Delivered,Mumbai,C006,West
e80515e2,2023-06-17,2023-06-18,Delayed,Delhi,C008,North
8b8df5e3,2023-05-03,2023-05-05,Delivered,Pune,C006,Central
0a5f85f5,2023-04-28,2023-05-02,Cancelled,Chennai,C007,North
d0b32888,2023-06-27,2023-07-02,Delayed,Ahmedabad,C008,South
9cdd90c6,2023-04-14,2023-04-17,Delayed,Chennai,C001,East
b37c99fb,2023-06-18,2023-06-20,Delayed,Kolkata,C010,Central
63244a8b,2023-06-04,2023-06-09,Delayed,Ahmedabad,C004,Central
c04d6355,2023-05-05,2023-05-10,Delivered,Ahmedabad,C006,South
b5621e37,2023-03-19,2023-03-22,Delivered,Hyderabad,C001,West
1a70c33e,2023-06-08,2023-06-12,Delivered,Kolkata,C004,Central
be47a0ac,2023-06-07,2023-06-10,Delivered,Kolkata,C006,West
e1e0739f,2023-04-03,2023-04-05,Delayed,Bangalore,C007,West
944ed49e,2023-06-26,2023-06-27,Delivered,Bangalore,C006,West
9caff63e,2023-06-22,2023-06-24,Delivered,Pune,C004,North
7a0a2ee1,2023-06-26,2023-06-30,Delivered,Delhi,C007,South
2c656618,2023-06-22,2023-06-24,Delayed,Hyderabad,C010,East
68722249,2023-04-12,2023-04-15,Delivered,Ahmedabad,C002,South
db3e1a12,2023-03-19,2023-03-24,Delivered,Chennai,C006,Central
b4806982,2023-01-23,2023-01-27,Delivered,Pune,C005,South
50b4d80b,2023-02-02,2023-02-04,Delayed,Hyderabad,C002,East
11214bad,2023-02-04,2023-02-05,Delivered,Hyderabad,C009,North
d0f7fb6e,2023-01-04,2023-01-07,Delivered,Ahmedabad,C007,Central
6c1c7825,2023-02-18,2023-02-21,Delivered,Ahmedabad,C003,North
f2760df9,2023-01-29,2023-01-30,Delivered,Delhi,C007,Central
9bfc8cec,2023-01-05,2023-01-09,Delayed,Bangalore,C006,East
c4059444,2023-06-28,2023-06-29,Delivered,Ahmedabad,C007,North
9d609407,2023-02-18,2023-02-22,Delivered,Hyderabad,C004,East
82807bdb,2023-01-07,2023-01-10,Delivered,Hyderabad,C010,East
84bb39fd,2023-02-23,2023-02-27,Delivered,Hyderabad,C008,South
b4a5cb53,2023-05-04,2023-05-06,Delivered,Mumbai,C008,Central
06e5735a,2023-06-16,2023-06-19,Delivered,Hyderabad,C007,West
6c2e5dda,2023-02-07,2023-02-10,Delivered,Hyderabad,C007,West
f3b01b69,2023-06-16,2023-06-19,Delivered,Ahmedabad,C010,North
9d5ed536,2023-03-03,2023-03-04,Delivered,Chennai,C008,East
beff9c5d,2023-04-22,2023-04-24,Delayed,Kolkata,C001,South
a0d6c451,2023-06-10,2023-06-14,Delivered,Mumbai,C006,Central
1ca1d492,2023-05-18,2023-05-20,Delivered,Hyderabad,C002,North
27ff86ef,2023-02-18,2023-02-21,Delivered,Kolkata,C001,East
d12d0c59,2023-01-23,2023-01-26,Delivered,Hyderabad,C010,West
035ec568,2023-03-19,2023-03-24,Delivered,Delhi,C007,West
ec458725,2023-04-29,2023-05-01,Delivered,Ahmedabad,C006,Central
4d6f084b,2023-02-07,2023-02-10,Delivered,Ahmedabad,C005,Central
c574f5ff,2023-05-02,2023-05-04,Delivered,Delhi,C005,Central
aa6b366c,2023-04-19,2023-04-20,Delivered,Kolkata,C009,North
6fd03438,2023-01-06,2023-01-07,Delayed,Ahmedabad,C009,Central
e2370ebb,2023-01-30,2023-02-03,Delivered,Mumbai,C006,North
e96794f6,2023-02-12,2023-02-16,Delivered,Chennai,C003,South
af8451ee,2023-02-09,2023-02-12,Delayed,Mumbai,C007,East
359ec268,2023-06-29,2023-07-03,Delivered,Mumbai,C004,West
5179ecbb,2023-04-24,2023-04-27,Delivered,Delhi,C005,North
318b9c31,2023-05-05,2023-05-08,Delivered,Delhi,C007,East
d6ccf20f,2023-05-01,2023-05-06,Delivered,Chennai,C007,Central
3d5ce948,2023-01-06,2023-01-11,Delivered,Pune,C010,West
7eb971b9,2023-04-26,2023-05-01,Delayed,Pune,C008,North
7dc7c2c5,2023-05-30,2023-06-04,Delivered,Pune,C001,Central
9c829214,2023-03-04,2023-03-05,Delivered,Hyderabad,C005,East
1d48611d,2023-02-21,2023-02-23,Delayed,Chennai,C009,South
db3a5574,2023-03-17,2023-03-18,Delayed,Hyderabad,C007,East
19f6c18c,2023-05-26,2023-05-29,Delivered,Kolkata,C002,North
1929c7c9,2023-04-11,2023-04-13,Delayed,Kolkata,C001,South
16e3cd04,2023-01-14,2023-01-19,Delivered,Bangalore,C008,South
e0dd8f6a,2023-03-27,2023-04-01,Delivered,Pune,C009,Central
83f2a867,2023-01-03,2023-01-08,Delivered,Delhi,C010,East
feed1b23,2023-01-27,2023-01-29,Delivered,Bangalore,C005,North
98628fe1,2023-06-11,2023-06-14,Delayed,Bangalore,C006,South
5c404b56,2023-04-21,2023-04-24,Delivered,Delhi,C002,Central
d7f38b15,2023-04-17,2023-04-19,Delivered,Ahmedabad,C005,South
aca91d36,2023-05-07,2023-05-11,Delivered,Bangalore,C004,East
efbf9f4d,2023-05-29,2023-06-03,Delivered,Ahmedabad,C008,West
2d65cd35,2023-06-02,2023-06-03,Delivered,Pune,C008,North
781a10cd,2023-05-22,2023-05-25,Delivered,Mumbai,C005,West
e966ae5f,2023-03-16,2023-03-17,Delayed,Ahmedabad,C008,East
2074e349,2023-01-10,2023-01-13,Delivered,Hyderabad,C006,West
02b8cf42,2023-05-05,2023-05-06,Delivered,Pune,C010,East
5225d2ec,2023-04-13,2023-04-16,Delivered,Ahmedabad,C006,East
67f5f01e,2023-05-05,2023-05-07,Delivered,Chennai,C004,Central
4971237c,2023-05-12,2023-05-14,Delivered,Delhi,C010,West
cbe9c816,2023-06-01,2023-06-03,Delayed,Mumbai,C003,South
00d60a7b,2023-06-06,2023-06-08,Cancelled,Kolkata,C009,East
5b0f567a,2023-06-23,2023-06-26,Delivered,Chennai,C005,West
e9be70ce,2023-05-05,2023-05-07,Delivered,Chennai,C010,South
28c0723b,2023-03-01,2023-03-06,Delayed,Ahmedabad,C010,North
d2a79fff,2023-01-16,2023-01-19,Delivered,Chennai,C004,South
80c5b8c3,2023-05-16,2023-05-21,Delivered,Bangalore,C006,West
ee619452,2023-01-05,2023-01-08,Delivered,Bangalore,C004,West
551394ea,2023-04-19,2023-04-20,Delayed,Bangalore,C006,South
96426971,2023-05-28,2023-06-01,Delivered,Pune,C010,South
569560bf,2023-03-22,2023-03-24,Delayed,Ahmedabad,C008,East
c823046c,2023-05-22,2023-05-24,Delayed,Bangalore,C008,West
1c899f87,2023-01-17,2023-01-18,Delivered,Mumbai,C006,East
27755be7,2023-03-10,2023-03-11,Delayed,Bangalore,C001,East
f0067054,2023-06-15,2023-06-16,Delayed,Ahmedabad,C001,North
9d234a78,2023-04-17,2023-04-22,Delivered,Delhi,C003,West
b7ddf398,2023-05-02,2023-05-06,Delivered,Chennai,C002,East
c3c8cf90,2023-01-30,2023-02-04,Delivered,Mumbai,C001,North
90c8eea5,2023-05-07,2023-05-11,Delivered,Ahmedabad,C001,East
284fb6dd,2023-06-09,2023-06-10,Delivered,Kolkata,C006,East
67c8b9e0,2023-06-15,2023-06-20,Delivered,Bangalore,C007,West
f9c86afd,2023-03-30,2023-03-31,Delivered,Kolkata,C008,South
4bbc5d0c,2023-04-25,2023-04-30,Delayed,Chennai,C003,South
c551dbf3,2023-06-28,2023-06-30,Delivered,Mumbai,C001,West
0a9ca531,2023-04-22,2023-04-24,Delivered,Chennai,C005,South
dc0baadd,2023-01-06,2023-01-11,Delivered,Kolkata,C008,Central
529eb9ec,2023-02-11,2023-02-12,Delivered,Pune,C004,South
9307d5be,2023-03-15,2023-03-17,Delivered,Mumbai,C002,East
9c3adc1b,2023-02-19,2023-02-23,Delivered,Hyderabad,C009,East
72ec57fa,2023-05-01,2023-05-03,Delivered,Pune,C009,North
5f613793,2023-03-30,2023-04-01,Delayed,Mumbai,C003,West
ec513033,2023-04-23,2023-04-27,Delayed,Bangalore,C007,North
5c12314d,2023-03-01,2023-03-04,Delivered,Ahmedabad,C001,East
fd684008,2023-05-10,2023-05-12,Delayed,Kolkata,C008,East
c04bb18d,2023-02-26,2023-02-27,Delayed,Chennai,C008,North
6e6f48bd,2023-05-31,2023-06-04,Delivered,Ahmedabad,C003,Central
b4021421,2023-06-25,2023-06-26,Cancelled,Chennai,C005,South
1299578b,2023-03-28,2023-03-29,Delayed,Chennai,C004,Central
31278f07,2023-06-04,2023-06-05,Delivered,Delhi,C007,Central
c1b36e44,2023-06-18,2023-06-23,Delivered,Delhi,C007,Central
6b1d50b3,2023-04-30,2023-05-05,Delivered,Bangalore,C008,Central
e9ccfadc,2023-02-03,2023-02-07,Delivered,Hyderabad,C005,South
f28ffe02,2023-03-17,2023-03-20,Delayed,Ahmedabad,C005,West
14d133f5,2023-04-10,2023-04-14,Delivered,Delhi,C008,North
dfa596ec,2023-04-17,2023-04-18,Delayed,Mumbai,C005,Central
017307be,2023-06-22,2023-06-26,Delayed,Pune,C001,Central
3e9d17ca,2023-06-17,2023-06-22,Delivered,Kolkata,C003,North
3df20a14,2023-04-03,2023-04-07,Delayed,Bangalore,C002,North
e60e2223,2023-05-01,2023-05-06,Delivered,Pune,C010,West
6fc3a9c9,2023-02-11,2023-02-16,Delivered,Hyderabad,C005,East
de40c3d6,2023-06-09,2023-06-10,Delivered,Pune,C008,West
e43df5f6,2023-02-23,2023-02-24,Delivered,Ahmedabad,C009,East
e5b5eb29,2023-03-14,2023-03-16,Delivered,Mumbai,C009,South
a89b5e0a,2023-06-26,2023-06-28,Delayed,Chennai,C001,West
83db6221,2023-01-23,2023-01-24,Delayed,Delhi,C001,South
833d9fba,2023-06-20,2023-06-21,Delivered,Mumbai,C001,North
38500244,2023-05-04,2023-05-09,Delayed,Hyderabad,C001,West
3f8d6f65,2023-02-03,2023-02-04,Delayed,Bangalore,C009,North
3445050f,2023-02-14,2023-02-17,Delivered,Pune,C001,Central
b24cad92,2023-02-21,2023-02-25,Delivered,Mumbai,C007,North
2e5296ee,2023-02-10,2023-02-11,Delayed,Ahmedabad,C006,Central
36f0261b,2023-06-05,2023-06-10,Delivered,Bangalore,C009,East
9917d2da,2023-05-06,2023-05-08,Delivered,Chennai,C009,Central
05cf8d88,2023-01-26,2023-01-31,Delivered,Hyderabad,C004,East
fe1477dc,2023-04-17,2023-04-22,Delayed,Hyderabad,C009,Central
60abe8b3,2023-05-07,2023-05-08,Delivered,Pune,C006,Central
c0b8c943,2023-03-19,2023-03-21,Delivered,Delhi,C005,South
35b8e3ab,2023-03-02,2023-03-06,Delivered,Kolkata,C009,South
b69c3f69,2023-02-23,2023-02-26,Cancelled,Hyderabad,C007,North
d5eee05b,2023-05-23,2023-05-27,Delivered,Ahmedabad,C009,South
edfd9188,2023-01-13,2023-01-17,Delivered,Mumbai,C005,East
254b6acb,2023-01-05,2023-01-08,Delayed,Ahmedabad,C004,South
350d353a,2023-04-02,2023-04-05,Delivered,Mumbai,C010,North
9916efa3,2023-03-08,2023-03-13,Cancelled,Mumbai,C003,West
0b82db92,2023-04-02,2023-04-03,Delayed,Chennai,C005,East
0d0832e5,2023-06-23,2023-06-27,Delayed,Hyderabad,C009,West
606303f6,2023-02-10,2023-02-11,Delivered,Hyderabad,C003,East
2a478429,2023-02-14,2023-02-19,Delivered,Mumbai,C001,North
916122a9,2023-05-09,2023-05-11,Delayed,Pune,C002,South
3040a05a,2023-01-09,2023-01-13,Cancelled,Ahmedabad,C010,West
b9dcea91,2023-01-17,2023-01-20,Delivered,Delhi,C005,West
4704fd97,2023-03-28,2023-04-02,Delayed,Pune,C003,South
0b264fa7,2023-04-21,2023-04-24,Delivered,Delhi,C006,North
09381cc1,2023-01-30,2023-02-01,Delivered,Hyderabad,C008,South
91d16ad9,2023-06-08,2023-06-09,Delivered,Pune,C006,Central
15574db4,2023-02-28,2023-03-01,Delayed,Ahmedabad,C010,Central
04bccfd4,2023-01-31,2023-02-03,Delivered,Hyderabad,C009,Central
ef1b3405,2023-05-24,2023-05-29,Delivered,Bangalore,C006,West
e96e7a2a,2023-02-27,2023-02-28,Cancelled,Hyderabad,C005,West
8bfa448b,2023-05-05,2023-05-06,Delivered,Pune,C004,North
2f56d728,2023-03-08,2023-03-13,Delivered,Ahmedabad,C002,East
fdb12f8b,2023-03-29,2023-04-03,Delivered,Mumbai,C006,South
86a18120,2023-04-01,2023-04-04,Delivered,Kolkata,C002,East
d0c28010,2023-01-12,2023-01-13,Delayed,Chennai,C005,West
e4bd3595,2023-05-23,2023-05-28,Delayed,Ahmedabad,C001,South
b7655395,2023-03-10,2023-03-13,Delivered,Hyderabad,C003,West
defe6db5,2023-02-08,2023-02-10,Delayed,Hyderabad,C010,North
18af892e,2023-06-26,2023-06-28,Delivered,Mumbai,C005,South
fe4281cc,2023-05-12,2023-05-16,Delivered,Ahmedabad,C007,West
23e9a188,2023-06-04,2023-06-09,Delivered,Bangalore,C008,Central
1cb89c2a,2023-06-21,2023-06-25,Delivered,Kolkata,C007,Central
422bc66e,2023-01-27,2023-01-30,Delivered,Ahmedabad,C007,West
f355f0bc,2023-06-30,2023-07-01,Delivered,Hyderabad,C002,East
bec45e3b,2023-01-13,2023-01-18,Delivered,Delhi,C006,North
15c3b9e3,2023-04-23,2023-04-25,Delivered,Delhi,C005,North
6acefa62,2023-04-28,2023-05-02,Delivered,Delhi,C009,West
9d45fcc5,2023-01-29,2023-01-31,Delivered,Chennai,C010,North
8bef45f9,2023-01-28,2023-01-30,Delayed,Chennai,C004,South
d21801c0,2023-06-06,2023-06-08,Delivered,Ahmedabad,C007,North
c97394c8,2023-06-06,2023-06-08,Delivered,Kolkata,C008,Central
e07fd923,2023-01-27,2023-02-01,Delayed,Hyderabad,C006,West
4acf7cd9,2023-05-24,2023-05-29,Delayed,Hyderabad,C003,South
21a33f55,2023-01-11,2023-01-16,Delivered,Hyderabad,C005,North
93d46262,2023-05-10,2023-05-12,Delivered,Chennai,C001,Central
76211926,2023-01-27,2023-01-28,Delivered,Kolkata,C008,East
c488a405,2023-02-12,2023-02-14,Delivered,Hyderabad,C002,North
824cf368,2023-06-11,2023-06-15,Delayed,Mumbai,C010,Central
53269d39,2023-01-31,2023-02-03,Delayed,Bangalore,C007,Central
be644783,2023-02-22,2023-02-25,Delivered,Pune,C009,Central
f62e7e45,2023-04-03,2023-04-06,Cancelled,Ahmedabad,C001,Central
cdd3d094,2023-02-10,2023-02-14,Delivered,Ahmedabad,C004,East
a31db32e,2023-03-16,2023-03-17,Delivered,Delhi,C007,West
1a16f164,2023-04-24,2023-04-25,Delayed,Delhi,C009,Central
c194f67e,2023-05-10,2023-05-13,Delivered,Ahmedabad,C002,West
2daafe13,2023-05-08,2023-05-09,Delayed,Mumbai,C002,East
70476951,2023-01-26,2023-01-29,Cancelled,Hyderabad,C006,East
cef73862,2023-02-09,2023-02-11,Delayed,Kolkata,C003,South
cfe8c394,2023-06-15,2023-06-20,Delivered,Kolkata,C004,South
58958d9e,2023-04-04,2023-04-09,Delivered,Chennai,C003,Central
e68611f7,2023-03-27,2023-03-31,Delivered,Hyderabad,C001,West
f2fbb3c4,2023-02-05,2023-02-06,Delivered,Kolkata,C006,East
17ff4600,2023-02-01,2023-02-04,Delivered,Hyderabad,C002,North
ff6a4b21,2023-02-21,2023-02-22,Delayed,Delhi,C002,South
6a7281b2,2023-04-23,2023-04-26,Delivered,Pune,C007,South
2a23082f,2023-04-17,2023-04-19,Delivered,Pune,C005,North
6b12b4b8,2023-01-02,2023-01-06,Delivered,Pune,C008,West
1b10236c,2023-03-04,2023-03-08,Delayed,Delhi,C002,West
8151d2e2,2023-05-02,2023-05-06,Delivered,Chennai,C010,West
43ac1f81,2023-03-29,2023-04-02,Delivered,Pune,C008,Central
83cef210,2023-03-15,2023-03-16,Delayed,Delhi,C007,Central
215a9940,2023-05-10,2023-05-15,Delivered,Hyderabad,C010,North
f3379322,2023-02-13,2023-02-14,Delivered,Pune,C008,East
473dc9a7,2023-01-22,2023-01-23,Delayed,Mumbai,C003,North
82d079f2,2023-03-10,2023-03-12,Delivered,Chennai,C008,East
e2698d56,2023-04-06,2023-04-10,Cancelled,Mumbai,C006,North
2aff02c7,2023-04-17,2023-04-18,Delivered,Ahmedabad,C002,Central
496aad9b,2023-04-03,2023-04-04,Delivered,Hyderabad,C006,West
a26547f2,2023-06-11,2023-06-13,Delayed,Chennai,C005,South
3afe8663,2023-06-20,2023-06-21,Delivered,Mumbai,C003,North
a979daf4,2023-03-04,2023-03-09,Delayed,Chennai,C001,North
97d7a1e2,2023-02-08,2023-02-10,Delayed,Hyderabad,C007,South
64a51ed0,2023-05-16,2023-05-19,Delayed,Ahmedabad,C002,North
7049684f,2023-04-18,2023-04-22,Cancelled,Kolkata,C001,West
16f1f478,2023-02-28,2023-03-04,Delivered,Pune,C001,South
14b167df,2023-02-05,2023-02-10,Delayed,Ahmedabad,C007,South
e9781307,2023-04-20,2023-04-21,Delivered,Chennai,C001,West
ceecbebb,2023-04-16,2023-04-17,Delivered,Pune,C009,West
ea4dfdc5,2023-04-15,2023-04-19,Delayed,Ahmedabad,C006,South
3df57f7a,2023-04-28,2023-04-30,Delivered,Pune,C004,West
57a460d5,2023-05-13,2023-05-17,Delivered,Kolkata,C004,West
d0039d99,2023-06-24,2023-06-25,Delivered,Hyderabad,C005,West
6e31d2c4,2023-04-03,2023-04-06,Delivered,Chennai,C002,South
5140df3b,2023-01-08,2023-01-10,Cancelled,Chennai,C005,North
fa50217b,2023-04-24,2023-04-25,Delivered,Kolkata,C002,East
14be369e,2023-02-07,2023-02-09,Delivered,Delhi,C004,South
92cd4b5e,2023-01-03,2023-01-05,Delayed,Kolkata,C010,East
228003e9,2023-05-13,2023-05-16,Delivered,Kolkata,C005,West
2eef943c,2023-01-18,2023-01-21,Delivered,Kolkata,C006,West
9ba8554e,2023-01-22,2023-01-25,Delivered,Hyderabad,C006,North
c3058342,2023-03-28,2023-03-29,Delivered,Ahmedabad,C009,West
acf53c96,2023-03-22,2023-03-26,Delivered,Bangalore,C004,East
bf18c487,2023-04-13,2023-04-18,Delayed,Kolkata,C005,South
c9bd0909,2023-02-12,2023-02-17,Delivered,Chennai,C006,South
e90cb928,2023-04-22,2023-04-24,Delayed,Mumbai,C004,North
2f22a957,2023-01-16,2023-01-20,Delayed,Delhi,C006,East
ce1606fd,2023-04-11,2023-04-16,Delayed,Kolkata,C002,West
f22407e2,2023-01-10,2023-01-11,Delivered,Kolkata,C007,Central
762f9003,2023-06-19,2023-06-23,Delivered,Delhi,C003,North
7b4f8a8f,2023-06-14,2023-06-18,Delivered,Kolkata,C010,North
2dac74ee,2023-02-08,2023-02-12,Delayed,Chennai,C004,Central
3397551c,2023-05-28,2023-06-02,Delivered,Bangalore,C009,South
8f028230,2023-01-15,2023-01-17,Delivered,Kolkata,C005,South
865b8151,2023-06-11,2023-06-16,Delivered,Delhi,C009,South
d1f4d8db,2023-06-19,2023-06-21,Delivered,Kolkata,C010,Central
8f86a9db,2023-05-14,2023-05-19,Delivered,Hyderabad,C010,West
8db4a589,2023-03-17,2023-03-20,Delivered,Chennai,C010,West
5ab01166,2023-04-18,2023-04-21,Delivered,Chennai,C010,East
f76928e2,2023-04-13,2023-04-14,Delivered,Bangalore,C006,East
cacb6b53,2023-06-24,2023-06-25,Delivered,Ahmedabad,C008,South
07e77f4a,2023-06-29,2023-07-01,Delayed,Hyderabad,C005,Central
b3d27871,2023-05-22,2023-05-25,Delivered,Hyderabad,C005,North
a5897067,2023-03-19,2023-03-24,Delivered,Bangalore,C003,West
7ac9e782,2023-03-22,2023-03-23,Delivered,Pune,C007,Central
aa80d41c,2023-03-30,2023-04-04,Delivered,Pune,C002,East
06f443e0,2023-01-03,2023-01-07,Delayed,Ahmedabad,C003,West
d5351462,2023-03-13,2023-03-15,Delivered,Mumbai,C002,West
ccacd0ac,2023-05-16,2023-05-19,Delivered,Ahmedabad,C008,Central
71bc709a,2023-06-06,2023-06-09,Delayed,Pune,C004,East
ff18b4d4,2023-02-07,2023-02-09,Delayed,Ahmedabad,C010,Central
b0ccbdc0,2023-06-29,2023-07-03,Delivered,Kolkata,C008,North
5deabc6f,2023-04-14,2023-04-19,Delivered,Hyderabad,C008,West
2986c00f,2023-04-25,2023-04-30,Delayed,Ahmedabad,C008,Central
f92e0aea,2023-06-14,2023-06-16,Delivered,Mumbai,C008,Central
9d93b516,2023-02-22,2023-02-26,Delayed,Mumbai,C008,North
c6786604,2023-05-20,2023-05-21,Delayed,Chennai,C009,Central
721bbf1a,2023-06-09,2023-06-11,Delayed,Kolkata,C002,West
813153ab,2023-06-08,2023-06-10,Delivered,Chennai,C009,South
6b45ce4e,2023-06-16,2023-06-19,Delayed,Delhi,C008,South
473bc134,2023-04-24,2023-04-29,Delivered,Pune,C010,East
74abb329,2023-06-28,2023-06-29,Delayed,Chennai,C001,North
b4eb07e2,2023-03-30,2023-03-31,Delivered,Hyderabad,C005,East
6b784160,2023-06-16,2023-06-17,Delivered,Hyderabad,C002,South
2c210a4a,2023-04-14,2023-04-17,Delivered,Kolkata,C010,North
35735c11,2023-02-20,2023-02-24,Delivered,Mumbai,C005,Central
ec46b737,2023-03-19,2023-03-20,Delivered,Hyderabad,C008,Central
68f0dfe7,2023-01-22,2023-01-27,Delayed,Pune,C009,West
286bd61b,2023-01-10,2023-01-11,Delivered,Chennai,C009,South
566ccc50,2023-05-18,2023-05-23,Delayed,Pune,C001,Central
9b86f048,2023-03-27,2023-03-30,Delivered,Ahmedabad,C007,North
e612619a,2023-04-10,2023-04-15,Delivered,Chennai,C008,Central
27df88ae,2023-02-02,2023-02-07,Delivered,Kolkata,C010,East
792077b1,2023-05-14,2023-05-15,Delivered,Ahmedabad,C003,East
5c19dc89,2023-05-19,2023-05-22,Delayed,Pune,C006,East
9a961739,2023-03-14,2023-03-17,Delivered,Chennai,C003,East
5e724f31,2023-02-24,2023-03-01,Delivered,Pune,C009,East
51bf4a9f,2023-01-24,2023-01-26,Delivered,Bangalore,C003,West
a24e2874,2023-05-11,2023-05-12,Delayed,Kolkata,C002,East
d12d3536,2023-05-22,2023-05-26,Delivered,Kolkata,C009,West
e8df3ab5,2023-03-21,2023-03-24,Delivered,Hyderabad,C008,West
ed462a44,2023-05-14,2023-05-19,Delivered,Kolkata,C008,Central
ed1a9487,2023-03-29,2023-03-31,Delivered,Delhi,C002,North
95475639,2023-06-12,2023-06-16,Delivered,Hyderabad,C006,East
18626b06,2023-02-10,2023-02-15,Delayed,Hyderabad,C005,North
c5301be6,2023-01-06,2023-01-11,Delivered,Ahmedabad,C002,South
fce3f369,2023-01-08,2023-01-13,Delivered,Ahmedabad,C005,West
a2f22f2b,2023-05-19,2023-05-23,Delivered,Pune,C004,South
19b39d1a,2023-06-01,2023-06-06,Delivered,Bangalore,C009,West
24837a3a,2023-03-08,2023-03-13,Delivered,Hyderabad,C001,East
85c0b807,2023-03-03,2023-03-07,Cancelled,Ahmedabad,C006,South
ba6f648c,2023-03-19,2023-03-22,Delayed,Mumbai,C007,Central
93e6e2c8,2023-04-19,2023-04-24,Delayed,Chennai,C006,South
7345773f,2023-05-10,2023-05-15,Delayed,Chennai,C005,West
f5798c08,2023-01-29,2023-02-03,Delivered,Kolkata,C004,West
d31688ed,2023-01-16,2023-01-20,Delivered,Pune,C005,North
81f16ffc,2023-04-06,2023-04-07,Delivered,Bangalore,C009,South
0540eb97,2023-03-08,2023-03-13,Delivered,Chennai,C005,Central
d4ca4bd0,2023-06-10,2023-06-13,Delivered,Mumbai,C010,East
a7e5d29c,2023-05-10,2023-05-12,Delivered,Bangalore,C008,North
fb88f4cb,2023-04-01,2023-04-06,Delivered,Delhi,C007,South
fd3650c2,2023-02-01,2023-02-04,Delayed,Chennai,C004,North
4a05df14,2023-01-13,2023-01-18,Delayed,Hyderabad,C010,South
e98da29e,2023-06-16,2023-06-20,Delayed,Mumbai,C005,East
51a9a734,2023-02-01,2023-02-06,Delivered,Pune,C007,East
21237cf3,2023-04-25,2023-04-27,Delivered,Pune,C006,Central
ac2a54c8,2023-03-18,2023-03-20,Delivered,Mumbai,C003,North
40ba812f,2023-05-27,2023-05-30,Delivered,Chennai,C010,Central
7d117862,2023-01-02,2023-01-07,Delivered,Ahmedabad,C003,South
c1fdb9f2,2023-04-27,2023-04-28,Delivered,Ahmedabad,C002,East
75f93909,2023-03-28,2023-03-31,Delivered,Kolkata,C003,East
e7b6d092,2023-03-02,2023-03-03,Delivered,Delhi,C010,West
1d2cf4a3,2023-05-29,2023-06-03,Delivered,Hyderabad,C001,West
484e7170,2023-05-25,2023-05-28,Delivered,Delhi,C009,Central
48afb945,2023-06-10,2023-06-15,Delivered,Delhi,C002,North
1dcdbd8b,2023-06-20,2023-06-25,Delivered,Chennai,C003,South
f0490e7d,2023-05-17,2023-05-19,Delivered,Hyderabad,C005,Central
da40ac98,2023-06-02,2023-06-04,Delivered,Chennai,C010,East
1ce33468,2023-03-01,2023-03-03,Delivered,Chennai,C004,East
e3e53204,2023-03-31,2023-04-01,Delayed,Kolkata,C005,East
21abd49f,2023-03-18,2023-03-20,Delayed,Mumbai,C006,South
144c9291,2023-03-14,2023-03-16,Delivered,Pune,C005,Central
40b64be4,2023-06-20,2023-06-23,Delivered,Kolkata,C010,South
9a3a938c,2023-05-27,2023-05-29,Delivered,Pune,C001,East
e4b10d18,2023-06-22,2023-06-26,Delivered,Kolkata,C006,West
aa747318,2023-02-05,2023-02-09,Delivered,Chennai,C009,Central
b44de8b8,2023-04-07,2023-04-12,Delivered,Kolkata,C003,West
5f1b23e8,2023-05-14,2023-05-19,Delivered,Pune,C002,Central
1e51dbf5,2023-03-05,2023-03-06,Delivered,Kolkata,C006,East
7173fa06,2023-01-27,2023-01-31,Delayed,Bangalore,C003,West
80a000ef,2023-03-25,2023-03-30,Delivered,Hyderabad,C004,West
bbe80927,2023-05-13,2023-05-14,Delayed,Mumbai,C006,Central
ca3b3f43,2023-05-30,2023-06-04,Delivered,Pune,C006,West
ede68dfd,2023-02-19,2023-02-23,Delivered,Hyderabad,C002,West
f766ee65,2023-04-03,2023-04-05,Cancelled,Mumbai,C003,East
09ee5d29,2023-04-27,2023-05-01,Cancelled,Ahmedabad,C009,Central
6824a1e3,2023-01-26,2023-01-27,Delivered,Bangalore,C002,Central
5046c8a3,2023-02-07,2023-02-11,Delivered,Chennai,C003,North
8604f54b,2023-04-19,2023-04-23,Delivered,Ahmedabad,C009,Central
84a23da1,2023-04-16,2023-04-17,Delivered,Pune,C004,East
877eb8de,2023-01-21,2023-01-25,Delayed,Ahmedabad,C001,West
35df3268,2023-01-24,2023-01-26,Cancelled,Mumbai,C002,North
3c96aaf0,2023-01-16,2023-01-18,Delivered,Mumbai,C003,West
921675bd,2023-04-19,2023-04-22,Delivered,Mumbai,C009,Central
89642d92,2023-02-03,2023-02-08,Delivered,Bangalore,C009,South
da87448c,2023-05-02,2023-05-04,Delivered,Ahmedabad,C006,West
f0b6e11d,2023-02-24,2023-03-01,Delayed,Hyderabad,C006,Central
e4fd331b,2023-04-25,2023-04-30,Delayed,Bangalore,C003,East
29895367,2023-01-20,2023-01-22,Delivered,Mumbai,C005,Central
c0e22d37,2023-04-05,2023-04-08,Delivered,Kolkata,C004,North
6f4ab309,2023-06-23,2023-06-28,Delivered,Mumbai,C010,South
3e6736e0,2023-05-15,2023-05-18,Delivered,Kolkata,C010,South
b4daf1fd,2023-04-14,2023-04-16,Delayed,Chennai,C009,South
f0937367,2023-05-31,2023-06-05,Delivered,Bangalore,C009,East
bf6c2bb5,2023-05-24,2023-05-26,Delivered,Kolkata,C001,South
75ca821b,2023-05-13,2023-05-18,Delivered,Bangalore,C008,West
c0c6483d,2023-04-12,2023-04-13,Delayed,Delhi,C009,East
ce2f9bb4,2023-03-09,2023-03-12,Delivered,Hyderabad,C005,Central
6b8e8ca1,2023-05-30,2023-05-31,Delayed,Delhi,C004,North
9733dc84,2023-05-08,2023-05-11,Delayed,Kolkata,C010,East
c4709b32,2023-06-12,2023-06-16,Delayed,Delhi,C004,North
57a6835c,2023-04-19,2023-04-20,Delivered,Ahmedabad,C002,East
fb5a52af,2023-04-23,2023-04-25,Delivered,Pune,C009,Central
